Generic_Name,Brand_Name,Dosage,Pack_Size,Pack_Type,Manufacture,Country,Agent
ROSUVASTATIN TABLETS USP 5MG,ROSUVIL 5,TABLETS,"1X10,3X10,5X10,10X10",ALU ALU BLISTER,Concept Pharmaceuticals Ltd,INDIA,Softcare International (Pvt) Ltd
CAPECITABINE TABLETS USP 500MG,RELICTABINE 500,TABLETS,12X10'S,BLISTER ALU PVC,Reliance Life Sciences (Pvt) Ltd,INDIA,ABC Pharma Services Pvt. Ltd
HUMAN COAGULATION FACTOR VIII POWDER OR SOLUTION FOR INJECTION 50IU/ML(250IU/5ML & 500IU/10ML),OCTANATE,INJECTION,250IU/5ML&500IU/10ML,GLASS VIAL,Octapharma Pharmazeutika,AUSTRIA,ABC Pharma Services Pvt. Ltd
EMPAGLIFLOZIN TABLETS 10MG,SUCOZIN 10,TABLETS,"1X10'S,3X10'S,10X10'",ALU-ALU BLISTER20X10,Globe Pharmaceuticals Ltd,BANGLADESH,Tabrane Healthcare (Pvt) Ltd
QUETIAPINE EXTENDED RELEASE TABLETS USP 200MG,QUETIACEPT  ER 200,TABLETS,"1X10,3X10.5X10,20X10",ALU PVC BLISTER10X10,Concept Pharmaceuticals Ltd,INDIA,Softcare International (Pvt) Ltd
MEGESTROL ACETATE TABLETS USP 160MG,MEGESTOL 160,FILM COA TABLETS,"1X10,10X10,3X10,5X10",ALU ALU BLISTER20X10,Ziska Pharmaceuticals Ltd,BANGLADESH,Tabrane Pharmaceuticals (Pvt) Ltd
VITAMIN E CAPSULES USP 200MG (TOCOPHEROL),E-200 NATURAL,CAPSULES,"1X10,3X10,5X10,10X10",ALU PVC BLISTER20X10,Gelnova laboratories (Pvt) Ltd,INDIA,Tabrane Pharmaceuticals (Pvt) Ltd
MYCOPHENOLATE MOFETIL TABLETS USP  500MG,MYCOLATE 500,TABLETS,"1X10'S,3X10'S,5X10'S",Alu-PVC Blister,Concept Pharmaceuticals Ltd,INDIA,Softcare International (Pvt) Ltd
DASATINIB TABLETS 50MG,DASATIN 50,FILM COA TABLETS,"30,S & 60,S",HDPE BOTTLE,Julphar Bangladesh Ltd,BANGLADESH,Tabrane Healthcare (Pvt) Ltd
LENVATINIB CAPSULES 10MG,LEVAT 10,CAPSULES,"30',60',90',120'S",HDPE BOTTLE,Julphar Bangladesh Ltd,BANGLADESH,Tabrane Healthcare (Pvt) Ltd
SORAFENIB TABLETS 200MG,***,FILM COA TABLETS,"1X10,3X10,5X10,10X10",ALU PVC BLISTR 20X10,Techno Drugs Ltd,BANGLADESH,Amgen Pharmaceuticals Pvt Ltd
LENVATINIB CAPSULES 4MG,LEVAT 4,CAPSULES,"30'S,60'S,9'S,120'S",HDPE BOTTLE,Julphar Bangladesh Ltd,BANGLADESH,Tabrane Healthcare (Pvt) Ltd
TAMSULOSIN PROLONGED RELEASE TABLETS BP 0.4MG,TAMFLOW 0.4,TABLETS,"1x10's, 3x10's, 5x10",Alu-PVC Blister,Concept Pharmaceuticals Ltd,INDIA,Softcare International (Pvt) Ltd
HYDROXYUREA CAPSULES USP 100MG,JOXDRAMIDE 100,CAPSULES,"1X10,3X10,5X10,10X10",ALU ALU BLISTETR,Jodas Expoim Pvt Ltd,INDIA,Softcare International (Pvt) Ltd
DASATINIB TABLETS 50MG,TECHDAS 50,TABLETS,1X10 3X10 5X10 30 90,ALU PVC BLISTER,Techno Drugs Ltd,BANGLADESH,Amgen Pharmaceuticals Pvt Ltd
OMEPRAZOLE TABLETS GASTRO RESISTANT BP 10MG,OP 10,TABLETS,"1X10,3X10,6X10,10X10",ALU ALU BLISTER 120,Globe Pharmaceuticals Ltd,BANGLADESH,Tabrane Healthcare (Pvt) Ltd
ALFACALCIDOL CAPSULES 0.25MCG,ALFACAL,CAPSULES,"10,3X10,10X10,5X10,",ALU PVC BLISTER20X10,Gelnova laboratories (Pvt) Ltd,INDIA,Tabrane Pharmaceuticals (Pvt) Ltd
TAMSULOSIN HYDROCHLORIDE CAPSULES USP 0.2M,TAMURIN 0.2,CAPSULES,"10,3X10,6X10,20x10",ALU ALU BLISTER4X10,Globe Pharmaceuticals Ltd,BANGLADESH,Tabrane Healthcare (Pvt) Ltd
GEMCITABINE FOR INJECTION USP  1 G,JOCITAM,POWDER FOR INJECTION,1 VIAL PER PACK,CLEAR TUBULAR USP GV,Jodas Expoim Pvt Ltd,INDIA,Softcare International (Pvt) Ltd
MULTIVITAMIN & MINERALS TABLETS,SUPRAVIT,TABLETS,10X10'S,ALU ALU BLISTER,Contract Manufacuring & Packging Services pty Ltd,AUSTRALIA,Alaris Lanka (Pvt) Ltd
HUMAN COAGULATION FACTOR VIII 250IU,BERIATE 250,LYOPHILIZED POW INJECTION,1 VIAL WITH- 2.5ML,POWDER VIAL,CSL Behring AG,GERMANY,ABC Pharma Services Pvt. Ltd
LEVOTHYROXINE SODIUM TABLETS USP 100MCG,T4 100 MONTPELLIER,TABLETS,50'S,ALU PVC BLISTER,Quimica Montpellier SA,ARGENTINA,Emerchemie NB (Ceylon) Ltd
DICLOFENAC GEL BP 1.16% W/W,FASTAID GEL,GEL,20G,PLASTIC TUBE,Platinum Pharmaceuticals (Pvt) Ltd,PAKISTAN,George Steuart Health Pvt Ltd
MONTELUKAST TABLETS 10MG,GLEMONT IR 10,TABLETS,10X10,ALU ALU BLISTER,Glenmark Pharmaceuticals Ltd,INDIA,Hemas Pharmaceuticals (Pvt) Ltd
INDAPAMIDE SR TABLETS 1.5MG,LORVAS SR,TABLETS,3X10'S,ALU PVC BLISTER,Torrent Pharmaceuticals Ltd,INDIA,Hemas Pharmaceuticals (Pvt) Ltd
DOMPERIDONE TABLETS BP 10MG,DOMISET,TABLETS,5X10'S,ALU PVDC BLISTER,Platinum Pharmaceuticals (Pvt) Ltd,PAKISTAN,George Steuart Health Pvt Ltd
CALCIUM 600MG+VITAMIN D 200 IU WITH MINERALS TABLETS,CALTAMIN PLUS,TABLETS,"60'S, 120'S","PLASTIC BOT,STRIP PA",Biolabs Co  Ltd,THAILAND,George Steuart Health Pvt Ltd
CEFPODOXIME PROXETILE FOR ORAL SUSPENSION USP 50MG/5ML,CEFWAR 50,POWDER FOR ORAL SUSPENSION,"60ML, 100ML,30ML",HDPE BOTTLE,Leben Laboratories (Pvt) Ltd,INDIA,Ceyoka (Pvt) Ltd
PANTOPRAZOLE SODIUM DELAYED RELEASE TABLETS USP 20MG,PROMPIN 20,TABLETS,5X10'S,ALU ALU BLISTER,Aristopharma Ltd,BANGLADESH,Hemas Pharmaceuticals (Pvt) Ltd
PANTOPRAZOLE SODIUM DELAYED RELEASE TABLET USP 40MG,PROMPIN 40,TABLETS,5X10'S,ALU ALU BLISTER,Aristopharma Ltd,BANGLADESH,Hemas Pharmaceuticals (Pvt) Ltd
CLONAZEPAM TABLETS USP 0.5MG,NAZA 0.5,TABLETS,"5X5X10'S,25X10'S",ALU PVC BLISTER,Pharmafabrikon,INDIA,Novachem Lanka (Pvt) Ltd
MISOPROSTOL TABLETS IP 200MCG,MISOCLEAR,TABLETS,"1X10'S,10X10'S",ALU ALU BLISTER,Acme Formulation (Pvt) Ltd,INDIA,Population Services Lanka
FEXOFENADINE HYDROHLORIDE TABLETS USP 120MG,XADINE 120,TABLETS,1X10'S,BLISTER,The Searle Company Ltd,PAKISTAN,Morison PLC
DEXTRAN 70  0.1% W/V + HYPROMELLOSE 0.3% W/V EYE DROPS,TEARS NATURALE 11,EYE DROPS,15 ML,"LDPE DROP.BOTTLE,PP",ALEON SINGAPORE MANUFACTURING PTE LTD,SINGAPORE,A Baur & Co  (Pvt) Ltd
BUDESONIDE NEBULISER SUSPENSION BP 0.5MG,BUDECORT 0.5MG RESPULES,INHALATION,4X5X2ML,ALUMINIUM CONTANER,Cipla Ltd,INDIA,Breathe Free Lanka (Pvt) Ltd
CEFUROXIME AXETIL TABLET  USP 500MG,ZENOXIM,TABLETS,"1X10'S 3X10'S,250,","HDPE JAR,BLISTER",Indchemie Health Specialities (Pvt) Ltd,INDIA,Pharma Associates (Pvt) Ltd
OLANZAPINE TABLETS BP 5MG,HIOLANZ 5,TABLETS,"10X10'S,100',1000'",HDPE JAR ALU PVC,Hiral Labs Ltd,INDIA,MAPS Pharma (Pvt) Ltd
IRON P0LY MALTOSE COMPLEX SYRUP 50MG/5ML,FEROSOFT,SYRUP,120ML,AMBER COL GLS BOTTLE,Hilton  Pharma (Pvt) Ltd,PAKISTAN,Sunshine Healthcare lanka Ltd
IRON POLYMALTOSE COMPLEX 50mg/5ml,FEROSOFT,SYRUP,120ML,GLASS AMBER BOTTLE,Hilton  Pharma (Pvt) Ltd,PAKISTAN,Sunshine Healthcare lanka Ltd
MICONAZOLE OROMUCOSAL GEL BP,OROMUCORAL GEL,ORAL GEL,"30g, 40g",ALUMINIUM COLL. TUBE,Galentic Pharma (india) (Pvt) Ltd,INDIA,Ceyoka (Pvt) Ltd
ALBENDAZOLE  CHEWABLE TABLETS USP 400MG,ESTAZOLE 400,CHEWABLE TABLETS,"50'S ,1'S",BLISTER,The IBN SINA Pharmaceuticals Industry Ltd,BANGLADESH,Medinex (Pvt) Ltd
CETIRIZINE TABLETS BP 10MG,***,TABLETS,1000'S,HDPE JAR/BLISTER,State Pharmaceuticals Manufacturer Corporation,SRI LANKA,***
GEFITINIB TABLET 250MG,GEFTICIP 250,TABLETS,3x10's,Alu-Pvc Blister Pack,Cipla Ltd,INDIA,Breathe Free Lanka (Pvt) Ltd
ATORVASTATIN TABLETS 10MG,ATORFIT 10,TABLETS,10X10'S,ALU ALU BLISTER,The Madras Pharmaceuticals,INDIA,Pharma Associates
INTERFERON BETA-1A  22MCG (6 Million IU) in 0.5ML,REBIF,INJECTION,3 PFSY IN 1 PACK,"GLS SYRINGE,NEEDLE",Merck Serono S P A,ITALY,A Baur & Co  (Pvt) Ltd
FLUTICASONE PROPIONATE NASAL SPRAY BP 50MCG,FLUTIHALE NS 50,NASAL SPRAY,"120 SPRAY,1'S",NASAL SPRAY,Emergen Life Sciences (Pvt) Ltd,SRI LANKA,Emergen Life Sciences (Pvt) Ltd
AZITHROMYCIN TABLET USP 250MG,AZIBRU 250,FILM COA TABLETS,ALU PVC BLISTER,1X6'S,Brawn Laboratories Ltd,INDIA,Ceyoka (Pvt) Ltd
PYRANTEL PAMOATE TABLETS 125MG,PYRANTIN,TABLETS,"10X10'S, 500'S",HDPE BOTTLE/BLISTER,Astron Limited,SRI LANKA,***
GLIMEPIRIDE TABLETS USP 4MG,DIAPRIDE 4,TABLETS,"10'SX10'S, 1X10'S",BLISTER,Micro Labs Ltd,INDIA,Micro Mega Lanka (Pvt) Ltd
AZITHROMYCIN TABLETS USP 500MG,AZIBRU 500,FILM COA TABLETS,1X3'S,ALU PVC BLISTER,Brawn Laboratories Ltd,INDIA,Ceyoka (Pvt) Ltd
ERYTHROMYCIN STEARATE TABLETS  IP 500MG,ERYCIP 500,TABLETS,10X10'S,BLISTER,Cipla Ltd,INDIA,Breathe Free Lanka (Pvt) Ltd
ESOMEPRAZOLE CAPSULES USP 40MG,EZIUM 40,CAPSULES,2X7'S,ALU ALU BLSITER,The Searle Company Ltd,PAKISTAN,Morison Limited
SALBUTAMOL DRY POWDER INHALATION CAPSULES BP 200MCG,SALBUVENT 200,DRY POWDER INHALATION CAPSULES,10X10'S,ALU PVDC BLISTER,Lina Manufacturing (Pvt) Ltd,SRI LANKA,***
TOPIRAMATE TABLETS USP  50MG,TOPVEX 50,TABLETS,6X10'S,BLISTER,West Coast Pharmaceurical works Ltd,INDIA,AV Global  Impex (Pvt) Ltd
OXYMETAZOLINE HYDROCHLORIDE NASAL DROPS USP  0.05%,RYNEX 0.05%,NASAL DROPS,10ML PLASTIC BOTT,LDPE BOTTLE,Incepta Pharmaceuticals Ltd,BANGLADESH,Citihealth Imports (Pvt) Ltd
ATORVASTATIN TABLETS IP 20MG,***,TABLETS,"500'S, 10X20'S",HDPE /BLISTER,State Pharmaceuticals Manufacturer Corporation,SRI LANKA,State Pharmaceuticals Manufacturer Corporation
ESOMEPRAZOLE MAGNESIUM DELAYED RELEASE CAPSULES USP 20MG,SERGEL 20,CAPSULES,5X6'S,ALU ALU BLISTER,Healthcare Pharmaceuticals,BANGLADESH,Citihealth Imports (Pvt) Ltd
LEVOFLOXACIN TABLETS USP 250MG,S-FLOX 250MG,TABLETS,"1X10'S, 5X10'S",ALU ALU BLISTER,Genix Pharma (Pvt ) Ltd,PAKISTAN,Ceyoka (Pvt) Ltd
LEVOFLOXACIN TABLETS USP 500MG,S-FLOX 500MG,FILM COA TABLETS,"10'S,50'S",ALU ALU BLISTER,Genix Pharma (Pvt ) Ltd,PAKISTAN,Ceyoka (Pvt) Ltd
AMLODIPINE TABLETS USP 5MG,AMLOVIC,TABLETS,"10X10'S, 1000'S",ALU/PVC BLIS/HDPE BO,Astron (Pvt) Ltd,SRI LANKA,***
OMEPRAZOLE DELAYED RELEASE CAPSULES USP 20MG,TRISEC,CAPSULES,10X10'S,STRIP,Sterling Lab,INDIA,Darley Butler  & Co Ltd
SALBUTAMOL TABLET B.P 2MG,***,TABLETS,"1000'S,2000'S",HDPE CONTAINER,State Pharmaceuticals Manufacturer Corporation,SRI LANKA,***
AMOXICILLIN AND POTASSIUM CLAVULANATE TABLETS BP 375 MG,MOXIKIND CV 375,TABLETS,2X7' 3X2X7' 10X10',BLISTER,Copmed Pharmaceuticals Pvt Ltd,INDIA,Hemas Pharmaceuticals (Pvt) Ltd
CETRORELIX ACETATE POWDER FOR  INJECTION 0.25MG WITH WATER FOR INJECTION  PFS,CETROTIDE,LYOPHILIZED POW INJECTION,7X2MLTY I GLASS,"TY 1GLS VIAL ,DB PFS",Baxter Oncology GmBh,NETHERLANDS,A Baur & Co  (Pvt) Ltd
HEPATITIS B VACCINE(Rdna)(ADULT)1ML-SINGLE DOSE VIAL(CONTAINS PURIFIED HEPATITIS B SURFACE ANTIGEN 20MCG/1ML,***,SUSPENSION FOR INJECTION,1ML/1 DOSE VIALX50,GLASS VIAL,Serum institute,INDIA,Citihealth Imports (Pvt) Ltd
AMOXYCILLIN TABLETS USP 500MG,OSPAMOX,TABLETS,100'S,BLISTER,Sandoz GmbH,AUSTRIA,A Baur & Co  (Pvt) Ltd
LINAGLIPTIN TABLETS 5MG,LINAVIC 5,TABLETS,3X10'S,ALU ALU BLISTE0'S,BIOPHARMA LTD,BANGLADESH,Truvic Private Ltd
MOMETASONE FUROATE 0.1% W/W + SALICYLIC ACID 5% W/W OINTMENT,MOMATE -S,OINTMENT,10G/pack,ALUMINIUM COLL TUBE,Glenmark Pharmaceuticals Ltd,INDIA,Sunshine Healthcare lanka Ltd
ETORICOXIB TABLETS 90MG,ZENTOCOX 90,TABLETS,2X10'S,ALU ALU BLISTER,General Pharmaceuticals Ltd,BANGLADESH,George Steuart Health Pvt Ltd
RAMIPRIL TABLETS IP 5MG,CARDACE 5,UNCOATED TABLETS,90'S,ALU PVC BLISTER,Sanofi India Ltd,INDIA,A Baur & Co  (Pvt) Ltd
DOMPERIDONE TABLETS BP 10MG,DOMETIC 10,TABLETS,5X10'S,ALU PVC BLISTER,P T Dankos Farma,INDONESIA,Hemas Pharmaceuticals (Pvt) Ltd
AZITHROMYCIN FOR ORAL SUSPENSION USP 200MG/5ML,ZITHROX,POWDER SUSPENSION,15ml/ 30ml,AMB GLASS BOTTLE,Eskayef Bangladesh Ltd,BANGLADESH,Truvic Private Ltd
PROGESTERONE SOFT GELATIN CAPSULES 400MG,SUSTEN 400,SOFT GELATIN CAPSULES,3X10'S,ALU PVC BLISTER,Sun Pharmaceutical industries,INDIA,Hemas Pharmaceuticals (Pvt) Ltd
MOMETASONE CREAM BP,MOTIMESH,CREAM,15G,ALUMIINIUM TUBE,Apex Laboratories Ltd,INDIA,A Baur & Co  (Pvt) Ltd
FEXOFENADINE HYDROHLORIDE TABLET BP30MG,FEXET,TABLETS,1X10'S,ALU ALU BLISTER,Getz Pharma Pakistan (Pvt) Ltd,PAKISTAN,Hemas Pharmaceuticals (Pvt) Ltd
INSULIN GLARGINE 100 UNITS/ML SOLUTION FOR INJECTION,LANTUS,SOLUTION FOR INJECTION,5 CART OF  3ML,CLEAR GLS CART,Sanofi Aventis,GERMANY,A Baur & Co  (Pvt) Ltd
FUSIDIC ACID 20MG & HYDROCORTISONE 10MG/G CREAM,FUCIDIN H,CREAM,"5G TUBE,15G TUBE/PAC",TUBE,Leo Laboratories Ltd,IRELAND,Hemas Health Care
"EMULSION FOR INFUSION OF GLUCOSE SOLUTION (Glicose 11%), FAT EMULTION(Intralipid 20%) AND AMINO ACID SOLUTION",KABIVEN PERIPHERAL,EMULSION FOR INJECTION OR INFUSION,"1440ML, 1920ML",3 chamber bag,Fresenius Kabi A.B,SWEDEN,Hemas Pharmaceuticals (Pvt) Ltd
LINAGLIPTIN TABLETS 5MG,LINAGLIP,TABLETS,2X10'S,ALU ALU BLISTER,Aristopharma Ltd,BANGLADESH,Hemas Pharmaceuticals (Pvt) Ltd
CLARITHROMYCIN TABLETS USP 250MG,*****,TABLETS,"500'S,100'S,10X10'S",ALU PVC PVDC BLSTER,State Pharmaceuticals Manufacturer Corporation,SRI LANKA,***
LORATADINE ORAL SOLUTION USP 5MG/ML,ZEOS,ORAL SOLUTION,60ML,AMBER COLOUR GL BOTT,P T Dankos Farma,INDONESIA,Hemas Pharmaceuticals (Pvt) Ltd
MEBEVERINE HYDROCHLORIDE BP 135MG,COLOSPAS,TABLETS,30'S /PACK,ALU PVC BLISTER,Nabiqasim Industries (Pvt) Ltd,PAKISTAN,George Steuart Health Pvt Ltd
PERITONEAL DIALYSIS SOLUTION WITH 1.5% DEXTROSE,EUROPERSOL,DIALYS SOLUTION,1000ML/PACK,LDPE BOTTLE,Euromed Laboratories Philippines Ltd,PHILIPPINES,Indoscan (Pvt) Ltd
MONTELUKAST CHEWABLETABLETS BP 5MG,VENTELUCAST 5,CHEWABLE TABLETS,"1x10S,3X10'S",ALU ALU BLISTER,Incepta Pharmaceuticals Ltd,BANGLADESH,Citihealth Imports (Pvt) Ltd
METFORMIN SUSTAINED RELEASED TABLETS 500MG,OBMET SR 500,UNCOATED TABLETS,10X10'S,ALU PVC BLISTER,Fourrts (India) Laboratories Ltd,INDIA,Sunshine Healthcare lanka Ltd
LOSARTAN POTASSIUM TABLETS USP  25MG,LOSANORM 25,TABLETS,"3X10'S, 50X10'S",ALU ALU STRIPS,IPCA Laboratories,INDIA,Hemas Pharmaceuticals (Pvt) Ltd
METHOTREXATE TABLETS BP 2.5MG,IMUTREX 2.5,TABLETS,10X10'S,ALU PVC BLISTER,Cipla Ltd,INDIA,Breathe Free Lanka (Pvt) Ltd
PREGABALIN CAPSULES 75MG,NOVA 75,CAPSULES,3X10'S,ALU PVC PVDC PE BLIS,Cipla Ltd,INDIA,Breathe Free Lanka (Pvt) Ltd
METHYLPREDNISOLONE ACETATE INJECTION 40MG/1ML,DEPO MEDROL,INJECTION,1ML & 2ML,GLASS VIAL,Pfizer Manufacturing NV/SA,BELGIUM,Hemas Pharmaceuticals (Pvt) Ltd
DORZOLAMIDE HYDROCHLORIDE 2% &TIMOLOL MALEATE 0.5% EYE DROPS,TIMODOL,OPHTHALMIC SOLUTION,5ML,LDPE DROPPER BOTTLE,Sun Pharmaceutical industries,INDIA,Hemas Pharmaceuticals (Pvt) Ltd
AMOXICILLIN AND CLAVULANATE POTASSIUM TABLETS USP 625MG,NOVACLAV  625,TABLETS,2X3'S & 10X2X3'S,ALU ALU BLISTER,Cipla Ltd,INDIA,Breathe Free Lanka (Pvt) Ltd
LETROZOLE TABLETS USP 2.5MG,LETS,TABLETS,3X10'S,ALU PVC BLISTER,Samarth Life Sciences (Pvt) Ltd,INDIA,Pharma Associates (Pvt) Ltd
ROSUVASTATIN TABLETS 5MG,ROST 5,TABLETS,3X10'S,BLISTER,Hetero Labs Ltd,INDIA,Mansel (Ceylon) (Pvt) Ltd
DIPHTHERIA & TETANUS VACCINE ADSORBED (PAEDIATRIC) 10 DOSES,***,SUSPENSION FOR INJECTION,10 DOSES (5ML)X50/PA,VIAL,Serum institute,INDIA,Citihealth Imports (Pvt) Ltd
LOSARTAN POTASSIUM TABLETS USP  25MG,LOSAVIC 25,TABLETS,1000JAR 3x10 10x10',HDPE JR&BLISTER,Astron (Pvt) Ltd,SRI LANKA,Astron (Pvt) Ltd
BETAMETHASONE 0.5MG+CALCIPOTRIOL 50MCG OINTMENT,CALCIBET,OINTMENT,15GM,LAMINATED TUBE,VALOR Pharmaceutical,PAKISTAN,Slim Pharmaceuticals (Pvt) Ltd
DACARBAZINE FOR INJECTION USP  200MG,ONCODAC 200MG,LYOPHILIZED POWDER FOR INJECTION,20ML,AMB TUBU 1 VIAL USP,VHB Medi Sciences Ltd,INDIA,Yaden International (Pvt) Ltd
CHOLECALCIFEROL TABLETS BP 5000IU,CAD D 5000,TABLETS,3X10'S,BLISTER,Finecure Pharmaceutical Ltd,INDIA,Biolife Pharmaceuticals (Pvt) Ltd
CHOLECALCIFEROL TABLETS BP 2000IU,CAD D 2000,TABLETS,3X10'S,BLISTER,Finecure Pharmaceutical Ltd,INDIA,Biolife Pharmaceuticals (Pvt) Ltd
VITAMIN D TABLETS 5000IU,DEPLUS 5000IU,TABLETS,5X10'S,ALU ALU BLISTER,Avenier Pharma (Pvt) Ltd,INDIA,Kniss Laboratories (Pvt) Ltd
LIDOCAINE INJECTION BP 2% W/V,ANASICA 2%,INJECTION,30ML,AMBER GLASS VIAL,Bharat Parenterals Ltd,INDIA,SRAG Biotech Ceylon Pvt Ltd
DOMPERIDONE ORAL SUSPENSION 1MG/ML,DOMPERON,ORAL SUSPENSION,1X30ML,AMBER GLASS BOTTLE,Cadila pharmaceuticals Ltd,INDIA,Sunshine Healthcare lanka Ltd
ALFACALCIDOL CAPSULES BP 0.25MCG,TOPBONE,CAPSULES,3X10'S 10X10'S,ALU PVC BLISTER,Renown Pharmaceuticals Pvt Ltd,INDIA,Yaden International (Pvt) Ltd
CARBIMAZOLE TABLETS BP 5MG,***,TABLETS,"100'S,10X10'S",BLISTER JAR,Mercury Laboratories Ltd,INDIA,Yaden International (Pvt) Ltd
LORATADINE TABLETS USP 10MG,ALLERDIN,UNCOATED TABLETS,10X10'S,ALU PVC BLISTER,MMC Healthcare Ltd,INDIA,Markss HLC (Pvt) Ltd
ORAL REHYDRATION SALTS BP (ORANGE FLAVOUR),OEM SACHETS,ORAL POWDER,20 SACHET /PACK,SACHET,Indus Pharma (Pvt) Ltd,PAKISTAN,Sunshine Healthcare lanka Ltd
LIDOCAINE INJECTION BP 2%W/V (426MG/20ML),LOX 2%,INJECTION,20ML,AMBER GLASS,Neon Laboratories Ltd,INDIA,Yaden International (Pvt) Ltd
CAPECITABINE TABLETS USP 500MG,CAPEGARD 500,TABLETS,"10'S,5X10'S",ALU PVDC BLISTER,Cipla Ltd,INDIA,Breathe Free Lanka (Pvt) Ltd
SODIUM PICOSULPHATE MAGNESIUM OXIDE CITRIC ACID ANHYDROUS POWDER FOR ORAL SOLUTION,CITRAFLEET,POWDER FOR ORAL SOLUTION,15.08G,PLASTIC SACHET,Casen Recordat S L Autovia De Logrono,SPAIN,Ceyoka (Pvt) Ltd
LISINOPRIL TABLETS USP 5MG,LISTRIL 5,TABLETS,10x10'S,ALU ALU BLISTER,Torrent Pharmaceuticals Ltd,INDIA,Edna Medicals (Pvt) Ltd
MOXIFLOXACIN OPHTHALMIC SOLUTION USP 0.5% W/V,MEGAMOX,OPHTHALMIC SOLUTION,5ML,LDPE PLASTIC BOTTLE,Sante (Private) Limited,PAKISTAN,Emerchemie NB (Ceylon) Ltd
ESOMEPRAZOLE DELAYED RELEASE CAPSULES 40MG,ESOMEGA 40,CAPSULES,"2X7'S,7'S",ALU ALU BLISTER,Ferozsons Laboratories Ltd,PAKISTAN,Emerchemie NB (Ceylon) Ltd
BACLOFEN TABLETS 10MG,LIORESAL 10,TABLETS,5X10'S,PVC PVDC STRIP PACK,Novartis Pharma A G,SWITZERLAND,A Baur & Co  (Pvt) Ltd
CYANOCOBALAMIN INJECTION BP 1000MCG/ML,COBA 1000,INJECTION,01 VIAL(10ML),AMBER GLASS VIAL,Tablets (India) Ltd,INDIA,George Steuart Health Pvt Ltd
PREGABALIN CAPSULES 150MG,NEUROVAN 150,CAPSULES,3X10'S,ALU ALU BLISTER,Aristopharma Ltd,BANGLADESH,Hemas Pharmaceuticals (Pvt) Ltd
LORATADINE SUSPENSION USP 5MG/5ML,LORFAST,ORAL SUSPENSION,60ML,AMB COL  GlS Bottle,Biopharma Laboratories Ltd,BANGLADESH,Truvic Private Ltd
ANASTROZOLE TABLETS IMG,ARMILON,TABLETS,10X10'S,ALU PVC BLISTER,Celon Laboratories Ltd,INDIA,Medmart Pharma (Pvt) Ltd
METRONIDAZOLE 10MG + CHLORHEXIDINE GLUCONATE 2.5MG/G GEL,METROGYL  DENTA,GEL,20G& 10g,LAMINATED  TUBE,Unique Pharmaceutical Labs,INDIA,George Steuart Health Pvt Ltd
LINAGLIPTIN TABLETS 5MG,LINO,TABLETS,"3X10'S,2X10'S",ALU ALU BLSTER,The Acme Laboratories Ltd,BANGLADESH,Mega Pharma (Pvt) Ltd
MOMETASONE FUROATE CREAM USP 0.1% W/W,MOMTAS,CREAM,"5G ,10G",ALUMINIUM COL.TUBES,Centaur Pharmaceutical (Pvt) Ltd,INDIA,George Steuart Health Pvt Ltd
MEBENDAZOLE TABLETS USP 500MG,***,TABLETS,"100'S,1000'S, 1 TAB","HDPE , BLISTER",State Pharmaceuticals Manufacturer Corporation,SRI LANKA,State Pharmaceuticals Manufacturer Corporation
MOMETASONE FUROATE OINTMENT USP 0.1% W/W,MOBIT,OINTMENT,20G,LAMINATED TUBE,East African (India) Overses,INDIA,Mega Pharma (Pvt) Ltd
CALCIUM POLYSTYRENE SULPHATE POWDER FOR ORAL SUSPENSION,CAL-BIND,POWDER FOR ORAL SUSPENSION,17G,SACHET,Pondchy Pharmaceuticals,INDIA,Neon Pharmaceuticals (Pvt) Ltd
DAPAGLIFLOZIN TABLETS 5MG,DAGIFLO 5MG,TABLETS,14'S,ALU ALU BLISTER,Pharm Evo (Pvt) Ltd,PAKISTAN,CIC Holdings PLC
ESOMEPRAZOLE TABLETS 40MG,IZRA 40,TABLETS,"1X10'S,10X10'S",STRIP,Unichem Laboratories,INDIA,A Baur & Co  (Pvt) Ltd
PAROXETINE TABLETS BP 10MG,PARI 10,TABLETS,3X10'S,ALU PVDC/PVC BLISTER,IPCA Laboratories,INDIA,Emar Pharma (Pvt) Ltd
"DIPHTHERIA & TETANUS VACCINE ADSORBED FOR  ADULTS , ADOLESCANTS-10 DOSES",***,SUSPENSION FOR INJECTION,10DOSES VIALX50PACK,GLASS VIAL,Serum institute,INDIA,Citihealth Imports (Pvt) Ltd
LEVONORGESTREL TABLETS  0.75MG,POSTINOR 2,TABLETS,2 TABS,ALU PVC BLISTER,Gedeon Richter Ltd,HUNGARY,The Family Planning associatio
ATORVASTATIN TABLETS IP 10MG,SPMC ATORVASTATION 10MG,TABLETS,"20X10'S, 1000'S",HDPE BOTTLE LDPE SCR,State Pharmaceuticals Manufacturer Corporation,SRI LANKA,***
PREDNISOLONE TABLETS BP 1MG,***,TABLETS,2000'S,HDPE BOTTLE,State Pharmaceuticals Manufacturer Corporation,SRI LANKA,***
CEFUROXIME AXETIL TABLETS USP 125MG,PULMOCEF 125,TABLETS,3x10'S,BLISTER PACK,Micro Labs Ltd,INDIA,Micro Healthcare (Pvt) Ltd
CAPTOPRIL TABLETS USP 25MG,ANGIOPRIL 25,TABLETS,10X10'S,ALU ALU BLISTER,Torrent Pharmaceuticals Ltd,INDIA,Edna Medicals (Pvt) Ltd
ORNIDAZOLE TABLETS 500MG,ORNIGIL 500,TABLETS,1X10's& 10x10's,ALU ALU BLISTER,Unique Pharmaceutical Labs,INDIA,George Steuart Health Pvt Ltd
DOMPERIDONE SUSPENSION 1MG/1ML,DOMPI SUSPENION,SUSPENSION,"30ML,60ML.100ML",AMBER GLASS BOTTLE,MMC Healthcare Ltd,INDIA,Markss HLC (Pvt) Ltd
OXYTETRACYCLINE & POLYMIXIN B SULPHATE OINTMENT 10000U/G,POLYMICIN OINTMENT,OINTMENT,5G,ALUMINIUM COLLA TUBE,Astron (Pvt) Ltd,SRI LANKA,***
ZOLPIDEM TARTRATE TABLETS BP 10MG,ZOLPIREX,TABLETS,2X10'S,ALU-PVC BLISTER,Centaur Pharmaceutical (Pvt) Ltd,INDIA,George Steuart Health Pvt Ltd
TETANUS TOXOID VACCINE ADSORBED 40 IU in 0.5ML 10 DOSES (5ML INJECTION),***,SUSPENSION FOR INJECTION,"5ML,10 DOSESX50 PACK",GLASS VIAL,Serum institute,INDIA,Citihealth Imports (Pvt) Ltd
LENALIDOMIDE CAPSULES 5MG,LENALID 5,CAPSULES,30'S,HDPE CONTAINER,Natco Pharma Ltd,INDIA,Sunshine Healthcare lanka Ltd
VALSARTAN TABLETS 80MG,DIOVAN 80,FILM COATED TABLETS,28'S,ALU PVC BLISTER,"Siegfried Barbera SL,",SWITZERLAND,A Baur & Co  (Pvt) Ltd
"LIDOCAINE  2% AND ADRENALINE 1:80,000 INJECTION BP",ANASICA ADR 2%,INJECTION,1X30ML VIAL/PACK,GLASS VIAL,Bharat Parenterals Ltd,INDIA,SRAG Biotech Ceylon Pvt Ltd
DOMPERIDONE SYRUP 5MG/5ML,DOMETIC,SYRUP,60ML PER BACK,PLASTIC BOTTLE,P T Kalbe Farma,INDONESIA,Hemas Pharmaceuticals (Pvt) Ltd
PROPOFOL EMULSION FOR INJECTION OR INFUSION 1%  10mg/ml,FRESOFOL 1% MCT/LCT,INJECTION,20MLX5'S PACK,GLASS AMPOULE,Fresenius Kabi Austria Gmbh Austria Fresenius kabi Ab Sweden,AUSTRIA,Hemas Pharmaceuticals (Pvt) Ltd
SUCRALFATE SUSPENSION USP 500MG/5ML,SUCRAL,ORAL SUSPENSION,200ML SINGLE BOTTLE,AMBER COLOUR PET,Sterling Lab,INDIA,Darley Butler  & Co Ltd
DIPHTHERIA TETANUS PERTUSSIS HEPATITIS B AND HAEMOPHILUS INFLUENZA TYPE B CONJUGATE VACCINE ADSORBED SINGLE DOSE VIAL-  0.5ML,***,INJECTION,0.5ML SINGLE DOSEX50,GLASS VIAL,Serum Institute of India (Pvt) Ltd,INDIA,Citihealth Imports (Pvt) Ltd
CLOPIDOGREL TABLETS USP 75MG,INSTACIOP,TABLETS,3X10'S,STRIP PACK,Ajantha Pharma Ltd,INDIA,A Baur & Co  (Pvt) Ltd
ROSUVASTATIN TABLETS 10MG,ROSUCHOL 10,TABLETS,3X10'S,ALU ALU BLISTER,Ajantha Pharma Ltd,INDIA,A Baur & Co  (Pvt) Ltd
BLEOMYCIN FOR INJECTION IP 15UNITS/VIAL,LYOBLE 15,POWDER FOR INJECTION,Galss vials,1 VIAL/PACK,United Biotech (Pvt) Ltd,INDIA,George Steuart Health Pvt Ltd
SALBUTAMOL SULPHATE DRY POWDER INHALATION CAPSULES BP 200MCG,SALHALE 200,DRY POWDER CAPSULES,10X10'S 3X10'S,BLISTER DRY POWDER,Emergen Life Sciences (Pvt) Ltd,SRI LANKA,Emergen Life Sciences (Pvt) Ltd
LENALIDOMIDE CAPSULES 10MG,LENALID 10,CAPSULES,30'S,HDPE CONTAINER,Natco Pharma Ltd,INDIA,Sunshine Healthcare lanka Ltd
ADAPALENE MICROSPHERES 0.1%w/w+CLINDAMYCIN PHOSPHATE 1.0% W/W GEL,DERIVA CMS,GEL,15G,ALU COLLAPSIBLE TUBE,Glenmark Pharmaceuticals Ltd,INDIA,Sunshine Healthcare lanka Ltd
FEBUXOSTAT TABLETS 40MG,HILORIC,TABLETS,2X10'S,ALU ALU BLISTER,Highnoon Laboratories Ltd,PAKISTAN,Truvic Private Ltd
IMIPENAM AND CILASTATIN  FOR INJECTION USP 500MG/500MG,CILENEM INJ,POWDER FOR INJECTION,1'S (25ML),I GLASS  VIAL TYPE 1,Genix Pharma (Pvt ) Ltd,PAKISTAN,Ceyoka (Pvt) Ltd
FERROUS FUMARATE 91.2MG +FOLIC ACID 0.4MG BP TABLETS,FERROGEN,TABLETS,"1X30',1X24,24X25'S",ALU AMBER PVC,Celogen Lanka (Pvt) Ltd,SRI LANKA,Celogen Lanka (Pvt) Ltd
ASPIRIN GASTRO RESISTANT TABLETS BP 75MG,ECOSPRIN 75,TABLETS,"3X10'S,10X10'S",ALU-ALU STRIP,The ACME Laboratories Ltd,BANGLADESH,Mega Pharma (Pvt) Ltd
IRBESARTAN TABLETS USP 300MG,IROVEL 300,TABLETS,10x10'S,STRIPS PACK,Sun Pharmaceutical industries,INDIA,Hemas Pharmaceuticals (Pvt) Ltd
FERRIC HYDROXIDE POLYMALTOSE COMPLEX 100MG+FOLIC ACID 0.75MG TABLETS,NOVARISE,TABLETS,"10'S, 2'S",ALU ALU BLISTER,Shrooq Pharmaceutical (S) (Pvt) Ltd,PAKISTAN,Tranz Pharma Hodlings (Pvt) Ltd
PIROXICAM GEL BP 0.5%  w/w,ROSIDEN GEL,GEL,"30G,10G",LAMINA TUBE,Shin Poong Pharmaceuticals Co Ltd,KOREA,Pharma Associates (Pvt) Ltd
INSULIN GLARGINE 100 UNITS/ML (rDNA Origin) SOLUTION FOR INJECTION,ABASAGLAR SOLUTION FOR INJECTION,INJECTION,5 CARTRIDGE OF 3ML,USP TY I GLASS,Lilly France SAS,ITALY,Hemas Pharmaceuticals (Pvt) Ltd
SALBUTAMOL ORAL SOLUTION BP 2MG/5ML,SALS,ORAL SOLUTION,"100 ML, 500ML, 750ML",HDPE CONTAINER,Central drugs and Pharmaceutical,INDIA,Pharma Associates
ENOXAPARIN SODIUM INJECTION USP 60MG/0.6ML,BNOXIPARIN 60,INJECTION,1'S,CLEAR GLASS PFSY,Brawn Laboratories Ltd,INDIA,Ceyoka (Pvt) Ltd
ETORICOXIB TABLETS 60MG,ETOZOX 60,TABLETS,ALU ALU BLISTER,10'S,Cipla Ltd,INDIA,Breathe Free Lanka (Pvt) Ltd
GLICLAZIDE TABLETS BP  80MG,GLIMOR,TABLETS,"10X5'S,3X28'S,28'S","HDPE BOT,ALU-PVC BLI",Morison PLC,SRI LANKA,Morison PLC
ETORICOXIB TABLETS 90MG,ETOZOX 90,TABLETS,1X10'S,ALU ALU BLISTER,Cipla Ltd,INDIA,Breathe Free Lanka (Pvt) Ltd
ERTAPENEM SODIUM FOR INJECTION 1G,LYORTAM,POWDER FOR INJECTION,1g  vial,USP TYPE I GL VIAL,United Biotech (Pvt) Ltd,INDIA,George Steuart Health Pvt Ltd
HYDROCORTISONE OINTMENT 1% W/W,H-CORT,OINTMENT,15G,ALUMINUM COLLAPSIBL,Hoe Pharmaceuticals SDN BHD,MALAYSIA,Indoscan (Pvt) Ltd
TOPIRAMATE TABLETS USP 25MG,TOPVEX 25,TABLETS,6X10'S,ALU ALU BLISTER,West Coast Pharmaceurical works Ltd,INDIA,AV Global  Impex (Pvt) Ltd
DOCETAXEL INJECTION CONCENTRATE IP 20MG/0.5ML,DOCETEC 20,INJECTION,20MG/0.5ML Vial,TY 1 GLS VIAL,United Biotech (Pvt) Ltd,INDIA,George Steuart Health Pvt Ltd
NORETHINDRONE ACETATE TABLETS USP 5MG,NORLUT-N,TABLETS,10X10'S,ALU PVC BLISTER,Cipla Ltd,INDIA,Breathe Free Lanka (Pvt) Ltd
DICLOFENAC POTASSIUM TABLETS 50MG USP,DIAFLAM-50,TABLETS,5X10' S,BLISTER,P T Dankos Laboratories,INDONESIA,Hemas Pharmaceuticals (Pvt) Ltd
ATORVASTATIN TABLETS IP 40MG,ATORLIP 40,TABLETS,3X10'S,ALU ALU BLISTER,Cipla Ltd,INDIA,Breathe Free Lanka (Pvt) Ltd
CEFIXIME TABLETS USP 200MG,TAXIM-O 200,TABLETS,"1x10'S,2x10'S",ALU ALU BLISTER,Alkem Laboratories Ltd,INDIA,Emerchemie NB (Ceylon) Ltd
LEVONORGESTREL SILASTIC IMPLANTS (II) 75MG (TWO RODS),LEVOPLANT,IMPLANT ROD,"2Rods/pouch,10p / pk",Plastic Pouch,Shanghai Dahua Pharmaceutical Co.,CHINA,Population Services Lanka
KETOTIFEN FUMERATE SYRUP 1MG/5ML,KETOTIF,SYRUP,100ML.60ml,PET BOTTLE,Delta Pharma Ltd,BANGLADESH,Kandana Food & Drugs (Pvt) Ltd
IRON SUCROSE INJECTION USP 20G/ML,***,INJECTION,5ML X10'S,GLASS AMPOULES,Mercury Laboratories Ltd,INDIA,Yaden International (Pvt) Ltd
LITHIUM CARBONATE TABLETS BP 250MG,***,TABLETS,100'S,HDPE JAR,Centurion Laboratories Pvt Ltd,INDIA,Yaden International (Pvt) Ltd
RISPERIDONE TABLETS USP 2MG,RISNIA-2,TABLETS,10X10'S,ALU PVC BLISTER,Cipla Ltd,INDIA,Breathe Free Lanka (Pvt) Ltd
FLUCONAZOLE CAPSULES BP 150MG,GALFIN 150,CAPSULES,1X10'S,ALU PVC BLISTER,General Drugs House Co  Ltd,BANGLADESH,George Steuart Health Pvt Ltd
"ORAL REHYDRATION SALTS FOR SOLUTION (SODIUM CHLORIDE 2.6G,POTASSIUM CHLORIDE 1.5G,SODIUM CITRATE 2.9G,DEXTROSE ANHYDROUS 13.5G",PEDITRAL LOW OSMOLARITY ORS,POWDER ORAL SUSPENSION,ALUMINIUM Sachets,ALUMINIUM SACHETS,The Searle Company Ltd,PAKISTAN,Morison Limited
"ERYTHROPOIETIN BETA , HUMAN RECOMBINANT 5000IU/0.3ML PRE-FILLED",RECORMON,SOLUTION FOR INJECTION,"6PFS 0.3ML,6NEEDLE",PFS,Roche Diagnostics GmbH,SWITZERLAND,A Baur & Co  (Pvt) Ltd
RISPERIDONE TABLETS BP 2MG,RISPOND 2,TABLETS,"10X10'S,1X10'S",BLISTER  FILM COATED,Micro Labs Ltd,INDIA,Micro Mega Lanka (Pvt) Ltd
PREGABALIN CAPSULES 150MG,HILIN 150,CAPSULES,14'S,BLISTER,Highnoon Laboratories Ltd,PAKISTAN,Truvic Private Ltd
CEFUROXIME AXETIL TABLETS BP 500MG,CEFVIC 500,TABLETS,10'S,BLISTER,Bio Pharma Limited,BANGLADESH,Truvic Private Ltd
TERBUTALINE 1.5MG/5ML,TURLINE  SYRUP,SYRUP,100ML,AMBER COL PET BOTTLE,Mc W Healthcare (P ) Ltd,INDIA,Innogen Lanka (Pvt) Ltd
TIZANIDINE TABLETS USP 2MG,MYOXYL,TABLETS,5x10'S,ALU ALU BLISTER,Triveni Formulations Ltd,INDIA,Avenier Pharma (Pvt) Ltd
SALBUTAMOL SULPHATE DRY POWDER for INHALATION CAPSULES 400MCG,ASTHALIN DP CAPS 40,INHALATION CAPSULES,10X10'S,ALU PVC BLISTER,Cipla Ltd,INDIA,Breathe Free Lanka (Pvt) Ltd
ESOMEPRAZOLE POWDER FOR SOLUTION FOR INJECTION INFUSION 40MG,NEXIUM,POWDER INJECTION,"1'S,10X1'S",GLASS VIAL,"Astra Zeneca AB ,Sweden",SWEDEN,Hemas Pharmaceuticals (Pvt) Ltd
KETOCONAZOLE SHAMPOO BP 2% W/V,DANCEL,TOPICAL SOLOTION,60ML,PLASTIC BOTTLE,Incepta Pharmaceuticals Ltd,BANGLADESH,Citihealth Imports (Pvt) Ltd
DIETHYLCARBAMAZINE TABLETS  BP 50MG,*******,TABLETS,"1000's, 2000's",HDPE CONTAINER,State Pharmaceuticals Manufacturer Corporation,SRI LANKA,***
OMEPRAZOLE GASTRO RESISTANT CAPSULES IP 20MG,***,CAPSULES,"500'S, 10X10'S",HDPE CONT.BLISTER,State Pharmaceuticals Manufacturer Corporation,SRI LANKA,***
CEFUROXIME AXETIL TABLETS BP 500MG,CEFAKIND 500,TABLETS,"1X10'S,3X1X10'S",ALU ALU BLISTER,Copmed Pharmaceuticals Pvt Ltd,INDIA,Hemas Pharmaceuticals (Pvt) Ltd
TOLVAPTAN TABLETS 15MG,TOLVAT 15,TABLETS,1X4'S,ALU ALU BLISTER,MSN Laboratories Ltd,INDIA,Axia (Pvt) Ltd
PHENOXYMETHYLPENICILLIN TABLETS B.P 250MG,***,TABLETS,"600'S ,1000'S",HDPE BOTTLE,State Pharmaceuticals Manufacturer Corporation,SRI LANKA,***
CLOBETASOL PROPIONATE CREAM BP 0.05% W/W,CLODERM,CREAM,15G,ALUMINIUM TUBES,Hoe Pharmaceuticals SDN BHD,MALAYSIA,Indoscan (Pvt) Ltd
HYOSCINE BUTYLBROMIDE 10MG B.P,SPANIL,TABLETS,10X10'S,ALU PVDC BLISTER,Beximco Pharmaceuticals Ltd,BANGLADESH,Emerchemie NB (Ceylon) Ltd
LUTROPIN ALFA 75IU INJECTION,LUVERIS,POWDER FOR INJECTION,3ML,1 GLS  USP TYPE 1,Merck Serono SA,UNITED KINGDOM,A Baur & Co  (Pvt) Ltd
CEFUROXIME AXETIL TABLETS BP 250MG,CEFAKIND 250,TABLETS,"1X10'S,3X1X10'S",ALU ALU BLISTER,Copmed Pharmaceuticals Pvt Ltd,INDIA,Hemas Pharmaceuticals (Pvt) Ltd
ALLOPURINOL TABLETS BP 100MG,LOGOUT,TABLETS,10X10'S,STRIP PACK(ALU ALU),Inga Laboraories (Pvt) Ltd,INDIA,George Steuart Health Pvt Ltd
CLOTRIMAZOLE CREAM I.P 1% W/W,EMDID,CREAM,15G,COLLAPSIBLE TUBE,Central drugs and Pharmaceutical,INDIA,Pharma Associates (Pvt) Ltd
MINOXIDIL TOPICAL SOLUTION USP 5%,MINO 5,TOPICAL SOLUTION,60ML,AMBE COLOURED PET BO,East African (India) Overses,INDIA,Mega Pharma (Pvt) Ltd
LOSARTAN POTASSIUM TABLETS 50MG,LIPEWIN,TABLETS,10X10'S,BLISTER ALU ALU,XL Laboratories (Pvt) Ltd,INDIA,SMM Halcyon (Pvt) Ltd
ATORVASTATIN CALCIUM TABLETS USP 10MG,LIPICON 10,TABLETS,10X10'S,ALU ALU BLISTER,Eskayef Pharmaceuticals Ltd,BANGLADESH,Truvic Private Ltd
DAPAGLIFLOZIN TABLETS 5MG,FORXIGA 5,TABLETS,28'S,ALU ALU BLISTER,Astra Zeneca Pharmaceuticals Co Ltd,UNITED STATES,Hemas Pharmaceuticals (Pvt) Ltd
DAPAGLIFLOZIN TABLETS 5MG,FORXIGA 5MG,TABLETS  ORALLY DISINTEGRA,28'S,ALU ALU BLISTER,Astra  Zeneca AB,UNITED KINGDOM,Hemas Pharmaceuticals (Pvt) Ltd
ESCITALOPRAM TABLETS USP 10MG,AVESTALO,TABLETS,14'S tab,ALU PVDC BLISTER,Getz Pharma Pakistan (Pvt) Ltd,PAKISTAN,Hemas Pharmaceuticals (Pvt) Ltd
OLANZAPINE TABLETS IP 5MG,ZOZAPIN 5,TABLETS,10X10'S,ALU ALU BLISTER,Pharmafabrikon,INDIA,Novachem Lanka (Pvt) Ltd
TADALAFIL TABLETS 10MG,CIFIL 10,TABLETS,4'S,ALU ALU BLISTER,NIPRO JMI Pharma Ltd,BANGLADESH,Imedra Healthcare (Pvt) Ltd
FERRIC HYDROXIDE POLYMALTOSE  COMPLEX ORAL SUSPENSION 50MG/5ML,NOVARISE,ORAL SUSPENSION,120ML(SAMPLE PACK 60,AMBER COLOUR PET TUB,Shrooq Pharmaceutical (S) (Pvt) Ltd,PAKISTAN,Tranz Pharma Hodlings (Pvt) Ltd
CLOMIPRAMINE TABLETS 25MG,CLOFRANIL,TABLETS,5X10'S,STRIP PACK,Sun Pharma Laboratories Ltd,INDIA,Emerchemie NB (Ceylon) Ltd
AFATINIB DIMALEAT TABLETS 40MG,XOVOLTIB 40MG,TABLETS,7'SX4,BLISTER,Boehringer Ingelheim Pharma gmBH & Co.Kg,GERMANY,Hemas Pharmaceuticals (Pvt) Ltd
FEBUXOSTAT TABLETS 40MG,FEBUDAY 40,FILM COA TABLETS,3x10'S,Alu-Alu Blister,MSN Laboratories Ltd,INDIA,Axia (Pvt) Ltd
DICLOFENAC SODIUM SPRAY  1%,UNIREN SPRAY,UNIREN SPRAY,60ml spray bottle,HDPE BOTTLE,Unison Laboratories Co Ltd,THAILAND,Sunshine Healthcare lanka Ltd
ACETAMINOPHEN ORAL SOLUTION 120MG/5ML,RAPISOL,ORAL SOLUTION,60ML & 100ML,AMBER COLOUR GLASS,Astron Limited,SRI LANKA,***
AMOXICILLIN & POTASSIUM CLAVULANATE TABLETS BP 625MG,MOXIKIND CV 625,TABLETS,"2X7'S ,10X10'S",BLISTER,Copmed Pharmaceuticals Pvt Ltd,INDIA,Hemas Pharmaceuticals (Pvt) Ltd
DAPAGLIFLOZIN TABLETS 10MG,FORXIGA 10,TABLETS,28'S,ALU ALU BLITSTE,Astra Zeneca Pharmaceuticals Co Ltd,UNITED STATES,Hemas Pharmaceuticals (Pvt) Ltd
GLICLAZIDE MODIFIED REALEASE TABLETS 30MG,DIAMICRON-MR,TABLETS,30'S,BLISTER PACK,Les Laboratories Servier,FRANCE,Hemas Pharmaceuticals (Pvt) Ltd
RIVASTIGMINE 1.5MG CAPSULES,EXELON,CAPSULES,14'SX2 PACKS,ALU PVC BLISTER,Siegfred Hameln GmbH,SWITZERLAND,A Baur & Co  (Pvt) Ltd
DICLOFENAC POTASSIUM TABLETS 50MG,CATAFLAM 50,TABLETS,10X10'S,"PVC,PE,PVDC BLISTER",Novartis Saglik Gida,SWITZERLAND,A Baur & Co  (Pvt) Ltd
FLUCONAZOLE CAPSULES 50MG USP,OMASTIN 50,CAPSULES,"5X10'S,10X10'S",ALU-ALU BLISTER,Beximco Pharmaceuticals Ltd,BANGLADESH,Emerchemie NB (Ceylon) Ltd
GABAPENTIN CAPSULES USP 300MG,***,CAPSULES,1000's,HDPE Bottle,State Pharmaceuticals Manufacturer Corporation,SRI LANKA,State Pharmaceuticals Manufacturer Corporation
KETOTIFEN TABLETS 1MG,KEFEN,TABLETS,10X10'S 1X10'S,"ALU PVC,PVDC BLISTER",The Acme Laboratories Ltd,BANGLADESH,Mega Pharma (Pvt) Ltd
PARACETAMOL TABLETS BP 500MG,INODOL 500,TABLETS,"20x10's,1000's","ALU-PVC BLIS, PLASTI",Mc W Healthcare (P ) Ltd,INDIA,Innogen Lanka (Pvt) Ltd
CAPTOPRIL TABLETS USP 25MG,***,TABLETS,500'S 1000'S,HDPE JAR,Celogen Lanka (Pvt) Ltd,SRI LANKA,Celogen Lanka (Pvt) Ltd
ZOLPIDEM TARTRATE TABLETS USP 10MG,NOCTE,TABLETS,3X10'S,ALU BLISTER,Laboratories Bago S A,ARGENTINA,Emerchemie NB (Ceylon) Ltd
FUSIDIC ACID EYE DROPS BP 1.0%,FUSIGEL,EYE DROPS,5G,HDPE dropper,Sante (Private) Limited,PAKISTAN,Emerchemie NB (Ceylon) Ltd
CYPROHEPTADINE HYDROCHLORIDE TABLETS BP 4MG,PERITOL,TABLETS,25x10'S,BLISTER PACK,Themis Medicare Ltd,INDIA,Sunshine Healthcare lanka Ltd
BROMOCRIPTINE MESYLATE TABLETS BP 2.5MG,BROM TABLETS,TABLETS,1X10'S,STRIP PACK,Inga Laboraories (Pvt) Ltd,SRI LANKA,George Steuart Health Pvt Ltd
CIPROFLOXACIN TABLETS USP 250MG,CIPROMEN,TABLETS,"1x10'S,10x10'S",Alu-Alu Blister,CCL Pharmaceuticals (Pvt) Ltd,PAKISTAN,CIC Holdings PLC
URSODEOXYCHOLIC ACID CAPSULES  BP 250MG,TRIPTOR 250,CAPSULES,10'S,ALU PVC BLISTER,CCL Pharmaceuticals (Pvt) Ltd,PAKISTAN,CIC Holdings PLC
BUDESONIDE & FORMOTEROL FUMARATE INHALATION 200MCG,BUDAMATE TRANSHALER 200,METERED DOSE PRESSURISED INHALER,120METERED DOSE,ALUMINIUM CANISTER,Lupin Limited,INDIA,CIC Holdings PLC
CLOXACILLIN CAPSULES USP 500MG,CLOXIL 500,CAPSULES,10X10'S,BLISTER PACK,Astron (Pvt) Ltd,SRI LANKA,Astron (Pvt) Ltd
FLUPENTIXOL INJECTION BP 40MG/2ML,***,INJECTION,2ml AMP,AMPOULE,Mercury Laboratories Ltd,INDIA,Yaden International (Pvt) Ltd
ALBENDAZOLE TABLETS USP 400MG,ALBEROL,TABLETS,1X50'S,ALU PVC BLISTER,Mc W Healthcare (P ) Ltd,INDIA,Tranz Pharma Hodlings (Pvt) Ltd
ONDANSETRON  INJECTION USP 2MG/ML,ONDI,INJECTION,"4ML X 10'S, 2MLX10'S",CLEAR GLASS AMP,Sakar Healthcare India,INDIA,Ceyoka (Pvt) Ltd
SODIUM VALPROATE ORAL SOLUTION BP 200MG/5ML,**,ORAL SOLUTION,100ML,AMBER COLOUR,Mercury Laboratories Ltd,INDIA,Yaden International (Pvt) Ltd
CICLOSPORIN CAPSULES 50MG,SANDIMMUN NEORAL,SOFT GELATIN CAPSULES,"10X10'S,5X10'S",ALU ALU BLISTER,"Catalent Germany Eberbach Gmbh,Germany for Cheplapharm Arineimittel Gmbh Germany",GERMANY,A Baur & Co  (Pvt) Ltd
LISINOPRIL TABLETS USP 10MG,LISTRIL 10,TABLETS,10X10'S,ALU ALU BLISTER,Torrent Pharmaceuticals Ltd,INDIA,Edna Medicals (Pvt) Ltd
SALMETEROL & FLUTICASONE PROPIONATE INHALATION IP 125 MCG,ESIFLO 125,PRESSURIZED METERED DOSE INHALER,120 METERD DOSES,ALUMINIUM CANISTER,Lupin Limited,INDIA,CIC Holdings PLC
CEFEPIME FOR INJECTION USP 1G,XENIM,POWDER FOR INJECTION,1 VIAL PER PACK,GLASS VIAL,Opsonin Pharma Ltd,BANGLADESH,Yaden International (Pvt) Ltd
IBUPROFEN TABLETS  B.P 200MG,***,TABLETS,10X10'S 100'S,BLISTER JAR,Centurion Laboratories Pvt Ltd,INDIA,Yaden International (Pvt) Ltd
ALPROSTADIL INJECTION USP 500MCG/ML,***,INJECTION,1ML AMPOULE,USP1 GLASS AMP,Mercury Laboratories Ltd,INDIA,Yaden International (Pvt) Ltd
ENOXAPARIN SODIUM INJECTION USP 40MG/0.4ML,BNOXIPARIN 40,INJECTION,0.4ML PFS,CLEAR GLASS PFSY,Brawn Laboratories Ltd,INDIA,Ceyoka (Pvt) Ltd
"CLOTRIMAZOLE 1%,BECLOMETHASONE DIPROPINATE 0.025%",CANISON-B CREAM,CREAM,"5g, & 15g",COLLAPSIBLE TUBE,Agio Pharmaceuticals Ltd,INDIA,Citihealth Imports (Pvt) Ltd
SOLIFENACIN SUCCINATE TABLETS 10MG,SOLIACT 10,FILM COA TABLETS,10'S,ALU ALU BLISTER,Cipla Ltd,INDIA,Breathe Free Lanka (Pvt) Ltd
SALICYLIC ACID SOLUTION 17% W/W  (ELLGY CORNS &WARTS TREATMENT SOLUTION),ELLGY CORNS AND WARTS TREATMENT SOLUTION,TOPICAL SOLUTION,10ML,AMB COLOUR GLS BOTTL,Hoe Pharmaceuticals SDN BHD,MALAYSIA,Indoscan (Pvt) Ltd
CALCIUM 500MG (CHEWABLE)+COLECALCIFEROL 400IU TABLETS,CALPEROS-D,CHEWABLE TABLETS,ALU ALU BLISTER,"10X10'S, 1X10'S",The ACME Laboratories Ltd,BANGLADESH,Mega Pharma (Pvt) Ltd
ESCITALOPRAM TABLETS USP 10MG,CITANEW 10 MG,TABLETS,1X14'S,ALU PVC BLISTER,Hilton  Pharma (Pvt) Ltd,PAKISTAN,Sunshine Healthcare lanka Ltd
TOFACITINIB TABLETS 5MG,TOFATIN 5,FILM COA TABLETS,"1X10'S,3X10'S,5X10'S",ALU-ALU BLISTER,Ziska Pharmaceuticals Ltd,BANGLADESH,Tabrane Pharmaceuticals (Pvt) Ltd
ALUMINIUM HYDROXIDE B.P  500MG,***,TABLETS,500 TABLETS,HDPE BOTTLES,State Pharmaceuticals Manufacturer Corporation,SRI LANKA,***
SITAGLIPTIN TABLETS 100MG,SITAGIL 100,TABLETS,1X10'S,ALU ALU BLISTER,Incepta Pharmaceuticals Ltd,BANGLADESH,Citihealth Imports (Pvt) Ltd
SOTALOL TABLETS BP 80MG,***,TABLETS,100'S,JAR PACK,Mercury Laboratories Ltd,INDIA,Yaden International (Pvt) Ltd
ERYTHROMYCIN TABLETS BP 250MG,FIRMAC 250,TABLETS,5X10'S,ALU PVC BLISTER,Incepta Pharmaceuticals Ltd,BANGLADESH,Citihealth Imports (Pvt) Ltd
SALMETEROL 25MCG+FLUTICASONE PROPIONATE 125MCG/ACTUATION,SEROFLO 125 HFA,METERED DOSE INHALER,120 DOSE,ALUMINIUM  CANISTER,Cipla Ltd,INDIA,Breathe Free Lanka (Pvt) Ltd
SALBUTAMOL ORAL SOLUTION BP 2MG/5ML,ASTHALIN,SYRUP,100ML,PET BOTTLE,Cipla Ltd,INDIA,Breathe Free Lanka (Pvt) Ltd
ETHYL ESTERS OF IODIZED FATTY ACID OF POPPY SEED OIL 480MG OF IODINE PER ML,LIPIODOL,SOLUTION FOR INJECTION,10ML,CLEAR GLASS AMP,Guerbet 16-24 rue Jean Chaptal,FRANCE,DIMO Pvt Ltd
BERACTANT INTRA TRACHEAL SUSPENSION 25MG/ML,SURVANTA,INTRATRACHEAL SUSPENSION,"8ML VIAL, 4ML VIAL",TY 1 GLASS VIAL,"Abbvie Inc,",UNITED STATES,Sunshine Healthcare lanka Ltd
FLUNARIZINE TABLETS 5MG,FLUNARIN,TABLETS,20X10 1X4'S,ALU PVC BLISTER,F D C Limited,INDIA,Sunshine Healthcare lanka Ltd
DEXAMETHASONE SODIUM PHOSPHATE 0.1% TOBRAMYCIN 0.3%,ORBIDEX-T,EYE DROPS,5MLPLASTIC,LDPE DROPPER BOTTLE,Popular Pharmaceuticals Ltd,BANGLADESH,ABC Pharma Services Pvt. Ltd
ALUMINIA+MAGNESIA+SIMETHICONE ORAL SUSPENSION U(ORANGE FLAVOUR) (ALUMINIUM HYDROXIDE DRIED 400MG+MAGNESIUM HYDROXIDE 400MG+SIMETHICON 50MG),ANTAGIT DS GEL,ORAL SUSPENSION,170ML,PET BOTTLE,Leben Laboratories (Pvt) Ltd,INDIA,Ceyoka (Pvt) Ltd
TETRACYCLINE HYDROCHLORIDE OPHTHALMIC OINTMENT USP 1%,***,OINTMENT,5G TUBE/UNIT PACK,ALUMINIUM COLL TUBE,Galentic Pharma (india) (Pvt) Ltd,INDIA,Ceyoka (Pvt) Ltd
METRONIDAZOLE TABLETS BP 200MG,***,FILM COATED TABLETS,"1000'S ,500'S",HDPE BOTTLE,Morison Limited,SRI LANKA,***
FLUVOXAMINE TABLETS BP 50MG,FREEVOX 50,FILM COA TABLETS,1X10'S,ALU ALU BLISTER,Prism Life Science  Ltd,INDIA,Galanica (Pvt) Ltd
OMEPRAZOLE CAPSULES GASTRO RESISTANT 20MG,OMEROC,CAPSULES,"10X10'S, 1000'S",ALU ALU STRIP/HDPE J,Celogen Lanka (Pvt) Ltd,SRI LANKA,***
SALBUTAMOL TABLET B.P 2MG,DILASAL 2,TABLETS,10x10's & 500's,BLISTER & JAR,MMC Healthcare Ltd,INDIA,Hi Care Pharma (Pvt)Ltd
CLOXACILLIN CAPSULES USP 250MG,CLOXIL,HARD GELATINE CAPSULES,10X10'S,ALU PVC PVDC BLISTER,Astron (Pvt) Ltd,SRI LANKA,***
MINOXIDIL TOPICAL SOLUTION USP 2%,MINOXIN,TOPICAL SOLUTION,60ML,PLASTIC BOTTLE,Brookes Pharma (Pvt) Ltd,PAKISTAN,Hemas Pharmaceuticals (Pvt) Ltd
BRINZOLAMIDE OPHTHALMIC SUSPENSION USP 1% W/V -5ML,BRINOLAR,OPHTHALMIC SOLUTION,5ML,LDPE DROPPER BOTTLE,Sun Pharmaceutical Medicare Ltd,INDIA,Hemas Pharmaceuticals (Pvt) Ltd
METOCLOPRAMIDE INJECTION BP 10MG/2ML,BETANORM,INJECTION,2mlx10'S,AMPOULE,Belco Pharma (Pvt) Ltd,INDIA,Pharmatec (Pvt) Ltd
"MEASLES,MUMPS & RUBELLA VACCINE LIVE ATTENUATED FREEZE DRIED SINGLE DOSE POWDER FOR INJECTION 0.5ML",***,POWDER FOR INJECTION,1 DOSE VIALX50ML,TYPE 1 GLASS,Serum institute,INDIA,Citihealth Imports (Pvt) Ltd
METOLAZONE TABLETS USP 5MG,TOLAZ 5,TABLETS,3X10 &10X10' & 100'S,ALU ALU BLISTER,Mercury Laboratories Ltd,INDIA,Yaden International (Pvt) Ltd
MIRTAZAPINE TABLETS USP 30MG,MIRTAZ 30,TABLETS,3X10'S,STRIP PACK,Sun Pharmaceutical industries,INDIA,Emerchemie NB (Ceylon) Ltd
SALBUTAMOL SULPHATE HFA INHALATION AEROSOL 100MCG-200 METERED DOSES,AZMAZOL HFA,PRESSURIZED INHALATION AEROSOL,200 DOSES,INHALATION CANISTER,Beximco Pharmaceuticals Ltd,BANGLADESH,Emerchemie NB (Ceylon) Ltd
PIRACETAM SYRUP 1G IN 5ML,CEREMIN,SYRUP,120ML,GLASS BOTTLE,The Schazoo Pharmaceutucal Laboratories (Pvt) Ltd,PAKISTAN,A Baur & Co  (Pvt) Ltd
MEFENAMIC ACID TABLETS BP 500MG,MEFTAR 500,UNCOATED TABLETS,10X10'S,ALU PVC BLISTER,Maxtar Bio-Genics India,INDIA,Pharma Associates
ETORICOXIB TABLETS 90MG,ORICOX 90,TABLETS,2X10'S,ALU PVDC BLISTER PAC,Incepta Pharmaceuticals Ltd,BANGLADESH,Citihealth Imports (Pvt) Ltd
IBUPROFEN ORAL SUSPENSION USP 100MG/5ML,BUFECT,ORAL SUSPENSION,60ML,PLASTIC BOTTLE,P T Sanbe Farma,INDONESIA,Softlogic Pharmaceuticals (Pvt( Ltd
TRIAMCINOLONE ACETONIDE OROMUCOSAL PASTE 0.15 W/W,ORREPASTE,OROMUCOSAL PASTE,5G,COLLAP.ALU.TUBE,Hoe Pharmaceuticals SDN BHD,MALAYSIA,Indoscan (Pvt) Ltd
TAMSULOSIN HYDROCHLORIDE CAPSULES 0.4MG,TAMSOLIN,CAPSULES,10'S,ALU PVDC BLISTER,Getz Pharma (Pvt) Ltd,PAKISTAN,Hemas Pharmaceuticals (Pvt) Ltd
PHENOBARBITAL INJECTION BP 200MG/ML,***,INJECTION,10X1ML/PACK,GLS AMP. USP TYPE  1,Mercury Laboratories Ltd,INDIA,Yaden International (Pvt) Ltd
NAPROXEN TABLETS USP 250MG,NEOPROX  250,TABLETS,3X10'S 4'S,BLISTER,Martin Daw Marker Ltd,PAKISTAN,Emerchemie NB (Ceylon) Ltd
RISEDRONATE SODIUM TABLETS USP 150MG,BAGRISED 150,TABLETS,1'S,BLISTER,Quimica Montpellier SA,ARGENTINA,Emerchemie NB (Ceylon) Ltd
CYCLOPENTOLATE  EYE DROPS BP 1% W/V,***,EYE DROPS,5ML,White Plastic Bot,Mercury Laboratories Ltd,INDIA,Yaden International (Pvt) Ltd
DOMPERIDONE TABLETS BP 10MG,**,TABLETS,100'S,HDPE BOTTLE,State Pharmaceuticals Manufacturer Corporation,SRI LANKA,***
BISACODYL TABLETS BP 5MG,BESADIL 5,TABLETS,10x10's,ALU PVC BLISTER,Maxtar Bio-Genics India,INDIA,Pharma Associates
CHLOROQUINE PHOSPHATE TABLETS USP 250MG,CHLOPHOS,TABLETS,"50'S, 10X10'S",HDPE/ALU PVC PVDC BL,Celogen Lanka (Pvt) Ltd,SRI LANKA,***
CIPROFLOXACIN TABLETS BP 500MG,CIPZY 500,TABLETS,10X10'S,ALU PVC BLISTER,Zee Laboratories,INDIA,ABC Pharma Services Pvt. Ltd
DAUNORUBICIN HYDROCHLORIDE FOR INJECTION USP 20MG,DAUNOPLUS,POWDER FOR INJECTION,15 ML,USP Type 1 Gls Vial,VHB Medi Sciences Ltd,INDIA,Yaden International (Pvt) Ltd
PEMETREXED FOR INJECTION 500MG,PREXX 500,LYOPHILIZED POW INJECTION,500MG VIAL/PACK,VIAL,Celon Laboratories Ltd,INDIA,Medmart Pharma (Pvt) Ltd
DOMPERIDONE TABLETS BP 10MG,DOM 10,TABLETS,10X10'S,ALU PVC BLISTER,Zim Laboratories Ltd,INDIA,Tabrane Pharmaceuticals (Pvt) Ltd
METOLAZONE TABLETS USP 2.5MG,TOLAZ 2.5,TABLETS,"10X10, 3X10, 100'S","ALU ALU BLIS, PLASTI",Mercury Laboratories Ltd,INDIA,Yaden International (Pvt) Ltd
MICONAZOLE TOPICAL SOLUTION 20MG/ML,DAKTARIN,TOPICAL SOLUTION,30ML,AMBER GLS BOTTLE,Lusomedicamenta Socie /Portugal Janssen Pharmaceutical NV,BELGIUM,Pettah Pharmacy (Pvt) Ltd
MYCOPHENOLATE MOFETIL CAPSULES 250MG,MYCEPT 250,CAPSULES,3X10'S,BLISTER,Panacea Biotec  Ltd,INDIA,Markss HLC (Pvt) Ltd
ALFACALCIDOL CAPSULES 0.25MCG,ALPHADOL,SOFT GELATIN CAPSULES,10x10'S,ALU PVC BLISTER,Panacea Biotec  Ltd,INDIA,Markss HLC (Pvt) Ltd
MORPHINE TABLETS PROLONGED RELEASE BP 15MG,VERMOR SR 15,TABLETS,"10X10X10'S,10X10'S",AMB.ALU PVC BLISTER,Verve Human Care Laboratories,INDIA,Leader Pharma Pvt Ltd
VITAMIN C 1000MG+ LEMON FLAVONOID COMPLEX 71.45MG POWDERS WITH ORANGE FLAVOUR,NAT-C ESTER,POWDER,30 SACHET PER PACK,SACHET ALUMINIUM FOI,Mega Lifesciences (Pvt) Ltd,THAILAND,A Baur & Co  (Pvt) Ltd
KETOROLAC TROMETHAMINE TABLETS USP 10MG,KET,TABLETS,30'S,ALU ALU BLISTER,Delta Pharma Ltd,BANGLADESH,Kandana Food & Drugs (Pvt) Ltd
CLOXACILLIN CAPSULES BP 500MG,***,CAPSULES,500 CAPSULES/PACK,HDPE BOTTLE,State Pharmaceuticals Manufacturer Corporation,SRI LANKA,***
PROPARACAINE HYDROCHLORIDE OPTHALNIC SOULUTIO USP 5MG/ML 0.5%,*******,OPHTHALMIC SOLUTION,5ML,WHITE PLASTIC BOTTLE,Mercury Laboratories Ltd,INDIA,Yaden International (Pvt) Ltd
HYDROCORTISONE ACETATE CREAM BP 1%w/w,N/A,CREAM,5G 16G,ALU COLLA. TUBE,Flexus Pharma (Pvt) Ltd,SRI LANKA,***
METHYL PHENIDATE HYDROCHLORIDE TABLETS 10MG,RITALIN 10,TABLETS,2X15'S,ALU PVC BLISTER,"Siegfried Barbera SL,",SPAIN,A Baur & Co  (Pvt) Ltd
MOXIFLOXACIN OPHTHALMIC SOLUTION USP 0.5% W/V,OXCIN,OPHTHALMIC SOLUTION,5ML,PLASTIC SQUEED BOTTL,ATCO Laboratories (Pvt) Ltd,PAKISTAN,Morison Limited
INFLUENZA VACCINE INACTIVATED (Surface Antigen ) IP 15MCG /0.5ML SOUTHERN HEMISPERE  (SINGLE DOSE ADULT),INFLUVAC,SUSPENSION FOR INJECTION,0.5ML PREFI.SYRINGE,PREFILLED SYRINGE,Abbott Biological BV,NETHERLANDS,Sunshine Healthcare lanka Ltd
LEVONORGESTREL TABLETS BP  0.75MG,LENOR 72,TABLETS,02'S,BLISTER ALU PVC,Unicure Ramadies (Pvt) Ltd,INDIA,Emar Pharma (Pvt) Ltd
DICLOFENAC POTASSIUM TABLETS USP 50MG,DICLOFLAN 50,TABLETS,1X10 3X10 5X10 10X10,ALU ALU BLISTER,Zim Laboratories Ltd,INDIA,Tabrane Healthcare (Pvt) Ltd
OMEPRAZOLE CAPSULES BP 20MG GASTRO REGISTANT,INOM 20,HARD GELATINE CAPSULES,10X10'S,ALU-ALU STRIP,Mc W Healthcare (P ) Ltd,INDIA,Innogen Lanka (Pvt) Ltd
MEDROXYPROGESTERONE ACETATE FOR INJECTABLE SUSPENSION USP 150MG/ML,BELDROX,INJECTION,25 VIALS PER PACK,1ML GLASS VIAL,Belco Pharma (Pvt) Ltd,INDIA,Pharmatec (Pvt) Ltd
CEFUROXIME AXETIL TABLETS USP 500MG,FUROTIL 500,FILM COATED TABLETS,2X6'S,ALU ALU BLISTER,Healthcare Pharmaceuticals,BANGLADESH,Citihealth Imports (Pvt) Ltd
INDOMETHACINE CAPSULES BP 25MG,INDOL,CAPSULES,10X10'S/1000'S,ALU PVC BLS/HDPE JAR,Leben Laboratories (Pvt) Ltd,INDIA,Ceyoka (Pvt) Ltd
ACETYLCYSTEINE SOLUTION USP 200mg/ml (2G/10ML)Sterile,CILOL,INJECTION,5X10ML,AMB COL GLASS AMPOUS,Neon Laboratories Ltd,INDIA,Yaden International (Pvt) Ltd
HALOPERIDOL TABLTETS  BP 5MG,MANCALM 5,TABLETS,"10X10'S,500'S","ALU ALU BLISTER,HDPE",Maan Pharmaceutical Ltd,INDIA,P T C Medical (Pvt) Ltd
IMIPENEM AND CILASTATIN FOR INJECTION 1G(500MG/500MG),CIMI,POWDER FOR INJECTION,"I VIAL ,10 VIAL/PACK",USP TYPE III VIAL 20,Maan Pharmaceutical Ltd,INDIA,P T C Medical (Pvt) Ltd
BORTEZOMIB POWDER FOR INJECTION 3.5MG,MYBORTE 3.5,LYOPHILIZED POW INJECTION,10ML VIAL/PACK,USP TYPE GLASS VIAL,Dr Reddy's Laboratories Ltd,INDIA,Emerchemie NB (Ceylon) Ltd
BETAMETHASONE VALERATE OINTMENT USP 0.1% W/W,***,OINTMENT,"15G, 5G",ALUM.COLLAPSIBLE TUB,Astron (Pvt) Ltd,SRI LANKA,Astron (Pvt) Ltd
HYDROCORTISONE ACETATE CREAM BP 1%w/w,NETRACORT,CREAM,15G,COLLAPSIBLE TUBE,Galentic Pharma (india) (Pvt) Ltd,INDIA,Ceyoka (Pvt) Ltd
DOMPERIDONE SUSPENSION 5MG/5ML,DOMLIN,ORAL SUSPENSION,"30ML,60ML",PET BOTTLE,Navana Pharmaceuticals Ltd,BANGLADESH,Darley Butler  & Co Ltd
ENALAPRIL  MALEATE TABLETS 2.5MG USP,ENVAS 5,TABLETS,10X10'S,ALU ALU  STRIPS,Cadila Healthcare Ltd,INDIA,Sunshine Healthcare lanka Ltd
BETAHISTINE DIHYDROCHLORIDE TABLETS 16MG,BETASERC 16,TABLETS,60'S,ALU PVC BLISTER,Mylan Laboratories Ltd,FRANCE,CIC Holdings PLC
OXYBUTYNIN CHLORIDE TABLETS USP 2.5MG,OXYSPAS 2.5,TABLETS,10X10'S,ALU PVC PVDC BLISTER,Cipla Limited,INDIA,Breathe Free Lanka (Pvt) Ltd
FOLIC ACID TABLETS BP 1MG,FOLEE-1,UNCOATED TABLETS,3X10'S,ALU PVC BLISTER,Swiss Garnier Life Scences,INDIA,George Steuart Health Pvt Ltd
ERYTHROMYCIN TOPICAL GEL USP 4% W/W,ERYN,TOPICAL GEL,20G TUBE,PLASTIC TUBE,East African (India) Overses,INDIA,Mega Pharma (Pvt) Ltd
INSULIN LISPRO 50%+INSULIN LISPRO PROTAMINE SUSPENSION 50% (rDNA  ORIGIN)INJECTION,HUMALOG MIX 50,SUSPENSION FOR INJECTION,5X3 ML CARTRIGE,GLASS CARTRIDGE,Lilly France S.A.S France,FRANCE,Hemas Pharmaceuticals (Pvt) Ltd
ACARBOSE TABLETS USP 50MG,DIABOSE 50,TABLETS,1X10' 10X10',ALU ALU STRIP,Micro Labs Ltd,INDIA,Micro Mega Lanka (Pvt) Ltd
CO-TRIMOXAZOLE TABLETS BP 480 MG,MEGATRIM,TABLETS,1000'S,HDPE CONTAINER,Fourrts (India) Laboratories Ltd,INDIA,Sunshine Healthcare lanka Ltd
MICONAZOLE CREAM BP 2% W/W,MIKEN,CREAM,15G,ALU COLL TUBE,Gamma Pharmaceuticals (Pvt) Ltd,SRI LANKA,***
LEVETIRACETAM TABLETS USP 500MG,***,TABLETS,100'S,PLASTIC JAR,Treffer Pharmaceuticals,INDIA,Yaden International (Pvt) Ltd
GLIMEPIRIDE TABLETS USP 2MG,METRIX,TABLETS,2X15'S,ALU PVC/PVDC BLISTER,PT KALBE FARMA TBK,INDONESIA,Hemas Pharmaceuticals (Pvt) Ltd
HYDROXYUREA CAPSULES USP 500MG,CYTODROX,CAPSULES,10X10'S,ALU ALU STRIP,Cipla Ltd,INDIA,Breathe Free Lanka (Pvt) Ltd
CLOTRIMAZOLE PESSARIES BP 500MG,VAGID-S,PESSARY,1'S,PVC PE FOIL,Bliss GVS Pharma Ltd,INDIA,Sunshine Healthcare lanka Ltd
GLICLAZIDE TABLETS BP  80MG,GLIVIC 80,TABLETS,"3X10'S,10X10'S,1000'","ALU ALU BL.,BULK PAC",Astron Limited,SRI LANKA,***
INDOMETACIN CAPSULES BP 25MG,***,CAPSULES,1X1000'S,"500ML HDPE BOT,CAP",State Pharmaceuticals Manufacturer Corporation,SRI LANKA,***
KETOROLAC TROMETHAMINE GEL 2%W/W,KETOROL,GEL,30G,PLASTIC LAMINATIED,Dr Reddy's Laboratories Ltd,INDIA,Emerchemie NB (Ceylon) Ltd
KETOCONAZOLE LOTION 2% W/V,KETOVAL LOTION,TOPICAL LOTION,60ML,WHITE PLASTIC BOTTLE,VALOR Pharmaceutical,PAKISTAN,Slim Pharmaceuticals (Pvt) Ltd
SOLIFENACIN SUCCINATE TABLETS 5MG,SOLFICARE 5,TABLETS,1X10 3X10 5X10 10X10,ALU ALU BLISTER,Zim Laboratories Ltd,INDIA,Tabrane Pharmaceuticals (Pvt) Ltd
PREGABALIN CAPSULES 150MG,PREGAZIM 150,HARD GELATINE CAPSULES,1X10 3X10 5X10 10X10,ALU ALU BLISTER,Zim Laboratories Ltd,INDIA,Tabrane Healthcare (Pvt) Ltd
POVIDONE IODINE OINTMENT USP 10%,GERMIDINE,OINTMENT,15G,LAMI TUBE,Nanz Med Science Pharma  (Pvt) Ltd,INDIA,SMM Halcyon (Pvt) Ltd
DOXORUBICIN HYDROCHLORIDE LIPOSOME INJECTION 20MG/10ML,DOXULIP,INJECTION,SINGLE 10ML+ 1X5'S,GLASS VIAL,United Biotech (Pvt) Ltd,INDIA,George Steuart Health Pvt Ltd
TIMOLOL MALEATE OPHTHALMIC SOLUTION USP 0.5% W/V,IOTIM 0.5 W/V EYE DROP,OPHTHALMIC SOLUTION,5ML,LDPE VIAL WITH CAP,FDC LIMITED,INDIA,Sunshine Healthcare lanka Ltd
CO-AMOXICLAV ORAL SUSPENSION BP 156.56/5ML,WELCLAVE 156.25,POWDER FOR SUSPENSION,100ML,HDPE BOTTLE,Medicef Pharma,INDIA,ABC Pharma Services Pvt. Ltd
ROSUVASTATIN TABLETS USP 10MG,TURBOVAS 10,TABLETS,10X10'X 1X10'S,ALU ALU BLISTER,Micro Labs Ltd,INDIA,Micro Mega Lanka (Pvt) Ltd
LEVETIRACETAM TABLETS USP 250MG,EVITRA 250,TABLETS,5X10'S,ALU-ALU BLISTER,Pharmafabrikon,INDIA,Novachem Lanka (Pvt) Ltd
CETRIZINE HYDROCHLORIDE SYRUP 5MG/5ML,ZYNCET,SYRUP,60ML,AMBER COLOUR GLASS,The Madras Pharmaceuticals,INDIA,A Baur & Co  (Pvt) Ltd
CYTARABINE INJECTION BP 100MG/ML,ONCOTAR 100,INJECTION,1 GLS VIAL(01X10'S),GLASS VIAL,United Biotech (Pvt) Ltd,INDIA,George Steuart Health Pvt Ltd
IRON III  POLYMALTOSE COMPLEX SURUP 50MG/5ML,APOFER,SYRUP,120ML,PET BOTTLE,Platinum Pharmaceuticals (Pvt) Ltd,PAKISTAN,George Steuart Health Pvt Ltd
"ALUMINIUM HYDROXIDE 306MG, MAGNESIUM HYDROXIDE 100MG,SIMETHICONE 25MG/5ML USP ORAL SUSPENSION",VISCID,ORAL SUSPENSION,200ML,AMBER PET BOTTLE,Indoco Remedies India,INDIA,Hemas Pharmaceuticals (Pvt) Ltd
CYCLOSPORINE OPHTHALMIC EMULSION 0.05% W/V,CYPORIN,OPHTHALMIC EMULSION,5ML,LDPE DROPPER BOTTLE,Aristopharma Ltd,BANGLADESH,Hemas Pharmaceuticals (Pvt) Ltd
CETIRIZINE HYDROCHLORIDE TABLET 10MG,ALERID,TABLETS,10X10'S FILM COATED,ALU PVC BLISTER,Cipla Ltd,INDIA,Breathe Free Lanka (Pvt) Ltd
PARACETAMOL 10MG/ML SOLUTION FOR INFUSION,***,SOLUTION FOR INFUSION,100ML,USP TY 1 Clear GV,Jodas Expoim Pvt Ltd,INDIA,Softcare International (Pvt) Ltd
TICAGRELOR TABLETS 90MG,BELINTA 90,FILM COA TABLETS,"1X10'S,3X10'S,5X10'S",ALU-PVC BLISTER,Ziska Pharmaceuticals Ltd,BANGLADESH,Tabrane Pharmaceuticals (Pvt) Ltd
ESOMEPRAZOLE MAGNESIUM CAPSULES 40MG,ESOFRED 40,HARD GELATINE CAPSULES,3X10'S,ALU PVC BLISTER,Fredun Pharmaceuticals Ltd,INDIA,George Steuart Health Pvt Ltd
PREGABALIN CAPSULES 75MG,MAXGALIN 75,HARD GELATINE CAPSULES,5X10'S,ALUMINIUM STRIP PACK,Sun Pharma Laboratories Ltd,INDIA,Emerchemie NB (Ceylon) Ltd
LEVETIRACETAM TABLETS USP 500MG,EVITRA 500,TABLETS,5x10'S,ALU-ALU BLISTER,Pharmafabrikon,INDIA,Novachem Lanka (Pvt) Ltd
ABIRATERONE ACETATE TABLETS USP 250MG,CELBIRA 250,TABLETS,120'S,HDPE CONTAINER,Celon Laboratories Private Limited,INDIA,Medmart Pharma (Pvt) Ltd
CIPROFLOXACIN TABLETS USP 250MG,CIPLOX 250,TABLETS,10X10'S,ALU PVC BLISTER,Cipla Limited,INDIA,Breathe Free Lanka (Pvt) Ltd
PARACETAMOL TABLETS BP 500MG,*****,TABLETS,1000'S & 10X10'S,PLASTIC JAR BLISTER,Medico Remedies (Pvt) Ltd,INDIA,ABC Pharma Services Pvt. Ltd
BETAHISTINE DIHYDROCHLORIDE TABLETS 8MG,BETASERC 8,TABLETS,60'S 100'S,ALU  PVC BLISTER,Mylan Laboratories Ltd,FRANCE,CIC Holdings PLC
FLUVOXAMINE MALEATE TABLETS 50MG,LUVOX 50,FILM COA TABLETS,60'S,ALU PVC BLISTER,Mylan Laboratories Ltd,FRANCE,CIC Holdings PLC
"SODIUM CITRATE 450MG, SODIUM LAURYL SULPHATE 75MG AND GLYCERIN 90% V/V IN 10ML",MICRONEMA,ENEMA,"1'S (10ML,20ML)",LDPE BOTTLE/PACK,ATCO Laboratories (Pvt) Ltd,PAKISTAN,Morison PLC
LEVONOGESTRAL 0.15MG+ETHINYLESTRADIOL 0.03MG & TABLETS OF FERROUS FUMARATE BP 75MG,FLORINA 28,TABLETS,21Hormonal7iro Combo,ALU PVC BLISTER,Unicure Ramadies (Pvt) Ltd,INDIA,Emar Pharma (Pvt) Ltd
DICLOFENAC TABLETS GASTRO RESISTANT BP 50MG,MEC 50,TABLETS,10X10'/PACK,ALU PVC BLISTER,Mc W Healthcare (P ) Ltd,INDIA,Tranz Pharma Hodlings (Pvt) Ltd
RUPATADINE TABLETS 10MG,RUPA,TABLETS,3X10'S,ALU ALU BLISTER,Aristopharma Ltd,BANGLADESH,Hemas Pharmaceuticals (Pvt) Ltd
METFORMIN TABLETS BP 500MG,MELMET 500,FILM COA TABLETS,"10X10,1x10'S",ALU PVC BLISTER,Micro Labs Ltd,INDIA,Micro Mega Lanka (Pvt) Ltd
ADAPALENE GEL 0.1%,T3 ADA GEL,GEL,25G,ALU TUBE/PACK,Hoe Pharmaceuticals SDN BHD,MALAYSIA,Indoscan (Pvt) Ltd
CO-TRIMOXAZOLE TABLET BP 480MG,LTRIM,TABLETS,"1000',10x10',10X100'","HDPE JAR, ALU-PVC BL",Leben Laboratories (Pvt) Ltd,INDIA,Ceyoka (Pvt) Ltd
PEMETREXED FOR INJECTION USP 500MG,RELITREXED,LYOPHILIZED POW INJECTION,SINGLE VIAL,CLEAR GLASS VIAL,Reliance Life Sciences (Pvt) Ltd,INDIA,ABC Pharma Services Pvt. Ltd
OXYMETAZOLINE NASAL DROPS USP 0.05% W/V,OXINA,NASAL DROPS,10ML,LDPE DROPPER BOTTLE,Megasys Biotek (Pvt) Ltd,INDIA,Pharmatec (Pvt) Ltd
CEFALEXIN CAPSULES BP 500MG,SPORIDEX 500,HARD GELATINE CAPSULES,1X10'S 24X10'S,ALU PVC PVDC BLISTER,Sun Pharma (Pvt) Ltd,INDIA,Hemas Pharmaceuticals (Pvt) Ltd
OXYBUTYNIN CHLORIDE TABLETS USP 5MG,OXYSPAS 5,TABLETS,10X10'S,ALU PVC PVDC BLISTER,Cipla Limited,INDIA,Breathe Free Lanka (Pvt) Ltd
PERINDOPRIL ARGININE TABLETS 2.5MG,COVERSYL,TABLETS,30'S,PLASTIC JAR,Servier (Ireland) Industries Ltd,IRELAND,Hemas Pharmaceuticals (Pvt) Ltd
AZITHROMYCIN CAPSULES 250MG,ZITHROCIN,HARD GELATINE CAPSULES,5X6'S,ALU PVC PVDC BLISTER,Astron Limited,SRI LANKA,***
PEMETREXED FOR INJECTION USP 100MG,RELITREXED,LYOPHILIZED POW INJECTION,1 VIAL/PACK,Clear Glass Vial,Reliance Life Sciences (Pvt) Ltd,INDIA,ABC Pharma Services Pvt. Ltd
ROSUVASTATIN TABLETS IP 5MG,LDNIL 5,TABLETS,3X10'S,ALU-ALU BLISTER,MSN Laboratories Ltd,INDIA,Axia (Pvt) Ltd
GLICLAZIDE TABLETS BP  80MG,DIAZIDE,TABLETS,"10X10'S, 1000'S","ALU PVC PVDC  ,HDPE",The Madras Pharmaceuticals,INDIA,Pharma Associates
CLARITHROMYCIN TABLETS USP 500MG,CLARILET 500,TABLETS,1X10 3X10 5X10 10X10,ALU ALU BLISTER,Zim Laboratories Ltd,INDIA,Tabrane Pharmaceuticals (Pvt) Ltd
CYPROHEPTADINE TABLETS B.P 4MG,CYPINE,TABLETS,100'S 250'S,HDPE BOTTLE,Leben Laboratories (Pvt) Ltd,INDIA,Ceyoka (Pvt) Ltd
PANTOPRAZOLE CAPSULES 40MG,PANTOZIM 40,CAPSULES,1X10 3X10 5X10 10X10,ALU ALU BLISTER,Zim Laboratories Ltd,INDIA,Tabrane Pharmaceuticals (Pvt) Ltd
DOPAMINE HYDROCHLORIDE INJECTION USP 200MG/5ML,***,INJECTION,"5ML, 10X5ML",AMPOULE GLS,Mercury Laboratories Ltd,INDIA,Yaden International (Pvt) Ltd
PANTOPRAZOLE GASTRO-RESISTANT TABLETS IP 40MG,PANTAZOL 40,ENTERIC COATED TABLETS,10X10'S,ALU ALU STRIP,United Biotech (Pvt) Ltd,INDIA,Klintas (Pvt) Ltd
FEXOFENADINE HYDROHLORIDE TABLETS USP 180MG,ALRIN 180,FILM COATED TABLETS,"1x10's, 10x10's",Alu-Alu Blister,CCL Pharmaceuticals (Pvt) Ltd,PAKISTAN,CIC Holdings PLC
PREGABALIN CAPSULES 50MG,XIL 50,CAPSULES,3X10'S,ALU PVDC BLISTER,Orion pharma Ltd,BANGLADESH,Darley Butler  & Co Ltd
AMLODIPINE BESYLATE TABLETS USP 5MG,AMLOTRUST 5,TABLETS,10X10'S,ALU AMBER PVC BLISTE,Centaur Pharmaceutical (Pvt) Ltd,INDIA,George Steuart Health Pvt Ltd
PALONOSETRON INJECTION 0.075MG/1.5ML,PALZEN,INJECTION,1X5'S,AMBER GLASS AMP,Healthcare Pharmaceuticals,BANGLADESH,Citihealth Imports (Pvt) Ltd
METRONIDAZOLE ORAL SUSPENSION BP 200MG/5ML,METROGYL SUSPENSION,ORAL SUSPENSION,100ML,AMB COL GLASS VIAL,Unique Pharmaceutical Laboratories,INDIA,George Steuart Health Pvt Ltd
ATRACURIUM BESYLATE INJECTION USP 10MG/ML,ACRIS,INJECTION,2.5ML(5' PACKS),GLS AMPOULE,Gland Pharma  Ltd,INDIA,ABC Pharma Services Pvt. Ltd
RUXOLITINIB TABLETS 5MG,JAKAVI 15,TABLETS,14X4'S,ALU PVC PCTFE BLISTE,Novartis Pharma A G,SWITZERLAND,A Baur & Co  (Pvt) Ltd
PARACETAMOL TABLETS BP 500MG,***,TABLETS,1000'S,HDPE CONTAINER,State Pharmaceuticals Manufacturer Corporation,SRI LANKA,***
RABEPRAZOLE SODIUM TABLETS 20MG,RABOSEC 20,TABLETS,10X10' 1X4'S,ALU ALU BLISTER,Atoz Pharmaceuticals (Pvt) Ltd,INDIA,Euro Asian Pharma (Pvt) Ltd
OMEPRAZOLE DELAYED RELEASE CAPSULES 20MG,OMLEK 20,CAPSULES,10X10'S,ALU ALU BLISTER,Unique Pharmaceutical Laboratories,INDIA,George Steuart Health Pvt Ltd
LACTULOSE SOLUTION USP 3.35G/5ML,INOLAC,ORAL SOLUTION,100ML amber,GLASS BOTTLE,Incepta Pharmaceuticals Ltd,BANGLADESH,Citihealth Imports (Pvt) Ltd
ETORICOXIB TABLETS 60MG,ETOXIB 60,TABLETS,1X10 3X10 5X10 10X10,ALU ALU BLISTER,Globe Pharmaceuticals Ltd,BANGLADESH,Tabrane Healthcare (Pvt) Ltd
BIMATOPROST OPHTHALMIC SOLUTION 0.03%,CAREPROST,OPHTHALMIC DROPPER BOTTLE,3ML,LDPE DROPPER BOTTLE,Sun Pharmaceutical Medicare Ltd,INDIA,Hemas Pharmaceuticals (Pvt) Ltd
"ISOPHANE INSULIN , HUMAN (rDNA)) INJECTION 100IU/1ML",INSULATARD PENFILL,SUSPENSION FOR INJECTION,5X3ML,PRE FILLED CARTRIDGE,Novo Nordisk,DENMARK,Sunshine Healthcare lanka Ltd
ESMOLOL HYDROCHLORIDE INJECTION 100MG/10ML,***,INJECTION,10ML VIAL/PACK,GLASS VIAL,Mercury Laboratories Ltd,INDIA,Yaden International (Pvt) Ltd
CIPROFLOXACIN TABLETS USP  500MG,CIPROMEN 500,FILM COATED TABLETS,10 X 10'S,ALU-ALU BLISTER,CCL Pharmaceuticals (Pvt) Ltd,PAKISTAN,CIC Holdings PLC
ETORICOXIB TABLETS 90MG,ETOXIB 90,TABLETS,1X10 3X10 5X10 10X10,ALU ALU BLISTER,Globe Pharmaceuticals Ltd,BANGLADESH,Tabrane Healthcare (Pvt) Ltd
RAMIPRIL TABLETS BP 5MG,RAMIPACE,TABLETS,2X14'S,ALU-ALU BLISTER,PharmEvo (Pvt) Ltd,PAKISTAN,CIC Holdings PLC
METRONIDAZOLE INJECTION USP 5MG/ML,METROGYL,INJECTION,100ML,LDPE BOTTLE,Unique Pharmaceutical Laboratories,INDIA,George Steuart Health Pvt Ltd
SITAGLIPTIN TABLETS 50MG,THEOGLIP 50,TABLETS,3X10'S,ALU ALU BLISTER,Theon Pharmaceuticals Ltd,INDIA,Slim Pharmaceuticals (Pvt) Ltd
ALBUMIN HUMAN INJECTION 5%,ALBUNORM 5%,INJECTION,"5G/100ML,12.5G/250ML",GLASS VIAL,Octapharma Pharmazeutika,AUSTRIA,ABC Pharma Services Pvt. Ltd
PARACETAMOL SUPPOSITORY BP 125MG,ACE 125,SUPPOSITORIES,4X5'S,PVC PE BLISTER,Square Pharmaceuticals Ltd,BANGLADESH,CIC Holdings PLC
LEVETIRACETAM TABLETS USP 500MG,IRACET 500,TABLETS,10'S,ALU PVC BLISTER,Square Pharmaceuticals Ltd,BANGLADESH,CIC Holdings PLC
BISOPROLOL FUMARATE TABLETS USP 5MG,BISOCOR 5,TABLETS,3X10'S,ALU ALU BLISTER,Square Pharmaceuticals Ltd,BANGLADESH,CIC Holdings PLC
CLINDAMYCIN CAPSULES USP 150MG,CLIMYCIN 150,CAPSULES,30'S,ALU PVC BLISTER,Square Pharmaceuticals Ltd,BANGLADESH,CIC Holdings PLC
INSULIN SOLUBLE HUMAN (r-DNA) INJECTION 100IU in 1ML,ACTRAPID,SUSPENSION FOR INJECTION,10MLX1 VIAL,TYPE  1 GLS VIAL,Novo Nordisk,DENMARK,Sunshine Healthcare lanka Ltd
NEOMYCIN SULPHATE BP 5MG + BACITRACIN  ZINC BP 500IU/G OINTMENT,NEBANOL,OINTMENT,20G,ALU COLLA.TUBE,Square Pharmaceuticals Ltd,BANGLADESH,CIC Holdings PLC
GRISEOFULVIN TABLETS USP 500MG,**,TABLETS,1000'S,HDPE CONTAINER,Unical Ceylon (Pvt) Ltd,SRI LANKA,***
AZITHROMYCIN CAPSULES USP 250MG,ZIMAX 250,CAPSULES,1X6'S,ALU ALU BLISTER,Square Pharmaceuticals Ltd,BANGLADESH,CIC Holdings PLC
PARACETAMOL SUPPOSITORY BP  500MG,ACE 500,SUPPOSITORIES,4X5'S,PVC PE BLISTER,Square Pharmaceuticals Ltd,BANGLADESH,CIC Holdings PLC
AZITHROMYCIN TABLETS IP 500MG,AZEE 500,TABLETS,10x3's,ALU-PVC / PVDC BLIST,Cipla Ltd,INDIA,Breathe Free Lanka (Pvt) Ltd
CLARITHROMYCIN TABLET USP 250MG,CLARITEK,TABLETS,1X10'S,ALU ALU BLISTER,Getz Pharma (Pvt) Ltd,PAKISTAN,Hemas Pharmaceuticals (Pvt) Ltd
TRIAMCINOLONE AETONIDE DENTAL PASTE USP 0.1% W/W,TRIOPLAST,DENTAL PASTE,5G TUBE,LAMI TUBE,ICPA Health Products Ltd,INDIA,George Steuart Health Pvt Ltd
GATIFLOXACIN EYE DROPS 0.3% W/V,GATIGEN,EYE DROPS,5ML,PLASTIC DROPPEBOTTLE,General Pharmaceuticals Ltd,BANGLADESH,George Steuart Health Pvt Ltd
METHYLPREDNISOLONE TABLETS USP 16MG,SOLUPRED 16,TABLETS,"1X10'S,3X10'S,5X10'S",ALU-ALU BLISTER,Ziska Pharmaceuticals Ltd,BANGLADESH,Tabrane Pharmaceuticals (Pvt) Ltd
TACROLIMUS CAPSULES 0.5MG,TACGRAF,TABLETS,3X10'S & 10X10'S,ALU ALU BLISTER,CCL Pharmaceuticals (Pvt) Ltd,PAKISTAN,CIC Holdings PLC
MISOPROSTOL TABLETS USP 200MCG,MISOTOL,TABLETS,"1X10'S,20X10'S,10X10",Alu-Alu Blister,Ziska Pharmaceuticals Ltd,BANGLADESH,Tabrane Healthcare (Pvt) Ltd
MOSAPRIDE CITRATE  TABLETS 2.5MG,MOSID MT 2.5,TABLETS,10X10'S,ALU ALU BLISTER,Torrent Pharmaceuticals Ltd,INDIA,Edna Medicals (Pvt) Ltd
METHYLPREDNISOLONE TABLETS USP 4MG,SOLUPRED 4,TABLETS,"1X10'S,3X10'S,5X10'S",ALU-ALU BLISTER,Ziska Pharmaceuticals Ltd,BANGLADESH,Tabrane Pharmaceuticals (Pvt) Ltd
MELOXICAM TABLETS BP 7.5MG,UNIMELO 7.5,TABLETS,10X10'S,ALU ALU STRIP,Unique Pharmaceutical Laboratories,INDIA,George Steuart Health Pvt Ltd
RITUXIMAB INJECTION 100mg/10ml,RITUXIREL 100,SOLUTION FOR INJECTION,1 VIAL,GLASS VIAL,Reliance Life Sciences (Pvt) Ltd,INDIA,ABC Pharma Services Pvt. Ltd
OXCARBAZEPINE TABLETS 150MG,TRILEPTAL 150,TABLETS,5X10'S,ALU PVC BLISTER,Novartis Farma S.pA Italy for Novartis pharma AG,ITALY,A Baur & Co  (Pvt) Ltd
SODIUM VALPROATE GASTRO RESISTANT TABLETS B.P 200MG,*******,TABLETS,10X10'S,ALU ALU STRIPS,Mercury Laboratories Ltd,INDIA,Yaden International (Pvt) Ltd
CEFOTAXIME FOR INJECTION USP 1G,CEFTAX,POWDER FOR INJECTION,1'S,CLEAR GLASS VIAL,Opsonin Pharma Ltd,BANGLADESH,Yaden International (Pvt) Ltd
CYTARABINE INJECTION BP 100MG/ML,CYBIN-PF,SOLUTION FOR INJECTION,"1ML,10ML",USP TY 1 GLASS VIAL,VHB Medi Sciences Ltd,INDIA,Yaden International (Pvt) Ltd
THIAMINE INJECTION BP 100MG/2ML,***,INJECTION,2ML AMPOULE,I GLASS AMPUELS,Mercury Laboratories Ltd,INDIA,Yaden International (Pvt) Ltd
DICLOFENAC SODIUM TABLETS 50MG (ENTERIC COATED),VOLTAREN 50,TABLETS,10X10'S,PVC PVDC PE BLISTER,Novartis Saglik Gida,SWITZERLAND,A Baur & Co  (Pvt) Ltd
ETHINYLESTRADIOL 0.035MG+CYPROTERONE ACETATE 2MG TABLETS,DIANE 35,TABLETS,21 TABLETS,ALU PVC BLISTER,Bayer Weiner GmbH & Co. KC  Germany for Bayer Pharma AG Germany,GERMANY,Hemas Pharmaceuticals (Pvt) Ltd
CLARITHROMYCIN TABLETS USP 250MG,KLATRIL 250,TABLETS,1X14'S,ALU ALU BLISTER,Fredun Pharmaceuticals Ltd,INDIA,George Steuart Health Pvt Ltd
TRETINOIN CREAM USP 0.025% W/W,TRETIN-A,CREAM,15G TUBE/PACK,COLL.ALU.TUBE,Astron (Pvt) Ltd,SRI LANKA,***
ESOMEPRAZOLE MAGNESIUM DELAYED RELEASE CAPSULES USP 20MG,ESOFRED 20,DELAYED RELEASE CAPSULES,3X10'S,ALU PVC BLISTER,Fredun Pharmaceuticals Ltd,INDIA,George Steuart Health Pvt Ltd
LAMOTRIGINE TABLETS BP 25MG,***,TABLETS,10X10'S  100'S,ALU ALU BLISTER,Treffer Pharmaceuticals,INDIA,Yaden International (Pvt) Ltd
CEFEPIME FOR INJECTION USP 1G,EPIME 1,POWDER FOR INJECTION,1 VIAL+10ML INJECTIO,USP TY 1 GLS VIAL,United Biotech (Pvt) Ltd,INDIA,George Steuart Health Pvt Ltd
MOMETASONE AQUEOUS NASAL SPRAY BP 50MCG,MOMESON,NASAL SPRAY,120MD,AMBERV COLOUR VIAL,Incepta Pharmaceuticals Ltd,BANGLADESH,Citihealth Imports (Pvt) Ltd
DICLOFENAC SODIUM SUPPOSITORIES 25MG,DICLOVIN 25,SUPPOSITORIES,2X6'S,PVC PE FOIL,Bliss GVS Pharma Ltd,INDIA,Sunshine Healthcare lanka Ltd
BICALUTAMIDE TABLETS USP 50MG,CASODEX,TABLETS,28's film coated,PVC ALU BLISTER,"Corden Pharma GmbH ,Germany for Astrazeneca UK Ltd",GERMANY,Hemas Pharmaceuticals (Pvt) Ltd
CINNARIZINE TABLETS 25MG,CELENID,TABLETS,5X10'S 10X10'S,ALU PVC BLISTER,Biolabs Co  Ltd,THAILAND,George Steuart Health Pvt Ltd
RAMIPRIL TABLETS IP 10MG,CARDACE 10,UNCOATED TABLETS,90'S,ALU PVC BLISTER,Sanofi India Ltd,INDIA,A Baur & Co  (Pvt) Ltd
ALPRAZOLAM TABLETS USP 0.25MG,ALPAZ 0.25,TABLETS,5X10'S,ALU-PVC/PVDC BLISTER,The Madras Pharmaceuticals,INDIA,Pharma Associates
BUDESONIDE NEBULISING SOLUTION 0.25MG/ML,PULMICORT,NEBULIZING SOLUTION,20X2ML(2ML AMP),PLASTIC AMPOULE,Astra Zeneca,SWEDEN,Hemas Pharmaceuticals (Pvt) Ltd
VITAMIN E CAPSULES USP 400IU,TOCOSOFT 400,SOFT GELATIN CAPSULES,10X10'S,ALU PVC BLISTER,Softgel Health Care (Pvt) Ltd,INDIA,Pharma Associates
ESOMEPRAZOLE MAGNESIUM DELAYED RELEASE CAPSULES USP 40MG,ANESO 40,DELAYED RELEASE CAPSULES,10X10'S,ALU ALU BLISTER,AMN Life Science (Pvt) Ltd,INDIA,Pharma Associates
PREGABALIN CAPSULES 75MG,NEUROVAN 75,HARD GELATINE CAPSULES,3X10'S,ALU ALU BLISTER,Aristopharma Ltd,BANGLADESH,Hemas Pharmaceuticals (Pvt) Ltd
METOPROLOL TARTRATE TABLETS BP 50MG,BETALOC 50MG,TABLETS,5X20'S,ALU PVDC BLISTER,Astra Zeneca Pharmaceuticals Co Ltd,CHINA,Hemas Pharmaceuticals (Pvt) Ltd
BISACODYL DELAYED RELEASE TABLETS USP 5MG,ZYCOLAX,ENTERIC COATED TABLETS,10X10'S,ALU PVC BLISTER,Cadila Healthcare Ltd,INDIA,Hemas Pharmaceuticals (Pvt) Ltd
AMLODIPINE TABLETS 5MG,AMDOCAL 5,TABLETS,10 x 10'S,ALU ALU BLISTER,Beximco Pharmaceuticals Ltd,BANGLADESH,Emerchemie NB (Ceylon) Ltd
BISOPROLOL FUMARATE TABLETS USP 2.5MG,CONCO COR 2.5,TABLETS,"3X10'S , 1X4 TABLETS",ALU PVC BLISTER,Merck Specialities Private Limited,INDIA,Emerchemie NB (Ceylon) Ltd
DEXMEDETOMIDINE HYDRPCHLORIDE INJECTION 100MCG/ML,DEXEM,INJECTION,2ML AMP/PACK,AMBER GLS AMPOULE,Themis Medicare Ltd,INDIA,Sunshine Healthcare lanka Ltd
DOMPERIDONE TABLETS BP 10MG,***,TABLETS,250'S 1000'S 10X10'S,"HDPE CONT,.ALU PVC",Morison Limited,SRI LANKA,***
LANTHANUM CARBONATE CHEWBALE TABLETS 500MG,FOSBAIT 500,CHEWABLE TABLETS,30'S TABLET,HDPE CONTAINER,Panacea Biotech Pharma Ltd,INDIA,Markss HLC (Pvt) Ltd
LACTULOSE SOLUTION USP 3.35G/5ML,LAXOPEG SYRUP,ORAL SOLUTION,100ML,AMB COL PET BOTTLE,Fourrts (India) Laboratories Ltd,INDIA,Sunshine Healthcare lanka Ltd
MOMETASONE FUROATE CREAM USP 0.1% W/W,MOBIT,CREAM,20G,LAMINATE TUBE,East African (India) Overses,INDIA,Mega Pharma (Pvt) Ltd
CEFIXIME FOR ORAL SUSPENSION USP 100MG/5ML,AMZIF 100,ORAL SUSPENSION,60ML,HDPE BOTTLE,AMN Life Science (Pvt) Ltd,INDIA,Pharma Associates (Pvt) Ltd
TROPICAMIDE BP 0.8% & PHENYLEPHRINE HYDROCHLORIDE BP 5% EYE DROPS,TROPIGEN PLUS,EYE DROPS,5ML,PLASTIC DROPPER BOTT,General Pharmaceuticals Ltd,BANGLADESH,George Steuart Health Pvt Ltd
BICALUTAMIDE TABLETS USP 150MG,CASODEX,TABLETS,28'S,PVC ALU BLISTER,"Corden Pharma GmbH ,Germany for Astrazeneca UK Ltd",GERMANY,Hemas Pharmaceuticals (Pvt) Ltd
PREGABALIN SUSTAINED RELEASE TABLETS 75MG,SEGABIN SR 75,SUSTAINED RELEASE TABLETS,10X10'S 2'S,ALU PVC BLISTER,Inventia Healthcare (Pvt) Ltd,INDIA,Emerchemie NB (Ceylon) Ltd
CICLOPIROX OLAMINE CREAM USP 1.0% W/W,OLAMIN,CREAM,15G,ALUMINIUM TUBE,Micro Labs Ltd,INDIA,Micro Mega Lanka (Pvt) Ltd
ALENDRONATE SODIUM TABLETS USP 70MG,OSTEOFOS,TABLETS,10X1X4' S  TAB,ALU PVC PVDC BLISTER,Cipla Ltd,INDIA,Breathe Free Lanka (Pvt) Ltd
SALBUTAMOL TABLETS BP 4 MG,LEBASMA 4,TABLETS,10X20'S 1000'S,ALU PVC HDPE BLISTER,Leben Laboratories (Pvt) Ltd,INDIA,Ceyoka (Pvt) Ltd
TETRACYCLINE HYDROCHLORIDE OINTMENT USP 3% W/W,***,OINTMENT,15G,ALU COLL TUBE,Galentic Pharma (india) (Pvt) Ltd,INDIA,Ceyoka (Pvt) Ltd
TOLNAFTATE TOPICAL SOLUTION USP 1% W/V,***,TOPICAL SOLUTION,10ML,PLASTIC BOTTLE,Belco Pharma (Pvt) Ltd,INDIA,Pharmatec (Pvt) Ltd
LEVONORGESTREL TABLETS 1.5MG,POSTINOR ONE,TABLETS,1'S,ALU PVC BLISTER,Gedeon Richter Ltd,HUNGARY,Family Planning Association of Sri Lanka
TRIFLUOPERAZINE TABLETS BP 5MG,***,TABLETS,1000'S,HDPE JAR,Leben Laboratories (Pvt) Ltd,INDIA,Ceyoka (Pvt) Ltd
SERTRALINE TABLETS BP 100MG,ZOTRAL 100,TABLETS,1X10'S 10X10'S,ALU PVC BLISTER,Micro Labs Ltd,INDIA,Micro Mega Lanka (Pvt) Ltd
ESOMEPRAZOLE MAGNESIUM DELAYED RELEASE CAPSULES USP 40MG,EPRAZOLE 40,CAPSULES,"2X7'S ,14'S,7'S,4X7'",ALU ALU BLISTER,Brookes Pharma (Pvt) Ltd,PAKISTAN,Hemas Pharmaceuticals (Pvt) Ltd
BENZTROPINE MESYLATE INJECTION USP 1MG/1ML,VERBENZ,INJECTION,"2MLX10,2MLX10X10'S",CLEAER GLASS AMPOULE,Verve Human Care Laboratories,INDIA,Leader Pharma Pvt Ltd
CLOTRIMAZOLE LOTION BP 1% W/V,CANDAZOLE,LOTION,10ML,LDPE BOTTE,Hoe Pharmaceuticals SDN BHD,MALAYSIA,Indoscan (Pvt) Ltd
FILGRASTIM INJECTION 30MU/0.5ML(300MCG/0.5ML),RELIGRAST,SOLUTION FOR INJECTION,1PFSY OF 0.5ML,PRE FILLED SYRINGE,Reliance Life Sciences (Pvt) Ltd,INDIA,ABC Pharma Services Pvt. Ltd
CLINDAMYCIN PHOSPHATE LOTION BP 1.2% W/V,T3 MYCIN,LOTION,30ML,GLASS BOTTLE,Hoe Pharmaceuticals SDN BHD,MALAYSIA,Indoscan (Pvt) Ltd
DOMPERIDONE TABLETS BP 10MG,DORIDON,TABLETS,10X10'S,ALU PVC BLISTER,Medicon Pharmaceuticals Ltd,BANGLADESH,Tranz Pharma Hodlings (Pvt) Ltd
DICYCLOVERINE TABLETS BP 20MG,COLIGON,TABLETS,10X10'S,ALU PVC BLISTER,Fourrts (India) Laboratories Ltd,INDIA,Sunshine Healthcare lanka Ltd
LIQUID PARAFFIN 3.75ML+MILK OF MAGNESIA 11.25ML PER 15ML ORAL SUSPENSION,CREMAFFIN,ORAL SUSPENSION,225ML,PET BOTTLE,Abbott India Ltd,INDIA,Sunshine Healthcare lanka Ltd
HUMAN ALBUMIN INJECTION 200G/L,ALBUNORM 20%,SOLUTION FOR INFUSION,"50ML,100ML/PACK",TY 11 GLASS VIAL,Octapharma Pharmazeutika,AUSTRIA,ABC Pharma Services Pvt. Ltd
THYROXINE SODIUM TABLETS IP 50MCG,THYRONORM 50,TABLETS,30'S,AMB GLASS BOTTLE,Acme Formulation (Pvt) Ltd,INDIA,Sunshine Healthcare lanka Ltd
LORATADINE TABLETS USP 10MG,LORADINE,TABLETS,10X10'S,ALU PVC BLISTER,Y S P Industries SDN BHD.,MALAYSIA,Indoscan (Pvt) Ltd
HYDROCORTISONE OINTMENT 1% W/W,ASTROCORT,OINTMENT,"5G,15G",ALU COLL TUBE,Astron Limited,SRI LANKA,***
MICONAZOLE NITRATE CREAM BP 2%,DECOZOL CREAM,CREAM,15G,COLL ALU TUBE,Hoe Pharmaceuticals SDN BHD,MALAYSIA,Indoscan (Pvt) Ltd
CLOTRIMAZOLE CREAM BP 1%,CANDAZOLE CREAM,CREAM,15G,COLL ALU TUBE,Hoe Pharmaceuticals SDN BHD,MALAYSIA,Indoscan (Pvt) Ltd
IPRATROPIUM BROMIDE DRY POWDER INHALATION CAPSULES BP 40MG,IPRAHALE 40,DRY POWDER INHALATION CAPSULES,10X10' 3X10'S,ALU PVDC BLISTER,Emergen Life Sciences (Pvt) Ltd,SRI LANKA,***
ASPIRIN TABLETS BP  300MG,***,TABLETS,"1000's, 500's",HDPE PLASTIC BOTTLE,Axon Drugs (Pvt) Ltd,INDIA,Sunshine Healthcare lanka Ltd
CONJUGATED ESTROGEN TABLETS USP 0.625MG,CONJURIN,TABLETS,1X28'S,ALU PVC BLISTER,Unicure Ramadies (Pvt) Ltd,INDIA,Emar Pharma (Pvt) Ltd
RITUXIMAB INJECTION 500MG,RITUXIREL 500,SOLUTION FOR INFUSION,I GLS VAIL500MG/50ML,GLASS VIAL,Reliance Life Sciences (Pvt) Ltd,INDIA,ABC Pharma Services Pvt. Ltd
METRONIDAZOLE TABLETS  BP 400MG,FLAGYL400,TABLETS,25X10'S 10X3X10'S,ALU PVC BLISTER,Sanofi Bangaladesh Ltd,BANGLADESH,A Baur & Co  (Pvt) Ltd
GLYCERYL TRINITRATE SUBLINGUAL SPRAY 0.4MG/DOSE,NITRIL,SUBLINGUAL SPRAY,200DOES/PACK,ALUMINIUM CANISTER,Shandong Jewim Pharmaceutical Co. Ltd,CHINA,Emerchemie NB (Ceylon) Ltd
FOLIC ACID TABLETS BP 1MG,FOLVIT,TABLETS,3X10'S 10X10' 1000'S,"ALU PVC BLIS, JAR P",Bafna Pharmaceuticals Ltd,INDIA,Pharma Associates
MESALAZINE SUPPOSITORIES BP 500MG,ASACOL 500,SUPPOSITORIES,4X5'S,Blister,Meridian Enterprises Pvt Ltd,INDIA,Accorria Pharmaceuticals
METHYLPREDNISOLONE ACETATE INJECTION BP 40MG/1ML,***,INJECTION,01 VIAL PACK,GLASS VIAL,Mercury Laboratories Ltd,INDIA,Yaden International (Pvt) Ltd
AMIODARONE HYDROCHLORIDE INJECTION USP 50MG/ML (150MG/3ML),***,INJECTION,"1X3ML,10X3ML",AMBER GLASS AMPOULE,Mercury Laboratories Ltd,INDIA,Yaden International (Pvt) Ltd
SUXAMETHONIUM CHLORIDE INJECTION BP 100MG/2ML,***,INJECTION,10X2ML PACK,GLASS AMPOULE,Mercury Laboratories Ltd,INDIA,Yaden International (Pvt) Ltd
GASTRO REGISTAN OMEPRAZOLE CAPSULES BP 20MG,OMMED 20,CAPSULES,10X10'S,ALU ALU STRIP PACK,Medico Remedies  Ltd,INDIA,ABC Pharma Services Pvt. Ltd
NEPAFENAC STERILE OPHTHALMIC SUSPENSION 0.1% W/V,NEVAN,OPHTHALMIC  SUSPENSION,5ML,LDPE DROPPER BOTTLE,Aristopharma Ltd,BANGLADESH,Hemas Pharmaceuticals (Pvt) Ltd
IMATINIB MESYLATE CAPSULES 100MG,IMATIB 100,CAPSULES,10'S,ALU-PVC-PE-PVDC BLIS,Cipla Ltd,INDIA,Breathe Free Lanka (Pvt) Ltd
OMEPRAZOLE DELAYED RELEASE CAPSULES USP 20MG,OSKAR 20,HARD GELATINE CAPSULES,10X10'S,ALU ALU STRIP,Akums Drugs & Pharmaceuticals Ltd,INDIA,Hemas Pharmaceuticals (Pvt) Ltd
MONTELUKAST SODIUM CHEWABLE TABLETS USP 5MG,MONTELUK 10,TABLETS,10X10'S,ALU ALU BLISTER,CCL Pharmaceuticals (Pvt) Ltd,PAKISTAN,CIC Holdings PLC
LOSARTAN POTASSIUM TABLETS IP 50MG,ZAART 50,TABLETS,10X10'S,ALU ALU BLISTER,Cipla Limited,INDIA,Breathe Free Lanka (Pvt) Ltd
FLUCLOXACILLIN CAPSULES BP 500MG,PHYLOPEN DS,HARD GELATINE CAPSULES,5X6'S,ALU ALU BLISTER,Square Pharmaceuticals Ltd,BANGLADESH,CIC Holdings PLC
ESCITALOPRAM OXALATE TABLETS 10MG,OXAPRO 10,TABLETS,3X10'S,ALU PVC BLISTER,Square Pharmaceuticals Ltd,BANGLADESH,CIC Holdings PLC
CARBIMAZOLE TABLET I.P 10MG,THYROCAB 10,TABLETS,100'S,AMB. PP BOTTLE,Abbott Healthcare Pvt Ltd,INDIA,Sunshine Healthcare lanka Ltd
SOLIFENACIN SUCCINATE TABLETS 5MG,**,TABLETS,100 TABLETS,HDPE JAR,Centurion Laboratories Pvt Ltd,INDIA,Yaden International (Pvt) Ltd
CLOPIDOGREL TABLETS USP 75MG,CLOPIREL,TABLETS,10X10'S,ALU ALU STRIP,Belco Pharma (Pvt) Ltd,INDIA,Pharmatec (Pvt) Ltd
DOMPERIDONE TABLETS 10MG,DOMPERON,TABLETS,"2X50,'S 20X50'S",ALU PVC BLISTER,Cadila pharmaceuticals Ltd,INDIA,Sunshine Healthcare lanka Ltd
GEMCITABINE FOR INJECTION USP 1000MG/ VIAL,BIOGEM 1000,POWDER FOR INJECTION,01 VIAL,USP TY1MOUL GLS VIAL,United Biotech (Pvt) Ltd,INDIA,George Steuart Health Pvt Ltd
ORAL REHYDRATION SALT BP 21.5G,MINREVA 21.5,POWDER FOR ORAL SOLUTION,10X21.5G,ALU.SACHET,Unicure Ramadies (Pvt) Ltd,INDIA,Emar Pharma (Pvt) Ltd
METHYLPHENIDATE HYDROCHLORIDE TABLETS USP 10MG,METPHEN,TABLETS,2X15X10'S,ALU PVC BLISTER,Verve Human Care Laboratories,INDIA,Leader Pharma Agency (Pvt) Ltd
AZITHROMYCIN  TABLETS USP 500MG,AZ 500,TABLETS,10X3'S,ALU ALU BLISTER,Aristopharma Ltd,BANGLADESH,Hemas Pharmaceuticals (Pvt) Ltd
SALBUTAMOL TABLETS BP 2MG,SALFIL-2,TABLETS,1000'S,HDPE JAR,Fourrts (India) Laboratories Ltd,INDIA,Sunshine Healthcare lanka Ltd
PROMETHAZINE HYDROCHLORIDE INJECTION BP 25MG/ML,***,INJECTION,2MLX10'S,USP TY 1 AMPOULE,Steril Gene Life Sciences (Pvt) Ltd,INDIA,Pharma Associates
MEROPENEM FOR INJECTION USP 500MG,MEROFEN 0.5,POWDER FOR INJECTION,500MG/VIAL,TYPE 1 GLS VIAL,PT Dankos Farma,INDONESIA,Hemas Pharmaceuticals (Pvt) Ltd
CEFUROXIME AXETIL FOR ORAL SUSPENSION USP 125MG/5ML,MILCEF,ORAL SUSPENSION,70ML,HDPE BOTTLE,The Madras Pharmaceuticals,INDIA,Pharma Associates (Pvt) Ltd
FLUCONAZOLE TABLETS USP 150MG,NUFORCE 150,TABLETS,1X1'S,ALU ALU BLISTER,Unimax Laboratories,INDIA,Hemas Pharmaceuticals (Pvt) Ltd
ZINC ACETATE SYRUP 20MG/5ML,ZEVAC SYRUP,SYRUP,60ML,AMB PET BOTTLE,Raptakos Brett & Company Ltd,INDIA,Pharma Associates
MOXIFLOXACIN  EYE DROPS 0.5% w/v,OPTIMOX,EYE DROPS,5ML,LDPE DROPPER BOTTLE,Aristopharma Ltd,BANGLADESH,Hemas Pharmaceuticals (Pvt) Ltd
BETAMETHASONE DIPROPIONATE OINTMENT 0.0064% W/W,BEPROSONE,OINTMENT,15G,ALUMINIUM TUBE,Hoe Pharmaceuticals SDN BHD,MALAYSIA,Indoscan (Pvt) Ltd
CLARITHROMYCIN TABLETS USP 500MG,CLARIVIC 500,TABLETS,1X10'S,ALU ALU  BLISTER,Bio Pharma Limited,BANGLADESH,Truvic Private Ltd
BISOPROLOL FUMARATE TABLETS USP 5MG,BISOJAJ 5,FILM COA TABLETS,10X10'S,ALU PVC BLISTER,Bajaj Healthcare Ltd,INDIA,Chamee Chemist
DEFEROXAMINE MESYLATE POWDER FOR SOLUTION FOR INJECTION 500MG,DESFERAL,POWDER FOR INJECTION,10VIALS,GLASS VIAL,Wasserburgen Arzneimittelwerk Gmbh Germany for Hospira Australia Pty Ltd,SWITZERLAND,A Baur & Co  (Pvt) Ltd
RIVASTIGMINE CAPSULES 6MG,EXELON 6,HARD GELATINE CAPSULES,2X14'S,ALU PVC BLISTER,"Siegfried Barbera SL,",SWITZERLAND,A Baur & Co  (Pvt) Ltd
PANCURONIUM INJECTION BP 4MG/2ML,***,INJECTION,1X2ML GLS AMP/PACK,GLASS AMPOULE,Mercury Laboratories Ltd,INDIA,Yaden International (Pvt) Ltd
VORICONAZOLE FOR INJECTION 200MG,VONAZ 200,LYOPHILIZED POWDER FOR IV INFUSION,1 GLASS VIAL/PACK,GLASS VIAL,United Biotech (Pvt) Ltd,INDIA,George Steuart Health Pvt Ltd
ROPINIROLE TABLETS USP 2MG,PERKIROL 2,TABLETS,3X10'S,ALU PVDC BLISTER,Square Pharmaceuticals Ltd,BANGLADESH,CIC Holdings PLC
FLUCLOXACILLIN CAPSULES BP 250MG,PHYLOPEN 250,HARD GELATINE CAPSULES,5X10'S,ALU ALU STRIP PACK,Square Pharmaceuticals Ltd,BANGLADESH,CIC Holdings PLC
HYDROCORTISONE CREAM USP 1% W/W,ASTROCORT,CREAM,"5G, 15G",ALU COLLAPSIBLE TUBE,Astron Limited,SRI LANKA,***
GENTAMICIN EYE/EAR DROPS 0.3% W/V,GENTALAB,EYE & EAR DROPS,10ML,PLASTIC VIAL,Laborate Pharmaceuticals,INDIA,Pharma Associates (Pvt) Ltd
DOXYCYCLINE MONOHYDRATE DISPERSIBLE TABLETS 100MG,MICRODOX-DT,DISPERSIBLE TABLETS,1X10'S 10X10'S,ALU PVC BLISTER,Micro Labs Ltd,INDIA,Micro Mega Lanka (Pvt) Ltd
AZITHROMYCIN TABLETS IP 250MG,AZILIDE 250,TABLETS,5X10'S,ALU ALU BLISTER,Micro Labs Ltd,INDIA,Micro Healthcare (Pvt) Ltd
ATORVASTATIN TABLETS 20MG,LIPLO 20,TABLETS,1X10 3X10 5X10 10X10,ALU ALU BLISTER,Globe Pharmaceuticals Ltd,BANGLADESH,Tabrane Healthcare (Pvt) Ltd
KETOCONAZOLE LOTION 2% W/V,DANSEL-K,LOTION,60ML,HDPE PLASTIC BOTTLE,Pharm Products (Pvt) Ltd,INDIA,Sunshine Healthcare lanka Ltd
IOPAMIDOL INJECTION USP 612.4MG/ML  (Equivalent to 300mg of iodine/ml),PAMIDOL,CONTRAST AGENT FOR IV,"50ML,100ML",USP TY 1 CLEAR GLS V,Unique Pharmaceutical Laboratories,INDIA,George Steuart Health Pvt Ltd
DORZOLAMIDE 2% +TIMOLOL 0.5% EYE DROPS,REDIOP,EYE DROPS,5ML,LDPE BOTTLE,Aristopharma Ltd,BANGLADESH,Hemas Pharmaceuticals (Pvt) Ltd
OLOPATADINE HYDROCHLORIDE OPHTHALMIC SOLUTION USP 0.2% W/V,WINOLAP DS,OPHTHALMIC SOLUTION,2.5ML,LDPE BOTTLE,Sun Pharmaceutical Medicare Ltd,INDIA,Hemas Pharmaceuticals (Pvt) Ltd
DILTIAZEM PROLONGED RELEASE TABLETS BP 90MG,ZEMDIL SR 90,TABLETS,100'S,PLASTIC JAR,Centurion Laboratories Pvt Ltd,INDIA,Yaden International (Pvt) Ltd
BENZOYL PEROXIDE GEL BP 2.5% W/W,PERSOL AC 2.5,GEL,20G,ALU COLLAPBLE TUBE,Indi Pharma (Pvt) Ltd,INDIA,Emar Pharma (Pvt) Ltd
METHOXSALEN TABLETS 10MG,***,TABLETS,10x10'S,Alu Amber PVC Bliste,Centurion Laboratories Pvt Ltd,INDIA,Yaden International (Pvt) Ltd
ATORVASTATIN CALCIUM TABLETS USP 10MG,AZTOR 10,TABLETS,5X10'S,ALU ALU BLISTER,Sun Pharmaceutical industries,INDIA,Hemas Pharmaceuticals (Pvt) Ltd
MOXIFLOXACIN IV INFUSION 400MG/250ML,MOXIGET IV,SOLUTION FOR INFUSION,250ML,USP TY 11 GLS VIAL,Getz Pharma (Pvt) Ltd,PAKISTAN,Hemas Pharmaceuticals (Pvt) Ltd
TERAZOSIN TABLETS USP 10MG,***,TABLETS,1X10'S,ALU ALU BLISTER,Centurion Laboratories Pvt Ltd,INDIA,Yaden International (Pvt) Ltd
BUPIVACAINE HYDROCHLORIDE IN DEXTROSE INJECTION USP 5MG/ML,BUPICAN HEAVY,SOLUTION FOR INJECTION,5X4ML,TYPE 1 GLS AMPOULE,Baxter Pharmaceuticals (Pvt) Ltd,INDIA,Yaden International (Pvt) Ltd
KETOCONAZOLE+ ZINC PYRITHIONE SHAMPOO,DEZOR PLUS SHAMPOO,SHAMPOO,60ML,PE BOTTLE,Hoe Pharmaceuticals SDN BHD,MALAYSIA,Indoscan (Pvt) Ltd
CLINDAMYCIN CAPSULES BP 150MG,CLINGEN 150,CAPSULES,"10X10'S,3X10'S,100'S",BLISTER/HDPE JAR,Celogen Lanka (Pvt) Ltd,SRI LANKA,***
ALBENDAZOLE TABLETS 400MG,WOMIBAN,CHEWABLE TABLETS,1'S,Alu-PVC Blister,Blue Cross Laboratories Ltd,INDIA,Sunshine Healthcare lanka Ltd
CLOBAZAM TABLETS BP 10MG,***,TABLETS,10X10'S,ALU PVC BLISTER,Mercury Laboratories Ltd,INDIA,Yaden International (Pvt) Ltd
PEMETREXED FOR INJECTION 100MG,PREXX 100,LYOPHILIZED POW INJECTION,10ML VIAL PER PACK,USP TY 1 GLASS VIAL,Celon Laboratories Ltd,INDIA,Medmart Pharma (Pvt) Ltd
CLINDAMYCIN INJECTION BP 300MG/2ML,***,INJECTION,2ML x10'S,AMPOULE,Mercury Laboratories Ltd,INDIA,Yaden International (Pvt) Ltd
ETORICOXIB TABLETS 90MG,M-COXIA 90,TABLETS,3X10'S,ALU ALU BLISTER,Mc W Healthcare (P ) Ltd,INDIA,Tranz Pharma Hodlings (Pvt) Ltd
CLOBAZAM TABLETS BP 10MG,KEOLAX,TABLETS,100'S & 10'S,BLISTER,Beximco Pharmaceuticals Ltd,BANGLADESH,Emerchemie NB (Ceylon) Ltd
DRIED ALUMINIUM HYDROXIDE 400MG+ MAGNESIUM HYDROXIDE 400MG+ SIMETHICONE 50MG IN 5ML ORAL SUSPENSION,ANTAGIT DS GEL MIXED FRUIT FLAVOUR,ORAL SUSPENSION,170ML,PET BOTTLE,Leben Laboratories (Pvt) Ltd,INDIA,Ceyoka (Pvt) Ltd
MICONAZOLE CREAM BP 2% W/W,FUNGIGEN CREAM,CREAM,15G,ALU COLL.TUBE,Galentic Pharma (india) (Pvt) Ltd,INDIA,Ceyoka (Pvt) Ltd
ASCORBIC ACID TABLETS BP 100MG,***,TABLETS,1000'S,HDPE Container,State Pharmaceuticals Manufacturer Corporation,SRI LANKA,***
PANCREATIN MINIMICROSPHERES CAPSULES 150MG,"CREON 10,000",CAPSULES,10X15'S,ALU ALU BLISTER,Abbott India Ltd,INDIA,Sunshine Healthcare lanka Ltd
GLICLAZIDE TABLETS BP  80MG,SPMC GLICLAZIDE tablets BP 80mg,TABLETS,"20x10's, 500's","Alu-PVC, PVDC Bliste",State Pharmaceuticals Manufacturer Corporation,SRI LANKA,***
GLICLAZIDE TABLETS BP 40MG,*******,TABLETS,500',HDPE Bottle,State Pharmaceuticals Manufacturer Corporation,SRI LANKA,***
RANITIDINE ORAL SOLUTION USP 75MG/5ML,RANTAC,SYRUP,100ML,PET BOTTLE,Unique Pharmaceutical Labs,INDIA,George Steuart Health Pvt Ltd
ADRENALINE (EPINEPHRINE) INJECTION 1:1000 INJECTION (1MG/1ML),***,INJECTION,10 Amps/Pack,GLASS AMPOULES,Macarthys Laboratories Ltd T/A Martindale Pharmaceuticals,UNITED KINGDOM,Niix Holdings (Pvt) Ltd
CLOPIDOGREL TABLETS USP 75MG,PLATEX,TABLETS,10' 500' 100' 30X1X1,BLISTER,Ferozsons Laboratories Ltd,PAKISTAN,Emerchemie NB (Ceylon) Ltd
PARACETAMOL 500MG +CODEINE PHOSPHATE 8MG BP TABLETS,RAPIDENE,TABLETS,"10X10'S, 12X10'S",BLISTER,Astron Limited,SRI LANKA,***
BISACODYL TABLETS BP 5MG,DELAX,TABLETS,"10X10'S, 4'S",ALU PVC BLISTER,Martin Daw Marker Ltd,PAKISTAN,Emerchemie NB (Ceylon) Ltd
CIPROFLOXACIN TABLETS USP 250MG,CIPROBIOTIC 250,FILM COA TABLETS,10x10'S,ALU PVC BLISTER,Emcure Pharmaceuticals Ltd,INDIA,Emerchemie NB (Ceylon) Ltd
SITAGLIPTIN TABLETS USP 25MG,SITAGEN 100,TABLETS,"5X10',4',10',3X10'",ALU ALU BLISTER,Ferozsons Laboratories Ltd,PAKISTAN,Emerchemie NB (Ceylon) Ltd
MISOPROSTOL TABLETS IP 200MCG,***,TABLETS,1x10'S,Alu-Alu Blister,Mercury Laboratories Ltd,INDIA,Yaden International (Pvt) Ltd
FLUOXETINE CAPSULES USP 20MG,FLUDAC,CAPSULES,2X10'S,ALU PVC BLISTER,Cadila Healthcare Ltd,INDIA,Sunshine Healthcare lanka Ltd
FRUSEMIDE TABLETS IP 40MG,LASIX,TABLETS,600'S,ALU ALU STRIPS,"Zentiva Pvt Ltd,",INDIA,A Baur & Co  (Pvt) Ltd
CLOBETASOL OINTMENT 0.05% W/W,CLODERM,OINTMENT,15G,ALUMINIUM TUBE,Hoe Pharmaceuticals SDN BHD,MALAYSIA,Indoscan (Pvt) Ltd
MONTELUKAST SODIUM TABLETS BP 10MG,PULMIKAST 10,TABLETS,1X14'S,ALU ALU BLISTER,Hansel Pharmaceuticals Pvt Ltd,PAKISTAN,Klintas (Pvt) Ltd
SEVOFLURANE LIQUID FOR INHALATION ANAESTHETIC 100% V/V,***,INHALATION ANAESTHETIC,250ML,AMB TY III GLS BOTTL,"PIRAMAL Pharma LIMITED,",INDIA,Euro Asian Pharma (Pvt) Ltd
ESOMEPRAZOLE CAPSULES 20MG,GASTROZOLE 20,CAPSULES,2X7'S,ALU ALU BLISTER,Hansel Pharmaceuticals Pvt Ltd,PAKISTAN,Klintas (Pvt) Ltd
CEFIXIME FOR ORAL SUSPENSION USP 100MG/5ML,DURACEF,POWDER FOR ORAL SUSPENSION,"50ML, 30ML",AMBER GLASS BOTTLE,Navana Pharmaceuticals Ltd,BANGLADESH,Darley Butler  & Co Ltd
CLOMIFENE CITRATE TABLETS BP 50MG,VOI,TABLETS,1X10'S,ALU ALU BLISTER,Genix Pharma (Pvt ) Ltd,PAKISTAN,Ceyoka (Pvt) Ltd
QUETIAPINE TABLETS USP 100MG,QUTI 100,TABLETS,10X10'S 1X4'S,ALU PVC BLISTER,Atoz Pharmaceuticals (Pvt) Ltd,INDIA,Euro Asian Pharma (Pvt) Ltd
BACLOFEN TABLETS BP 10MG,SPINAFEN 10,TABLETS,3X10 1X10 5X10 10X10,ALU ALU BLISTER,Globe Pharmaceuticals Ltd,BANGLADESH,Tabrane Healthcare (Pvt) Ltd
CIPROFLOXACIN TABLETS USP 500MG,CIPLOX - 500,TABLETS,10X10'S,ALU PVC BLISTER,Cipla Limited,INDIA,Breathe Free Lanka (Pvt) Ltd
FLUPHENAZINE DECONATE INJECTION BP 25MG/ML,***,INJECTION,1MLX5'S,AMBER COLOUR AMPOULE,Pharmafabrikon,INDIA,Novachem Lanka (Pvt) Ltd
GOSERELIN SUBCUTANEOUS INJECTION 10.8MG,ZOLADEX  LA 10.8 MG,IMPLANT ROD,10.8MG,PREFILLD SYRINGE,Astra Zeneca UK Ltd,UNITED KINGDOM,Hemas Pharmaceuticals (Pvt) Ltd
LITHIUM CARBONATE TABLETS USP 250MG,HYPNOLITH 250,TABLETS,10X10'S 100'S 500'S,"ALU ALU BLIS, HDPE J",Pharmafabrikon,INDIA,Novachem Lanka (Pvt) Ltd
POVIDONE IODINE OINTMENT USP 5% W/W,APODINE,OINTMENT,5' 10' 15 20 25 30'G,LAMINATED TUBE,Globe Pharmaceuticals Ltd,BANGLADESH,Tabrane Healthcare (Pvt) Ltd
CISPLATIN INJECTION BP 50MG/50ML,PLATIFIRST,INJECTION,I VIAL/PACK,AMBER COLOUR GLASS V,VHB Medi Sciences Ltd,INDIA,Yaden International (Pvt) Ltd
FLUTICASONE 500MCG AND SALMETEROL 50 MCG DRY POWDER INHALATION CAPSULES BP,FLUTISAL 500,DRY POWDER CAPSULES,5X6'S,ALU ALU BLISTER,Incepta Pharmaceuticals Ltd,BANGLADESH,Citihealth Imports (Pvt) Ltd
ESOMEPRAZOLE TABLETS 40MG,PRONEX 40,TABLETS,4x14's,BLISTER,Drug International Ltd,BANGLADESH,Amsted Intima (Pvt) Ltd
ESOMEPRAZOLE TABLETS 20MG,PRONEX 20,TABLETS,4x14'S,Blister,Drug International Ltd,BANGLADESH,Amsted Intima (Pvt) Ltd
VITAMIN D TABLETS 1000IU,DEPLUS 1000,TABLETS,5X10'S,ALU ALU BLISTER,Kniss Laboratories (Pvt) Ltd,INDIA,Avenier Pharma (Pvt) Ltd
VITAMIN D TABLETS 2000IU,DEPLUS 2000,TABLETS,5X10'S,ALU ALU BLISTER,Kniss Laboratories (Pvt) Ltd,INDIA,Avenier Pharma (Pvt) Ltd
DUTASTERIDE CAPSULES 0.5MG,***,CAPSULES,1X10'S,ALU ALU BLISTER,Centurion Laboratories Pvt Ltd,INDIA,Yaden International (Pvt) Ltd
CIPROFLOXACIN TABLETS USP 250MG,CIPROFRED 250,FILM COA TABLETS,10X10'S,ALU PVC BLISTER,Fredun Pharmaceuticals Ltd,INDIA,George Steuart Health Pvt Ltd
ECONAZOLE NITRATE BP 1% TRIAMCINOLONE ACETONIDE BP 0.1%W/W CREAM,AVISON,CREAM,10G,PVDC TUBE,Orion pharma Ltd,BANGLADESH,Darley Butler  & Co Ltd
FLUNARIZINE TABLETS 10MG,MGR 10,TABLETS,10X10'S 30X10'S,ALU PVC BLISTER,Inga Laboraories (Pvt) Ltd,INDIA,George Steuart Health Pvt Ltd
ADAPALENE CREAM  BP  1% w/w,CLEAR CREAM,CREAM,15G,ALUMINIUM TUBE,Saffron Pharmaceutical (Pvt) Ltd,PAKISTAN,Truvic Private Ltd
ROSUVASTATIN TABLETS USP 10MG,ROSCA 10,TABLETS,1X10'S 5X10'S,ALU ALU BLISTER,Genix Pharma (Pvt ) Ltd,PAKISTAN,Ceyoka (Pvt) Ltd
SITAGLIPTIN TABLETS USP 50MG,SITAVIC 50,TABLETS,"3X10'S,7X10'S,10X10'",ALU ALU BLISTER,Biopharma Limited,BANGLADESH,Truvic Private Ltd
PROPRANOLOL TABLETS BP 40MG,***,TABLETS,1000'S,HDPE CONTAINER,State Pharmaceuticals Manufacturer Corporation,SRI LANKA,***
MOXIFLOXACIN OPHTHALMIC SOLUTION USP 0.5% W/V,MOXIGEN,OPHTHALMIC SOLUTION,5ML,PLASTIC DROPPER,General Pharmaceuticals Ltd,BANGLADESH,George Steuart Health Pvt Ltd
CEPHALEXIN  CAPSULES IP 250mg,CEPHADEX 250,CAPSULES,10X10'S,ALU PVC BLISTER,Medispray Laboatories (Pvt) Ltd,INDIA,Breathe Free Lanka (Pvt) Ltd
SITAGLIPTIN TABLETS USP 50MG,NSIT,TABLETS,2X7'S,ALU ALU BLISTER,The Searle Company Ltd,PAKISTAN,Morison Limited
BISOPROLOL FUMARATE TABLETS USP 5MG,CONCOR 5,TABLETS,"3X10'S, 1X4'S",BLISTER PACK,Merck Specialities Private Limited,INDIA,Emerchemie NB (Ceylon) Ltd
TROPICAMIDE & PHENYLEPHRINE EYE DROPS-5ML,***,EYE DROPS,5ML,White Plastic Bottle,Mercury Laboratories Ltd,INDIA,Yaden International (Pvt) Ltd
TELMISARTAN TABLETS USP 80MG,TEL OD 80,TABLETS,10X10'S,ALU-ALU BLISTER,ZYDUS LIFESCIENCES LIMITED,INDIA,Sunshine Healthcare lanka Ltd
METHYL PHENIDATE HYDROCHLORIDE TABLETS USP 10MG,ADDWIZE,TABLETS,5X10'S,ALU ALU STRIP,Sun Pharmaceutical industries,INDIA,Emerchemie NB (Ceylon) Ltd
RABEPRAZOLE SODIUM ENT.COA CAPSULES 20MG,RABECID 20,TABLETS,1X14'S,ALU ALU BLISTER,Highnoon Laboratories Ltd,PAKISTAN,Truvic Private Ltd
PALONOSETRON TABLETS 0.5MG,PALZEN,TABLETS,2X10'S,ALU ALU BLISTER,Healthcare Pharmaceuticals,BANGLADESH,Citihealth Imports (Pvt) Ltd
CALCITRIOL CAPSULES BP 0.25MCG,CALTROL 0.25,CAPSULES,"1X10'S,3X10'S,5X10'S",ALU-PVC BLISTER,Gelnova laboratories (Pvt) Ltd,INDIA,Tabrane Pharmaceuticals (Pvt) Ltd
MEFENAMIC ACID TABLETS BP 500MG,MEFER,TABLETS,10X10'S,ALU PVDC BLISTER,Fourrts (India) Laboratories Ltd,INDIA,Sunshine Healthcare lanka Ltd
DEXTROMETHORPHAN HYDROBROMIDE BP 10MG & CHLORPHENIRAMINE MALEATE BP 4MG IN 10ML SYRUP,SINAREST LINCTUS,SYRUP,100 ML,AMB PET BOTTLE,Centaur Pharmaceutical (Pvt) Ltd,INDIA,George Steuart Health Pvt Ltd
LOSARTAN POTASSIUM TABLETS USP 50MG,ANGIZAAR-50,TABLETS,10X10'S,ALU ALU BLISTER,Micro Labs Ltd,INDIA,Micro Mega Lanka (Pvt) Ltd
DICLOFENAC GEL BP 1% W/W,RELINAC,GEL,"20G,30G",ALU.COLL.TUBE,Unijules Life Sciences Ltd,INDIA,Softlogic Pharmaceuticals (Pvt( Ltd
DEXTROSE SOLUTION FOR INJECTION USP 50% W/V,***,SOLUTION FOR INJECTION,50ML,LDPE VIAL,Euro-Med Laboratories,PHILIPPINES,Indoscan (Pvt) Ltd
METOCLOPRAMIDE RESINATE CAPSULES 40MG,DIGESTINE,CAPSULES,3X10'S,ALU PVC BLISTER,S J & G Fazul Ellahie (Pvt) Ltd,PAKISTAN,A V H Distributors (Pvt) Ltd
ETHOSUXIMIDE CAPSULES BP  250MG,***,CAPSULES,100'S,PLASTIC CONTENER,Softgel Health Care (Pvt) Ltd,INDIA,Pharma Associates (Pvt) Ltd
FUSIDIC ACID 2% W/W + BETAMETHASONE DIPROPIONATE 0.064% W/W CREAM,FOBANCORT,CREAM,"5G,15G",ALU.TUBE,Hoe Pharmaceuticals SDN BHD,MALAYSIA,Indoscan (Pvt) Ltd
SITAGLIPTIN TABLETS 50MG,INOSITA 50,TABLETS,"1X10'S, 7X10'S",BLISTER,Pharm Evo (Pvt) Ltd,PAKISTAN,CIC Holdings PLC
INSULIN HUMAN (Recombinant DNA origin) 30% AS SOLUBLE INSULIN AND 70% AS ISOPHANE INSULIN 100IU/1ML SUSPENSION FOR INJECTION,JUSLINE 30/70,SUSPENSION FOR INJECTION,1 ML VIAL/PACK,GLASS  VIAL 10ML,Gulf Pharmaceutical Industries (Julphar),UNITED ARAB EMIRATES,Access International (Pvt) Ltd
HYDROCORTISONE ACETATE CREAM USP 1%,GAMMACORT,CREAM,15G AND 5G,ALUMINUM COLLA,"GAMMA INTERPHARM PVT LTD,",SRI LANKA,***
HUMAN ERYTHROPOITEIN INJECTION 10000IU/ PRE FILLED SYRINGE,EPIAO,PRE-FILLED SYRINGES,1 PFS/PACK,PFSY,Shenyang Sunshine Pharmaceutical Co. ltd,CHINA,Ceyoka (Pvt) Ltd
HUMAN ERYTHROPOITEIN INJECTION 10000IU/VIAL,EPIAO,INJECTION,1 VIAL/PACK,GLS VIAL RUBBER STOP,Shenyang Sunshine Pharmaceutical Co. ltd,CHINA,Ceyoka (Pvt) Ltd
ONDANSETRON ORALLY DISINTEGRATING TABLETS USP 4MG,MOLPAN MD 4,UNCOATED TABLETS,10X10'S 3X10'S 1X10',"ALU BLISTR,ALU STRIP",Mercury Laboratories Ltd,INDIA,Yaden International (Pvt) Ltd
CEPHALEXIN CAPSULES IP 500MG,CEPHADEX-500,CAPSULES,10X10'S PACK,ALU PVC BLISTER,Medispray Laboatories (Pvt) Ltd,INDIA,Breathe Free Lanka (Pvt) Ltd
CETRIZINE HYDROCHLORIDE TABLETS USP 10MG,CERITEC,FILM COA TABLETS,10X10'S,ALU PVC BLISTER,Y S P Industries SDN BHD.,MALAYSIA,Indoscan (Pvt) Ltd
IPRATROPIUM BROMIDE RESPIRATOR SOLUTION 250MCG IN 1ML,IPRAVENT,RESPIRATOR SOLUTION,4X5X2ML,FFS RESPULES,Cipla Limited,INDIA,Breathe Free Lanka (Pvt) Ltd
VILDAGLIPTIN TABLETS 50MG,REDIA,TABLETS,2X10'S,ALU ALU BLISTER,Healthcare Pharmaceuticals,BANGLADESH,Citihealth Imports (Pvt) Ltd
PIROXICAM GEL BP 0.5%  w/w,PCAM,GEL,25G,ALUMINIUM TUBE,Martin Daw Marker Ltd,PAKISTAN,Emerchemie NB (Ceylon) Ltd
ACYCLOVIR TABLETS USP 800MG,VIRLESS,TABLETS,5X5'S,ALUMINIUM STRIP,Y S P Industries SDN BHD.,MALAYSIA,Indoscan (Pvt) Ltd
CHLORPROMAZINE TABLETS BP 50MG,ZINECTIL 50,TABLETS,1000'S,HDPE JAR,Leben Laboratories (Pvt) Ltd,INDIA,Ceyoka (Pvt) Ltd
CEPHALEXIN CAPSULES USP 500MG,AXCEL,CAPSULES,10X10'S,BLISTER PACK,Kotra pharma (M) Ltd,MALAYSIA,Sunshine Healthcare lanka Ltd
SODIUM CHLORIDE INJECTION USP 0.9% W/V,***,SOLUTION FOR INJECTION,"500ML, 1000ML",PLASTIC CONTAINER,Euro-Med Laboratories,PHILIPPINES,Indoscan (Pvt) Ltd
DONEPEZIL HYDROCHLORIDE TABLETS USP 10MG,ALZER 10,TABLETS,3X10'S,ALU PVC PVDC BLISTER,Hetero Labs Ltd,INDIA,Mansel (Ceylon) (Pvt) Ltd
MEROPENEM FOR INJECTION USP 1G,MEROPEN 1G,POWDER FOR INJECTION,30ML,TY 1 GLS VIAL,Renata Limited,BANGLADESH,Emerchemie NB (Ceylon) Ltd
FLUCONAZOLE CAPSULES 150MG,CANDINIL,CAPSULES,2X6'S,ALU ALU BLISTER,Healthcare Pharmaceuticals,BANGLADESH,Citihealth Imports (Pvt) Ltd
BUDESONIDE PRESURISED INHALATION BP 100MCG/DOSE,BUDECORT 100,INHALER,200 METERED DOSE,ALUMINUM CANISTER,Cipla Ltd,INDIA,Breathe Free Lanka (Pvt) Ltd
VALSARTAN TABLETS 160MG,DIOVAN 160,TABLETS,28'S,ALU PVDC BLISTER,"Siegfried Barbera SL,",SWITZERLAND,A Baur & Co  (Pvt) Ltd
IPRATROPIUM PRESSURISED INHALATION BP 20MCG/DOSE,IPRAVENT 20HFA,AEROSOL INHALATION,200 METERED DOSE,CANISTER+METERED VAL,Cipla Ltd,INDIA,Breathe Free Lanka (Pvt) Ltd
GLICLAZIDE MODIFIED REALEASE TABLETS 30MG,GLIVIC MR30,TABLETS,"3x10's, 10x10's",Blister Alu-Alu,Bio Pharma Limited,BANGLADESH,Truvic Private Ltd
LINEZOLID INJECTION  2MG/ML,ZYVOX,INJECTION,300ML,OVERPOUCH COLL. BAG,Fresenius Kabi Norge AS,NORWAY,Hemas Pharmaceuticals (Pvt) Ltd
SOLIFENACIN SUCCINATE TABLETS 5MG,SOLIACT 5,TABLETS,1X10'S,ALU ALU BLISTER,CIPLA LIMITED,INDIA,Breathe Free Lanka (Pvt) Ltd
CARBOMER 3MG IN OPHTHALMIC GEL 1G,LACRYVISC,EYE GEL,10G,ALUMINIUM LAMI TUBE,S A Alcon-Couvreur N V,BELGIUM,A Baur & Co  (Pvt) Ltd
SALBUTAMOL PRESSURISED INHALER BP 100MCG/DOSE,ASTHMASOL,METERED DOSE INHALER,200 DOSES/PACK,ALU. CONTAINER,Hellongliang Province Fulekang Pharmaceutical,CHINA,Ceyoka (Pvt) Ltd
MELOXICAM TABLET  15MG,MELOX 15,TABLETS,10X10'S,ALU PVC PVDCBLISTER,Cipla Ltd,INDIA,Breathe Free Lanka (Pvt) Ltd
ATRACURIUM BESYLATE INJECTION USP 10MG/ML,ATACURIUM,INJECTION,5X2.5ML,CLEAR GLASS AMPO,Themis Medicare Ltd,INDIA,Sunshine Healthcare lanka Ltd
FUSIDIC ACID CREAM BP 20MG/G,FUSIBACT,CREAM,"1X10G, 25X1X10G",ALUMINIUM COLL TUBE,Cipla Limited,INDIA,Breathe Free Lanka (Pvt) Ltd
BISACODYL SUPPOSITORIES USP 5MG,CONLAX 5,SUPPOSITORY,5'S,PVC PE FOIL,Bliss GVS Pharma Ltd,INDIA,Sunshine Healthcare lanka Ltd
BISACODYL SUPPOSITORIES USP 10MG,CONLAX 10,SUPPOSITORIES,5'S,PVC PE FOIL,Bliss GVS Pharma Ltd,INDIA,Sunshine Healthcare lanka Ltd
BLEOMYCIN FOR INJECTION USP  15 UNIT,BLEOSOL 15,INJECTION,1 VIAL 0.5ML /PACK,USP TY1 GLS VIAL-5ML,VHB Medi Sciences Ltd,INDIA,Yaden International (Pvt) Ltd
GATIFLOXACIN OPHTHALMIC OINTMENT 0.3% W/W,LOXIGET,EYE OINTMENT,3.5G,ALU TUBE,Remington pharmaceutical Industries (Pvt) Ltd,PAKISTAN,Sunshine Healthcare lanka Ltd
SODIUM CHLORIDE SOLUTION BP 0.9% W/V,NASWASH NASAL SPRAY,NASAL SPRAY,15ML,PLASTIC DROPPER BOTT,MBL Pharma,PAKISTAN,Markss HLC (Pvt) Ltd
GLUCOSE INTRAVENOUS INFUSION BP 5% w/v,AXADEX D 5,SOLUTION FOR INJECTION,500ML,LDPE BOTTLE,Axa Parenterals Ltd,INDIA,Chamee Chemist
CARBOPLATIN INJECTION BP 450MG/45ml,CELCARB 450,SOLUTION FOR INJECTION,45ML,USP TY 1 GLS VIAL,Celon Laboratories Ltd,INDIA,Medmart Pharma (Pvt) Ltd
LEVODOPA 150MG + CARBIDOPA 37.5MG + ENTACAPONE 200MG TABLETS,STALEVO 150,TABLETS,"30'S , 100'S",HDPE BOTTLE,Orion Corporation Crionintie,FINLAND,A Baur & Co  (Pvt) Ltd
CLOBAZAM TABLETS BP 10MG,VERCLOB,TABLETS,10X10'S,ALU PVC BLISTER,Verve Human Care Laboratories,INDIA,Leader Pharma Agency (Pvt) Ltd
SALMETEROL XINAFOATE 25MCG + FLUTICASONE PROPIONATE 250MCG PRESSURISED INHALER,FLUSAL 250HFA,METERED DOSE INHALER,120 metered dose,ALU.CANISTER,Midascare Pharmaceuticals (Pvt) Ltd,INDIA,Softlogic Pharmaceuticals (Pvt( Ltd
SODIUM FUSIDATE CREAM 2% W/W,SOFINOX,CREAM,"5G,10G",ALU COLLPSIBLE TUBE,Apex Laboratories Ltd,INDIA,A Baur & Co  (Pvt) Ltd
MEBEVERINE HYDROCHLORIDE TABLETS BP 135MG,MEVRIN 135,TABLETS,4X10'S,ALU PVC BLISTER,S J & G Fazul Ellahie (Pvt) Ltd,PAKISTAN,A V H Distributors (Pvt) Ltd
CIPROFLOXACIN EYE/EAR DROPS 0.3% w/v,I CIP,EYE & EAR DROPS,"5ML,10ML",LDPE BOTTLE,Axa Parenterals Ltd,INDIA,ABC Pharma Services Pvt. Ltd
CALCITRIOL CAPSULES BP 0.25MCG,***,SOFT GELATIN CAPSULES,"10X10'S, 1000'S","ALU PVC BLISTER, HDP",Softgel Health Care (Pvt) Ltd,INDIA,Pharma Associates
FLUNARIZINE TABLETS 5MG,MGR 5,TABLETS,10X10'S 30X10'S,ALU PVC BLISTER,Inga Laboraories (Pvt) Ltd,INDIA,George Steuart Health Pvt Ltd
DEFEROXAMINE MESYLATE FOR INJECTION USP 500MG,DEMOFERIDON,POWDER FOR INJECTION,500MGX10 VIALS,TY 1 GLS VIAL,Demo S A Pharmaseutical Industry,GREECE,Access International (Pvt) Ltd
CLOTRIMAZOLE CREAM USP 1% W/W,CANDID CREAM,CREAM,20G,ALU COLLP.TUBE,Glenmark Pharmaceuticals Ltd,INDIA,Sunshine Healthcare lanka Ltd
ACETAMINOPHEN & CODEINE PHOSPHATE TABLETS USP 500/8MG,CO-CODPARA,TABLETS,10X10' 100'S,"ALU PVC BLIS,HDPE JA",Alvita Pharma (Pvt) Ltd,INDIA,Chamee Chemist
METFORMIN TABLETS BP 500MG,METCHECK 500,FILM COA TABLETS,10X10'S,ALU PVC BLISTER,Indoco Remedies India,INDIA,Hemas Pharmaceuticals (Pvt) Ltd
CLOTRIMAZOLE USP 1% W/W & BECLOMETHASONE DIPROPIONATE BP 0.025% W/W CREAM,CANDID B CREAM,CREAM,"5G, 15G",ALU.COLL.TUBE,Glenmark Pharmaceuticals Ltd,INDIA,Sunshine Healthcare lanka Ltd
SOMATROPIN (r-DNA) SOLUTION FOR INJECTION 10MG/1.5ML,NORDITROPIN NORDIFLEX,SOLUTION FOR INJECTION,"15ML/PACK, PF PEN",PRE FILLED PEN(15ML),NOVO NORDISK A/S,DENMARK,Sunshine Healthcare lanka Ltd
LEVETIRACETAM TABLETS USP 250MG,IRACET 250,TABLETS,20'S,ALU PVC BLISTER,Square Pharmaceuticals Ltd,BANGLADESH,CIC Holdings PLC
MELOXICAM TABLETS BP 7.5MG,MELOCAM 7.5,TABLETS,5X10'S,ALU PVC BLISTER,Macleods Pharmaceuticals Ltd,INDIA,Sunshine Healthcare lanka Ltd
ABIRATERONE ACETATE TABLETS USP 250MG,BDRON,TABLETS,120'S,HDPE CONTAINER,BDR Pharmaceuticals International (Pvt) Ltd,INDIA,Pharma Associates
FLUCLOXACILLIN DRY POWDER FOR ORAL SUSPENSION BP 125MG/5ML,PHYLOPEN,POWDER FOR SUSPENSION,100ML,HDPE BOTTLE,Square Pharmaceuticals Ltd,BANGLADESH,CIC Holdings PLC
SILDENAFIL CITRATE TABLETS 50MG,CUPID 50,TABLETS,10X1'S,ALU PVC BLISTER,Cadila pharmaceuticals Ltd,INDIA,Sunshine Healthcare lanka Ltd
SALMETEROL XINAFOATE  25MCG +FLUTICASONE PROPIONATE 125MCG PRESSURISED INHALER,FLUSAL 125HFA,METERED DOSE INHALER,120 METERED DOSES,ALU.CANISTER,Midascare Pharmaceuticals (Pvt) Ltd,INDIA,Softlogic Pharmaceuticals (Pvt( Ltd
LEVOCETIRIZINE DIHYDROCHLORIDE TABLETS 5MG,LE ZYNCET,TABLETS,1X10'S 2X10'S 10X10',ALU PVC BLISTER,Unichem Laboratories,INDIA,A Baur & Co  (Pvt) Ltd
DOMPERIDONE SUSPENSION 5MG/5ML,MOTIGUT,ORAL SOLUTION,60ML,AMB.PET BOTTLE,Square Pharmaceuticals Ltd,BANGLADESH,CIC Holdings PLC
NEBUMETONE TABLETS BP 500MG,NABUFLAM,TABLETS,"10X10'S, 1X10'S",ALU ALU STRIP,Micro Labs Ltd,INDIA,Micro Mega Lanka (Pvt) Ltd
PAMIDRONATE DISODIUM INTRAVENOUS INFUSION BP 30MG,BIODRONATE 30,POWDER FOR SOLUTION FOR INFUSION,VIAL POWDER+DILUENT,10ML +VIAL OF POWDER,United Biotech (Pvt) Ltd,INDIA,George Steuart Health Pvt Ltd
SILDENAFIL TABLETS 50MG,TRUFIL 50,TABLETS,1'S,PVC/PVDC BLISTER,Astron Limited,SRI LANKA,***
AMIODARONE TABLETS BP 100MG,AMIODAR 100,TABLETS,"1X10'S, 3X10'S",ALU PVC BLISTER,Micro Labs Ltd,INDIA,Micro Mega Lanka (Pvt) Ltd
BETAMETHASONE DIPROPIONATE 0.064% W/W CREAM,BEPROSONE,CREAM,15G,ALU.TUBE,Hoe Pharmaceuticals SDN BHD,MALAYSIA,Indoscan (Pvt) Ltd
NALTREXONE HYDROCHLORIDE 50MG USP TABLETS,NALTOX 50,TABLETS,1X10'S,ALU ALU BLISTER,Atoz Pharmaceuticals (Pvt) Ltd,INDIA,Euro Asian Pharma (Pvt) Ltd
IOHEXOL SOLUTION FOR INJECTION 350MG I/ML,OMNIPAQUE,SOLUTION FOR INJECTION,10X200' 25X20'10X75',PP TY 1 GLS BOTTLE,GE HEALTHCARE AS,NORWAY,Sunshine Healthcare lanka Ltd
ONDANSETRON ORALLY DISINTEGRATING TABLETS USP 8MG,MOLPAN MD 8,TABLETS,10X10' 3X10' 1X10',ALU ALU BLISTER/STRI,Mercury Laboratories Ltd,INDIA,Yaden International (Pvt) Ltd
BUPIVACAINE INJECTION BP 0.5%  W/V,BUPICAN,SOLUTION FOR INJECTION,"5X10ML, 5X20ML",USP TY 1 CLEAR GLS,"BAXTER PHARMACEUTICALS INDIA PRIVATE LIMIITED,",INDIA,Yaden International (Pvt) Ltd
DESLORATADINE TABLETS 5MG,SEDNO-5,TABLETS,10X10'S,ALU PVC BLISTER,Square Pharmaceuticals Ltd,BANGLADESH,CIC Holdings PLC
NIMODIPINE TABLETS BP 30MG,VEXDIPINE,TABLETS,3X10'S,ALU ALU BLISTER,West Coast Pharmaceurical works Ltd,INDIA,AV Global  Impex (Pvt) Ltd
METRONIDAZOLE TABLETS USP 200MG,***,TABLETS,1000's,Jar,Medico Remedies  Ltd,INDIA,ABC Pharma Services Pvt. Ltd
MYCOPHENOLATE MOFETIL TABLETS USP  500MG,MYCOVEX 500,TABLETS,5X10'S,ALU ALU STRIP,West Coast Pharmaceurical works Ltd,INDIA,AV Global  Impex (Pvt) Ltd
PIPERACILLIN AND TAZOBACTAM FOR INJECTION USP 4.5G,PYBACTUM,POWDER FOR INJECTION,30ML,USP TY 1 GLS VIAL,Astral Steritech (Pvt) Ltd,INDIA,A Baur & Co  (Pvt) Ltd
ONDANSETRON ORALLY DISINTEGRATING TABLETS USP 4MG,EMISTAT FT,ORALLY DISINTEGRATING,3X10'S,ALU ALU BLISTER,Healthcare Pharmaceuticals,BANGLADESH,Citihealth Imports (Pvt) Ltd
FLUTICASONE NASAL SPRAY IP 50MCG,FLUTICONE,NASAL SPRAY,12ML(120METERED DOSE,AMB. COL.GLASS VIAL,ZYDUS LIFESCIENCES LIMITED,INDIA,Sunshine Healthcare lanka Ltd
MONOBASIC SODIUM PHOSPHATE USP 19.2G & DIBASIC SODIUM PHOSPHATE 7.2G RECTAL SOLUTION USP,KLEEN ENEMA,RECTAL SOLUTION,135ML(120 DELIV.DOSE,PLASTIC LDPE BOTTLE,Nabiqasim Industries (Pvt) Ltd,PAKISTAN,George Steuart Health Pvt Ltd
ONDANSETRON TABLETS USP 4MG,VOMIZ 4,TABLETS,10X10'S,ALU ALU BLISTER,ZYDUS LIFESCIENCES LIMITED,INDIA,Sunshine Healthcare lanka Ltd
ONDANSETRON INJECTION USP 8MG/4ML,OFRAN,SOLUTION FOR INJECTION,4ML,AMB.COL.GLS AMPOULE,Square Pharmaceuticals Ltd,BANGLADESH,CIC Holdings PLC
NALOXONE HYDROCHLORIDE INJECTION USP 400MCG/01ML,NEX 400,SOLUTION FOR INJECTION,1MLX10,AMB.COL.AMPOULE,Neon Laboratories Ltd,INDIA,Yaden International (Pvt) Ltd
LEVODOPA 100MG + CARBIDOPA 25MG+ENTACAPONE 200MG TABLETS,STALEVO 100,FILM COATED TABLETS,30'S 100'S,HDPE CONTAINER,Orion Corporation Crionintie,FINLAND,A Baur & Co  (Pvt) Ltd
NEOSTIGMINE INJECTION BP 0.5MG/ML,***,INJECTION,25X1 ML AMPOULE,AMB.GLASS AMPOULE,Harson Laborstories,INDIA,Citihealth Imports (Pvt) Ltd
ISOSORBIDE MONONITRATE EXTENDED RELEASE TABLETS USP 60MG,SOLOTRATE SR 60,TABLETS,12X10'S,ALU PVC BLISTER,ZYDUS LIFESCIENCES LIMITED,INDIA,Sunshine Healthcare lanka Ltd
BRINZOLAMIDE OPHTHALMIC SUSPENSION 1% W/V,AZOPT,OPHTHALMIC SUSPENSION,5ML,PLSTIC DRO.BOTTLE,"ALCON RESERCH LLC,",UNITED STATES,A Baur & Co  (Pvt) Ltd
PRECIPITATED SULPHUR 5% +BENZOYL PEROXIDE 10% CREAM,PERSOL FORTE,CREAM,20G,ALUU.COLL.TUBE,Indi Pharma (Pvt) Ltd,INDIA,Emar Pharma (Pvt) Ltd
POVIDONE IODINE OINTMENT USP 5% W/W,HEALZ,OINTMENT,15G,LAMINATED TUBE,Central drugs and Pharmaceutical,INDIA,Pharma Associates
ISOSORBIDE MONONITRATE EXTENDED RELEASE TABLETS USP 30MG,SOLOTRATE SR 30,TABLETS,12X10'S,ALU PVC BLISTER,ZYDUS LIFESCIENCES LIMITED,INDIA,Sunshine Healthcare lanka Ltd
MILRINONE LACTATE INJECTION 10MG/10ML,***,INJECTION,10ML AMP/PACK,GLASS AMPOULES,Mercury Laboratories Ltd,INDIA,Yaden International (Pvt) Ltd
DOCETAXEL INJECTION USP 10MG/ML,ZYTAX 20,SOLUTION FOR INJECTION,2ML,TY 1 GLASS VIAL,Zydus Hospira Oncology (Pvt) Ltd,INDIA,Hemas Pharmaceuticals (Pvt) Ltd
FLUCLOXACILLIN CAPSULES BP 250MG,FLUSTAPH 250,CAPSULES,7X4'S,ALU ALU BLISTER,Orion pharma Ltd,BANGLADESH,Darley Butler  & Co Ltd
TOBRAMYCIN USP 0.3%W/V & DEXAMETHASONE SODIUM PHOSPHATE USP 0.1% W/V OPHTHALMIC SOLUTION,DEXATOB,OPHTHALMIC SOLUTION,"5ML,10ML",LDPE DROPPER BOTTLE,Axa Parenterals Ltd,INDIA,ABC Pharma Services Pvt. Ltd
CETRIMIDE SOLUTION 0.5% W/V & CHLORHEXIDINE HYDROCHLORIDE 0.1% W/W CREAM,SEPTEX ANTISEPTIC CREAM,CREAM,30G,ALU.COLLPSIBLE TUBE,Advanced Chemical Industries,BANGLADESH,CIC Holdings PLC
METHYLENE BLUE INJECTION USP 1% W/V,VERBLUE,SOLUTION FOR INJECTION,10ML,USP TY 1 GLS AMPOULE,Verve Human Care Laboratories,INDIA,Leader Pharma Agency (Pvt) Ltd
MUPIROCIN OINTMENT USP 2% W/W,BACTROCIN,OINTMENT,"5G,10G",LAMINATED TUBE,Square Pharmaceuticals Ltd,BANGLADESH,CIC Holdings PLC
VERAPAMIL HYDROCHLORIDE SUSTAINED RELEASE TABLETS USP 240MG,CALAN-SR,TABLETS,10'S & 3X10'S,"GLASS BOTTLE,ALU ALU",The Searle Company Ltd,PAKISTAN,Morison Limited
POTASSIUM CITRATE EXTENDED RELEASE TABLETS USP 1080MG,POTCIT XR,EXTENDED RELEASE TABLETS,3X10'S,ALU ALU STRIP,Pondchy Pharmaceuticals,INDIA,Neon Pharmaceuticals (Pvt) Ltd
IVABRADINE TABLETS 5MG,CORALAN,TABLETS,4X14'S,ALU PVC BLISTER,Les Laboratories Servier,FRANCE,Hemas Pharmaceuticals (Pvt) Ltd
FLUCLOXACILLIN CAPSULES BP 500MG,FLUSTAPH 500,CAPSULES,7X4'S,ALU ALU BLISTER,Orion pharma Ltd,BANGLADESH,Darley Butler  & Co Ltd
ITRACONAZOLE CAPSULES 100MG,UNITRAC 100MG,CAPSULES,3X10'S,ALU ALU STRIP,PT Dankos Farma,INDONESIA,Hemas Pharmaceuticals (Pvt) Ltd
FEXOFENADINE HYDROCHLORIDE  TABLETS USP 180MG,HISTAFREE 180,TABLETS,10X10'S,ALU PVC BLISTER,Akums Drugs & Pharmaceuticals Ltd,INDIA,Hemas Pharmaceuticals (Pvt) Ltd
ALFACALCIDOL CAPSULES 1.0MCG,ALPHADOL 1,CAPSULES,10X10'S,ALU PVC BLISTER,Panacea Biotec  Ltd,INDIA,Markss HLC (Pvt) Ltd
AMOXICILLIN & CLAVULANATE POTASSIUM USP 375MG,WELCLAVE 375,FILM COA TABLETS,2X10'S,ALU ALU BLISTER,Medicef Pharma,INDIA,ABC Pharma Services Pvt. Ltd
FEBUXOSTAT TABLETS 40MG,ZURIG 40,TABLETS,3X10'S,ALU PVC BLISTER,ZYDUS LIFESCIENCES LIMITED,INDIA,Sunshine Healthcare lanka Ltd
EMPAGLIFLOZIN TABLETS 10MG,EMPIRE 10,TABLETS,2X14'S,ALU ALU BLISTER,Drug International Ltd,BANGLADESH,Amsted Intima (Pvt) Ltd
DESLORATADINE SYRUP 2.5MG/5ML,DESLORIN SYRUP,SYRUP,60ML,AMBER COL GLS BOTTLE,ACI LIMITED,BANGLADESH,CIC Holdings PLC
GENTAMICIN EYE DROPS 0.3% W/V,BACTIGEN EYE/EAR DROPS,EYE & EAR DROPS,"5ML,10ML",LDPE DROP,FDC LIMITED,INDIA,Sunshine Healthcare lanka Ltd
PANTOPRAZOLE SODIUM DELAYED RELEASE TABLET USP 20MG,PANFRED 20,ENTERIC COATED TABLETS,3X10'S,ALU ALU BLISTER,Fredun Pharmaceuticals Ltd,INDIA,George Steuart Health Pvt Ltd
DESLORATADINE TABLETS 5MG,DESLORAT,TABLETS,2X10'S,ALU PVC BLISTER,Quimica Montpellier SA,ARGENTINA,Emerchemie NB (Ceylon) Ltd
FEXOFENADINE HYDROCHLORIDE TABLETS USP 180MG,FEXORIL 180,TABLETS,1X10' 3X10' 5X10',ALU ALU BLISTER,Zim Laboratories Ltd,INDIA,Tabrane Pharmaceuticals (Pvt) Ltd
MEROPENEM FOR INJECTION USP 500MG,MEROPEN,POWDER FOR INJECTION,15ML,TY 1 CLEAR GLS VIAL,Renata Limited,BANGLADESH,Emerchemie NB (Ceylon) Ltd
FLUTICASONE 250MCG & SALMETEROL 50MCG INHALATION POWDER PRE METERED BP,FLUTISAL 250 CONVI CAP,DRY POWDER INHALATION CAPSULES,5X6'S,ALU ALU BLISTER,Incepta Pharmaceuticals Ltd,BANGLADESH,Citihealth Imports (Pvt) Ltd
CLOPIDOGREL TABLETS USP 75MG,CLOPIZIM 75,TABLETS,1X10' 3X10' 5X10',ALU ALU BLISTER,Zim Laboratories Ltd,INDIA,Tabrane Pharmaceuticals (Pvt) Ltd
PREDNISOLONE ORAL SOLUTION USP 5MG/5ML,SOLONE,ORAL SOLUTION,100ml/50ml,Glass Bottle,Advanced Chemical Industries,BANGLADESH,Pharma Associates
ETOPHYLLIN & THEOPHYLLIN SUSTAIN RELEASE TABLETS 300MG,DERIPHYLLIN RETARD 300,TABLETS,2X5X10'S,ALU PVC BLISTER,ZYDUS LIFESCIENCES LIMITED,INDIA,Sunshine Healthcare lanka Ltd
NEBIVOLOL TABLETS 5MG,NEBIX 5,TABLETS,14'S,BLISTER,Highnoon Laboratories Ltd,PAKISTAN,Truvic Private Ltd
CLOBETASOL PROPIONATE CREAM BP 0.05% W/W,CLOBETA CREAM,CREAM,5G AND 10G,ALUMINIUM COLLAP TUB,Saffron Pharmaceutical (Pvt) Ltd,PAKISTAN,Truvic Private Ltd
PANTOPRAZOLE  TABLETS 40MG,PANTOCAR 40,TABLETS,"10x10,1x10's Alu",ALU ALU BLISTER,Micro Labs Ltd,INDIA,Micro Mega Lanka (Pvt) Ltd
NEBIVOLOL FILM COATED TABLETS 10MG,NEBIX 10,FILM COA TABLETS,14S,BLISTER,Highnoon Laboratories Ltd,PAKISTAN,Truvic Private Ltd
AZITHROMYCIN FOR ORAL SUSPENSION USP 200MG/5ML,ZITREX,ORAL SUSPENSION,15ML,AMBER GLASS BOTTLE,Medicon Pharmaceuticals Ltd,BANGLADESH,Tranz Pharma Hodlings (Pvt) Ltd
LAMOTRIGINE TABLETS BP 50MG,***,TABLETS,10X10 & 100'S,"ALU ALU BLIS,PLA JAR",Mercury Laboratories Ltd,INDIA,Yaden International (Pvt) Ltd
FERROUS ASCORBATE (ELEMENTAL IRON 30MG) +FOLIC ACID 550MCG/5ML SUSPENSION,CHELFERRY,SUSPENSION,150ML,AMB PET BOTTLE,Leben Laboratories (Pvt) Ltd,INDIA,Ceyoka (Pvt) Ltd
IRON SUCROSE INJECTION USP 20MG/ML,SUFER,INJECTION,5X5ML,USP TY I GLASS AMP,Sakar Healthcare India,INDIA,Ceyoka (Pvt) Ltd
CLOBETASOL CREAM USP 0.05% W/W,AXCEL CLOBETASOL,TOPICAL CREAM,15G,ALU COLL TUBE,Kotra pharma (M) Ltd,MALAYSIA,Sunshine Healthcare lanka Ltd
CLINDAMYCIN CAPSULES 150 MG,DALACIN C,CAPSULES,2X8'S,ALU PVC BLISTER,Fareva Amboise Zone Industrielle,FRANCE,Hemas Pharmaceuticals (Pvt) Ltd
FLUTICASONE NASAL SPRAY BP 50MCG/SPRAY,FLUTINASE 50,NASAL SPRAY,15ml Bottle/Pack,HDPE Bottle(150 md),Lina Manufacturing (Pvt) Ltd,SRI LANKA,***
BENFOTAMINE 100MG+ MECOBALAMIN 1000MCG+ALPHA LIPOIC ACID 200MG+FOLIC ACID 1MG+INOSITOL 100MG+PIRIDOXIN HYDROCHLORIDE 3MG CAPSULE,NERVEX-BT,CAPSULES,3X10'S,BLISTER,Softgel Health Care (Pvt) Ltd,INDIA,Avenier Pharma (Pvt) Ltd
AMOXICILLIN CAPSULES BP 250MG,***,CAPSULES,"1000'S, 10X10'S",HDPE CON/ALU BLISTER,State Pharmaceuticals Manufacturer Corporation,SRI LANKA,***
PREGABALIN CAPSULES 75MG,PREGAZIM 75,HARD GELATINE CAPSULES,1X10' 3X10 5X10,ALU ALU BLISTER,Zim Laboratories Ltd,INDIA,Tabrane Pharmaceuticals (Pvt) Ltd
RIVASTIGMINE CAPSULES 3MG,EXELON 3MG,CAPSULES,2X14'S,ALU PVC BLISTER,"Siegfried Barbera SL,",SWITZERLAND,A Baur & Co  (Pvt) Ltd
METOPROLOL SUCCINATE EXTENDED RELEASE TABLETS USP 50MG,REVELOL XL 50,EXTENDED RELEASE TABLETS,3X10'S,ALU ALU BLISTER,IPCA Laboratories,INDIA,Hemas Pharmaceuticals (Pvt) Ltd
PREGABALIN CAPSULES 75MG,REGALIN 75,CAPSULES,5X10' 1X4'S,ALU ALU BLISTER,Atoz Pharmaceuticals (Pvt) Ltd,INDIA,Euro Asian Pharma (Pvt) Ltd
GRISEOFULVIN TABLETS BP 500MG,GRISEBEN 500,TABLETS,10X10'S  250'S,ALU PVC BLISTER/HDPE,Leben Laboratories (Pvt) Ltd,INDIA,Ceyoka (Pvt) Ltd
QUETIAPINE TABLETS USP 25MG,***,TABLETS,100'S,WHITE PLC JAR,Centurion Laboratories Pvt Ltd,INDIA,Yaden International (Pvt) Ltd
LINEZOLID TABLETS 600MG,ARLIN 600,TABLETS,"2X10'S,1'S",BLISTER,Beximco Pharmaceuticals Ltd,BANGLADESH,Emerchemie NB (Ceylon) Ltd
CARBOPLATIN INJECTION BP 10MG/1ML,CARBOTEEN,INJECTION,"15ML, 45ML",AMBER COLOUR,VHB Medi Sciences Ltd,INDIA,Yaden International (Pvt) Ltd
CLINDAMYCIN CAPSULES 300MG,DALACIN C,CAPSULES,2X8'S,ALU PVC BLISTER,Fareva Amboise Zone Industrielle,FRANCE,Hemas Pharmaceuticals (Pvt) Ltd
CHLORAMPHENICOL EYE OINTMENT BP 1% W/W,KLORAXIN,EYE OINTMENT,3.5G TUBE/PACK,ALU.COLL TUBE,Galentic Pharma (india) (Pvt) Ltd,INDIA,Ceyoka (Pvt) Ltd
IOHEXOL SOLUTION FOR INJECTION 300MG I/ ML,OMNIPAQUE,SOLUTION FOR INJECTION,"10X100ML,10X50ML",PP BOTTLE/GLS BOTTLE,GE HEALTHCARE IRELAND LIMITED,NORWAY,Sunshine Healthcare lanka Ltd
ONDANSETRON TABLETS USP 8MG,VOMIZ 8,TABLETS,10X10'S,ALU ALU BLISTER,ZYDUS LIFESCIENCES LIMITED,INDIA,Sunshine Healthcare lanka Ltd
MOMETASONE FUROATE OINTMENT USP 0.1% W/W,MOMATE,OINTMENT,15G,ALU COLL TUBE,Glenmark Pharmaceuticals Ltd,INDIA,Sunshine Healthcare lanka Ltd
GABAPENTIN TABLETS USP 100MG,GABA 100,TABLETS,1X4'S 5X10'S,ALU PVC BLISTER,Atoz Pharmaceuticals (Pvt) Ltd,INDIA,Euro Asian Pharma (Pvt) Ltd
DOCETAXEL INJECTION USP 80MG/8ML,ZYTAX 80,SOLUTION FOR INJECTION,8ML,TY 1 GLASS VIAL,Zydus Hospira Oncology (Pvt) Ltd,INDIA,Hemas Pharmaceuticals (Pvt) Ltd
FLUOCINOLONE ACETONIDE BP 0.01% W/W AND MICONAZOLE NITRATE BP 2% W/W OINTMENT,FLUCORTZ MZ,OINTMENT,15G,ALU COLL TUBE,Glenmark Pharmaceuticals Ltd,INDIA,Sunshine Healthcare lanka Ltd
METOPROLOL SUCCINATE EXTENDED RELEASE TABLETS USP 25MG,REVELOL XL 25,EXTENDED RELEASE TABLETS,3X10'S,ALU ALU BLISTER,IPCA Laboratories,INDIA,Hemas Pharmaceuticals (Pvt) Ltd
VITAMIN E CAPSULES USP 600MG,EVION 600,CAPSULES,3X10'S  1X10'S  20'S,ALU PVC BLISTER,Procter & Gamble Health Ltd,INDIA,Emerchemie NB (Ceylon) Ltd
MICONAZOLE NITRATE BP 2.0% W/W & FLUOCINOLONE ACETONIDE BP 0.01% W/W OINTMENT,EMZOLE-F,OINTMENT,15G,LAMI TUBE,Central drugs and Pharmaceutical,INDIA,Pharma Associates
TADALAFIL TABLETS 20MG,CIALIS 20MG,FILM COA TABLETS,2X2'S,ALU PVC BLISTER,Lilly del Caribe Inc,NETHERLANDS,Hemas Pharmaceuticals (Pvt) Ltd
DORZOLAMIDE HYDROCHLORIDE 2% W/V  &TIMOLOL MALEATE 0.5% W/V STERILE OPHTHALMIC SOLUTION,COSOPT,OPHTHALMIC SOLUTION,5ML,PLASTIC BOTTLE,Santen Pharmaceuticals Co. Ltd,JAPAN,A Baur & Co  (Pvt) Ltd
LINAGLIPTIN TABLETS 5MG,LINATIN,TABLETS,3X10'S 20X10'S,ALU ALU BLISTER,Delta Pharma Ltd,BANGLADESH,Hyena Pharmaceuticals (Pvt) Ltd
IMATINIB CAPSULES IP 100MG,VEENAT 100,CAPSULES,120'S,HDPE JAR,Natco Pharma Ltd,INDIA,Sunshine Healthcare lanka Ltd
METOPROLOL SUCCINATE EXTENDED RELEASE TABLETS USP 100MG,REVELOL XL 100,EXTENDED RELEASE TABLETS,3X10'S,ALU ALU BLISTER,IPCA Laboratories,INDIA,Hemas Pharmaceuticals (Pvt) Ltd
HUMAN ERYTHROPOITEIN INJECTION 2000IU/ML,EPIAO,INJECTION,1'S,GLASS VIAL,Shenyang Sunshine Pharmaceutical Co. ltd,CHINA,Ceyoka (Pvt) Ltd
HUMAN ERYTHROPOITEIN INJECTION 2000IU/PRE FILLED SYRINGE,EPIAO,INJECTION,1'S,PFS,Shenyang Sunshine Pharmaceutical Co. ltd,CHINA,Ceyoka (Pvt) Ltd
FENTANYL CITRATE INJECTION USP 100MCG/2ML,VERFEN,INJECTION,"10x2ml,10x10x2ml",USP Ty I clear Gl am,Verve Human Care Laboratories,INDIA,Leader Pharma Agency (Pvt) Ltd
VITAMIN E CAPSULES USP 400MG,EVION 400,CAPSULES,3X10'S 2X10'S,ALU PVC BLISTER,Procter & Gamble Health Ltd,INDIA,Emerchemie NB (Ceylon) Ltd
KETOROLAC TROMETHAMINE INJECTION USP 30MG/ML,REMOPAIN 3%,SOLUTION FOR INJECTION,5 AMP X 1ML,TY 1 AMB.GLASS VIAL,P T Ferron Pharmaceutical,INDONESIA,A Baur & Co  (Pvt) Ltd
FAMOTIDINE TABLETS USP 20MG,FAMOCID 20,TABLETS,10X10'S,ALU ALU BLISTER,Sun Pharma Laboratories Ltd,INDIA,Emerchemie NB (Ceylon) Ltd
VALSARTAN 160MG+ HYDROCHLOROTHIAZIDE 12.5MG,CO-DIOVAN,FILM COATED TABLETS,2X14'S,ALU ALU BLISTER,Novartis Pharma S.P.A.,SWITZERLAND,A Baur & Co  (Pvt) Ltd
VILDAGLIPTIN TABLETS 50MG,GALVUS 50MG,TABLETS,2X14'S,ALU ALU BLISTER,"Siegfried Barbera SL,",SWITZERLAND,A Baur & Co  (Pvt) Ltd
LOSARTAN POTASSIUM TABLETS BP 50MG,***,TABLETS,"10X20'S, 500'S","ALU PVC BLISTER, HDP",State Pharmaceuticals Manufacturer Corporation,SRI LANKA,***
AMLODIPINE TABLETS USP 2.5MG,AMLONG 2.5,TABLETS,10X10'S 1X10'S,ALU ALU BLISTER,Micro Labs Ltd,INDIA,Micro Mega Lanka (Pvt) Ltd
OLANZAPINE ORODISPERSIBLE TABLETS 5MG,TOLANZ  5,ORO DISPERSIBLE TABLETS,3X10'S,ALU ALU BLISTER,Torrent Pharmaceuticals Ltd,INDIA,Hemas Pharmaceuticals (Pvt) Ltd
DOXYCYCLINE CAPSULES USP 100MG,DOXYN,CAPSULES,10X10'S,ALU PVC BLISTER,ATCO Laboratories Limited,PAKISTAN,Morison Limited
LEVOCETIRIZINE HYDROCHLORIDE SYRUP 5MG/5ML,SWICET-L,ORAL SOLUTION,60ML,PET BOTTLE,Swiss Garnier Life Scences,INDIA,George Steuart Health Pvt Ltd
MONTELUKAST TABLETS BP 5MG,PULMIKAST,TABLETS,14'S,ALU ALU BLISTER,Hansel Pharmaceuticals Pvt Ltd,PAKISTAN,Klintas (Pvt) Ltd
DICLOFENAC GEL B.P 1% W/W,POWERGESIC GEL,GEL,30G,COLLPSIBLE LAMI.TUBE,Jenburkt Pharmaceuticals Ltd,INDIA,Hemas Pharmaceuticals (Pvt) Ltd
METRONIDAZOLE INJECTION USP 0.5% W/V,***,SOLUTION FOR INJECTION,100ML,PE CONTAINER,Fresenius Kabi A.B,INDIA,Hemas Pharmaceuticals (Pvt) Ltd
TEICOPLANIN FOR INJECTION 400MG,TICPLAT 400,POWDER FOR INJECTION,10ML,GLASS VIAL,Gufic Biosciences Pvt Ltd,INDIA,Slim Pharmaceuticals (Pvt) Ltd
CETIRIZINE ORAL SOLUTION 5MG/5ML,CITRI SYRUP,ORAL SUSPENSION,60ML,"AMB ,PET BOTTLE",MMC Healthcare Ltd,INDIA,Markss HLC (Pvt) Ltd
PEMETREXED FOR INJECTION IP 100MG,PEMEX 100,POWDER FOR INJECTION,10ML,USP TY 1 GLS VIAL,United Biotech (P) Limited,INDIA,George Steuart Health Pvt Ltd
MEMANTINE HYDROCHLORIDE TABLETS 10MG,LUCIDEX 10,TABLETS,2X15'S,BLISTER,Laboratories Bago S A,ARGENTINA,Emerchemie NB (Ceylon) Ltd
METHOXSALEN TABLETS 10MG,MELADERM,TABLETS,5X30'S,ALU PVC BLISTER,Inga Laboraories (Pvt) Ltd,INDIA,George Steuart Health Pvt Ltd
AZITHROMYCIN TABLETS USP 500MG,AZINAM 500,TABLETS,5X3'S 10X1X3'S,ALU PVC BLISTER,AMN Life Science (Pvt) Ltd,INDIA,Pharma Associates
AMLODIPINE BESYLATE TABLETS USP 10MG,AMLOWEL 10,TABLETS,3X10'S,ALU PVC BLISTER,Akums Drugs & Pharmaceuticals Ltd,INDIA,Steriix Healthcare (Pvt) Ltd
LEVOFLOXACIN IV INFUSION 500MG/100ML,LEFLOX,SOLUTION FOR INFUSION,100ML,USP TY 11 GLASS VIAL,Getz Pharma (Pvt) Ltd,PAKISTAN,Hemas Pharmaceuticals (Pvt) Ltd
ROSUVASTATIN TABLETS USP 20MG,ROSWISS 20,TABLETS,10X10'S,ALU ALU BLISTER,Swiss Garnier Life Scences,INDIA,George Steuart Health Pvt Ltd
ONDANSETRON ORALLY DISINTEGRATING TABLETS USP 4MG,ONDEM MD 4,DISINTEGRATING TABLETS,1X10'S,ALU ALU STRIP,Alkem Laboratories Ltd,INDIA,Emerchemie NB (Ceylon) Ltd
BECLOMETHASONE NASAL SPRAY BP 50MCG,DECOMIT,NASAL SPRAY,200METERED DOSE,HDPE CONTAINER,Beximco Pharmaceuticals Ltd,BANGLADESH,Emerchemie NB (Ceylon) Ltd
TRANEXAMIC ACID INJECTION BP 500MG/5ML,MAXNA,INJECTION,"5MLX1'S,10'S",GLASS AMPOULS,AGP (Pvt) Ltd,PAKISTAN,Emerchemie NB (Ceylon) Ltd
DIPYRIDAMOLE TABLETS BP 25MG,ZANTIN 25,TABLETS,10X10'S,ALU ALU STRIP,Cadila Healthcare Ltd,INDIA,Hemas Pharmaceuticals (Pvt) Ltd
LEVONORGESTREL TABLETS BP  0.75MG,OPTION 2,TABLETS,2 TAB,ALU APVC BLISTR,Corona Remedics (Pvt) Ltd,INDIA,Sunshine Healthcare lanka Ltd
GEFITINIB TABLETS IP 250MG,GEFITEC,TABLETS,3X10'S,ALU ALU STRIP,United Biotech (P) Limited,INDIA,George Steuart Health Pvt Ltd
SPIRONOLACTONE TABLETS USP 25MG,***,TABLETS,200'S,HDPE JAR,State Pharmaceuticals Manufacturer Corporation,SRI LANKA,***
LORATADINE TABLETS USP 10MG,ALLERGET,TABLETS,1X10'S,ALU ALU BLISTER,Getz Pharma (Pvt) Ltd,PAKISTAN,Hemas Pharmaceuticals (Pvt) Ltd
SITAGLIPTIN TABLETS USP 50MG,SITAGLIP 50,TABLETS,"6X10'S, 10'S,10X10'S",ALU ALU BLISTER,The Acme Laboratories Ltd,BANGLADESH,Mega Pharma (Pvt) Ltd
MONTELUKAST CHEWABLE TABLETS 5MG,VENTEK,CHEWABLE TABLETS,2X7'S,ALU ALU BLISTER,The Searle Company Ltd,PAKISTAN,Morison Limited
AMIODARONE HYDROCHLORIDE INJECTION 50MG/ML,AMRONE,INJECTION,5X3 ML,AMBER GLASS BOTTLE,Verve Human Care Laboratories,INDIA,Leader Pharma Agency (Pvt) Ltd
KETOCONAZOLE CREAM 2% W/W,MYCORAL,CREAM,"5G, 15G",ALU.COLL.TUBE,PT KALBE FARMA TBK,INDONESIA,Hemas Pharmaceuticals (Pvt) Ltd
CLOTRIMAZOLE VAGINAL TABLETS  500MG,MYCORIL 500,TABLETS,01'S,ALU ALU STRIP,Remedica limited,CYPRUS,Kandana Food & Drugs (Pvt) Ltd
MONTELUKAST CHEWABLE TABLETS 4MG,VENTEK 4,CHEWABLE TABLETS,2X7'S,ALU ALU BLISTER,The Searle Company Ltd,PAKISTAN,Morison Limited
FLUORESCEIN INJECTION USP 100MG/ML,FLURVER,INJECTION,"5X5ML,10X5X5ML",AMBER GLASS,Verve Human Care Laboratories,INDIA,Leader Pharma Agency (Pvt) Ltd
HALOPERIDOL INJECTION BP 5MG/ML,***,INJECTION,10X1ML AMP/PACK,AMB .GLASS BOTTLE,Pharmafabrikon,INDIA,Novachem Lanka (Pvt) Ltd
GLIMEPIRIDE TABLETS USP 2MG,GLIPRIDE 2,TABLETS,10X10'S,ALU ALU BLISTER,Windlas Biotech (Pvt) Ltd,INDIA,Softlogic Pharmaceuticals (Pvt( Ltd
CISPLATIN INJECTION BP 10MG/20ML,UNIPLATIN 10,INJECTION,20ML,USP TY 1 GLASS VIAL,United Biotech (P) Limited,INDIA,George Steuart Health Pvt Ltd
CISPLATIN INJECTION BP 50MG/50ML,UNIPLATIN 50,INJECTION,50ML,USP TY 1 GLASS VIAL,United Biotech (P) Limited,INDIA,George Steuart Health Pvt Ltd
NIFEDIPINE PROLONGED RELEASE TABLETS IP 20MG,DEPIN-E-RETARD,TABLETS,"10X10'S , 1000'S","ALU  STRIP,HDPE CONT",ZYDUS LIFESCIENCES LIMITED,INDIA,Sunshine Healthcare lanka Ltd
AMOXICILLIN 250MG & CLAVULANATE POTASSIUM 125MG,NOVACLAV  375,TABLETS,6'S,ALU ALU BLISTER,Cipla Limited,INDIA,Breathe Free Lanka (Pvt) Ltd
CLARITHROMYCIN TABLETS USP 500MG,KLATRIL,TABLETS,1X14'S,BLISTER,Fredun Pharmaceuticals Ltd,INDIA,George Steuart Health Pvt Ltd
TERBINAFINE HYDROCHLORIDE CREAM,ERBINOX,CREAM,15G,ALIMINIUM TUBE 15G,Apex Laboratories Ltd,INDIA,A Baur & Co  (Pvt) Ltd
THIAMINE TABLETS BP 10MG,***,TABLETS,"10X10'S,1000'S,250'S",ALU PVC .HDPE BOTTLE,"GAMMA INTERPHARM PVT LTD,",SRI LANKA,***
GLIMEPIRIDE TABLETS USP 4MG,GLIPRIDE 4,TABLETS,10X10'S,ALU ALU BLISTER,Windlas Biotech (Pvt) Ltd,INDIA,Softlogic Pharmaceuticals (Pvt( Ltd
IBUPROFEN ORAL SUSPENSION B.P 100MG/5ml,IBROFAN,ORAL SUSPENSION,"100ML,60ML","AMBERLS BOTTLE,R.CAP",Fourrts (India) Laboratories Ltd,INDIA,Sunshine Healthcare lanka Ltd
CITALOPRAM TABLETS USP 20MG,CITOPAM 20,TABLETS,3X10'S,ALU PVC BLISTER,Sun Pharma Laboratories Ltd,INDIA,Emerchemie NB (Ceylon) Ltd
TELMISARTAN TABLETS IP 20MG,CRESAR 20,TABLETS,3x10'S,ALU ALU BLISTER,Cipla Ltd,INDIA,Breathe Free Lanka (Pvt) Ltd
PAZOPANIB TABLETS 200MG,VOTRIENT,FILM COA TABLETS,30'S,HDPE BOTTLE,Glaxo Operations UK Ltd,UNITED KINGDOM,A Baur & Co  (Pvt) Ltd
ALPRAZOLAM TABLETS USP 0.25MG,B-REST 0.25,TABLETS,3X10'S,BLISTER,Akums Drugs & Pharmaceuticals Ltd,INDIA,Steriix Healthcare (Pvt) Ltd
PANTOPRAZOLE CAPSULE 20MG,PANTOZIM 20,CAPSULES,1X10'S 3X10'S 5X10'S,ALU ALU BLISTER,Zim Laboratories Ltd,INDIA,Tabrane Pharmaceuticals (Pvt) Ltd
STERILE POTASSIUM CHLORIDE CONCENTRATE BP 15% W/W (150MG/ML),***,IV INFUSION,"10ML AMP,10X10ML",Clear Gl Amp,Mercury Laboratories Ltd,INDIA,Yaden International (Pvt) Ltd
SALBUTAMOL TABLETS BP 4 MG,***,TABLETS,1000'S,HDPE CONTAINER,Morison Limited,SRI LANKA,***
FENOFIBRIC ACID TABLETS 105MG,LIPOMAX 105,TABLETS,30'S,PVC PVDC BLISTER,Laboratories Bago S A,ARGENTINA,Emerchemie NB (Ceylon) Ltd
OLOPATADINE HYDROCHLORIDE OPHTHALMIC SOLUTION USP 0.1% W/V,WINOLAP,OPHTHALMIC SOLUTION,5ML,LDPE DROPPER BOTTLE,Sun Pharmaceutical Medicare Ltd,INDIA,Hemas Pharmaceuticals (Pvt) Ltd
OMEPRAZOLE POWDER FOR SOLUTION FOR INFUSION 40MG,OP-40,POWDER FOR SOLUTION FOR INFUSION,"10MLWITH 1VIAL,AMPOU",CLEAR GLASS VIAL,Globe Pharmaceuticals Ltd,BANGLADESH,Tabrane Healthcare (Pvt) Ltd
ATENOLOL 50MG+CHLORTHALIDONE BP TABLETS 12.5MG,TENORIC 50,TABLETS,2X14'S,PVDC BLISTER,IPCA Laboratories,INDIA,Emar Pharma (Pvt) Ltd
ATENOLOL TABLETS BP 50MG,TENOLOL 50,TABLETS,20X10'S,ALU PVC BLISTER,IPCA Laboratories,INDIA,Emar Pharma (Pvt) Ltd
ENALAPRIL MALEATE TABLETS USP 10MG,ENVAS 10,TABLETS,10X10'S,ALU ALU STRIP,Cadila pharmaceuticals Ltd,INDIA,Sunshine Healthcare lanka Ltd
LAMOTRIGINE TABLETS BP 100MG,***,TABLETS,100'S,HDPE BOTTLE,Treffer Pharmaceuticals,INDIA,Yaden International (Pvt) Ltd
LEVETIRACETAM TABLETS 750MG,TORLEVA 750,TABLETS,3X10'S,ALU PVC BLISTER,Torrent Pharmaceuticals Ltd,INDIA,Edna Medicals (Pvt) Ltd
AMLODIPINE BESYLATE TABLETS USP 5MG,AMLOWEL 5,TABLETS,3X10'S,BLISTER,Akums Drugs & Pharmaceuticals Ltd,INDIA,Steriix Healthcare (Pvt) Ltd
OXYMETAZOLINE HYDROCHLORIDE NASAL SOLUTION USP 0.025% W/V,OXINA-P,NASAL DROPS,10ML,LUPO WHITE BOTTLE,Megasys Biotek (Pvt) Ltd,INDIA,Pharmatec (Pvt) Ltd
CEFTRIAXONE FOR INJECTION USP 500MG,TRAXON 500MG,POWDER FOR INJECTION,1'S,USP TYP 1 GLASS VIAL,Opsonin Pharma Ltd,BANGLADESH,Yaden International (Pvt) Ltd
OMEPRAZOLE DELAYED RELEASE CAPSULES USP 20MG,OZG,CAPSULES,10X10'S,ALUMINIUM STRIP,G D Laboratories (India) Pvt Ltd,INDIA,Softlogic Pharmaceuticals (Pvt( Ltd
PRAZOSIN HYDROCHLORIDE PROLONGED RELEASE TABLETS 5MG,MINIPRESS XL 5,TABLETS,2X15'S,ALU PVC BLISTER,Fareva Amboise Zone Industrielle,FRANCE,Hemas Pharmaceuticals (Pvt) Ltd
ACECLOFENAC TABLETS 100MG,ACELODON 100,TABLETS,10X10'S,ALU ALU BLISTER,Swiss Garnier Life Scences,INDIA,George Steuart Health Pvt Ltd
PRAZOSIN HYDROCHLORIDE PROLONGED RELEASE TABLETS 2.5MG,MINIPRESS XL 2.5,TABLETS,2X15'S,ALU PVC BLISTER,Fareva Amboise Zone Industrielle,FRANCE,Hemas Pharmaceuticals (Pvt) Ltd
AZITHROMYCIN ORAL SUSPENSION USP 200MG/5ML,ZETRO,POWDER FOR ORAL SUSPENSION,15ML,HDPE BOTTLE,Getz Pharma (Pvt) Ltd,PAKISTAN,Hemas Pharmaceuticals (Pvt) Ltd
KETOTIFEN TABLETS 1MG,KETOTIF-1MG,TABLETS,10X10'S,ALU  PVC BLISTER,Delta Pharma Ltd,BANGLADESH,Kandana Food & Drugs (Pvt) Ltd
MONTELUKAST SODIUM CHEWABLE TABLETS  4MG,MONTIGET,CHEWABLE TABLETS,2X7'S,ALU ALU BLISTER,Getz Pharma (Pvt) Ltd,PAKISTAN,Hemas Pharmaceuticals (Pvt) Ltd
DICLOFENAC GEL BP 1%,VOREN GEL,GEL,20G,ALU COLLAPSIBLE TUBE,Y S P Industries SDN BHD.,MALAYSIA,Indoscan (Pvt) Ltd
PIROXICAM B CYCLODEXTRIN TABLET 20MG,BREXIN,TABLETS,20 Tablets per pack,PVC/PVDC Blister,Chiesi Farmaceutici SPA,ITALY,Burhani Enterprises
"DIPHTHERIA ,TETANUS, PERTUSSIS (WHOLE CELL) VACCINE ADSORBED 10 DOSES",N/A,INTRAMUSCULAR INJECTION,5ML(10DOSES) X24,GLASS VIAL,Biological E Ltd,INDIA,Sunshine Healthcare lanka Ltd
MONTELUKAST SODIUM TABLETS 5MG,MONTIGET,TABLETS,2X7'S,ALU ALU BLISTER,Getz Pharma (Pvt) Ltd,PAKISTAN,Hemas Pharmaceuticals (Pvt) Ltd
BACLOFEN TABLET BP 10MG,LIOSAL,TABLETS,2X10M,ALU PVC BLISTER,Delta Pharma Ltd,BANGLADESH,Kandana Food & Drugs (Pvt) Ltd
NITROFURANTOIN TABLETS BP 50MG,***,TABLETS,"500'S ,1000'S",HDPE CONTAINER,Morison Limited,SRI LANKA,***
LACTULOSE SOLUTION USP 3.33G/5ML,LACON,ORAL SOLUTION,120ML,AMB PET BOTTLE,Scott Edil Pharmacia Ltd,INDIA,Hi Care Pharma (Pvt)Ltd
SILDENAFIL CITRATE TABLETS 50MG,VIAGRA,TABLETS,4'S,ALU PVC BLISTER,Fareva Amboise Zone Industrielle,NETHERLANDS,Hemas Pharmaceuticals (Pvt) Ltd
CLOTRIMAZOLE MOUTH PAINT  1% W/V,CANDID MOUTH PAINT,MOUTH PAINT,15ML,LDPE BOTTLE,Glenmark Pharmaceuticals Ltd,INDIA,Sunshine Healthcare lanka Ltd
LACTULOSE SOLUTION BP 3.35G/5ML,LAXOL,ORAL SOLUTION,100ML,AMB GLASS VIAL,Navana Pharmaceuticals Ltd,BANGLADESH,Darley Butler  & Co Ltd
CLOTRIMAZOLE VAGINAL INSERT USP 500MG,CANDID V-1,VAGINAL TABLETS,1 INSERT APPLICATOR,ALU STRIP,Glenmark Pharmaceuticals Ltd,INDIA,Sunshine Healthcare lanka Ltd
RISPERIDONE TABLETS USP 3MG,RESCOR 3,TABLETS,10X10'S,ALU PVC BLISTER,Akums Drugs & Pharmaceuticals Ltd,INDIA,Steriix Healthcare (Pvt) Ltd
RISPERIDONE TABLETS USP 1MG,RESCOR 1,TABLETS,10X10'S,ALU PVC BLISTER,Akums Drugs & Pharmaceuticals Ltd,INDIA,Steriix Healthcare (Pvt) Ltd
RIVASTIGMINE CAPSULES 4.5MG,EXELON 4.5,HARD GELATINE CAPSULES,28'S,ALU PVC BLISTER,"Siegfried Barbera SL,",SWITZERLAND,A Baur & Co  (Pvt) Ltd
CEFALEXIN CAPSULES BP 250MG,SPORIDEX 250,HARD GELATINE CAPSULES,1X10'S 24X10'S,"ALU PVC,PVDC BLISTER",Sun Pharmaceutical industries,INDIA,Hemas Pharmaceuticals (Pvt) Ltd
ATORVASTATIN CALCIUM TABLETS USP 20MG,AZTOR 20,TABLETS,5X10'S,ALU ALU BLISTER,Sun Pharmaceutical industries,INDIA,Hemas Pharmaceuticals (Pvt) Ltd
MEBEVERINE HYDROCHLORIDE TABLETS 135MG,DUSPATALIN,SUGAR COATED TABLETS,10X5'S,ALU PVC BLISTER,Mylan Laboratories Ltd,NETHERLANDS,CIC Holdings PLC
GLIPIZIDE TABLETS BP 5MG,GLYNASE,TABLETS,10X10'S,ALU PVC BLISTER,Fredun Pharmaceuticals Ltd,INDIA,Hemas Pharmaceuticals (Pvt) Ltd
MUPIROCIN OINTMENT USP 2% W/W,SUPIROCIN,OINTMENT,"15G,5G",COLLAPSIBLE TUBE,Glenmark Pharmaceuticals Ltd,INDIA,Sunshine Healthcare lanka Ltd
TELMISARTAN TABLETS USP 40MG,TELCARD 40,TABLETS,1X10'S 3X10'S 5X10'S,ALU ALU BLISTER,Zim Laboratories Ltd,INDIA,Tabrane Pharmaceuticals (Pvt) Ltd
ENOXAPARIN SODIUM INJECTION 1000IU/0.1ml,CLEXANE,INJECTION,"2X0.2ML,2X0.4,2X0.6",PFSY,Sanofi Winthrop Industrie,FRANCE,A Baur & Co  (Pvt) Ltd
ALUMINIUM HYDROXIDE GEL IP 300MG+MAGNESIUM ALUMINIUM SILICATE HYDRATE 50MG+MAGNESIUM HYDROXIDE IP 125MG+SIMETHICONE IP 25 MG TABLETS,DIGENE TABLETS ORANGE FLAVOUR,CHEWABLE TABLETS,90X15'S 90X9'S 20X15,ALU PVC BLISTER,Abbott India Ltd,INDIA,Sunshine Healthcare lanka Ltd
ALPRAZOLAM TABLETS USP 0.5MG,B-REST 0.5MG,TABLETS,3X10'S,BLISTER,Akums Drugs & Pharmaceuticals Ltd,INDIA,Steriix Healthcare (Pvt) Ltd
AZITHROMYCIN TABLETS USP 250MG,AZIBAC 250,TABLETS,5X10'S,ALU PVC BLISTER,G D Laboratories (India) Pvt Ltd,INDIA,Softlogic Pharmaceuticals (Pvt( Ltd
IBUPROFEN TABLETS BP 200MG,INOFEN 200,TABLETS,"20X10'S,1000'S,10X10",ALU-PVC BLISTER JAR,Mc W Healthcare (P ) Ltd,INDIA,Innogen Lanka (Pvt) Ltd
MOXONIDINE 0.4MG TABLETSLETS,PHYSIOTENS,TABLETS,28's,BLISTER,Mylan Laboratories S.A.S,FRANCE,CIC Holdings PLC
CLINDAMYCIN PHOSPHATE GEL USP 1.0%W/W,CLINCIN GEL,GEL,"10G,10X10'S","ALU,COLLAPSIBLE TUBE",Indi Pharma (Pvt) Ltd,INDIA,Emar Pharma (Pvt) Ltd
GADOBUTROL 604.72MG/ML (1 MMOL) SOLUTION FOR INJECTION,GADOVIST,INJECTION,15ML,GLASS VIAL PREFILED,Bayer A G,GERMANY,Hemas Pharmaceuticals (Pvt) Ltd
AZITHROMYCIN TABLETS 500MG,AZIFAST 500,TABLETS,3'S 10X3'S,ALU PVC BLISTER,IPCA Laboratories,INDIA,Hemas Pharmaceuticals (Pvt) Ltd
ROSUVASTATIN TABLETS IP 5MG,ROSEDAY 5,TABLETS,3X10'S,ALU ALU STRIP,USV Private Limited,INDIA,Hemas Pharmaceuticals (Pvt) Ltd
SITAGLIPTIN TABLETS BP 100MG,SILINOR,TABLETS,3X10'S,ALU PVDC BLISTER,Healthcare Pharmaceuticals,BANGLADESH,Citihealth Imports (Pvt) Ltd
ESOMEPRAZOLE MAGNESIUM DELAYED RELEASE CAPSULES USP 20MG,ESOME,CAPSULES,2X7'S,ALU ALU BLISTER,Getz Pharma (Pvt) Ltd,PAKISTAN,Hemas Pharmaceuticals (Pvt) Ltd
ATENOLOL TABLETS BP 50MG,***,TABLETS,"16X14;S, 1000'S",ALU PVC BLISTER/HDPE,Kopran Ltd,INDIA,Alaris Lanka (Pvt) Ltd
PREGABALIN HARD CAPSULES 75MG,LYRICA,CAPSULES,56'S,ALU PVC BLISTR,Pfizer Manufacturing Deutschland GmbH,BELGIUM,Hemas Pharmaceuticals (Pvt) Ltd
HYDROCORTISONE 0.5% W/W AND CLIOQUINOL 3%W/W CREAM BP,***,CREAM,15G,ALU.COLLAPSIBLE TUBE,Galentic Pharma (india) (Pvt) Ltd,INDIA,Ceyoka (Pvt) Ltd
GLICLAZIDE TABLETS  80MG,DIAMICRON,TABLETS,20'S,ALU PVC BLISTER,Les Laboratories Servier,FRANCE,Hemas Pharmaceuticals (Pvt) Ltd
ETOFYLLINE 46.5MG & THEOPHYLLINE 12.73 MG SYRUP,DERIPHYLLIN SYRUP,SYRUP,100ML,AMB PET BOTTLE,ZYDUS LIFESCIENCES LIMITED,INDIA,Sunshine Healthcare lanka Ltd
MONTELUKAST SODIUM TABLETS 10MG,MONTIGET 10,TABLETS,2X7'S,ALU ALU BLISTER,Getz Pharma (Pvt) Ltd,PAKISTAN,Hemas Pharmaceuticals (Pvt) Ltd
DICLOFENAC SODIUM MODIFIED RELEASE TABLETS 75MG,VOLTAREN SR 75,TABLETS,10X10'S,PVC PE PVDC BLISTER,Novartis Farma S.pA Italy for Novartis pharma AG,SWITZERLAND,A Baur & Co  (Pvt) Ltd
LOSARTAN POTASSIUM TABLETS USP 50MG,LOSACAR 50,TABLETS,15X7'S 15X10'S,ALU ALU BLISTER,ZYDUS LIFESCIENCES LIMITED,INDIA,Sunshine Healthcare lanka Ltd
LOSARTAN POTASSIUM TABLETS USP  25MG,LOSACAR 25,TABLETS,15X7'S 15X10'S,ALU ALU BLISTER,ZYDUS LIFESCIENCES LIMITED,INDIA,Sunshine Healthcare lanka Ltd
POVIDONE IODINE VAGINAL PESSARIES 200MG,BETADINE,VAGINAL PESSARIES,10PESSARI+APPLICATOR,AL STRIP PACK,Win Medicare Ltd,INDIA,Robert Hall & Co Ltd
CIPROFLOXACIN HYDROCHLORIDE SOLUTION 0.3% W/V,CEPROLEN,EYE & EAR DROPS,5ML,LDPE BOTTLE,Indoco Remedies India,INDIA,Hemas Pharmaceuticals (Pvt) Ltd
METRONIDAZOLE TABLETS USP 200MG,***,TABLETS,500'S 1000'S 10X20'S,HDPE BOTTLE/BLISTER,State Pharmaceuticals Manufacturer Corporation,SRI LANKA,***
GLICLAZIDE TABLETS BP  80MG,CONSUCON,TABLETS,10X10'S,ALU PVC BLISTER,Incepta Pharmaceuticals Ltd,BANGLADESH,Citihealth Imports (Pvt) Ltd
SALMETEROL & FLITICASONE PROPIONATE (25+125MCG) PRESSURISED INHALATION,COMBIWAVE SF 125,METERED DOSE INHALATION,120 DOSES,ALU.SILVER CANISTER,Glenmark Pharmaceuticals Ltd,INDIA,Hemas Pharmaceuticals (Pvt) Ltd
FUROSEMIDE INJECTION USP 10MG/ML,***,INJECTION,2MLX10'S,GLASS AMPOULE,Samrudh Pharmaceutica (Pvt) Ltd,INDIA,Chamee Chemist
POVIDONE IODINE CLEANSING SOLUTION USP 7.5% W/V,PYODINE SURGICAL SCRUB,TOPICAL SOLUTION,"60ML,500ML",PLASTIC BOTTLE,Brookes Pharma (Pvt) Ltd,PAKISTAN,Hemas Pharmaceuticals (Pvt) Ltd
BROMHEXINE HYDROCHLORIDE BP 4MG+ PHENYLEPHRINE HYDROCHLORIDE BP 2.5MG +GUAIFENESIN BP 50MG/5ML EXPECTORANT LIQUID,FLEMNIL EXPECTORANT LIQUID,ORAL LIQUID,"120ML,60ML",PET BOTTLE AMBER COL,Raptakos Brett & Company Ltd,INDIA,Pharma Associates
KETOROLAC TROMETHAMINE TABLETS USP 10MG,ROKET 10,TABLETS,2X10'S 1X10'S 3X10'S,ALU ALU BLISTER,Globe Pharmaceuticals Ltd,BANGLADESH,Tabrane Healthcare (Pvt) Ltd
ATORVASTATIN TABLETS 10MG,LIPIGET,TABLETS,1X10'S,ALU ALU BLISTER,Getz Pharma (Pvt) Ltd,PAKISTAN,Hemas Pharmaceuticals (Pvt) Ltd
MONTELUKAST SODIUM DISPERSIBLE TABLETS  5MG,AERON FT,TABLETS,3X10'S,ALU ALU BLISTER,Healthcare Pharmaceuticals,BANGLADESH,Citihealth Imports (Pvt) Ltd
PREGABALIN CAPSULES 50MG,HILIN 50,CAPSULES,"1X10'S, 10X10'S",ALU PVC  BLISTER,Highnoon Laboratories Ltd,PAKISTAN,Truvic Private Ltd
GLIMEPIRIDE TABLETS 4MG,EUGLIM 4,TABLETS,10X10'S,ALU ALU STRIP,ZYDUS LIFESCIENCES LIMITED,INDIA,Sunshine Healthcare lanka Ltd
GLICLAZIDE MODIFIED RELEASE TABLETS 30MG,REMICRON MR 30,MODIFIED RELEASE TABLETS,3X10'S,ALU PVC BLISTER,Sun Pharmaceutical industries,INDIA,Emerchemie NB (Ceylon) Ltd
METFORMIN HYDROCHLORIDE TABLETS BP 500MG,METVIC,TABLETS,10X10' 3X10' 1000'S,"ALU PVC BLIS,HDPE CO",Astron Limited,SRI LANKA,***
PROGESTERONE VAGINAL GEL 8%,CRINONE 8%,VAGINAL APPLICATORS,1.125/15,PF APPLICATORS,Dendron Brands Limited,UNITED KINGDOM,A Baur & Co  (Pvt) Ltd
CO-AMOXICLAV FOR INJECTION BP 1.2G,CLAVAMOX,POWDER FOR INJECTION,1.2 G,TY 11 GLASS VIAL,Zhuhai United Laboratories (Zhongshan) Co. Ltd,CHINA,Hemas Pharmaceuticals (Pvt) Ltd
LEVOTHYROXINE TABLETS BP 100MCG,THYROX 100,TABLETS,5X30'S 1X30'S 10X30',ALU AMB PVC BLISTER,Macleods Pharmaceuticals Ltd,INDIA,Emerchemie NB (Ceylon) Ltd
SULINDAC TABLETS BP 100MG,ARTHRODAC 100,TABLETS,5X10'S,ALU PVC BLISTER,Popular Pharmaceuticals Ltd,BANGLADESH,ABC Pharma Services Pvt. Ltd
PROLONGED RELEASE DICLOFENAC TABLETS BP 75MG,DICLORAN SR 75,TABLETS,10X10'S,ALU PVC BLISTER,Unique Pharmaceutical Laboratories,INDIA,George Steuart Health Pvt Ltd
MOXIFLOXACIN OPHTHALMIC SOLUTION USP 0.5% W/V,MOXIBAC,OPHTHALMIC SOLUTION,5ML,HDPE PLASTIC BOTTLE,Popular Pharmaceuticals Ltd,BANGLADESH,ABC Pharma Services Pvt. Ltd
POTASSIUM CITRATE EXTENDED RELEASE TABLETS 1080 MG,TASCIT,TABLETS,30'S,ALU ALU STRIP,Amherst Laboratories Inc Unilab Pharma Cabpus,PHILIPPINES,George Steuart Health Pvt Ltd
CEFTRIAXONE POWDER FOR INJECTION USP 1 G,SAMAXON,POWDER FOR INJECTION,1 G VIAL/PACK,GLASS VIAL,Samrudh Pharmaceutica (Pvt) Ltd,INDIA,Chamee Chemist
RANITIDINE TABLETS 150MG,RANTAC 150,FILM COATED TABLETS,10X10'S,ALU ALU STRIP,Unique Pharmaceutical Laboratories,INDIA,George Steuart Health Pvt Ltd
ENALAPRIL MALEATE TABLETS USP 5MG,***,TABLETS,500'S,HDPE BOTTLE,State Pharmaceuticals Manufacturer Corporation,SRI LANKA,***
BECLOMETHASONE PRESSURISED INHALATION BP 100 MCG,BCLOTIS 100,AEROSOL CANISTER,200 DOSES,ALU CANISTER,Jewim Pharmaceutical (Shandong) Co ltd,CHINA,Emerchemie NB (Ceylon) Ltd
TRAMADOL CAPSULE IP 50MG,***,CAPSULES,100'S 10X10'S,"HDPE CON,PVC PVDC BL",State Pharmaceuticals Manufacturer Corporation,SRI LANKA,***
FORMOTEROL FUMARATE DIHYDRATE 6MCG AND BUDESONIDE 100MCG INHALER,FORACORT 100 INHALER,METERED DOSE INHALER WITH DOSE INDICATOR,120 METERED DOSE,ALU AEROSAL CANISTER,Cipla Ltd,INDIA,Breathe Free Lanka (Pvt) Ltd
CEFIXIME DISPERSIBLE TABLETS 200MG,EXTACEF 200DT,DISPERSIBLE TABLETS,1X10'S,ALU ALU STRIP,Blue Cross Laboratories Ltd,INDIA,Sunshine Healthcare lanka Ltd
DOMPERIDONE PAEDIATRIC DROPS 5MG/ML,DEFLUX,PEADIATRIC DROPS,15ML,PLASTIC DROPPER BOTT,Beximco Pharmaceuticals Ltd,BANGLADESH,Emerchemie NB (Ceylon) Ltd
ONDANSETRON INJECTION USP 2 MG/ML,***,INJECTION,"2ML,4ML",USP Ty I Glass Amp,Mercury Laboratories Ltd,INDIA,Yaden International (Pvt) Ltd
DICLOFENAC SODIUM SUPPOSITORIES 100MG,DICLOVIN 100,SUPPOSITORIES,2X6'S,PVC/PE FOIL(STRIP PA,Bliss GVS Pharma Ltd,INDIA,Sunshine Healthcare lanka Ltd
IPRATROPIUM BROMIDE RESPIRATOR SOLUTION 250MCG/ML,IPRAVENT RESPIRATOR SOLUTION,RESPIRATOR SOLUTION,15ML,AMB GLASS BOTTE,Cipla Ltd,INDIA,Breathe Free Lanka (Pvt) Ltd
QUETIAPINE TABLETS USP 25MG,QUTIPIN 25,TABLETS,5X10'S 3X10'S,ALU PVC BLISTER,Sun Pharma Laboratories Ltd,INDIA,Emerchemie NB (Ceylon) Ltd
CLOMIPRAMINE TABLETS BP 25MG,CLOMIPRAMINE 25,TABLETS,10X10'S,BLISTER,Alvita Pharma (Pvt) Ltd,INDIA,Chamee Chemist
ETORICOXIB TABLETS 120MG,XIBRA 120,TABLETS,2X10'S,ALU ALU BLISTER,Aristopharma Ltd,BANGLADESH,Hemas Pharmaceuticals (Pvt) Ltd
BUPIVACAINE HYDROCHLORIDE SOLUTION FOR INJECTION 5MG/ML,MARCAINE SPINAL 0.5% HEAVY,SOLUTION FOR INJECTION,5X4ML,GLS AMPOULE,Cenexi 52 Rue Marcel Et Jacques Gaucher,IRELAND,Hemas Pharmaceuticals (Pvt) Ltd
ISOSORBIDE  5-MONONITRATE PROLONGED RELEASE TABLETS 60MG,IMDUR 60,TABLETS,2X10'S,ALU PVC BLISTER,Astra Zeneca Pharmaceuticals Co Ltd,CHINA,Hemas Pharmaceuticals (Pvt) Ltd
CLOTRIMAZOLE CREAM USP 1% W/W,CANDIGEN,CREAM,20 G,ALU COLLAPSIBLE TUBE,Galentic Pharma (india) (Pvt) Ltd,INDIA,Ceyoka (Pvt) Ltd
LEVOCETIRIZINE DIHYDROCHLORIDE TABLETS 5MG,LEVOCIT 5MG,TABLETS,10X10'S,ALU PVC BLISTER,Brookes Pharma (Pvt) Ltd,PAKISTAN,Hemas Pharmaceuticals (Pvt) Ltd
ITRACONAZOLE CAPSULES BP 100MG,ICON,CAPSULES,5X4'S  & 4'S,ALU PVC BLISTER,Ferozsons Laboratories Ltd,PAKISTAN,Emerchemie NB (Ceylon) Ltd
PARACETAMOL TABLETS BP 500MG,KELVIN,TABLETS,"10X10' 10X100,1000'S","ALU PVC,HDPE JAR",Leben Laboratories (Pvt) Ltd,INDIA,Ceyoka (Pvt) Ltd
AZITHROMYCIN TABLETS USP 500MG,ZITHRIN 500,TABLETS,2X6'S 1X1'S,ALU ALU BLISTER,Renata Limited,BANGLADESH,Emerchemie NB (Ceylon) Ltd
SELENIUM SULFIDE TOPICAL SUSPENSION USP 2.5% W/V,SELDRUF,TOPICAL SUSPENSION,"60ML,100ML",HDPE BOTTLE,Galentic Pharma (india) (Pvt) Ltd,INDIA,Ceyoka (Pvt) Ltd
FOLLITROPIN ALFA 900IU/1.5ML (66MCG/1.5ML),GONAL -F,SOLUTION FOR INJECTION,1.5 PE PEN20 NEEDLE,PREFILLE PEN,Merck Serono S P A,ITALY,A Baur & Co  (Pvt) Ltd
METFORMIN HYDROCHLORIDE TABLETS 500MG,D.B.I,TABLETS,"1X10'S, 10X10'S",ALU PVC BLISTER,Quimica Montpellier SA,ARGENTINA,Emerchemie NB (Ceylon) Ltd
METFORMIN TABLETS BP 850MG,METCHEK 850,TABLETS,10X10'S,ALU PVC BLISTER,Indoco Remedies India,INDIA,Hemas Pharmaceuticals (Pvt) Ltd
METHYLPREDNISOLONE POWDER FOR INJECTION 1000MG,SOLU MEDROL,POWDER FOR INJECTION,VIAL POWDER+15.6ML,VIAL POWDER+15.6ML,Pfizer Manufacturing Belgium NV Belgium & Pfizer Health AB Sweden,BELGIUM,Hemas Pharmaceuticals (Pvt) Ltd
CEFOTAXIME FOR INJECTION USP 1G,RAFOTAX,POWDER FOR INJECTION,10ML VIAL,GLASS VIAL,Samrudh Pharmaceutica (Pvt) Ltd,INDIA,Chamee Chemist
CLOXACILLIN SODIUM CAPSULES USP 500MG,ALCLOX 500,CAPSULES,10X10'S 500'S,"ALU PVDC BLS,HDPE JA",Leben Laboratories (Pvt) Ltd,INDIA,Ceyoka (Pvt) Ltd
ACYCLOVIR EYE OINTMENT BP 3% W'W,EYEVIR,EYE OINTMENT,4.5 G,ALU COLLAPSIBLE TUBE,Centaur Pharmaceutical (Pvt) Ltd,INDIA,George Steuart Health Pvt Ltd
"2, 4-DICHLOROBENZYL  ALCOHOL 1.2MG + AMYLMETACRESOL 0.6MG+ VITAMIN C 100MG",STREPSILS ORANGE WITH VITAMIN C,LOZENGES,24'S,ALU CLEAR PVC BLISTE,"Reckitt Benckiser Healthcare Manufacturing (Thailand) Ltd,",THAILAND,Reckitt Benckiser (Lanka) Ltd
AMOXICILLIN AND CLAVULANATE POTASSIUM TABLETS USP 625MG,WELCLAVE 625,TABLETS,10X10'S 2X7'S,ALU ALU BLISTER,Medicef Pharma,INDIA,ABC Pharma Services Pvt. Ltd
CAPECITABINE TABLETS USP 500MG,XELOCEL 500,TABLETS,10X10'S,ALU PVC BLISTER,Celon Laboratories Ltd,INDIA,Medmart Pharma (Pvt) Ltd
ATORVASTATIN TABLETS 20MG,LIPIZIM 20,TABLETS,1X10' 3X10' 5X10',ALU ALU BLISTER,Zim Laboratories Ltd,INDIA,Tabrane Pharmaceuticals (Pvt) Ltd
DESLORATADINE SYRUP 2.5MG/5ML,DESLONA SYRUP,SYRUP,60ML,AMB COL PET BOTTLE,Globe Pharmaceuticals Ltd,BANGLADESH,Tabrane Healthcare (Pvt) Ltd
PERMETHRIN LOTION 5% W/W,A-SCABS,LOTION,30ML,WHITE PLASTIC BOTTLE,Hoe Pharmaceuticals SDN BHD,MALAYSIA,Indoscan (Pvt) Ltd
MENOTROPIN (HUMAN MENOPAUSAL GONADOTROPIN ) FOR INJECTION 75IU,IVF-M 75,POWDER FOR SOLUTION FOR INJECTION,1'S+1ML(SINGLE VIAL),USP TY 1 GLASS,L G Chem Ltd,KOREA,ABC Pharma Services Pvt. Ltd
OLANZAPINE TABLETS USP 5MG,ZAPINE 5,TABLETS,3X10' 1X10' 5X10',ALU ALU BLISTER,Zim Laboratories Ltd,INDIA,Tabrane Pharmaceuticals (Pvt) Ltd
LEVOFLOXACIN TABLETS USP 500MG,LIVOX 500,TABLETS,10X10'S,ALU PVC BLISTER,Zee Laboratories,INDIA,ABC Pharma Services Pvt. Ltd
CHLORAMPHENICOL OPHTHALMIC OINTMENT USP 1% W/W,OCUMYCIN,EYE OINTMENT,"3.5G,5G",ALU.COLLAPSIBLE TUBE,Centaur Pharmaceutical (Pvt) Ltd,INDIA,George Steuart Health Pvt Ltd
DIAZEPAM INJECTION B.P 10MG/2ML,***,INJECTION,2ML X 10'S,USP TY 1 GLASS AMPO,Mercury Laboratories Ltd,INDIA,Yaden International (Pvt) Ltd
ENOXAPARIN SODIUM INJECTION USP 40MG/0.4ML,CUTENOX,INJECTION,"1X0.4 ML,6X0.4 ML",0.4ML PFS,Gland Pharma  Ltd,INDIA,ABC Pharma Services Pvt. Ltd
SPIRONOLACTONE TABLETS BP 25MG,SPILLAR 25,TABLETS,10X10'S,ALU PVC BLISTER,Centaur Pharmaceutical (Pvt) Ltd,INDIA,George Steuart Health Pvt Ltd
FUSIDIC ACID 2% W/W,FOBAN,CREAM,"5G, 15G",ALU COLLAPSIBLE TUBE,Hoe Pharmaceuticals SDN BHD,MALAYSIA,Indoscan (Pvt) Ltd
MORPHINE SULPHATE INJECTION BP 1MG/ML,VERMOR 1,INJECTION,10X2ML,AMB GLS AMPOULE,Verve Human Care Laboratories,INDIA,Leader Pharma Agency (Pvt) Ltd
BETAHISTINE DIHYDROCHLORIDE TABLETS BP 8MG,HISTAVERT 8,TABLETS,6X15' 2X15' 1X2',ALU ALU BLISTER,Pulse Pharmaceuticals (Pvt) Ltd,INDIA,George Steuart Health Pvt Ltd
SODIUM BIPHOSPHATE USP 19 G AND SODIUM PHOSPHATE USP 7G SOLUTION,UNI-MA-ENEMA,ENEMA,133ML,LDPE BOTTLE,Unison Laboratories Co Ltd,THAILAND,Sunshine Healthcare lanka Ltd
GLIMEPIRIDE TABLETS USP 4MG,GLIMITAB 4,TABLETS,10X10'S,ALU PVC BLISTER,Centaur Pharmaceutical (Pvt) Ltd,INDIA,George Steuart Health Pvt Ltd
TOPIRAMATE TABLETS 25MG,TOPIROL 25,TABLETS,5X10'S,BLISTER,Sun Pharmaceutical industries,INDIA,Emerchemie NB (Ceylon) Ltd
CAPECITABINE TABLETS USP 500MG,CITABIN,TABLETS,5X10'S,ALU PVC STRIP,United Biotech (P) Limited,INDIA,George Steuart Health Pvt Ltd
ESOMEPRAZOLE TABLETS 20MG,ESOZOLE 20,ENTERIC COATED TABLETS,10X10'S,ALU ALU BLISTER,Sunrise International LabS Ltd,INDIA,Zyrex Pharmaceuticals (Pvt) Ltd
FENTANYL SOLUTION FOR INJECTION USP 50MCG/ML (100MCG/2ML),***,SOLUTION FOR INJECTION,10X10'S,GLASS AMPOULE,Macarthys Laboratories Ltd,UNITED KINGDOM,Niix Holdings (Pvt) Ltd
DEXAMETHORPHAN HYDROBROMIDE BP 10MG+CHLORPHENIRAMINE MALEATE BP 2MG+PHENYLEPHRINE HYDROCHLORIDE BP 5MG/5 ML SYRUP,LIBITUS,SYRUP,"100ML, 500ML","AMB/CLE PET BOTTLE,",Leben Laboratories (Pvt) Ltd,INDIA,Ceyoka (Pvt) Ltd
FAMOTIDINE TABLETS USP 20MG,FOTIDIN,TABLETS,3X10'S,ALU ALU STRIP,Bajaj Healthcare Ltd,INDIA,Chamee Chemist
ROSUVASTATIN TABLETS IP 5MG,ROSULIP-5,TABLETS,3X10'S,ALU ALU BLISTER,Cipla Ltd,INDIA,Breathe Free Lanka (Pvt) Ltd
WARFARIN TABLETS BP 1MG,AZWAR 1,TABLETS,"1000'S , 10X10'S",HDPE JAR/ALU/PVC BLI,Alvita Pharma (Pvt) Ltd,INDIA,Chamee Chemist
DESLORATADINE TABLETS 5MG,DAZIT,TABLETS,3X10'S,BLISTER,Sun Pharmaceutical industries,INDIA,Emerchemie NB (Ceylon) Ltd
PALONOSETRON TABLETS 0.5MG,PALOXI,TABLETS,2X10'S & 3X10'S,ALU ALU BLISTER,Beacon Pharmaceuticals Ltd,BANGLADESH,Emerchemie NB (Ceylon) Ltd
SODIUM VALPROATE ENTERIC COATED TABLETS BP 200MG,VALPARIN 200 ALKALETS,ENTERIC COATED TABLETS,10X10'S,ALU ALU STRIP,Torrent Pharmaceuticals Ltd,INDIA,Edna Medicals (Pvt) Ltd
ATORVASTATIN TABLETS 20MG,OPTILIP 20,TABLETS,10X10'S,ALU ALU BLISTER,Atoz Pharmaceuticals (Pvt) Ltd,INDIA,Euro Asian Pharma (Pvt) Ltd
ETORICOXIB TABLETS 60MG,XIBRA 60,TABLETS,3X10'S,ALU ALU BLISTER,Aristo Pharmaceuticals Ltd,BANGLADESH,Hemas Pharmaceuticals (Pvt) Ltd
CLOZAPINE TABLETS USP 100MG,CLOZINE,TABLETS,"2X5X10'S,10X5X10",ALU PVCPVDC&AMBER BL,Celogen Lanka (Pvt) Ltd,SRI LANKA,***
VANCOMYCIN HYDROCHLORIDE FOR INJECTION USP 500MG,VAMOCIN,POWDER FOR INJECTION,10ML,USP TY 1 GLS VIAL,Gufic Biosciences Pvt Ltd,INDIA,Slim Pharmaceuticals (Pvt) Ltd
BOSENTAN TABLETS 62.5MG,BOSENTAS 62.5,TABLETS,2X10'S,ALU PVC/PE PVDC BLIS,Cipla Limited,INDIA,Breathe Free Lanka (Pvt) Ltd
SODIUM VALPROATE TABLETS BP 200MG,VALPORAL 200,TABLETS,10X10'S,ALU ALU BLISTER,Hiral Labs Ltd,INDIA,MAPS Pharma (Pvt) Ltd
SIMETHICONE CHEWABLE TABLETS 80MG,AIR-X,CHEWABLE TABLETS,10X50'S 10X10'S,ALU STRIP,R X Manufacturing Co. Ltd,THAILAND,Emerchemie NB (Ceylon) Ltd
RECOMBINANT Rhu -HUMAN THROMBOPOIETIN INJECTION 15000 U/ML,TPIAO,INJECTION,10X1ML VIAL/PACK,GLASS VIAL TY 1,Shenyang Sunshine Pharmaceutical Co. ltd,CHINA,Ceyoka (Pvt) Ltd
RECOMBINANT HUMAN THROMBOPOIETIN INJECTION 7500 IU/ML,TPIAO,INJECTION,10 X1ML VIALS/PACK,GLASS VIAL TY 1,Shenyang Sunshine Pharmaceutical Co. ltd,CHINA,Ceyoka (Pvt) Ltd
ASPIRIN DELAYED RELEASE TABLETS USP 150MG,ECORIN 150,TABLETS,10X10'S,ALU STRIP PACK,USV Private Limited,INDIA,Hemas Pharmaceuticals (Pvt) Ltd
SALBUTAMOL INHALATION POWDER PRE DISPENSED BP CAPSULES 400MCG,SALBUVENT 400,DRY POWDER CAPSULES,10X10'S,ALU PVDC BLISTER,Lina Manufacturing (Pvt) Ltd,SRI LANKA,***
PARACETAMOL TABLETS BP 500MG,PARARIGHT,TABLETS,"10X10'S, 1000'S",HDPE JAR/BLISTER,Alvita Pharma (Pvt) Ltd,INDIA,Chamee Chemist
URSODEOXYCHOLIC ACID TABLETS BP 300MG,UDIHEP FORTE,TABLETS,10X5'S,BLISTER,Win Medicare Ltd,INDIA,Robert Hall & Co Ltd
RABEPRAZOLE SODIUM TABLETS 10MG,RABELOC 10,TABLETS,10X10'S,ALU ALU BLISTER,Cadila pharmaceuticals Ltd,INDIA,Sunshine Healthcare lanka Ltd
KETOCONAZOLE CREAM 2% W/W,DEZOR CREAM,CREAM,15 G,ALU COLL. TUBE,Hoe Pharmaceuticals SDN BHD,MALAYSIA,Indoscan (Pvt) Ltd
CEFUROXIME AXETIL TABLETS USP 500MG,CHIFUROX 500,TABLETS,1X10'S,ALU ALU STRIP,Chiros Pharma,INDIA,Cliniqon Biotech Pvt. Ltd
GLIBENCLAMIDE TABLETS BP 5MG,GEMID 5,TABLETS,10X10'S & 500 TAB,BLISTER HDPE,Maxtar Bio-Genics India,INDIA,Pharma Associates (Pvt) Ltd
NEBIVOLOL TABLETS 5MG,NEBIVAS 5,TABLETS,"5X10'S, 1X4'S",ALU ALU BLISTER,Atoz Pharmaceuticals (Pvt) Ltd,INDIA,Euro Asian Pharma (Pvt) Ltd
TIZANIDINE TABLETS USP  4MG,MULAX-4,TABLETS,5X10'S,ALU ALU BLISTER,Atoz Pharmaceuticals (Pvt) Ltd,INDIA,Euro Asian Pharma (Pvt) Ltd
POVIDONE IODINE CLEANSING SOLUTION USP 7.5% W/V,BETADINE SURGICAL SCRUB,TOPICAL SOLUTION,50ML/500ML,AMB PET BOTTLE/HDPE,G S Pharmabutor (Pvt) Ltd,INDIA,Robert Hall & Co Ltd
CLOMIFENE CITRATE TABLETS BP 50MG,OVA-MIT,TABLETS,10'S,ALU PVC BLISTER,Remedica limited,CYPRUS,Kandana Food & Drugs (Pvt) Ltd
ADRENALINE INJECTION BP 1MG IN IML,**,INJECTION,1MLX10,GLASS AMPOULE,Steril Gene Life Sciences (Pvt) Ltd,INDIA,Pharma Associates (Pvt) Ltd
GLIMEPIRIDE TABLETS USP 2MG,GLIMIWEL 2,TABLETS,3X10'S,ALU ALU BLISTER,Akums Drugs & Pharmaceuticals Ltd,INDIA,Steriix Healthcare (Pvt) Ltd
LORATADINE TABLETS USP 10MG,LORAHIST,TABLETS,3X10'S 10X10'S,PVC BLISTER,Medopharm (PVT Ltd,INDIA,Sunshine Healthcare lanka Ltd
CLINDAMYCIN HYDROCHLORIDE CAPSULES USP 300MG,CLIMYCIN 300,CAPSULES,3X10'S,ALU PVC BLISTER,Square Pharmaceuticals Ltd,BANGLADESH,CIC Holdings PLC
MONTELUKAST SODIUM TABLETS USP 10MG,AERON,TABLETS,2X6'S,ALU ALU BLISTER,Healthcare Pharmaceuticals Limited,BANGLADESH,Citihealth Imports (Pvt) Ltd
RAMIPRIL TABLETS BP 2.5MG,PREFACE 2.5,TABLETS,10X10'S,BLISTER,Centaur Pharmaceutical (Pvt) Ltd,INDIA,George Steuart Health Pvt Ltd
MUPIROCIN OINTMENT USP 2% W/W,MUPRICON,OINTMENT,5G,ALU.COLL .TUBE,Indchemie Health Specialities (Pvt) Ltd,INDIA,Pharma Associates (Pvt) Ltd
CEFALEXIN ORAL SUSPENSION B.P 125MG/5ML,SPORIDEX,ORAL SUSPENSION,100ML,HDPE BOTTLE,Sun Pharmaceutical industries,INDIA,Hemas Pharmaceuticals (Pvt) Ltd
HYDROCORTISONE TABLETS USP 10MG,***,TABLETS,"10X10'S,100'S,3X10'S",BLISTER HDPE JAR,Bajaj Healthcare Ltd,INDIA,Chamee Chemist
LOSARTAN POTASSIUM TABLETS USP 50MG,COSART 50,TABLETS,10X10'S 20X10'S 5X10,ALU ALU BLISTER,Zim Laboratories Ltd,INDIA,Tabrane Pharmaceuticals (Pvt) Ltd
AMOXICILLIN & CLAVULANATE POTASSIUM USP 625MG,NUMOLAV 625,TABLETS,2X10'S,ALU ALU BLISTER,Saitech Mediccare (Pvt) Ltd,INDIA,Cliniqon Biotech Pvt. Ltd
DOXYCYCLINE TABLETS USP 100MG,REMYCIN 100,FILM COA TABLETS,10X10'S,ALU PVC BLISTER,Remedica limited,CYPRUS,Kandana Food & Drugs (Pvt) Ltd
MOMETASONE FUROATE OINTMENT 0.1% W/W,ELOSONE,OINTMENT,"5G, 15G",ALU COLL TUBE,Hoe Pharmaceuticals SDN BHD,MALAYSIA,Indoscan (Pvt) Ltd
INTERFERON BETA-1A  22MCG / 0.5ML,REBIF (REBIDOSE),SOLUTION FOR INJECTION,12 PF PEN0.5ML SOLUT,PRE FILLED PEN,Merck Serono S P A,ITALY,A Baur & Co  (Pvt) Ltd
FUSIDIC ACID CREAM 20MG/G,FUCIDIN,CREAM,"5G, 15G",ALU COLL. TUBE,Leo Laboratories Ltd,IRELAND,Hemas Pharmaceuticals (Pvt) Ltd
SODIUM FUSIDATE OINTMENT 20MG/G,FUCIDIN,OINTMENT,5G,ALU COLLAP TUBE,Leo Laboratories Ltd,IRELAND,Hemas Pharmaceuticals (Pvt) Ltd
PARACETAMOL (PAEDRIATIC) ORAL SOLUTION B.P 120MG/5ML,***,ORAL SOLUTION,"100ML, 60ML",PET BOTTLE,Diyatha Pharmaceuticals & Healthcare (Pvt) Ltd,SRI LANKA,***
TETRACYCLINE HYDROCHLORIDE OPHTHALMIC OINTMENT USP 1% W/W,OCUCYCLINE,EYE OINTMENT,"3.5G, 5G",ALU COLL.TUBE,Centaur Pharmaceutical (Pvt) Ltd,INDIA,George Steuart Health Pvt Ltd
CLOPIDOGREL TABLETS USP 75MG,***,TABLETS,500'S,HDPE BOTTLE,State Pharmaceuticals Manufacturer Corporation,SRI LANKA,***
VITAMIN B COMPLEX TABLETS ( THIAMINE HCL(B 1) 1MG+RIBOFLAVIN (B 2)1MG+NICOTINAMIDE BP 10MG),***,TABLETS,2000'S,HDPE JAR,State Pharmaceuticals Manufacturer Corporation,SRI LANKA,***
AMOXICILLIN CAPSULES BP 500MG,***,CAPSULES,"10X10'S, 500'S",ALU PVC BLISTER/HDPE,State Pharmaceuticals Manufacturer Corporation,SRI LANKA,***
LEVOTHYROXINE TABLETS IP 50MCG,***,TABLETS,"100'S , 10X10'S",HDPE BOT & BLI.STRIP,State Pharmaceuticals Manufacturer Corporation,SRI LANKA,***
CARBAMAZEPINE TABLETS BP 200MG,***,TABLETS,500'S 1000'S,HDPE BOTTLE,State Pharmaceuticals Manufacturer Corporation,SRI LANKA,***
ROSUVASTATIN TABLETS USP 5MG,ROSWISS 5,TABLETS,10X10'S,ALU ALU BLISTER,Swiss Garnier Life Scences,INDIA,George Steuart Health Pvt Ltd
CALCIUM LACTATE TABLETS BP 300MG,***,TABLETS,10X10S 20X10S 1000S,ALU PVC HDPE BLS/JAR,Bajaj Healthcare Ltd,INDIA,Chamee Chemist
AMOROLFINE HYDROCHLODIDE CREAM 0.25%,LOCERYL CREM,CREAM,"10G ,30G",ALU COLL TUBE,Encube Ethicals (Pvt) Ltd,INDIA,Sunshine Healthcare lanka Ltd
GASTRO RESISTANT DICLOFENAC TABLETS BP 50MG,ARNIL 50,ENTERIC COATED TABLETS,10X10'S,ALU PVC BLISTER,Brookes Pharma (Pvt) Ltd,PAKISTAN,Hemas Pharmaceuticals (Pvt) Ltd
ROSUVASTATIN TABLETS USP 10MG,ROSWISS 10,TABLETS,10X10'S,ALU ALU BLISTER,Swiss Garnier Life Scences,INDIA,George Steuart Health Pvt Ltd
RAMIPRIL TABLETS IP 2.5MG,CARDACE 2.5,TABLETS,"3X30'S, 2'S",ALU PVC BLISTER,Sanofi India Ltd,INDIA,A Baur & Co  (Pvt) Ltd
DICLOFENAC SODIUM SUPPOSITORIES 50MG,VOLTAREN,SUPPOSITORY,10'S,PVC LDPE BLISTER,Delpharm Huningue S.A.A,FRANCE,A Baur & Co  (Pvt) Ltd
GLICLAZIDE TABLETS BP  80MG,GLICLARIGHT,TABLETS,"1000'S, 10X10'S",HDPE JAR/ALU ALU BLI,Alvita Pharma (Pvt) Ltd,INDIA,Chamee Chemist
SUCRALFATE SUSPENSION 1G /10ML,SUCRAFIL SUSPENSION,ORAL SUSPENSION,200ML,AMB COL.PET BOTTLE,Fourrts (India) Laboratories Ltd,INDIA,Sunshine Healthcare lanka Ltd
PROCHLORPERAZINE TABLETS BP 5MG,MAXTIL,TABLETS,1000'S 15X20'S TAB,"HDPE JAR,ALU BLISTER",Maxtar Bio-Genics India,INDIA,Pharma Associates (Pvt) Ltd
PYRIDOSTIGMINE BROMIDE TABLETS 60MG,MESTINON,TABLETS,150'S,AMB COL.GLASS BOTTLE,"ICN Polfa Rzesow SA,Poland for Valeant Pharmaceuticals Switzerland",SWITZERLAND,A Baur & Co  (Pvt) Ltd
TOCILIZUMAB INJECTION 20MG VIAL,ACTEMRA,CONCENTRATE FOR SOLUTION FOR INFUSION,"80MG/4ML,200MG/10ML",GLASS VIAL,Chugai Pharma Manufacturing Co Ltd Japan made for F Hoffmann La Roche Ltd,SWITZERLAND,A Baur & Co  (Pvt) Ltd
LEVONORGESTREL TABLETS BP 1.5MG,EMCON I,TABLETS,1'S,ALU PVC BLISTER,Renata Limited,BANGLADESH,Population Services Lanka
PERINDOPRIL ARGININE 2.5MG + INDAPAMIDE 0.625MG TABLETS,PRETERAX 2.5MG/0.625MG,TABLETS,30'S,PLASTIC BOTTLE,Les Laboratories Servier,FRANCE,Hemas Pharmaceuticals (Pvt) Ltd
AZITHROMYCIN FOR ORAL SUSPENSION USP 200MG/5ML,ROZITH,ORAL SUSPENSION,35ML & 15ML,AMB GLASS BOTTLE,Healthcare Pharmaceuticals,BANGLADESH,Citihealth Imports (Pvt) Ltd
ONDANSETRON INJECTION USP 2 MG/ML,ONASERON,INJECTION,1X5'S,4ML AMBER GLASS AMPO,Incepta Pharmaceuticals Ltd,BANGLADESH,Citihealth Imports (Pvt) Ltd
ESOMEPRAZOLE MAGNESIUM DELAYED RELEASE CAPSULES USP 20MG,ESPELL 20,CAPSULES,10X10'S,ALU ALU BLISTER,Pell Tech Health Care (Pvt) Ltd,INDIA,Medstar Healthcare (Pvt) Ltd
CIPROFLOXACIN TABLETS USP 250MG,***,TABLETS,"500's & 1000's,10X10","HDPE ,ALU PVC BLISTE",State Pharmaceuticals Manufacturer Corporation,SRI LANKA,***
DICLOFENAC SODIUM SUPPOSITORIES 12.5MG,DICLOVIN 12.5,SUPPOSITORY,2X6'S,PVC PE FOIL,Bliss GVS Pharma Ltd,INDIA,Sunshine Healthcare lanka Ltd
THEOPHYLLINE EXTENDED RELEASE TABLETS 125MG,***,TABLETS,"250'S, 1000'S",HDPE CONTAINER,State Pharmaceuticals Manufacturer Corporation,SRI LANKA,***
GLICLAZIDE TABLETS BP 40MG,GLIZ 40,TABLETS,"10X10'S, 500'S","ALU PVC BLISTER, HDP",Bajaj Healthcare Ltd,INDIA,Chamee Chemist
MEFENAMIC ACID TABLETS BP 250MG,INPEL,TABLETS,"10X10;S, 500'S",BLISTER/JAR,Bafna Pharmaceuticals Ltd,INDIA,Pharma Associates
CYCLOPENTOLATE  EYE DROP 1%W/V BP,AUROPENT,EYE DROPS,5ML,LDPE DROPPER BOTTLE,Aurolab,INDIA,Lenstech Innovations Pvt Ltd
MEBENDAZOLE TABLETS USP 500MG,WERMOZIM 500,TABLETS,20X1'S 100X1'S 10X1',ALU PVC BLISTER,Zim Laboratories Ltd,INDIA,Tabrane Pharmaceuticals (Pvt) Ltd
BECLOMETHASONE INHALATION POWDER.PRE-DISPENSED BP 200 MCG,BECLOVENT 200,DRY POWDER INHALATION CAPSULES,10x10's,ALU PVDC BLISTER,Lina Manufacturing (Pvt) Ltd,SRI LANKA,***
INACTIVATED POLIOMYELITIS VACCINE-TRIVALENT SUSPENSION FOR INJECTION 2.5ML (5 DOSES VIAL)(MULTIDOSE VIAL)(POLIOMYELITIS VACCINE MULTIDOSE),***,SUSPENSION FOR INJECTION,5 DOSE VIAL/PACK,TY 1 GLAS VAL,Bilthoven Biological B V,NETHERLANDS,Citihealth Imports (Pvt) Ltd
DRIED ALUMINIUM HYDROXIDE BP 250MG + MAGNESIUM HYDROXIDE BP 250MG + SIMETHICONE BP 50MG + OXETACAINE BP 10MG /5 ML SUSPENSION,ACIFREE O SUSPENSION,ORAL SUSPENSION,170 ML,AMB.COL PET BOTTLE,Sai Mirra Innopharm (Pvt) Ltd,INDIA,Sunshine Healthcare lanka Ltd
IOPAMIDOL INJECTION USP 755.3MG/ML (Equivalent to 370mg Iodine/ml),PAMIDOL 370,INJECTION,"50ML,100ML",USP TY 1 GLS VIAL,Unique Pharmaceutical Laboratories,INDIA,George Steuart Health Pvt Ltd
ALBUMIN HUMAN SOLUTION FOR INFUSION 20%,ALBURX 20%,SOLUTION FOR IV INFUSION,50ML & 100ML,VIAL,CSL Behring AG,SWITZERLAND,ABC Pharma Services Pvt. Ltd
"2, 4-DICHLOROBENZYL ALCOHOL 1.2MG + AMYLMETACRESOL 0.6MG LOZENGES",STREPSILS SOOTHING HONEY AND LEMON,LOZENGES,24'S.2's,"ALU PVC BLIS,POUCH","Reckitt Benckiser Healthcare Manufacturing (Thailand) Ltd,",THAILAND,Reckitt Benckiser (Lanka) Ltd
PROMETHAZINE HYDROCHLORIDE INJECTION BP 25MG/ML,***,INJECTION,10X1ML AMPOULES,AMPOULE,Samrudh Pharmaceutica (Pvt) Ltd,INDIA,Chamee Chemist
FERROUS FUMARATE 310MG & FOLIC ACID 0.35MG TABLETS,FOLIRON,FILM COA TABLETS,5X10'S,ALI PVC BLISTER,Remedica limited,CYPRUS,Kandana Food & Drugs (Pvt) Ltd
GASTRO RESISTANT OMEPRAZOLE CAPSULES BP 20MG,OMEPELL 20,CAPSULES,10X10'S,STRIP PACK,Pell Tech Health Care (Pvt) Ltd,INDIA,Medstar Healthcare (Pvt) Ltd
TAMSULOSIN HYDROCHLORIDE CAPSULES USP 0.4MG,URIFLO,CAPSULES,"3X10'S,10X10'S",ALU PVC BLISTER,Emergen Life Sciences (Pvt) Ltd,SRI LANKA,***
TELMISARTAN TABLETS USP  20MG,TELCARD 20,TABLETS,3X10'S 1X10'S 5X10'S,ALU ALU BLISTER,Zim Laboratories Ltd,INDIA,Tabrane Pharmaceuticals (Pvt) Ltd
MICONAZOLE CREAM BP 2% W/W,***,CREAM,15G TUBE/PACK,ALU COLLAPSIBLE TUBE,Flexus Pharma (Pvt) Ltd,SRI LANKA,***
LEVOFLOXACIN TABLETS USP 250MG,WARIOR,TABLETS,1X10'S,ALU PVC BLISTER,Nabiqasim Industries (Pvt) Ltd,PAKISTAN,George Steuart Health Pvt Ltd
AZITHROMYCIN TABLETS USP 500MG,ZETRO,TABLETS,3'S,ALU ALU BLISTER,Getz Pharma (Pvt) Ltd,PAKISTAN,Hemas Pharmaceuticals (Pvt) Ltd
BEVACIZUMAB CONCENTRATE SOLUTION FOR INFUSION 25MG/ML,AVASTIN,INJECTION,4ML (100MG)VIAL/PACK,GLASS VIAL,Genentech Inc,UNITED STATES,A Baur & Co  (Pvt) Ltd
FONDAPARINUX SODIUM INJECTION 2.5mg/0.5ml,ARIXTRA,SOLUTION FOR INJECTION,1ML(10PFS),PRE FILLED GLS SYRIN,Aspen Notre Dame De Bondeville,FRANCE,Sonali & Sudesh
METRONIDAZOLE INJECTION USP 0.5%,AXAGYL,INJECTION,100ML,LDPE BOTTLE,Axa Parenterals Ltd,INDIA,Chamee Chemist
CALCIPOTRIOL 50MCG & BETAMETHASONE 0.5MG/ 1G GEL,DAIVOBET GEL,TOPICAL GEL,15G,HDPE BOTTLE,Leo Laboratories Ltd,DENMARK,Hemas Pharmaceuticals (Pvt) Ltd
CLIOQUINOL 3% & DEXAMETHASONE SODIUM PHOSPHATE 0.05% W/W OINTMENT,DEXAQUIN,OINTMENT,15G,ALU COLL TUBE,Cadila pharmaceuticals Ltd,INDIA,Sunshine Healthcare lanka Ltd
VITAMIN B COMPLEX WITH IRON SYRUP,DUROL,SYRUP,"100ML,200ML",AMB GLASS BOTTLE,Astron Limited,SRI LANKA,***
IBUPROFEN TABLETS BP 200MG,IBUT 200,TABLETS,"10X10'S, 1000'S",ALU PVC BLISTER/HDPE,Leben Laboratories (Pvt) Ltd,INDIA,Ceyoka (Pvt) Ltd
RABEPRAZOLE GASTRO RESISTANT TABLETS IP 20MG,RBEN 20,ENTERIC COATED TABLETS,3X10 3X5X10 2X10,ALU ALU BLISTER,Leben Laboratories (Pvt) Ltd,INDIA,Ceyoka (Pvt) Ltd
METOCLOPRAMIDE TABLETS BP 10MG,REGURG,TABLETS,10X2X10'S 1000'S,ALU PVC BLISTER/HDPE,Leben Laboratories (Pvt) Ltd,INDIA,Ceyoka (Pvt) Ltd
CEPHALEXIN CAPSULES USP 500MG,CEFASTAR 500,CAPSULES,6X10'S,ALU PVDC BLISTER,Unimax Laboratories,INDIA,Hemas Pharmaceuticals (Pvt) Ltd
FEXOFENADINE HYDROCHLORIDE TABLETS USP 180MG,ALGITAB 180,TABLETS,1X10'S,ALU ALU BLISTER,Platinum Pharmaceuticals (Pvt) Ltd,PAKISTAN,George Steuart Health Pvt Ltd
AMOXICILLIN FOR ORAL SUSPENSION U.S.P 125MG/5ML,AXCIL,POWDER FOR SUSPENSION,100ML/BOTTLE,AMB GLASS BOTTLE,Astron Limited,SRI LANKA,***
MEROPENEM FOR INJECTION USP 1G,MEROFEN 1,POWDER FOR INJECTION,1'S,TYPE 1 GLASS VIAL,PT Dankos Farma,INDONESIA,Hemas Pharmaceuticals (Pvt) Ltd
ATRACURIUM BESYLATE INJECTION USP 10MG/ML,TROYCURIUM,INJECTION,2.5ML X5'S,GLASS AMPOU,Troikaa Pharmaceuticals Ltd,INDIA,Slim Pharmaceuticals (Pvt) Ltd
LEVOFLOXACIN TABLETS USP 250MG,LEFLOX,TABLETS,10'S,ALU ALU BLISTER,Getz Pharma (Pvt) Ltd,PAKISTAN,Hemas Pharmaceuticals (Pvt) Ltd
LEVONORGESTREL 0.15MG+ETHINYLESTRADIOL 0.03MG(21 TABLETS) & TABLETS OF FERROUS FUMARATE BP 75MG(7 TABLETS),MICROGYNON ED Fe,TABLETS,3X28'S,"PVC PE EVOH,PE/PCTFE",Bayer Weiner GmbH & Co. KC  Germany for Bayer Pharma AG Germany,GERMANY,Hemas Pharmaceuticals (Pvt) Ltd
HYDROCORTISONE CREAM USP 0.5% W/W,ASTROCORT,CREAM,10G,ALU COLLAP.TUBE,Astron Limited,SRI LANKA,***
SPIRONOLACTONE TABLETS BP 25MG,ALDACTONE-A,TABLETS,"100'S,250'","GLASS ,HDPE BOTTLE",The Searle Company Ltd,PAKISTAN,Morison Limited
CLARITHROMYCIN TABLETS USP 500MG,CLARITEK,FILM COA TABLETS,10'S,ALU ALU BLISTER,Getz Pharma (Pvt) Ltd,PAKISTAN,Hemas Pharmaceuticals (Pvt) Ltd
IRON SUCROSE INJECTION USP 20MG/ML,ZYPIRON 20,INJECTION,5X5ML,TY I GLASS VIAL,Cadila Healthcare Ltd,INDIA,Hemas Pharmaceuticals (Pvt) Ltd
CEFUROXIME AXETIL TABLETS USP 250MG,CEFTIL 250,TABLETS,10X1X10 10X10 1X10,BLISTER,Sterling Lab,INDIA,Darley Butler  & Co Ltd
BROMHEXINE HYDROCHLORIDE TABLETS 8MG,SOLVIN,TABLETS,10X10'S 1X4'S,STRIP,IPCA Laboratories,INDIA,Emar Pharma (Pvt) Ltd
CLOTRIMAZOLE VAGINAL TABLETS  200MG,MYCORIL 200,TABLETS,3'S,ALU ALU STRIP,Remedica limited,CYPRUS,Kandana Food & Drugs (Pvt) Ltd
IOHEXOL INJECTION USP 300MG I/ML,JODASCAN 300,INJECTION,"20,50,75,100,200 ML",USP TYPE1 GL VIAL,Jodas Expoim Pvt Ltd,INDIA,Softcare International (Pvt) Ltd
CHLORPHENIRAMINE MALEATE ORAL SOLUTION USP 2MG/5ML,***,ORAL SOLUTION,"60,100,500,750ML",PET BOTTLE,Diyatha Pharmaceuticals & Healthcare (Pvt) Ltd,SRI LANKA,***
CHLORPHENIRAMINE MALEATE ORAL SOLUTION USP 2MG/5ML,***,ORAL SOLUTION,"60ML,100ML,500ML,750",AMB COL PET BOTTLE,Diyatha Pharmaceuticals & Healthcare (Pvt) Ltd,SRI LANKA,***
ATORVASTATIN CALCIUM TABLETS 40MG,ATORVA 40,TABLETS,10X10'S,ALU ALU STRIP PACK,ZYDUS LIFESCIENCES LIMITED,INDIA,Sunshine Healthcare lanka Ltd
PANTOPRAZOLE SODIUM DELAYED RELEASE TABLETS USP 40MG,PANTODAC 40,ENTERIC COATED TABLETS,15X10'S,ALU ALU BLISTER,ZYDUS LIFESCIENCES LIMITED,INDIA,Sunshine Healthcare lanka Ltd
AMLODIPINE TABLETS 5MG,CALCHEK  5,TABLETS,3X10'S,STRIP,IPCA Laboratories,INDIA,Emar Pharma (Pvt) Ltd
ESOMEPRAZOLE DELAYED RELEASE CAPSULES USP 40MG,ESPELL 40,CAPSULES,10X10'S,ALU ALU BLISTER,Pell Tech Health Care (Pvt) Ltd,INDIA,Medstar Healthcare (Pvt) Ltd
ALBENDAZOLE TABLETS USP 400MG,ABZ,TABLETS,"1' & 25x1',10x10'",ALU PVC BLISTER,Indoco Remedies India,INDIA,Hemas Pharmaceuticals (Pvt) Ltd
PANTOPRAZOLE SODIUM DELAYED RELEASE TABLETS USP 40MG,PREGEL,TABLETS,3X10'S,ALU ALU BLISTER,Healthcare Pharmaceuticals Limited,BANGLADESH,Citihealth Imports (Pvt) Ltd
IRON III HYDROXIDE 100MG+FOLIC ACID 0.75MG TABLETS,APOFER-F,CHEWABLE TABLETS,3X10'S,ALU ALU BLISTER,Platinum Pharmaceuticals (Pvt) Ltd,PAKISTAN,George Steuart Health Pvt Ltd
IMIPENEM AND CILASTATIN FOR INJECTION USP 500MG,CILANEM,INJECTION,30ML VIAL/PACK,CLEAR GLASS VIAL,Sun Pharmaceutical industries,INDIA,Hemas Pharmaceuticals (Pvt) Ltd
DEXAMETHASONE SODIUM PHOSPHATE INJECTION USP 8MG/2ML,DEXARIGHT,INJECTION,2ML,AMB GLASS VIAL,Alvita Pharma (Pvt) Ltd,INDIA,Chamee Chemist
OXCARBAZEPINE TABLETS USP 150MG,***,TABLETS,100 TABLETS,PLASTIC JAR,Treffer Pharmaceuticals,INDIA,Yaden International (Pvt) Ltd
SILVER SULFADIAZINE CREAM USP 1 % W/W,SILVIRIN,CREAM,20G,ALU COLLAPSIBLE TUBE,Raptakos Brett & Company Ltd,INDIA,Pharma Associates
GLICLAZIDE TABLETS BP 40MG,GLYCINORM 40,TABLETS,"10X10,",PVDC BLISTER,IPCA Laboratories,INDIA,Emar Pharma (Pvt) Ltd
IBUPROFEN TABLETS B.P 400MG,IBUT 400,TABLETS,10X10'S 500'S 1000'S,"ALU PVC BLIS,HDPE CO",Leben Laboratories (Pvt) Ltd,INDIA,Ceyoka (Pvt) Ltd
IVABRADINE TABLETS 5MG,IVADINE 5,TABLETS,5X10' 1X4'S,BLISTER PACK,Atoz Pharmaceuticals (Pvt) Ltd,INDIA,Euro Asian Pharma (Pvt) Ltd
SODIUM FUSIDATE OINTMENT BP 2%,FUSIMED,OINTMENT,"5G,15G",ALUMINIUM TUBES,Medicon Pharmaceuticals Ltd,BANGLADESH,Tranz Pharma Hodlings (Pvt) Ltd
FEXOFENADINE HYDROCHLORIDE TABLETS BP 120MG,FEXET,TABLETS,2X10'S,ALU ALU BLISTER,Getz Pharma (Pvt) Ltd,PAKISTAN,Hemas Pharmaceuticals (Pvt) Ltd
DICLOFENAC SODIUM SUPPOSITORIES 100MG,REMETHAN 100,SUPPOSITORIES,5'S,PVC PE STRIP PACK,Remedica limited,CYPRUS,Kandana Food & Drugs (Pvt) Ltd
LATANOPROST 50MCG/ML + TIMOLOL 5MG/ML EYE DROPS,XALACOM,EYE DROPS,2.5ML BOTTLE/PACK`,PLASTIC BOTTLE,Pfizer Manufacturing Belgium NV Belgium & Pfizer Health AB Sweden,BELGIUM,Hemas Pharmaceuticals (Pvt) Ltd
SODIUM FUSIDATE OINTMENT 2%  w/w,FOBAN,OINTMENT,"5G, 15G",ALU COLLAPSIBLE TUBE,Hoe Pharmaceuticals SDN BHD,MALAYSIA,Indoscan (Pvt) Ltd
URSODEOXYCHOLIC ACID TABLETS BP 150MG,UDIHEP,TABLETS,10X5'S,BLISTER,Win Medicare Ltd,INDIA,Robert Hall & Co Ltd
TELMISARTAN TABLETS IP 40MG,CRESAR 40,TABLETS,3x10's,ALU ALU BLISTER,Cipla Ltd,INDIA,Breathe Free Lanka (Pvt) Ltd
DICLOFENAC GASTRO RESISTANT TABLETS BP 50MG,SWISO 50,TABLETS,2X10'S 10X10'S,ALU ALU BLISTER,Swiss Paranterals (Pvt) Ltd,PAKISTAN,Talex Pharma (Pvt) Ltd
LOSARTAN POTASSIUM TABLETS BP 50MG,***,TABLETS,10X10'S,ALU PVC BLISTER,Morison Limited,SRI LANKA,***
SPIRONOLACTONE TABLETS BP 100MG,ALDACTONE,TABLETS,10'S,ALU PVC BLISTER,The Searle Company Ltd,PAKISTAN,Morison Limited
GLIMEPIRIDE TABLETS 2MG,GLEMAZ 2,TABLETS,2X15'S,ALU PVC BLISTER,Quimica Montpellier SA,ARGENTINA,Emerchemie NB (Ceylon) Ltd
LACTULOSE ORAL SOLUTION USP 670MG/ML,LACTUL SOLUTION,ORAL SOLUTION,100 ML,AMB COL PET BOTTLE,Y S P INDUSTRIES (M) SDN BHD,MALAYSIA,Indoscan (Pvt) Ltd
DICLOFENAC GEL B.P 2% W/W,SWISO GEL,GEL,20G,ALU COLLAP.TUBE,Swiss Pharmaceuticals (Pvt) Ltd,PAKISTAN,Talex Pharma (Pvt) Ltd
TRAMADOL HYDROCHLORIDE INJECTION 50MG/ML,URGENDOL,INJECTION,5X1 ML & 5X2ML,CLE.GLASS AMPOULE,Win Medicare (Pvt) Ltd,INDIA,Robert Hall & Co Ltd
SODIUM CHLORIDE NASAL SPRAY 0.9% W/V,NORSALINE P,NASAL SPRAY,30ML,LDPE BOTTLE,ATCO Laboratories Limited,PAKISTAN,Morison Limited
CIPROFLOXACIN TABLETS USP 250MG,CIPRORIGHT 250,TABLETS,"10X10, 1000'S",BLISTER/HDPE  JAR,Alvita Pharma (Pvt) Ltd,INDIA,Chamee Chemist
FLUCONAZOLE CAPSULES 150MG,LUCAN R,CAPSULES,12'S,ALU ALU BLISTER,Renata Limited,BANGLADESH,Emerchemie NB (Ceylon) Ltd
CO-AMOXICLAV FOR INJECTION BP 600MG,MANOXCLAV 600,POWDER FOR INJECTION,"1'S, 10'S",TY111 CLE.GLASS VIAL,Maan Pharmaceutical Ltd,INDIA,P T C Medical (Pvt) Ltd
EPINASTINE HYDROCHLORIDE OPTHALMIC SOLUTION 0.5MG/ML,RELESTAT,OPHTHALMIC SOLUTION,5ml per/Bottle, DROPPEBOTTLE,Allergan Pharmaceuticals Ireland,IRELAND,Hemas Pharmaceuticals (Pvt) Ltd
BRIMONIDINE TARTRATE OPHTHALMIC SOLUTION 0.15% W/V,ALPHAGAN P,OPHTHALMIC SOLUTION,5ML,LDPE DROPPER BOTTLE,Allergan Sales LLC,UNITED STATES,Hemas Pharmaceuticals (Pvt) Ltd
CLOBETASOL CREAM BP 0.05% W/W,POWERCORT,CREAM,15G,ALU COLL.TUBE,Glenmark Pharmaceuticals Ltd,INDIA,Sunshine Healthcare lanka Ltd
OFLOXACIN OPHTHALMIC SOLUTION USP 3MG/ML,EXOCIN,OPHTHALMIC SOLUTION,5ML,LDPE DROPPER BOTTLE,"PIRAMAL Pharma LIMITED,",INDIA,Hemas Pharmaceuticals (Pvt) Ltd
IRINOTECAN HYDROCHLORIDE 100MG/5ML SOLUTION FOR INJECTION,IRHOPE,INJECTION,5ML 1VIAL/PACK,AMB COLOUR VIAL,Glenmark Generics S. A,ARGENTINA,Sunshine Healthcare lanka Ltd
ATORVASTATIN TABLETS USP 10MG,TAVEN 10,TABLETS,3X10'S 1X4'S,ALU PVC BLISTER,Renata Limited,BANGLADESH,Emerchemie NB (Ceylon) Ltd
GLIMEPIRIDE TABLETS USP 4MG,GLIMIWEL 4,TABLETS,3X10'S,ALU ALU BLISTER,Akums Drugs & Pharmaceuticals Ltd,INDIA,Steriix Healthcare (Pvt) Ltd
RISPERIDONE TABLETS USP 2MG,RESCOR 2,TABLETS,10X10'S,ALU ALU BLISTER,Akums Drugs & Pharmaceuticals Ltd,INDIA,Steriix Healthcare (Pvt) Ltd
CETIRIZINE HYDROCHLORIDE TABLET BP 10MG,ALLERCET,TABLETS,10X10'S,BLISTER,Micro Labs Ltd,INDIA,Micro Healthcare (Pvt) Ltd
CETIRIZINE HYDROCHLORIDE TABLETS USP 10MG,ZECET 10,TABLETS,10X10'S 20X10'S 500',"ALU PVC BLIS,HDPE JA",Zee Laboratories,INDIA,ABC Pharma Services Pvt. Ltd
ATORVASTATIN TABLETS 10MG,ATV-10,TABLETS,"1000'S , 10X10'S","HDPE JAR, BLISTER",Zee Laboratories,INDIA,ABC Pharma Services Pvt. Ltd
GASTRO RESISTANT OMEPRAZOLE CAPSULES BP 20MG,OMIFRED,CAPSULES,10X10'S,ALU ALU STRIP,Fredun Pharmaceuticals Ltd,INDIA,George Steuart Health Pvt Ltd
BUDESONIDE RESPIRATORY SUSPENSION 0.5MG,BUDEXA 0.5MG RESPULES,RESPIRATOR SUSPENTION,"4X5X2ML,1X5X2ML",PLASTIC RESPULES,Axa Parenterals Ltd,INDIA,Chamee Chemist
CELECOXIB CAPSULES 100MG,CELCOXX,CAPSULES,5X10'S,ALU ALU BLISTER,Getz Pharma (Pvt) Ltd,PAKISTAN,Hemas Pharmaceuticals (Pvt) Ltd
CANDESARTAN CILEXETIL 16MG & Hydrochlorothiazide 12.5mg,ATACAND PLUS 16/12 MG,TABLETS,2X14'S,ALU PVC PVDC,Astra  Zeneca AB,SWEDEN,Hemas Pharmaceuticals (Pvt) Ltd
MOXIFLOXACIN TABLETS 400MG,MOXIGET,TABLETS,1X5'S,ALU ALU BLISTER,Getz Pharma (Pvt) Ltd,PAKISTAN,Hemas Pharmaceuticals (Pvt) Ltd
FORMOTEROL FUMARATE 6MCG & BUDESONIDE 400MCG DRY POWDER CAPSULES,FORACORT DP CAPS 400,DRY POWDER CAPSULES,10X10'S,BLISTER,Cipla Ltd,INDIA,Breathe Free Lanka (Pvt) Ltd
NIFEDIPINE EXTENDED RELEASE TABLETS USP 60MG,NICARDIA XL 60,TABLETS,3X10'S,ALU PVC BLISTER,Unique Pharmaceutical Labs,INDIA,George Steuart Health Pvt Ltd
TERBUTALINE TABLETS BP 2.5MG,TURBUTE,TABLETS,10X10'S 30'S,BLISTER PACK,Astron Limited,SRI LANKA,***
ESOMEPRAZOLE MAGNESIUM DELAYED RELEASE CAPSULES USP 40MG,SERGEL,CAPSULES,5X6'S,ALU ALU BLISTER,Healthcare Pharmaceuticals,BANGLADESH,Citihealth Imports (Pvt) Ltd
MOMETASONE FUROATE CREAM USP 0.1% W/W,MOMATE CREAM,TOPICAL CREAM,5G,ALU COLLAPSIBLE TUBE,Glenmark Pharmaceuticals Ltd,INDIA,Sunshine Healthcare lanka Ltd
PROMETHAZINE HYDROCHLORIDE TABLETS BP 25MG,PROMEZIN 25,TABLETS,500'S 1000'S 10X10'S,"HDPE JAR,ALU PVC BLI",Leben Laboratories (Pvt) Ltd,INDIA,Ceyoka (Pvt) Ltd
DOSULEPIN TABLES BP 25MG(DOTHIEPIN HYDROCHLORIDE TABLETS BP 25MG),DOTHIP-25,TABLETS,"10X10, 1X10'S",BLISTER PACK,Micro Labs Ltd,INDIA,Micro Mega Lanka (Pvt) Ltd
FORMETEROL FUMARATE 6MCG+BUDESONIDE 200MCG DRY POWDER CAPSULES,FORACORT-DP CAPS 200,DRY POWDER CAPSULES,10X10'S,BLISTER,CIPLA LIMITED,INDIA,Breathe Free Lanka (Pvt) Ltd
LORATADINE TABLETS USP 10MG,LORID,TABLETS,10X10'S,ALU ALU BLIS & STRIP,Unique Pharmaceutical Laboratories,INDIA,George Steuart Health Pvt Ltd
CLINDAMYCIN PHOSPHATE USP 1.2% W/W AND TRETINOIN USP 0.025% W/W GEL,CLINFACE GEL,GEL,15 G,LAMINATED TUBE,Square Pharmaceuticals Ltd,BANGLADESH,CIC Holdings PLC
CEFTRIAXONE FOR INJECTION USP 1000MG,CEFTRASH 1000,POWDER FOR INJECTION,10ML,USP TY 111 GLS VIAL,Shamshree Lifesciences Ltd,INDIA,Omacx Healthcare (Pvt) Ltd
TAMSULOSIN HYDROCHLORIDE MODIFIED RELEASE CAPSULES 400MCG,TAMISOL MR,CAPSULES,5X6'S,ALU ALU BLISTER,Healthcare Pharmaceuticals,BANGLADESH,Citihealth Imports (Pvt) Ltd
BISOPROLOL FUMARATE TABLETS USP 5MG,BISOLOL 5,TABLETS,"10x10'S,3x10'S",Alu-Alu Blister,ZYDUS LIFESCIENCES LIMITED,INDIA,Sunshine Healthcare lanka Ltd
FUSIDIC ACID CREAM BP 2%  W/W,FUSIWAL CREAM,CREAM,"5G,10G(10X5G&10X10G)",ALU COLLAPSIBLE TUBE,Indi Pharma (Pvt) Ltd,INDIA,Emar Pharma (Pvt) Ltd
LEVOFLOXACIN TABLETS USP 250MG,LF-250,TABLETS,1X10'S,ALU ALU BLISTER,Sai Mirra Innopharm (Pvt) Ltd,INDIA,Sunshine Healthcare lanka Ltd
IRINOTECAN HYDROCHLORIDE INJECTION 100MG/5ML,RINOTEC - 5,INJECTION,5ML VIAL/PACK,TY 1 GLS VIAL,United Biotech (Pvt) Ltd,INDIA,George Steuart Health Pvt Ltd
PANTOPRAZOLE SODIUM DELAYED RELEASE TABLETS USP 20MG,PANTODAC 20,TABLETS,15X10'S,ALU ALU BLISTER,ZYDUS LIFESCIENCES LIMITED,INDIA,Sunshine Healthcare lanka Ltd
METHYL PREDNISOLONE SODIUM SUCCINATE FOR INJECTION USP 500MG,METRITE 500,INJECTION,1 VIAL/PACK,GLASS VIAL,Gufic Biosciences Pvt Ltd,INDIA,Slim Pharmaceuticals (Pvt) Ltd
VIT.B1 100MG+VIT.B6 200MG+VIT.B12 200MCG TABLETS,NEUROBION,TABLETS,"5X10,10,25X10,30'S",ALU PVDC BLISTER,PT Merck Tbk. JI T B Simotupang,INDONESIA,Emerchemie NB (Ceylon) Ltd
BETAMETHASONE DIPROPIONATE USP 0.05% OINTMENT,PROVATE OINTMENT,OINTMENT,10G,ALUMINIUM TUBE,Saffron Pharmaceutical (Pvt) Ltd,PAKISTAN,Truvic Private Ltd
ATORVASTATIN CALCIUM TABLETS USP 20MG,TIGINOR 20,TABLETS,3X10'S,ALU ALU BLISTER,Incepta Pharmaceuticals Ltd,BANGLADESH,Citihealth Imports (Pvt) Ltd
PAEDIATRIC PARACETAMOL ORAL SOLUTION BP 120MG/5ML,ACETAMIN,ORAL SOLUTION,60ML,AMB PLATIC BOTTLE,Incepta Pharmaceuticals Ltd,BANGLADESH,Citihealth Imports (Pvt) Ltd
LOSARTAN POTASSIUM TABLETS USP 50MG,LOSIUM 50,TABLETS,1X14' 2X14 10X14',ALU PVC BLISTER,Cadila pharmaceuticals Ltd,INDIA,Sunshine Healthcare lanka Ltd
FLUCONAZOLE CAPSULES BP 50MG,CANDINIL,CAPSULES,5X6'S,ALU ALU BLISTER,Healthcare Pharmaceuticals,BANGLADESH,Citihealth Imports (Pvt) Ltd
OFLOXACIN TABLETS U S P  200MG,OFLOMAC 200,TABLETS,10X10'S,BLISTER,Macleods Pharmaceuticals Ltd,INDIA,Sunshine Healthcare lanka Ltd
PERMETHRIN LOTION 5% W/V,MITONIL CREAM,LOTION,60ML,PALSTIC BOTTLE,Saffron Pharmaceutical (Pvt) Ltd,PAKISTAN,Truvic Private Ltd
VITAMIN C ORANGE CHEWABLE TABLETS 500MG,Cee Orange,CHEWABLE TABLETS,50X2'S,STRIP PACK,Contract Manufacuring & Packging Services pty Ltd,AUSTRALIA,Alaris Lanka (Pvt) Ltd
LEVOFLOXACIN TABLETS USP 500MG,LEFLOX,TABLETS,10'S,ALU ALU BLISTER,Getz Pharma (Pvt) Ltd,PAKISTAN,Hemas Pharmaceuticals (Pvt) Ltd
CHOLECALCIFEROL CAPSULE  40000 IU,D 40K,CAPSULES,1X10'S,ALU ALU BLISTER,The ACME Laboratories Ltd,BANGLADESH,Mega Pharma (Pvt) Ltd
FINASTERIDE TABLETS USP 1MG,FEN 1,TABLETS,"3x10's,1x10's",ALU-ALU BLISTER,East African (India) Overses,INDIA,Mega Pharma (Pvt) Ltd
ENOXAPARIN SODIUM INJECTION USP 60MG/0.6ML,CUTENOX,SOLUTION FOR INJECTION,"1PFS,6PFS,10PFS",USP TY 1 GLAS VIAL,Gland Pharma  Ltd,INDIA,ABC Pharma Services Pvt. Ltd
TAMOXIFEN TABLETS BP 20MG,TAMCOR 20,TABLETS,3X10'S,ALU PVC BLISTER,Bafna Pharmaceuticals Ltd,INDIA,Pharma Associates (Pvt) Ltd
DICLOFENAC SODIUM SUPPOSITORIES 50MG,ALMIRAL 50MG,SUPPOSITORIES,10'S 2'S,ALU ALU BLISTER,Medochemie Ltd,CYPRUS,Associated Laboratories (Pvt) Ltd
DESLORATADINE TABLETS USP 5MG,ORINEX,TABLETS,1X10'S 10X10'S,ALU PVDC BLISTER,The Acme Laboratories Ltd,BANGLADESH,Mega Pharma (Pvt) Ltd
ROSUVASTATIN TABLETS 5MG,CRESTOR,TABLETS,2X14'S,ALU ALU BLISTER,IPR PHARMACEUTICALS INC,UNITED KINGDOM,Hemas Pharmaceuticals (Pvt) Ltd
EZETIMIBE TABLETS 10MG,EZEMIBE,TABLETS,"10x10's, 10's",Blister (Alu-Alu),CCL Pharmaceuticals (Pvt) Ltd,PAKISTAN,CIC Holdings PLC
DILTIAZEM HYDROCHLORIDE TABLETS USP 60MG,***,TABLETS,1000'S,HDPE CONTAINER,State Pharmaceuticals Manufacturer Corporation,SRI LANKA,***
AMOXICILLIN TABLETS USP 125MG,***,TABLETS,"500'S,1000'S",HDPE BOTTLE,State Pharmaceuticals Manufacturer Corporation,SRI LANKA,***
ADRENALINE INJECTION BP 1MG IN IML,*******,INJECTION,10 x 1ml Ampoule,Clear Gl. Amp USP I,Mercury Laboratories Ltd,INDIA,Yaden International (Pvt) Ltd
DOMPERIDONE SUPPOSITORIES 60MG,VOMVIN 60,SUPPOSITORIES,6'S,PVC/PE FOIL,Bliss GVS Pharma Ltd,INDIA,Sunshine Healthcare lanka Ltd
SUCRALFATE 1G & OXETACAINE 20MG/10 ML ORAL SUSPENSION,SUCRAFIL O GEL,ORAL SUSPENSION,"100ML,200ML",AMB COL PET BOTTLE,Fourrts (India) Laboratories Ltd,INDIA,Sunshine Healthcare lanka Ltd
FORMETEROL FUMARATE+FLUTICASONE PROPIONATE INHAJATION 125MCG,FORMOFLO 125,METERED DOSE INHALER,120MET.DOSE,ALUM.CANISTER,Lupin Limited,INDIA,CIC Holdings PLC
DOMPERIDONE TABLETS BP 10MG,OMIDON,TABLETS,10X10'S,ALU PVC BLISTER,Incepta Pharmaceuticals Ltd,BANGLADESH,Citihealth Imports (Pvt) Ltd
PREDNISOLONE ACETATE OPHTHALMIC SUSPE.  USP 1% W/W,10 PRED-S,OPHTHALMIC SOLUTION,5ML,DROPPER BOTTLE,Indiana Opthalmincs,INDIA,Chamee Chemist
CLARITHROMYCIN ORAL SUSPENSION USP 125MG/5ML,CLARION,ORAL SUSPENSION,60ML,HDPE BOTTLE,Ferozsons Laboratories Ltd,PAKISTAN,Emerchemie NB (Ceylon) Ltd
SITAGLIPTIN TABLETS BP 50MG,SITAGIL 50,TABLETS,1X10'S,ALU ALU BLISTER,Incepta Pharmaceuticals Ltd,BANGLADESH,Citihealth Imports (Pvt) Ltd
ATORVASTATIN TABLETS 20MG,PRO STATIN,TABLETS,10x10's,ALU ALU BLISTER,CCL Pharmaceuticals (Pvt) Ltd,PAKISTAN,CIC Holdings PLC
"ALUMINA MAGNESIA AND SIMETHICONE ORAL SUSPENSION USP (DRIED ALUMINIUM HYDROXIDE BP 250MG,MAGNESIUM HYDROXIDE BP 250MG, SIMETHICONE BP 50MG IN 5ML)",COOLGEL,ORAL SUSPENSION,"200ML, 100ML",PET BOTTLE,Mc W Healthcare (P ) Ltd,INDIA,Tranz Pharma Hodlings (Pvt) Ltd
NORFLOXACIN TABLETS USP 400MG,NORMAC 400,TABLETS,10X10'S,ALU PVC BLISTER,Macleods Pharmaceuticals Ltd,INDIA,Sunshine Healthcare lanka Ltd
KETOCONAZOLE SCALP SOLUTION 2% W/V,ARCOLANE,SCALP SOLUTION,60ML,HDPE BOTTLE,Encube Ethicals (Pvt) Ltd,INDIA,Sunshine Healthcare lanka Ltd
BETAMETHASONE VALERATE OINTMENT USP 0.1% W/W,BETADERM,OINTMENT,"5G,15G",ALU COLL TUBE,ATCO Laboratories (Pvt) Ltd,PAKISTAN,Morison Limited
ATORVASTATIN CALCIUM  20MG TABLETS,TAVEN 20,TABLETS,3X10'S & 1X2'S,BLISTER,Renata Limited,BANGLADESH,Emerchemie NB (Ceylon) Ltd
MYCOPHENOLATE MOFETIL CAPSULES 500MG,MYCEPT 500,TABLETS,3X10'S,BLISTER,Panacea Biotec  Ltd,INDIA,Markss HLC (Pvt) Ltd
CEFOTAXIME FOR INJECTION U.S.P 500MG,BAXIM,POWDER FOR INJECTION,1 glass vials+1 ampo,"GLASS VIAL,AMPOULE","Surge Laboratories (Pvt) Ltd, Pakistan for Nabiqasin Indu,s Pvt Ltd",PAKISTAN,George Steuart Health Pvt Ltd
AMLODIPINE BESYLATE TABLETS USP 10MG,AMLONORM 10,TABLETS,3X10'S,ALU ALU BLISTER,Sai Mirra Innopharm (Pvt) Ltd,INDIA,Sunshine Healthcare lanka Ltd
SITAGLIPTIN TABLETS 50MG,TRAPEZE,TABLETS,14'S,ALU ALU BLISTER,Scotmann Pharmaceuticals,PAKISTAN,Slim Pharmaceuticals (Pvt) Ltd
FEXOFENADINE HYDROCHLORIDE TABLETS USP 180MG,FEXIL 180,TABLETS,3X10'S,ALU ALU BLISTER,Sai Mirra Innopharm (Pvt) Ltd,INDIA,Sunshine Healthcare lanka Ltd
CLOXACILLIN FOR INJECTION 250MG,CLOMAX 250,POWDER FOR INJECTION,"VIAL/PACK, 20VIAL/PA",CLEAR GLS VIAL,Navesta Pharmaceuticals (Pvt) Ltd,SRI LANKA,***
IMIPENEM AND CILASTATIN FOR INJECTION USP 500MG,IMICILASH 500,POWDER FOR INJECTION,1 VIAL(500MG/PACK),USP TY 1 GLS VIAL,Shamshree Lifesciences Ltd,INDIA,Omacx Healthcare (Pvt) Ltd
CEFUROXIME AXETIL TABLET  USP 500MG,CEFASYN 500,TABLETS,10'S,ALU ALU BLISTER,Medispray Laboatories (Pvt) Ltd,INDIA,Breathe Free Lanka (Pvt) Ltd
HYDROXYCHLOROQUINE SULFATE TABLETS USP 200MG,HCQS,TABLETS,"6X10'S, 1X4'S",ALU PVC BLISTER,"Ipca Laboratories Limited,",INDIA,Emar Pharma (Pvt) Ltd
LIRAGLUTIDE SOLUTION FOR INJECTION 6MG/ML,VICTOZA,SOLUTION FOR INJECTION,1 PF PEN .3ML PACK,PRE FILLED PEN,Novo Nordisk,DENMARK,Sunshine Healthcare lanka Ltd
DEXAMETHASONE TABLETS BP 500MCG,***,TABLETS,1000'S,HDPE CONTAINER,Morison Limited,SRI LANKA,***
LEVETIRACETAM TABLETS USP 750MG,LEVIPIL 750,TABLETS,"3X10'S,10'S",ALU PVC BLISTER,Sun Pharmaceutical industries,INDIA,Emerchemie NB (Ceylon) Ltd
SODIUM FUSIDATE TABLETS PH.EUR 250MG,FUCIDIN,TABLETS,2X10'S,ALU ALU BLISTER,Laboratories LEO,FRANCE,Hemas Pharmaceuticals (Pvt) Ltd
TELMISARTAN TABLETS USP 40MG,TELSAR 40,TABLETS,3X10'S,ALU ALU BLISTER,Theon Pharmaceuticals Ltd,INDIA,Slim Pharmaceuticals (Pvt) Ltd
DOMPERIDONE TABLETS BP 10MG,DOMPERIT,UNCOATED TABLETS,"10X10'S, 1000's","ALU PVC BLIS,JAR",Fourrts (India) Laboratories Ltd,INDIA,Sunshine Healthcare lanka Ltd
ERLOTINIB TABLETS 100MG,ERLOTIREL 100,TABLETS,3X10'S,ALU ALU BLISTER,Reliance Life Sciences (Pvt) Ltd,INDIA,ABC Pharma Services Pvt. Ltd
BECLOMETASONE PRESSURISED INHALATION BP 250MCG,IBICAR 250,METERED DOSE INHALER,200MTD,ALU.CANISTER,Glenmark Pharmaceuticals Ltd,INDIA,Hemas Pharmaceuticals (Pvt) Ltd
LOSARTAN POTASSIUM TABLETS 50MG,RESILO 50,TABLETS,2X10'S,ALU ALU BLISTER,Dr Reddy's Laboratories Ltd,INDIA,Emerchemie NB (Ceylon) Ltd
MIDAZOLAM TABLETS 7.5MG,DORMICUM,FILM COA TABLETS,10'S,PVDC PVC  BLISTER,RECIPHARM LEGANES S.L.U,GERMANY,A Baur & Co  (Pvt) Ltd
"2, 4-DICHLOROBENZYL ALCOHOL 1.2MG + AMYLMETACRESOL 0.6MG LOZENGES",STREPSILS ORIGINAL,LOZENGES,"24'S, 100X2'S",ALU PVC .POUCH PACK,"Reckitt Benckiser Healthcare Manufacturing (Thailand) Ltd,",THAILAND,Reckitt Benckiser (Lanka) Ltd
MICONAZOLE CREAM BP 2% W/W,NEOZOLE,CREAM,15G,ALU COLLAPSIBLE TUBE,Belco Pharma (Pvt) Ltd,INDIA,Pharmatec (Pvt) Ltd
TERAZOSIN HYDROCHLORIDE TABLETS USP 2 MG,HYTRIN,TABLETS,3X10'S,ALU PVC BLISTER,Abbott Laboratories (Pakistan) Ltd For Amdipharm Ltd,PAKISTAN,Sunshine Healthcare lanka Ltd
DIGOXIN TABLETS BP 0.25MG,***,TABLETS,"100,S 10X10'S","JAR ,ALU PVC BLISTER",Centurion Remedies Pvt Ltd,INDIA,Yaden International (Pvt) Ltd
BETAMETHASONE DIPROPIONATE CREAM USP 0.05% W/W,PROVATE G CREAM,CREAM,15g,Alu Tube,Saffron Pharmaceutical (Pvt) Ltd,PAKISTAN,Truvic Private Ltd
DESLORATADINE SYRUP 2.5MG/5ML,DESATROL SYRUP,SYRUP,50ML,AMBER GLASS BOTTLE,Navana Pharmaceuticals Ltd,BANGLADESH,Darley Butler  & Co Ltd
DOMPERIDONE SUPPOSITORIES 30MG,VOMVIN 30,SUPPOSITORY,6'S,PVC/PE FOIL,Bliss GVS Pharma Ltd,INDIA,Sunshine Healthcare lanka Ltd
OLANZAPINE TABLETS BP 10MG,HIOLANZ 10,TABLETS,1000'S,HDPE JAR,Hiral Labs Ltd,INDIA,MAPS Pharma (Pvt) Ltd
MELOXICAM TABLETS  7.5MG,MELOX 7.5,TABLETS,10X10'S,ALU PVC PVDC BLISTER,Cipla Ltd,INDIA,Breathe Free Lanka (Pvt) Ltd
AMISULPRIDE TABLETS 200MG,PRIDE 200,TABLETS,5X10'S & 1X4'S,ALU PVC BLISTER,Atoz Pharmaceuticals (Pvt) Ltd,INDIA,Euro Asian Pharma (Pvt) Ltd
RANITIDINE INJECTION BP 25MG/ML,***,SOLUTION FOR INJECTION,100X2ML,AMB COL AMPOULE,Pharmafabrikon,INDIA,Novachem Lanka (Pvt) Ltd
CIPROFLOXACIN OPHTHALMIC SOLUTION  USP 0.3% W/V,CIPROCON,OPHTHALMIC SOLUTION,5ML,PLASTIC DROPPER,Indiana Opthalmincs,INDIA,Chamee Chemist
CICLOSPORIN SOFTGELATINE CAPSULES 100MG,SANDIMMUN NEORL,SOFT GELATIN CAPSULES,50'S,ALU ALU BLISTER,"Catalent Germany Eberbach Gmbh,Germany for Cheplapharm Arineimittel Gmbh Germany",GERMANY,A Baur & Co  (Pvt) Ltd
BUDESONIDE 320MCG+FORMOTEROL FUMARATE 9MCG PER DOSE POWDER FOR INHALATION,SYMBICORT TURBUHALER 320/9,DRY POWDER INHALATION,60 DOSES TURBUHALER,TURBUHALER,Astra  Zeneca AB,SWEDEN,Hemas Pharmaceuticals (Pvt) Ltd
KETOTIFEN FUMARATE SYRUP 1MG/5ML,PREV-AST,SYRUP,"100ML,60ML",AMBER COLOUR GLASS,Astron Limited,SRI LANKA,***
TERBUTALINE SULPHATE SYRUP 1.5MG/5ML,TURBUTE,ORAL SOLUTION,"100ML , 60ML","AMB,GLASS BOTTLRE",Astron Limited,SRI LANKA,***
ASCORBIC ACID TABLETS BP 100MG,***,TABLETS,500'S 1000'S,HDPE BOTTLE,Morison Limited,SRI LANKA,***
TELMISARTAN TABLETS USP 80MG,TASMI 80,TABLETS,2X7'S,ALU ALU BLISTER,Getz Pharma (Pvt) Ltd,PAKISTAN,Hemas Pharmaceuticals (Pvt) Ltd
TELMISARTAN TABLETS USP  20MG,TASMI,TABLETS,2X7'S,ALU ALU BLISTER,Getz Pharma (Pvt) Ltd,PAKISTAN,Hemas Pharmaceuticals (Pvt) Ltd
ATORVASTATIN CALCIUM TABLETS USP 10MG,AVAST 10,TABLETS,10X10'S,ALU ALU BLISTER,Windlas Biotech (Pvt) Ltd,INDIA,Softlogic Pharmaceuticals (Pvt( Ltd
PEGFILGRASTIM (PEGYLATED RECOMBINANT HUMAN GRANULOCYTE COLONY STIMULATING FACTOR INJECTION 6MG /ML,NEUPEG,SOLUTION FOR INJECTION,1 ML PFSY/PACK,GLS PREFILLED SYRING,Intas Pharmaceuticals Ltd,INDIA,Markss HLC (Pvt) Ltd
HYOSCINE BUTYLBROMIDE TABLETS BP 10MG,***,TABLETS,"10X10'S, 1000'S","ALU PVC BLS,HDPE JAR",Bajaj Healthcare Ltd,INDIA,Chamee Chemist
ALENDRONATE SODIUM TABLETS USP 70MG,REVENTA,TABLETS,1X4'S,BLISTER,Getz Pharma (Pvt) Ltd,PAKISTAN,Hemas Pharmaceuticals (Pvt) Ltd
MOSAPRIDE CITRATE  TABLETS 5MG,MOSID MT 5,TABLETS,10X10'S,ALU ALU BLISTER,Torrent Pharmaceuticals Ltd,INDIA,Edna Medicals (Pvt) Ltd
INSULIN LISPRO 25% AND INSULIN LISPRO PROTAMINE 75% (Rdna Origin) SUSPENSION FOR INJECTION 100IU/ML,HUMALOG MIX 25,SUSPENSION FOR INJECTION,5 CART.3ML PACK,CLEAR GLASS CARTRIDG,Lilly France S.A.S France,FRANCE,Hemas Pharmaceuticals (Pvt) Ltd
DAPAGLIFLOZIN PROPANEDIOL MONOHYDRATE TABLETS 5MG,DAPA 5,TABLETS,30'S,ALU ALU BLISTER,Advanced Chemical Industries,BANGLADESH,Amsted Intima (Pvt) Ltd
DINOPROSTONE VIGINAL GEL 1MG/3MG,GLANDIN  E2,VAGINAL GEL,"2.5ml, 3G(1'S)",PLASTIC APPLICATOR,Nabiqasim Industries (Pvt) Ltd,PAKISTAN,George Steuart Health Pvt Ltd
SALMETEROL & FLUTICASONE PROPIONATE INHALATION IP  250 MCG,ESIFLO 250 TRANS,PRESSURIZED INHALTION,120 MTD,ALUMINIUM CANTER,Lupin Limited,INDIA,CIC Holdings PLC
EPHEDRINE HYDROCHLORIDE 30MG/ML SOLUTION FOR INJECTION,***,SOLUTION FOR INJECTION,30MGX1MLX10'S(10X1ML,COL GLS AMPOUKE,Macarthys Laboratories Ltd,UNITED KINGDOM,Niix Holdings (Pvt) Ltd
ITRACONAZOLE CAPSULES 100MG,CANDITRAL,CAPSULES,1X4'S 10X1X4'S 5X4'S,PVC/ ALU BLISTER,Glenmark Pharmaceuticals Ltd,INDIA,Sunshine Healthcare lanka Ltd
CARBOCISTEINE SYRUP PAEDIATRIC 200MG/5ML,SOLMUX,SYRUP,60ML BOTTLE/PACK,AMB TYPE III GLS BOT,Amherst Laboratories,PHILIPPINES,George Steuart Health Pvt Ltd
AMLODIPINE BESYLATE TABLETS USP 5MG,AMCARDIA 5,TABLETS,10X10'S,ALU ALU BLISTER,Unique Pharmaceutical Laboratories,INDIA,George Steuart Health Pvt Ltd
CO-AMOXICLAV ORAL SUSPENSION BP 156.56/5ML,MOXICLAV 156.25MG/5ML,POWDER FOR ORAL SUSPENSION,"100ML,60ML",AMB COL GLS BOTTLE,Medochemie Ltd,CYPRUS,Associated Laboratories (Pvt) Ltd
HYDROCORTISONE SODIUM SUCCINATE INJECTION BP 100MG,SAMCORT,POWDER FOR INJECTION,100MG,USP TY 111 GLASS VIA,Samrudh Pharmaceutica (Pvt) Ltd,INDIA,Chamee Chemist
SITAGLIPTIN TABLETS 100MG,TRAPEZE,TABLETS,14'S,ALU ALU BLISTER,Scotmann Pharmaceuticals,PAKISTAN,Slim Pharmaceuticals (Pvt) Ltd
AMOXICILLIN CAPSULES USP 500MG,AXCIL,CAPSULES,10X10'S,BLISTER,Astron Limited,SRI LANKA,***
AMOXICILLIN & CLAVULANATE POTASSIUM USP 375MG,THEOCLAV 375,TABLETS,"10X10,2X10, 10X10'S","SRIPS ,ALU BLISTER",Theon Pharmaceuticals Ltd,INDIA,Slim Pharmaceuticals (Pvt) Ltd
POVIDONE IODINE OINTMENT USP 5% W/W,SURGIDENE OINTMENT 15G,OINTMENT,15G,ALUMINIUM TUBE,"GAMMA INTERPHARM PVT LTD,",SRI LANKA,***
NIMOTUZUMAB (HUMANIZED ANTI EGFR MONOCLONAL ANTIBODY INJECTION 50MG/10ML,BIOMAB EGFR,INJECTION,"10ml ,4 GLASS VIAL",GLASS VIALS,Biocon Biologics India Ltd,INDIA,Medmart Pharma (Pvt) Ltd
ETORICOXIB TABLETS 60MG,ETROVA 60,TABLETS,10X10'S,ALU ALU BLISTER,Theon Pharmaceuticals Ltd,INDIA,Slim Pharmaceuticals (Pvt) Ltd
ROSUVASTATIN CALCIUM TABLETS 5MG,ROSU 5,TABLETS,1X10'S,ALU ALU BLISTER,Fredun Pharmaceuticals Ltd,INDIA,George Steuart Health Pvt Ltd
DONEPEZIL HYDROCHLORIDE TABLETS USP 5MG,TORPEZIL 5,TABLETS,10X10'S,ALU ALU BLISTER,Torrent Pharmaceuticals Ltd,INDIA,Hemas Pharmaceuticals (Pvt) Ltd
MONTELUKAST SODIUM TABLETS 10MG,MONTAIR-10,TABLETS,"10X1X10'S, 10'S",BLISTER,CIPLA LIMITED,INDIA,Breathe Free Lanka (Pvt) Ltd
HUMAN ERYTHROPOIETIN INJECTION 4000IU,EPIAO,INJECTION,1VIAL OF 4000IU/PACK,GLASS VIAL,Shenyang Sunshine Pharmaceutical Co. ltd,CHINA,Ceyoka (Pvt) Ltd
CINNARIZINE TABLETS 25MG,VERTIGON,TABLETS,4X5X10'S,AL PVC BLISTER,Geno Pharmaceuticals Ltd,INDIA,Mansel (Ceylon) (Pvt) Ltd
ROSUVASTATIN CALCIUM TABLETS USP 20MG,X-PLENDED 20,TABLETS,"10'S , 60'S",ALU ALU BLISTER,PharmEvo (Pvt) Ltd,PAKISTAN,CIC Holdings PLC
ROSUVASTATIN TABLETS USP 5MG,ROVISTA,TABLETS,3X10'S,ALU ALU BLISTER,Getz Pharma (Pvt) Ltd,PAKISTAN,Hemas Pharmaceuticals (Pvt) Ltd
QUETIAPINE TABLETS 25MG,Q-DEP 25,TABLETS,30'S,ALU PVC BLISTER,Advanced Chemical Industries,BANGLADESH,CIC Holdings PLC
MOXIFLOXACIN INFUSION 400MG/250ML,MOLOX,INTRA VENOUS INFUSION,250ML,USP TY 11 CLE.GL.BOT,CCL Pharmaceuticals (Pvt) Ltd,PAKISTAN,CIC Holdings PLC
ESCITALOPRAM TABLETS 10MG,EC-PRAM 10,TABLETS,3X10'S,BLISTR,Hetero Labs Ltd,INDIA,Mansel (Ceylon) (Pvt) Ltd
AMPICILLIN FOR INJECTION B.P 1G,AMPICIL 1000,POWDER FOR INJECTION,"1 VIAL/PACK,20VIAL/P",CLEAR GLASS VIAL,Navesta Pharmaceuticals (Pvt) Ltd,SRI LANKA,***
IVABRADINE HYDROCHLORIDE 7.5MG TABLETS,IVANOR 7.5,TABLETS,1X10'S,ALU PVDC BLISTER,Square Pharmaceuticals Ltd,BANGLADESH,CIC Holdings PLC
SULFASALAZINE TABLETS  USP 500MG,***,TABLETS,"10X10'S,100'S, 500'","HDPE ,ALU PVC BLISTE",Morison Limited,SRI LANKA,***
MOXIFLOXACIN TABLETS 400MG,MOLOX 400,FILM COA TABLETS,1x5'S,Alu-PVC Blister,CCL Pharmaceuticals (Pvt) Ltd,PAKISTAN,CIC Holdings PLC
VENLAFAXINE HYDROCHLORIDE EXTENDED RELEASE CAPSULES USP 75MG,VENLIFT OD 75,HARD GELATINE CAPSULES,10X10'S,PVC/PVDC -ALU BLISTE,Torrent Pharmaceuticals Ltd,INDIA,Hemas Pharmaceuticals (Pvt) Ltd
ESOMEPRAZOLE TABLETS 20MG,FASTESO,TABLETS,2x7'S,ALU ALU BLISTER,PharmEvo (Pvt) Ltd,PAKISTAN,CIC Holdings PLC
ACARBOSE TABLETS 50MG,GLUCAR 50,TABLETS,10X10'S,ALU STRIP PACK,Glenmark Pharmaceuticals Ltd,INDIA,Hemas Pharmaceuticals (Pvt) Ltd
ALBENDAZOLE TABLETS 400MG,ALZEL 400,TABLETS,"1'S, 50X1'S",ALU PVC BLISTER,Zee Laboratories,INDIA,ABC Pharma Services Pvt. Ltd
IVABRADINE HYDROCHLORIDE 5MG TABLETS,IVANOR 5,TABLETS,1X10'S,ALU PVDC BLISTER,Square Pharmaceuticals Ltd,BANGLADESH,CIC Holdings PLC
ANTIHEMOPHILIC FACTOR (FACTOR VIII) AND VON WILLEBRAND FACTOR COMPLEX (HUMAN) 500IU/5ML,ALPHANATE 500IU,LYOPHILIZED POWDER FOR INJECTION,"1 VIAL ,SOLV.SYRINGE","1 VIAL ,5ML PFSY",Grifols Biological LLC,UNITED STATES,Mansel (Ceylon) (Pvt) Ltd
SITAGLIPTIN TABLETS USP 100MG,THEOGLIP 100,TABLETS,3X10'S,ALU ALU BLISTER,Theon Pharmaceuticals Ltd,INDIA,Slim Pharmaceuticals (Pvt) Ltd
ERLOTINIB TABLETS 150MG,ERLOTIREL 150,TABLETS,3 x10's,ALU ALU BLISTER,Reliance Life Sciences (Pvt) Ltd,INDIA,ABC Pharma Services Pvt. Ltd
IRON III HYDROXIDE POLYMALTOSE COMPLEX EQUIVALENT TO IRON 100MG AND FOLIC ACID 550 MCG CAPSULES,OROFER CAPSULE,CAPSULES,5X2X10' 2X2X10,"ALU PVC ,PVDC BLISTE",Emcure Pharmaceuticals Ltd,INDIA,Emerchemie NB (Ceylon) Ltd
DICLOFENAC TABLETS GASTRO RESISTANT BP 50MG,DIVON 50,TABLETS,10X10'S,STRIPS,Micro Labs Ltd,INDIA,Kamazu (Pvt) Ltd
CETIRIZINE HYDROCHLORIDE TABLET BP 10MG,ALATROL 10,TABLETS,10X10'S,ALU PVC BLISTER,Square Pharmaceuticals Ltd,BANGLADESH,CIC Holdings PLC
ESOMEPRAZOLE  MAGNESIUM DELAYED RELEASE CAPSULES USP 20MG,EPRAZOLE 20MG,CAPSULES,"2X7,4X7& 14X7'S",ALU ALU BLISTER,Brookes Pharma (Pvt) Ltd,PAKISTAN,Hemas Pharmaceuticals (Pvt) Ltd
ATORVASTATIN TABLETS 10MG,ATOREC 10,FILM COATED TABLETS,3X10'S,ALU PVC BLISTER,Emcure Pharmaceuticals Ltd,INDIA,Emerchemie NB (Ceylon) Ltd
CEFTAZIDIME FOR INJECTION USP 1000MG,THEOZIDE 1000,POWDER FOR INJECTION,1 VIAL/PACK,GLASS VIAL,Theon Pharmaceuticals Ltd,INDIA,Slim Pharmaceuticals (Pvt) Ltd
CEFACLOR FOR ORAL SUSPENSION USP 125MG/5ML,KEFLOR,POWDER FOR ORAL SUSPENSION,100ML,HDPE BOTTLE,Sun Pharmaceutical industries,INDIA,Hemas Pharmaceuticals (Pvt) Ltd
TELMISARTAN TABLETS USP 80MG,TELI 80,TABLETS,3X10'S,ALU ALU BLISTER,Cadila pharmaceuticals Ltd,INDIA,Sunshine Healthcare lanka Ltd
SALMETEROL 25MCG & FLUTICASONE PROPIONATE 250MCG ACTUATION PRESSURISED INHALATIONN,COMBIWAVE SF 250,INHALATION ANAE,120 MTD,CANISTER,Glenmark Pharmaceuticals Ltd,INDIA,Hemas Pharmaceuticals (Pvt) Ltd
LORATADINE   10MG TABLETS,LOREZ,TABLETS,10X10'S 1000'S,"ALU PVC BLISTER,HDPE",Astron Limited,SRI LANKA,***
METHYL PREDNISOLONE TABLETS USP 8MG,PREDNICORT-8,TABLETS,5X10'S,STRIP PACK,P T Otto Pharmaceuticals Industries,INDONESIA,Softlogic Pharmaceuticals (Pvt( Ltd
OXYMETAZOLINE HYDROCHLORIDE NASAL SOLUTION USP 0.025%,NASIVION 0.025%,NASAL SOLUTION,10ML,AMB GLS BOTTLE,Procter & Gamble Health Ltd,INDIA,Emerchemie NB (Ceylon) Ltd
KETOPROFEN GEL BP 2.5 % W/W,FASTUM GEL,TOPICAL GEL,"10G,20G,30G,50G,100G",ALU TUBE/DISPENSERS,A Menarini Manufacturing Logistics and Service,ITALY,George Steuart Health Pvt Ltd
MEFENAMIC ACID TABLETS BP 500MG,MEFCOR 500,TABLETS,10X10'S,ALU PVC BLISTER,Akums Drugs & Pharmaceuticals Ltd,INDIA,Darley Butler  & Co Ltd
IRINOTECAN HYDROCHLORIDE INJECTION 100MG/5ML,IRITERO 100MG/5ML,INJECTION,5 VIAL/PACK,AMBER GLS VIAL,Hetero Labs Ltd,INDIA,Mansel (Ceylon) (Pvt) Ltd
VENLAFAXINE HYDROCHLORIDE EXTENDED RELEASE CAPSULES USP 37.5MG,VENLIFT OD 37.5,HARD GELATINE CAPSULES,10X10'S,PVC PVDC ALU BLISTER,Torrent Pharmaceuticals Ltd,INDIA,Hemas Pharmaceuticals (Pvt) Ltd
MEBENDAZOLE 100MG TABLET U.S.P,***,TABLETS,500'S,HDPE BOTTLE,Morison Limited,SRI LANKA,***
TELMISARTAN TABLETS USP 40MG,TELI 40,TABLETS,3X10'S,ALU ALU BLISTER,Cadila pharmaceuticals Ltd,INDIA,Sunshine Healthcare lanka Ltd
BECLOMETASONE PRESSURISED INHALATION BP 100 MCG,IBICAR 100,METERED DOSE INHALER,200 MTD,ALU.CANISTER,Glenmark Pharmaceuticals Ltd,INDIA,Hemas Pharmaceuticals (Pvt) Ltd
CHLORPHENAMINE ORAL SOLUTION BP 2MG/5ML,CHLOFEN,ORAL SOLUTION,"60ML, 100ML,",AMB COL TY III GL BO,"GAMMA INTERPHARM PVT LTD,",SRI LANKA,***
PHENYLEPHRINE INJECTION BP 10MG/ML,***,SOLUTION FOR INJECTION,10x1ml,USP TYPE GLASS AMP,Mercury Laboratories Ltd,INDIA,Yaden International (Pvt) Ltd
ESOMEPRAZOLE MAGNESIUM DELAYED RELEASE CAPSULES USP 40MG,ESOPRO 40,CAPSULES,1X10' 3X10' 5X10,ALU ALU BLISTER,Zim Laboratories Ltd,INDIA,Tabrane Pharmaceuticals (Pvt) Ltd
FUSIDIC ACID 20MG + BETAMETHASONE 1MG/G,FUCICORT,CREAM,"5G, 15G",ALU COLLAPSIBLE TUBE,Leo Laboratories Ltd,DENMARK,Hemas Pharmaceuticals (Pvt) Ltd
FEXOFENADINE HYDROCHLORIDE TABLETS USP 120MG,FEXIL 120,FILM COA TABLETS,3X10'S,ALU ALU BLISTER PACK,Sai Mirra Innopharm (Pvt) Ltd,INDIA,Sunshine Healthcare lanka Ltd
CEFUROXIME FOR INJECTION USP 750MG,CEFOGEN 750,INJECTION,1 VIAL/PACK,GLASS VIAL,Cadila pharmaceuticals Ltd,INDIA,Sunshine Healthcare lanka Ltd
CYCLOSPORINE OPHTHALMIC EMULSION 0.05% W/V,RESTASIS,OPHTHALMIC EMULSION,30 LDPE VIAL/0.4ML,LDPE VIAL,Allergan Sales LLC,AMERICA,Hemas Pharmaceuticals (Pvt) Ltd
ROSUVASTATIN TABLETS USP 10MG,ROVISTA,TABLETS,30'S,ALU ALU BLISTER,Getz Pharma (Pvt) Ltd,PAKISTAN,Hemas Pharmaceuticals (Pvt) Ltd
GLICLAZIDE MODIFIED RELEASE TABLETS 30MG,GLYZ MR 30,TABLETS,10X10'S,ALU/PVC BLISTER,Micro Labs Ltd,INDIA,Kamazu (Pvt) Ltd
LOPERAMIDE HYDROCHLORIDE TABLETS USP 2MG,LOPEX,TABLETS,10X10'S,ALU PVC BLISTER,Maxtar Bio-Genics India,INDIA,Pharma Associates (Pvt) Ltd
CLARITHROMYCIN TABLETS USP 500MG,CLARIWIN 500,TABLETS,5X10'S,BLISTER,Micro Labs Ltd,INDIA,Micro Healthcare (Pvt) Ltd
OMEPRAZOLE DELAYED RELEASE CAPSULES USP 20MG,HYCID 20,DELAYED RELEASE CAPSULES,10X10'S,ALU PVC BLISTER,XL Laboratories (Pvt) Ltd,INDIA,SMM Halcyon (Pvt) Ltd
CEFUROXIME AXETIL TABLETS BP 250MG,CEFVIC 250,FILM COATED TABLETS,2X10' 3X10',ALU BLISTER,Bio Pharma Limited,BANGLADESH,Truvic Private Ltd
MEFENAMIC ACID TABLETS 100MG,MEFTAL-P,TABLETS,5X3X10'S,BLISTER,Blue Cross Laboratories Ltd,INDIA,Sunshine Healthcare lanka Ltd
CEFUROXIME AXETIL TABLETS USP 125MG,CEFTIL 125,TABLETS,1X10' 10X1X10' 250'S,BLISTER/HDPE CONTAIN,Sterling Lab,INDIA,Darley Butler  & Co Ltd
OXYMETAZOLINE HYDROCHLORIDE NASAL SOLUTION USP 0.05%,NASIVION 0.05%,NASAL SOLUTION,10ML,AMB GLS BOTTLE,Procter & Gamble Health Ltd,INDIA,Emerchemie NB (Ceylon) Ltd
ESOMEPRAZOLE TABLETS 40MG,MAXPRO 40,TABLETS,3X10'S,ALU ALU BLISTER,Renata Limited,BANGLADESH,Emerchemie NB (Ceylon) Ltd
TROPICAMIDE OPHTHALMIC SOLUTION USP 1.0%,TROPIC,OPHTHALMIC SOLUTION,15ML BOTTLE/PACK,DROPPER BOTTLE,Sante (Private) Limited,PAKISTAN,Emerchemie NB (Ceylon) Ltd
TELMISARTAN 40MG & HYDROCHLOROTHIAZIDE 12.5MG TABLETS,TELSART- H,TABLETS,5X10'S 1X4'S,ALU ALU BLISTER,Atoz Pharmaceuticals (Pvt) Ltd,INDIA,Euro Asian Pharma (Pvt) Ltd
ROSUVASTATIN TABLETS USP 20MG,ROVISTA,TABLETS,30'S,ALU ALU BLISTER,Getz Pharma (Pvt) Ltd,PAKISTAN,Hemas Pharmaceuticals (Pvt) Ltd
RIVASTIGMINE CAPSULES 1.5MG,RIVADEM 1.5,CAPSULES,5X10'S,ALU ALU STRIP,Torrent Pharmaceuticals Ltd,INDIA,Hemas Pharmaceuticals (Pvt) Ltd
AMLODIPINE TABLETS USP 5MG,AMLONG,TABLETS,1X10'S 10X10'S,ALU ALU BLISTER,Micro Labs Ltd,INDIA,Micro Mega Lanka (Pvt) Ltd
METOPROLOL SUCCINATE EXTENDED RELEASE TABLETS USP 25MG,PROLOMET XL 25,EXTENDED RELEASE TABLETS,5X10'S,ALU ALU STRIP,Sun Pharmaceutical industries,INDIA,Hemas Pharmaceuticals (Pvt) Ltd
GLIMEPIRIDE TABLETS USP 1MG,GLIMIWEL 1,TABLETS,3X10'S,ALU ALU BLISTER,Akums Drugs & Pharmaceuticals Ltd,INDIA,Steriix Healthcare (Pvt) Ltd
LIDOCAINE 50MG+HYDROCORTISONE ACETATE 2.5MG,XYLOPROCT,RECTAL OINTMENT,20G,ALU COLLAPSIBLE TUBE,Recipharm Karlskoga AB,SWEDEN,Hemas Pharmaceuticals (Pvt) Ltd
IOPROMIDE SOLUTION FOR INJECTION 370MG I/ML,ULTRA VIST 370,SOLUTION FOR INJECTION,"10X50ML, 10X100ML",GLASS  BOTTLE,Bayer A G,GERMANY,Hemas Pharmaceuticals (Pvt) Ltd
DOMPERIDONE ORAL SUSPENSION 1MG/ML,DOMISET,ORAL SUSPENSION,30ML,PLASTIC BOTTLE,Platinum Pharmaceuticals (Pvt) Ltd,PAKISTAN,George Steuart Health Pvt Ltd
INDAPAMIDE SUSTAINED RELEASE TABLETS  1.5MG,NATRILIX SR,TABLETS,30'S,ALU PVC BLISTER,Les Laboratories Servier,FRANCE,Hemas Pharmaceuticals (Pvt) Ltd
SALBUTAMOL PRESSURISED INHALATION SUSPENSION BP 100MCG /DOSE,ASTHALIN HFA,PRESSURIZED INHALTION,200 DOSE,ALUMINIUM CANISTER,Cipla Ltd,INDIA,Breathe Free Lanka (Pvt) Ltd
POVIDONE IODINE GEL 0.5% w/w,PYODINE GEL,GEL,"20G, 10G, 5G",ALU.TUBE WITH CAP,Brookes Pharma (Pvt) Ltd,PAKISTAN,Hemas Pharmaceuticals (Pvt) Ltd
ATROPINE INJECTION BP 0.6MG/ML,***,INJECTION,1MLX100'S,USP TY 1 GLS AMPOULE,Harson Laborstories,INDIA,Citihealth Imports (Pvt) Ltd
CETIRIZINE ORAL SOLUTION BP  1MG/1ML,ARIX,ORAL SOLUTION,60ML,AMB GLS VIAL,Tabros Pharma (Pvt) Ltd,PAKISTAN,Associated Laboratories (Pvt) Ltd
DOMPERIDONE TABLETS BP 10MG,DEGUT,TABLETS,10X10'S,BLISTER,Delta Pharma Ltd,BANGLADESH,Hyena Pharmaceuticals (Pvt) Ltd
DICLOFENAC SODIUM DELAYED RELEASE TABLETS USP 25MG,DICLORAN-25,TABLETS,"10X10', 1000'S","ALU PVC BLISTER,CONT",Unique Pharmaceutical Laboratories,INDIA,George Steuart Health Pvt Ltd
PAROXETINE TABLETS USP 20MG,OXEDEP 20,TABLETS,5X10'S,ALU PVC BLISTER,Atoz Pharmaceuticals (Pvt) Ltd,INDIA,Euro Asian Pharma (Pvt) Ltd
LIDOCAINE HYDROCHLORIDE INJECTION 100MG/5ML,XYLOCAINE 2%,SOLUTION FOR INJECTION,5MLX50'S,PE AMPOULE,Astra Zeneca Pty Ltd,AUSTRALIA,Hemas Pharmaceuticals (Pvt) Ltd
LEUPROLIDE ACETATE FOR INJECTION 3.75MG /VIAL,LUPRIDE DEPOT 3.75MG,LYOPHILIZED INJECTION,"SINGLE VIAL,2ML AMP",GLASS VIAL,Sun Pharmaceutical Medicare Ltd,INDIA,Hemas Pharmaceuticals (Pvt) Ltd
MEFENAMIC ACID FILM COATED TABLET 500MG,ASMEF,TABLETS,10x10'S,ALU STRIPS,P T Pertivi Agung,PAKISTAN,Softlogic Pharmaceuticals (Pvt( Ltd
PAROXETINE TABLETS USP 10MG,OXEDEP 10,TABLETS,5X10' 1X4',ALU PVC BLISTER,Atoz Pharmaceuticals (Pvt) Ltd,INDIA,Euro Asian Pharma (Pvt) Ltd
METRONIDAZOLE 1% GEL USP,METROGYL GEL,TOPICAL GEL,"30G, 10G","LAMI.TUBE,ALUMI TUBE",Unique Pharmaceutical Laboratories,INDIA,George Steuart Health Pvt Ltd
METHYLPHENIDATE HYDROCHLORIDE TABLETS USP 10MG,RUBIFEN 10,TABLETS,3X10'S,BLISTER,Laboratories Rubio S.A.,SPAIN,Slim Pharmaceuticals (Pvt) Ltd
CEFUROXIME FOR INJECTION USP 750MG,SHAMCEF 750,INJECTION,1 VIAL/BOX,GLASS VIAL,Shamshree Lifesciences Ltd,INDIA,Omacx Healthcare (Pvt) Ltd
LEVOFLOXACIN TABLETS USP 250MG,LEVOXIN 250,TABLETS,3X10'S,ALU PVC BLISTER,Incepta Pharmaceuticals Ltd,BANGLADESH,Citihealth Imports (Pvt) Ltd
DOMPERIDONE TABLETS BP 10MG,COSTI 10MG,TABLETS,500'S 100'S 10'S,"PVDC,PVC ALU BLISTER",Medochemie Ltd,CYPRUS,Associated Laboratories (Pvt) Ltd
LEVOTHYROXINE TABLETS B.P 100MCG (0.1MG),***,TABLETS,"1000's, 100's, 250's",AMBER GLASS BOTTLE,Morison Limited,SRI LANKA,***
CLOBETASOL CREAM BP 0.05% W/W,COSVATE,CREAM,"5G, 15G",ALU COLLAP. TUBE,Blossom Pharmaceuticals,INDIA,George Steuart Health Pvt Ltd
GEMCITABINE HYDROCHLORIDE INJECTION 200MG/5ML,GEMOXEN,POWDER FOR SOLUTION FOR INJECTION,"200MG/5ML , 1G/25ML",GLASS VIAL,Beacon Pharmaceuticals Ltd,BANGLADESH,Emerchemie NB (Ceylon) Ltd
PAEDIATRIC PARACETAMOL ORAL SOLUTION BP 120MG/5ML,***,ORAL SOLUTION,100ML,PET BOTTLE,Medicamen Biotech Ltd,INDIA,Slim Pharmaceuticals (Pvt) Ltd
SALMETEROL 25MCG & FLUTICASONE 125MCG PRESSURISED INHALATION SUSPENSION BP,FLUMETOL,PRESSURIZED INHALATION AEROSOL,120DOSE PACK/BOX,ALUMIN.CAN,Healthcare Pharmaceuticals,BANGLADESH,Citihealth Imports (Pvt) Ltd
ECONAZOLE NITRATE PESSARIES IH 150MG,YSP ECONAZOLE,PESSARY,1X3'S 5X10'S 10X10'S,STRIP PACK,Y S P INDUSTRIES (M) SDN BHD,MALAYSIA,Indoscan (Pvt) Ltd
ROSUVASTATIN CALCIUM TABLETS 20MG,ROSU 20,TABLETS,1X10'S,ALU ALU BLISTER,Fredun Pharmaceuticals Ltd,INDIA,George Steuart Health Pvt Ltd
GASTRO RESISTANT DICLOFENAC TABLETS BP 25MG,ALMIRAL 25MG,TABLETS,"10'S, 100'S",ALU PVC BLISTER,Medochemie Ltd,CYPRUS,Associated Laboratories (Pvt) Ltd
EXEMESTANE  TABLETS 25MG,XCEL 25,TABLETS,3X10'S,ALU PVC BLISTER,Celon Laboratories Ltd,INDIA,Medmart Pharma (Pvt) Ltd
"ALUMINA, MAGNESIA & SIMETHICONE CHEWABLE TABLETS USP",GASTRIL MINT FLAVOURED,CHEWABLE TABLETS,25X10' 500'S,"ALU PVC, HDPE","GAMMA INTERPHARM PVT LTD,",SRI LANKA,***
FAMOTIDINE TABLETS USP 20MG,LABOTINE 20,TABLETS,10X10'S,ALU PVC BLISTER,Laborate Pharmaceuticals,INDIA,Pharma Associates
AMOXICILLIN CAPSULES BP 500MG,MOXOL 500,CAPSULES,10X10'S 500'S,"ALU PVC BLIS, HDPE",Sterling Lab,INDIA,Darley Butler  & Co Ltd
BETAMETHASONE VALERATE CREAM BP 0.1% W/W,BETANONE,CREAM,"5G, 15G",COLLAP TUBE,Belco Pharma (Pvt) Ltd,INDIA,Pharmatec (Pvt) Ltd
CLOMIPHENE CITRATE TABLETS USP 50MG,CORPHEN,TABLETS,1X10'S,ALU PVC BLISTER,Corona Remedics (Pvt) Ltd,INDIA,Sunshine Healthcare lanka Ltd
CO-AMOXICLAV TABLETS BP 625MG,MOXICLAV 625MG,TABLETS,"10'S , 20'S",ALU PVC BLISTER,Medochemie Ltd,CYPRUS,Associated Laboratories (Pvt) Ltd
SALBUTAMOL RESPIRATOR SOLUTION 2.5MG/2.5ML,ASTHALIN RESPULES,RESPIRATOR,4X5X2.5ML,RESPULSE,Cipla Ltd,INDIA,Breathe Free Lanka (Pvt) Ltd
ALUMINIUM HYDROXIDE DRIED GEL 300MG + MAGNESIUM ALUMINIUM SILICATE HYDRATE 50MG + MAGNESIUM HUDROXIDE 25MG + SIMETHICONE 25 MG CHEWABLE TABLETS,DIGENE  MIXED FRUIT FLAVOUR,CHEWABLE TABLETS,90X15' 9X9' 20X15',ALU PVC BLISTER,Abbott India Ltd,INDIA,Sunshine Healthcare lanka Ltd
ESOMEPRAZOLE MAGNESIUM DELAYED RELEASE CAPSULES USP 20MG,ESOPRO 20,CAPSULES,1X10' 3X10' 5X10',ALU ALU BLISTER,Zim Laboratories Ltd,INDIA,Tabrane Pharmaceuticals (Pvt) Ltd
TAFLUPROST OPHTHALMIC SOLUTION 0.0015% W/V,TAFLOTAN,OPHTHALMIC SOLUTION,2.5ML,PP BOTTLE WITH CAP,Santen Pharmaceuticals Co. Ltd,JAPAN,A Baur & Co  (Pvt) Ltd
FLUPHENAZINE DECANOATE INJECTION BP 25MG/ML,***,INJECTION,1ML X 10'S,AMB GLASS AMPOULE,Ciron Drugs & PharmaceuticalS (Pvt) Ltd,INDIA,Ceyoka (Pvt) Ltd
PYRANTAL PAMOATE  125MG TABLETS,***,TABLETS,200'S 500'S,HDPE CONTAINER,Morison Limited,SRI LANKA,***
DIAZEPAM INJECTION B.P 5MG/ML,VERZEPAM,INJECTION,"10X2ML,10X10X2ML",AMBER GLASS AMPOULE,Verve Human Care Laboratories,INDIA,Leader Pharma Agency (Pvt) Ltd
CEFUROXIME AXETIL TABLETS USP 125MG,CEFASYN 125,TABLETS,10'S,ALU ALU BLISTER,Cipla Ltd,INDIA,Breathe Free Lanka (Pvt) Ltd
AZITHROMYCIN TABLETS USP 500MG,AZITHRIN 500,TABLETS,10X1X3'S,ALU PVC BLISTER,Theon Pharmaceuticals Ltd,INDIA,Slim Pharmaceuticals (Pvt) Ltd
ATENOLOL TABLETS BP 25MG,TENOLOL 25,TABLETS,2X14'S,ALU PVC BLISTER,"Ipca Laboratories Limited,",INDIA,Emar Pharma (Pvt) Ltd
PROLONGED RELEASE METFORMIN TABLETS BP 500MG,GLYMIN XR,TABLETS,10X5'S,ALU PVDC BLISTER,Healthcare Pharmaceuticals Limited,BANGLADESH,Citihealth Imports (Pvt) Ltd
KETOROLAC TROMETHAMINE TABLETS USP 10MG,ROLAC 10MG,TABLETS,6X10'S 1X2'S,ALU ALU BLISTER,Renata Limited,BANGLADESH,Emerchemie NB (Ceylon) Ltd
CARBOXYMETHYLCELLULOSE SODIUM LUBRICANT EYE DROPS 1.0 % W/V,REFRESH LIQUIGEL,EYE DROPS,15ML,LDPE DROPPER BOTTLE,Allergan Sales LLC,UNITED STATES,Hemas Pharmaceuticals (Pvt) Ltd
LEVOFLOXACIN TABLETS USP 500MG,LEVOCIL 500,TABLETS,"10x10's, 10's",Alu-Alu Blister,CCL Pharmaceuticals (Pvt) Ltd,PAKISTAN,CIC Holdings PLC
ENZALUTAMIDE CAPSULES 40MG,BDENZA,CAPSULES,1X28'S 4X28'S 2x28'S,ALU PVC BLISTER,BDR Pharmaceuticals International (Pvt) Ltd,INDIA,Pharma Associates (Pvt) Ltd
PROMETHAZINE HYDROCHLORIDE TABLETS BP 10MG,***,TABLETS,"1000'S , 500'S",HDPE BOTTLE,Morison Limited,SRI LANKA,***
PROMETHAZINE ORAL SOLUTION BP 5MG/5ML,PROMETH,ORAL SOLUTION,"ML (60, 100,500,750)",PET BOTTLES,Diyatha Pharmaceuticals & Healthcare (Pvt) Ltd,SRI LANKA,***
LEUCOVORIN CALCIUM INJECTION USP 10MG/ML,***,INJECTION,10X5 ML,AMB COL.GLASS VIAL,Belco Pharma (Pvt) Ltd,INDIA,Pharmatec (Pvt) Ltd
CEFUROXIME SODIUM FOR INJECTION BP 750MG VIALS,SEFUR,POWDER FOR SOLUTION FOR INJECTION OR INFUSION,1 VIAL/PACK,USP TY 1 GLS VIAL,Opsonin Pharma Ltd,BANGLADESH,Yaden International (Pvt) Ltd
MOXIFLOXACIN OPHTHALMIC SOLUTION USP 0.5% W/V,X-GEN,OPHTHALMIC SOLUTION,5ML,DROPPER BOTTLE,Genix Pharma (Pvt ) Ltd,PAKISTAN,Ceyoka (Pvt) Ltd
DESLORATADINE TABLETS 5MG,SEDNOX,TABLETS,5X10'S,ALU PVC BLISTER,Delta Pharma Ltd,BANGLADESH,Hyena Pharmaceuticals (Pvt) Ltd
"2, 4-DICHLOROBENZYL ALCOHOL 1.2MG + AMYLMETACRESOL 0.6MG LOZENGES",STREPSILS COOL,LOZENGES,24 LOZENGES,ALU PVC BLISTER,"Reckitt Benckiser Healthcare Manufacturing (Thailand) Ltd,",THAILAND,Reckitt Benckiser (Lanka) Ltd
CAPECITABINE TABLETS USP 500MG,XITABIN,TABLETS,"30'S,5X6'S",ALU ALU BLISTER,Beacon Pharmaceuticals Ltd,BANGLADESH,Emerchemie NB (Ceylon) Ltd
METHYLPREDNISOLONE TABLETS USP 4MG,PREDNICORT-4,TABLETS,5X10'S,ALU ALU STRIP PACK,P T Otto Pharmaceuticals Industries,INDONESIA,Softlogic Pharmaceuticals (Pvt( Ltd
VILDAGLIPTIN TABLETS 50MG,VALIANT 50,TABLETS,"14'SX1 , 14'SX2",ALU ALU BLISTER,Ferozsons Laboratories Ltd,PAKISTAN,Emerchemie NB (Ceylon) Ltd
SALMETEROL  25MCG +FLUTICASONE PROPIONATE HFA INHALATION AEROSOL 250MCG ACTUATION,BEXITROL-F 25/250 HFA,PRESSURIZED INHALATION AEROSOL,120 MTD,ALU.CANISTER,Beximco Pharmaceuticals Ltd,BANGLADESH,Emerchemie NB (Ceylon) Ltd
PROCHLORPERAZINE TABLETS BP 5MG,***,TABLETS,1000'S,HDPE JAR,Morison Limited,SRI LANKA,***
MELOXICAM TABLETS BP 15MG,***,TABLETS,10X10'S,BLISTER,Cadila pharmaceuticals Ltd,INDIA,Sunshine Healthcare lanka Ltd
MICONAZOLE CREAM BP 2% W/W,MICOFIL,CREAM,15G,ALU.TUBE,Fourrts (India) Laboratories Ltd,INDIA,Sunshine Healthcare lanka Ltd
JAPANESE ENCEPHALITIS VACCINE LIVE ATTENUATED SINGLE DOSE 0.5ML,IMOJEV,LYOPHILIZED POW INJECTION,1GLASS . 1DOSE 0.5ML,POWDER VIAL +DILUENT,Government Pharmaceutical Organ,THAILAND,A Baur & Co  (Pvt) Ltd
PREGABALIN CAPSULES 75MG,NERVEGA 75,CAPSULES,10'S,ALU ALU BLISTER,Jenburkt Pharmaceuticals Ltd,INDIA,Hemas Pharmaceuticals (Pvt) Ltd
TAMSULOSIN HYDROCHLORIDE CONTROLLED RELEASE TABLETS 0.4MG,TAMCONTIN 0.4,CONTROLLED RELEASE TABLETS,10X10'S,ALU STRIP,Modi Mundipharma Ltd,INDIA,Robert Hall & Co Ltd
LEFLUNOMIDE TABLETS USP 10MG,LEFRA 10,TABLETS,30X10'S,ALUMINIUM STRIP,Torrent Pharmaceuticals Ltd,INDIA,Hemas Pharmaceuticals (Pvt) Ltd
DYHYDROGESTERONE TABLETS 10 MG,DUPHASTON,TABLETS,20'S,ALU PVC BLISTER,Abbott Biological BV,NETHERLANDS,CIC Holdings PLC
EMPAGLIFLOZIN TABLETS 10MG,EMGLIN,TABLETS,14'S,ALU ALU BLISTER,PharmEvo (Pvt) Ltd,PAKISTAN,CIC Holdings PLC
AZITHROMYCIN TABLETS USP 250MG,AZIRIGHT 250,TABLETS,"1X6'S,6X5'S",ALU PVC BLISTER,Alvita Pharma (Pvt) Ltd,INDIA,Chamee Chemist
DICLOFENAC SODIUM DELAYED RELEASE TABLETS USP 50MG,DICLORAN-50,TABLETS,10X10'S,ALU PVC BLISTER,Unique Pharmaceutical Laboratories,INDIA,George Steuart Health Pvt Ltd
ROSUVASTATIN TABLETS 10MG,ROSUNOVA 10,TABLETS,10X10'S,ALU ALU BLISTER,INNOVA CAPTAB LIMITED,INDIA,Cliniqon Biotech Pvt. Ltd
DESLORATADINE TABLETS USP 5MG,VEROMON,TABLETS,10X10'S,BLISTER ALU ALU,Zee Laboratories,INDIA,ABC Pharma Services Pvt. Ltd
HALOTHANE BP 100% V/V,***,INHALATION LIQUID,250ML,USP TY 111 GLS BOTTL,"PIRAMAL Pharma LIMITED,",INDIA,Euro Asian Pharma (Pvt) Ltd
BROMHEXINE HYDROCHLORIDE TABLETS IP 8 MG,ZOLVAN,TABLETS,10 X10'S,ALU ALU STRIP,ZYDUS LIFESCIENCES LIMITED,INDIA,Sunshine Healthcare lanka Ltd
METFORMIN HYDROCHLORIDE EXTENDED RELEASE TABLETS USP 500 MG,DIBETA  SR,EXTENDED RELEASE TABLETS,3X10'S,ALU ALU BLISTER,Torrent Pharmaceuticals Ltd,INDIA,Hemas Pharmaceuticals (Pvt) Ltd
FERROUS SULPHATE TABLETS BP 200MG,***,TABLETS,10X100'S 20X10' 100',"ALU PVDC,HDPE JAR",Bajaj Healthcare Ltd,INDIA,Chamee Chemist
ATORVASTATIN TABLETS 10MG,VASOLIP 10,TABLETS,10X10'S,ALU ALU BLISTER,Unique Pharmaceutical Laboratories,INDIA,George Steuart Health Pvt Ltd
METHYLPREDNISOLONE TABLETS USP 4MG,PREDNIVEX 4,TABLETS,3X10'S,ALU ALU BLISTER,West Coast Pharmaceurical works Ltd,INDIA,AV Global  Impex (Pvt) Ltd
PRAZOSIN TABLETS BP 1MG,ALPHAPRESS,TABLETS,10X10'S,ALU PVC BLISTER,Renata Limited,BANGLADESH,Emerchemie NB (Ceylon) Ltd
CETIRIZINE TABLETS BP 10MG,TEMELIN 10MG,TABLETS,10X10'S 1X10'S,ALU PVC BLISTER,Medochemie Ltd,CYPRUS,Associated Laboratories (Pvt) Ltd
KETOCONAZOLE CREAM 2% W/W,DIAZON CREAM,CREAM,15 G,ALU TUBE PE CAP,Unison Laboratories Co Ltd,THAILAND,Sunshine Healthcare lanka Ltd
IBUPROFEN ORAL SUSPENSION B.P 100MG/5ml,BRUFEN JUNIOR,ORAL SUSPENSION,60ML,AMB GLASS PET BOTTLE,Tirupathi Medicare Ltd,INDIA,Sunshine Healthcare lanka Ltd
METHYLPREDNISOLONE TABLETS USP 16MG,PREDNIVEX 16,TABLETS,3X10'S,ALU ALU BLISTER,West Coast Pharmaceurical works Ltd,INDIA,AV Global  Impex (Pvt) Ltd
ACECLOFENAC TABLETS 100MG,SUPPAINS,TABLETS,10X10'S,BLISTER,ZYDUS LIFESCIENCES LIMITED,INDIA,Sunshine Healthcare lanka Ltd
GABAPENTIN CAPSULES USP 100MG,GONNAZ 100,CAPSULES,10X10'S,ALU PVC BLISTER,XL Laboratories (Pvt) Ltd,INDIA,SMM Halcyon (Pvt) Ltd
PIROXICAM CAPSULES BP 20MG,PIROCOM,CAPSULES,10X10'S,ALU PVC BLISTER,Comed Chemical Ltd,INDIA,P T C Medical (Pvt) Ltd
IMIPRAMINE  TABLETS BP 25MG,***,TABLETS,"1000's, 500's",HDPE JAR,Morison Limited,SRI LANKA,***
CELECOXIB CAPSULES 100MG,SELECAP,CAPSULES,10X10'S,ALU PVC BLISTER,XL Laboratories (Pvt) Ltd,INDIA,SMM Halcyon (Pvt) Ltd
IODIXANOL SOLUTION FOR INJECTION 270 MG l/ML,VISIPAQUE,SOLUTION FOR INJECTION,"10X50 ML , 10X100ML",PP BOTTLE,GE HEALTHCARE IRELAND LIMITED,IRELAND,Sunshine Healthcare lanka Ltd
RIFAXIMIN TABLETS 550MG,RIFALIV 550,TABLETS,3X10' 1X10' 5X10',BLISTER PACK,R V LIFESCIENCE LIMITED,INDIA,Tabrane Healthcare (Pvt) Ltd
SILDENAFIL CITRATE TABLETS USP 50 MG,WELGRA 50,TABLETS,1X4'S,ALU PVC BLISTER,Akums Drugs & Pharmaceuticals Ltd,INDIA,Darley Butler  & Co Ltd
CAPTOPRIL TABLETS B.P 25MG,CAPTOLIN,TABLETS,1000'S,POLYLINED PLASCTIC C,Lina Manufacturing (Pvt) Ltd,SRI LANKA,***
LEVOTHYROXINE TABLETS IP 25MCG,THYRONORM 25,TABLETS,"100 'S , 30'S",AMBER COLOUR GLASS B,Acme Formulation (Pvt) Ltd,INDIA,Sunshine Healthcare lanka Ltd
AMOXICILLIN & CLAVULANATE POTASSIUM USP 375MG,AVAM 375,TABLETS,2X10' 50X10 5X2X10 1,"ALU ALU BLISTR,STRIP",AMN Life Science (Pvt) Ltd,INDIA,Pharma Associates (Pvt) Ltd
CLOTRIMAZOLE BP 1% W/W & BECLOMETHASONE DIPROPIONATE 0.025% W/W CREAM,TRANSLIPO -CB,CREAM,15 G,ALU COLLAPSIIBLE TUB,Centaur Pharmaceutical (Pvt) Ltd,INDIA,George Steuart Health Pvt Ltd
LOSARTAN POTASSIUM & HYDROCHLOROTHIAZIDE TABLETS 50MG /12.5 MG,ZAART-H,TABLETS,10X10'S,ALU PVC PE PVDC BLIS,Cipla Ltd,INDIA,Breathe Free Lanka (Pvt) Ltd
ROSUVASTATIN TABLETS USP 20MG,AURORA 20,TABLETS,10'S,ALU ALU BLISTER PACK,Ferozsons Laboratories Ltd,PAKISTAN,Emerchemie NB (Ceylon) Ltd
TERBUTALINE TABLETS BP 2.5MG,TURLINE,TABLETS,10X10'S,ALU-PVC BLISTER,Mc W Healthcare (P ) Ltd,INDIA,Innogen Lanka (Pvt) Ltd
LOSARTAN POTASSIUM 50MG & HYDROCHLOROTHIAZIDE 12.5MG TABLETS USP,REPACE-H,TABLETS,10X10'S,BLISTER,Sun Pharmaceutical industries,INDIA,Hemas Pharmaceuticals (Pvt) Ltd
SILDENAFIL CITRATE TABLETS USP 100MG,WELGRA 100,TABLETS,1X4'S,ALU PVC BLISTER,Akums Drugs & Pharmaceuticals Ltd,INDIA,Darley Butler  & Co Ltd
DESLORATADINE TABLETS BP  5MG,MOMENTO 5,TABLETS,10X10'S,ALU PVDC BLISTER,Beximco Pharmaceuticals Ltd,BANGLADESH,Emerchemie NB (Ceylon) Ltd
CILNIDIPINE TABLETS 20MG,CILACAR 20,TABLETS,3X10'S,ALU ALU BLISTER,UNIQUE PHARMACEUTICAL LABORATORIES,INDIA,George Steuart Health Pvt Ltd
ATORVASTATIN TABLETS 10MG,ATORNOVA 10,TABLETS,10X10'S,ALU ALU BLISTER,INNOVA CAPTAB LIMITED,INDIA,Cliniqon Biotech Pvt. Ltd
OLOPATADINE HYDROCHLORIDE OPHTHALMIC SOLUTION USP 0.1% W/V,ALERCHEK,OPHTHALMIC SOLUTION,5 ML,LDPE DROP  Bottle,Indoco Remedies Limited,INDIA,Hemas Pharmaceuticals (Pvt) Ltd
ATORVASTATIN TABLETS 10MG,LIPIZIM 10,TABLETS,1X10' 3X10' 5X10',ALU ALU BLISTER,Zim Laboratories Ltd,INDIA,Tabrane Pharmaceuticals (Pvt) Ltd
ETORICOXIB TABLETS 90MG,ETO 90,TABLETS,3X10' 6X10',ALU PVDC BLISTER,Delta Pharma Ltd,BANGLADESH,Hyena Pharmaceuticals (Pvt) Ltd
PROMETHAZINE HYDROCHLORIDE INJECTION USP 25MG/1ML,PROMERIGHT,INJECTION,1 MLX10 & 1MLX50,GLS AMPOULE,Alvita Pharma (Pvt) Ltd,INDIA,Chamee Chemist
TELMISARTAN TABLETS USP 40MG,TELZI 40,TABLETS,3 X10'S,ALU ALU BLISTER,Fredun Pharmaceuticals Ltd,INDIA,George Steuart Health Pvt Ltd
CIPROFLOXACIN TABLETS BP 500MG,CIPROST 500,TABLETS,10X10'S,ALU PVC BLISTER,Sterling Lab,INDIA,Darley Butler  & Co Ltd
PAROXETINE TABLETS BP 20MG,PARI-20,TABLETS,3X10'S,ALU PVDC PVC BLISTER,"Ipca Laboratories Limited,",INDIA,Emar Pharma (Pvt) Ltd
FLUTICASONE NASAL SPRAY BP 50MCG/ACTUATION,PERINASE,NASAL SPRAY,120 METRD DOSE,GLASS VIAL,Beximco Pharmaceuticals Ltd,BANGLADESH,Emerchemie NB (Ceylon) Ltd
CANDESARTAN CILEXETIL TABLETS 8MG,ADVANT,TABLETS,2X7'S,ALU ALU BLISTER,Getz Pharma (Pvt) Ltd,PAKISTAN,Hemas Pharmaceuticals (Pvt) Ltd
EZETIMIBE TABLETS 10MG,ZETIMER,TABLETS,10X10'S,ALU ALU BLISTER,Centaur Pharmaceutical (Pvt) Ltd,INDIA,George Steuart Health Pvt Ltd
ZINC SULPHATE SYRUP  20MG/5ML,ZINCO PLUS,SYRUP,60ml,AMB COL PLAS BOTTLE,MBL Pharma,PAKISTAN,Markss HLC (Pvt) Ltd
GLIMEPIRIDE TABLETS IP 1 MG,AMARYL,TABLETS,2X30'S,ALU CLEAR PVC BLISTE,Sanofi India Ltd,INDIA,A Baur & Co  (Pvt) Ltd
BENZOYL PEROXIDE GEL IP 5% W/W,BENZAC AC 5% GEL,GEL,"20G, 30G",LAMI TUBE,Encube Ethicals (Pvt) Ltd,INDIA,Sunshine Healthcare lanka Ltd
MICONAZOLE NITRATE GEL 2%  w/w,FUNGITOP,GEL,15G TUBE TOPICAL,ALU COLLAP TUBE,Micro Labs Ltd,INDIA,Micro Mega Lanka (Pvt) Ltd
CLOMIFENE TABLETS BP 50MG,***,TABLETS,100'S,PET JAR,Mercury Laboratories Ltd,INDIA,Yaden International (Pvt) Ltd
"DIPHTHERIA ,TETANUS, PERTUSSIS ,HEPATITIS B  AND HAEMOPHILUS INFLUENZAE TYPE B CONJUGATE  VACCINE ADSORBED SUSPENSION FOR INJECTION 5ML-10 DOSES",***,SUSPENSION FOR INJECTION,"50X10 DOSES,6X50X10",USP TY1 TUBULAR VIAL,Serum Institute of India (Pvt) Ltd,INDIA,Citihealth Imports (Pvt) Ltd
METFORMIN HYDROCHLORIDE TABLETS USP 850MG,BIGSENS 850,TABLETS,10X 10'S,ALU PVC BLISTER,ZYDUS LIFESCIENCES LIMITED,INDIA,Sunshine Healthcare lanka Ltd
RABIES ANTISERUM EQUINE 1000 IU/ 5ML,VINRAB 1000IU,SOLUTION FOR INJECTION,5 ML VIAL/10 VIALS,GLASS VIAL,VINS Bioproducts Limited,INDIA,ABC Pharma Services Pvt. Ltd
TERBINAFINE HYDROCHLORIDE CREAM 1% W/W,TERBINOX,CREAM,10 G,ALU COLLASP TUBE,UNIQUE PHARMACEUTICAL LABORATORIES,INDIA,George Steuart Health Pvt Ltd
BECLOMETHASONE DIPROPIONATE DRY POWDER FOR INHALATION CAPSULES BP 200 MCG,BECLOHALE 200,DRY POWDER INHALATION CAPSULES,"30'S , 100'S",ALU PVC BLISTER,Emergen Life Sciences (Pvt) Ltd,SRI LANKA,***
GATIFLOXACIN OPHTALMIC SOLUTION 0.3% W/V,ZYMAR,OPHTHALMIC SOLUTION,5ML,DROPPER BOTTLE,Allergan Sales LLC,UNITED STATES,Hemas Pharmaceuticals (Pvt) Ltd
PROPYLTHIOURACIL TABLETS BP 50MG,PTU,TABLETS,100 'S,HDPE CONTAINER,Macleods Pharmaceuticals Ltd,INDIA,Emerchemie NB (Ceylon) Ltd
IRBESARTAN TABLETS USP 300MG,ARBI 300,TABLETS,10'S/PACK,ALU ALU BLISTER,Pharm Evo (Pvt) Ltd,PAKISTAN,CIC Holdings PLC
DONEPEZIL HYDROCHIORIDE TABLETS USP 5MG,DOPEZIL 5,TABLETS,3X10'S,ALU PVDC BLISTER,Sun Pharmaceutical industries,INDIA,Emerchemie NB (Ceylon) Ltd
CEFUROXIME SODIUM FOR INJECTION 1.5G,ZINACEF,INJECTION,01VIALS,GLASS VIAL,ACS Dobfar S.P.A.,ITALY,A Baur & Co  (Pvt) Ltd
CEFUROXIME SODIUM FOR INJECTION 250MG,ZINACEF,INJECTION,01 VIAL,GLASS VIAL,ACS Dobfar S.P.A.,ITALY,A Baur & Co  (Pvt) Ltd
CEFUROXIME SODIUM FOR INJECTION 750MG,ZINACEF,INJECTION,1'S,GLASS VIAL,ACS Dobfar S.P.A.,ITALY,A Baur & Co  (Pvt) Ltd
SITAGLIPTIN TABLETS USP 100MG,SITAGEN 100,TABLETS,3X10'S,ALU ALUBLISTER,Ferozsons Laboratories Ltd,PAKISTAN,Emerchemie NB (Ceylon) Ltd
BRIMONIDINE TARTRATE EYE DROPS 0.2% W/V,BRIMOCHEK  0.2%,OPHTHALMIC SOLUTION,1'S (5ML),PLASTIC DRIPPER BOTT,Indoco Remedies Limited,GOA,Hemas Pharmaceuticals (Pvt) Ltd
AMITRIPTYLINE HYDROCHLORIDE TABLETS USP 25MG,TRYPTANOL,TABLETS,10X10'S,ALU PVC BLISTER,SEARLE PAKISTAN LIMITED,PAKISTAN,Emerchemie NB (Ceylon) Ltd
CARBIDOPA 25 MG & LEVODOPA 250 MG TABLETS USP,SINEMET,TABLETS,10X10'S,ALU PVC BLISTER,SEARLE PAKISTAN LIMITED,PAKISTAN,Emerchemie NB (Ceylon) Ltd
RANITIDINE INJECTION USP 25MG/ML,RANIDONE,INJECTION,"100X2ML,2MLX10",AMBER COLOUR AMPOULE,Belco Pharma (Pvt) Ltd,INDIA,Pharmatec (Pvt) Ltd
ETORICOXIB TABLETS 90MG,ALGIREX 90,FILM COATED TABLETS,2X10'S,ALU ALU BLISTER,The IBN SINA Pharmaceuticals Industry Ltd,BANGLADESH,Medinex (Pvt) Ltd
ESOMEPRAZOLE CAPSULES 20MG,EMPREZ 20,HARD GELATIN CAPSULE,"3X10'S, 10X10'",ALU PVC BLISTER,Emergen Life Sciences (Pvt) Ltd,SRI LANKA,***
AMOXICILLIN 125MG+CALVULANATE POTASSIUM 31.25MG FOR SUSPENSION USP 156.25 MG/5ML,ASCLAV,POWDER FOR SUSPENSION,100ML,AMB GLASS BOTTLE,Astron Limited,SRI LANKA,***
INDOMETACIN CAPSULES BP 25MG,INDOS 25,CAPSULES,10X10'S 1000'S,ALU PVC BLISTER HDPE,Agog Pharma Ltd,INDIA,lifeServ (Pvt) Ltd
GLIMEPIRIDE TAB LETS IP 2MG,EUGLIM 2,TABLETS,10x10'S /PACK,ALU STRIP PACK,ZYDUS LIFESCIENCES LIMITED,INDIA,Sunshine Healthcare lanka Ltd
TAMOXIFEN TABLETS BP 20MG,NOLVADEX-D,TABLETS,3X10'S,ALUM BLISTER,Astra Zeneca UK Ltd,UNITED KINGDOM,Hemas Pharmaceuticals (Pvt) Ltd
LORATADINE TABLETS 10MG,LORATYN 10,TABLETS,2X10'S 10X10'S,BLISTER,Hovid Berhard,MALAYSIA,Mansel (Ceylon) (Pvt) Ltd
IMATINIB CAPSULES 100MG,IMATINATE 100,CAPSULES,10'S,HDPE PLASTIC BOTTLE,Khandelwal Laboratories Ltd,INDIA,Ceyoka (Pvt) Ltd
LOPERAMIDE HYDROCHLORIDE CAPSULES 2MG,IMODIUM,HARD GELATINE CAPSULES,60'S,ALU PVC BLISTER,Lusomedicamenta Socie /Portugal Janssen Pharmaceutical NV,BELGIUM,Pettah Pharmacy (Pvt) Ltd
LOTEPREDNOL ETABONATE 0.5% W/V + TOBRAMYCIN 0.3% OPHTHALMIC SUSPENSION,LOTEPRED T,OPHTHALMIC  SUSPENSION,5ML BOTTELE,PLASTIC DROPPER,Sante (Private) Limited,PAKISTAN,Emerchemie NB (Ceylon) Ltd
OXETACAINE 10MG+ ALUMINIUM HYDROXIDE 0.291 G + MAGNESIUM HYDROXIDE 98 MG ORAL SUSPENSION,MUCAINE GEL (MINT FLAVOUR),ORAL SUSPENSION,200 ML,AMB PET BOTTLE,Pfizer Limited,INDIA,Hemas Pharmaceuticals (Pvt) Ltd
CILNIDIPINE TABLET 5MG,DUOCARD 5,TABLETS,3X10'S 1X10'S,ALU ALU BLISTER,The ACME Laboratories Ltd,BANGLADESH,Mega Pharma (Pvt) Ltd
AMOXICILLIN AND CLAVULANATE POTASSIUM TABLETS USP 375 MG,JOYCLAV 375,TABLETS,1X10'S,ALU ALU BLISTER,Akums Drugs & Pharmaceuticals Ltd,INDIA,Darley Butler  & Co Ltd
LINEZOLID IV INJECTION 200 MG /100 ML,LIZOLID IV,SOLUTION FOR INFUSION,300 ML,FFS BOTTLE,Amanta Healthcare Ltd,INDIA,Sunshine Healthcare lanka Ltd
RABEPRAZOLE SODIUM  TABLETS 20MG,RABOTIDE FAST,TABLETS,100'S,ALU ALU BLISTER,Inventia Healthcare (Pvt) Ltd,INDIA,Emerchemie NB (Ceylon) Ltd
CEFUROXIME SODIUM FOR INJECTION BP 750MG VIALS,AXETINE 750MG,POWDER FOR SOLUTION FOR INJECTION,15  ML VIAL,TYPE 1 GLASS VIAL,Medochemie Ltd,CYPRUS,Associated Laboratories (Pvt) Ltd
GLICLAZIDE TABLETS BP  80MG,GLYCINORM-80,TABLETS,10X10'S,PVDC BLISTER,"Ipca Laboratories Limited,",INDIA,Emar Pharma (Pvt) Ltd
DICLOFENAC SODIUM DELAYED RELEASE TABLETS USP 50MG,DIVOLTAR,TABLETS,5X10'S,ALU ALU STRIP,PT KALBE FARMA TBK,INDONESIA,Hemas Pharmaceuticals (Pvt) Ltd
CELECOXIB CAPSULES 200MG,SWIZCOX 200,CAPSULES,10X10'S,ALU ALU BLISTER,Swiss Garnier Life Scences,INDIA,George Steuart Health Pvt Ltd
CALCIPOTRIOL 0.005% W/W & BETAMETHASONE 0.05% W/W OINTMENT,CALCIBET,OINTMENT,15G TUBE PER PACK,LAMI TUBE SCREW CAP,Central drugs and Pharmaceutical,INDIA,Pharma Associates (Pvt) Ltd
PROLONGED RELEASE DICLOFENAC TABLETS BP 100 MG,DICLORAN SR 100,TABLETS,10X10'S,ALU PVC BLISTER,UNIQUE PHARMACEUTICAL LABORATORIES,INDIA,George Steuart Health Pvt Ltd
MICONAZOLE CREAM BP 2% W/W,MICOGEL CREAM,CREAM,"15G, 1.25X1X15G",ALU COLLASPSIBL TUBE,Cipla Ltd,INDIA,Breathe Free Lanka (Pvt) Ltd
PHENOBARBITAL TABLETS  BP 30MG,***,TABLETS,1.000 TABLETS/PACK,HDPE BOTTLES,Morison Limited,SRI LANKA,***
DESLORATADINE TABLETS 5MG,DESLORIN,TABLETS,10X10'S,ALU PVC BLISTER,Advanced Chemical Industries,BANGLADESH,CIC Holdings PLC
DILTIAZEM HYDROCHLORIDE TABLETS USP 60MG,DILZEM 60,TABLETS,10X10'S,ALIU PVC BLISTER,Torrent Pharmaceuticals Ltd,INDIA,Edna Medicals (Pvt) Ltd
CLOPIDOGREL TABLETS USP 75MG,DEPLATT,TABLETS,10X10'S,ALU ALU BLISTER,Torrent Pharmaceuticals Ltd,INDIA,Edna Medicals (Pvt) Ltd
ONDANSETRON ORAL SOLUTION USP 4MG/5ML,EMISTAT,ORAL SOLUTION,50 ML,CLEAR PET BOTTLE,Healthcare Pharmaceuticals,BANGLADESH,Citihealth Imports (Pvt) Ltd
GLICLAZIDE TABLETS BP  80MG,NIDONIL 80,TABLETS,3X10'S,ALU PVC BLISTER,Martin Daw Marker Ltd,PAKISTAN,Emerchemie NB (Ceylon) Ltd
ONDANSETRON ORAL SOLUTION USP 4MG/5ML,DANSET 4,ORAL SOLUTION,"60ML, 30ML",AMB PET BOTTLE,Swiss Garnier Life Scences,INDIA,George Steuart Health Pvt Ltd
CEFTAZIDIME FOR INJECTION USP 500MG,SEROZID,INJECTION,1'S,CLEAR GLASS VIAL,Opsonin Pharma Ltd,BANGLADESH,Yaden International (Pvt) Ltd
TERLIPRESSIN INJECTION 100 MCG/ML,***,INJECTION,10ML,USP TY 1 GLS VIAL,Mercury Laboratories Ltd,INDIA,Yaden International (Pvt) Ltd
BUDESONIDE INHALATIONS IP 100 MCG PER ACTUATION,BUDATE 100 TRANSHALER,METERED DOSE INHALER,200 DOSES/INHALER,ALU CANIST/PREZ CONT,Lupin Limited,INDIA,CIC Holdings PLC
HEPATITIS B VACCINE (R DNA) 10 DOSES (ADULT),***,SUSPENSION FOR INJECTION,10ML VIAL X25,TUBER TY 1 GLS VIAL,Serum Institute of India (Pvt) Ltd,INDIA,Citihealth Imports (Pvt) Ltd
SALBUTAMOL SYRUP BP 2MG/5ML,AZMET,SYRUP,100ML,PET  BOTTLE TRANPARE,Medicon Pharmaceuticals Ltd,BANGLADESH,Tranz Pharma Hodlings (Pvt) Ltd
METHYLPREDNISOLONE TABLETS USP 16MG,HEXILON 16 MG,TABLETS,3X10'S,STRIPS,P T Dankos Farma,INDONESIA,Hemas Pharmaceuticals (Pvt) Ltd
CEFPIROME FOR INJECTION 1G,BACTIROM,POWDER FOR INJECTION,1G/VIAL+WFI AMP,GLASS VIAL,PT Sanbe Farma,INDONESIA,Softlogic Pharmaceuticals (Pvt( Ltd
BORTEZOMIB FOR INJECTION IP 2 MG,EGYBORT 2,LYOPHILIZED POWDER FOR INJECTION,"1'S /PACK, 4'S /PACK",USP TY 1 GLS VIAL,United Biotech (P) Limited,INDIA,George Steuart Health Pvt Ltd
"HYDROQUINONE 4% W/W,OXYBENZONE3 % W/W & OCTINOXATE 5%W/W CREAM",BRITE CREAM,CREAM,20G X10'S,ALUMINIUM TUBE,Indi Pharma (Pvt) Ltd,INDIA,Emar Pharma (Pvt) Ltd
DOCETAXEL CONCENTRATE IP 120MG/ 3 ML,DOCETEC 120,CONCENTRATED SOLUTION FOR INJECTION,"01'S,1X5'S",USP TY 1 GLS VIAL,United Biotech (P) Limited,INDIA,George Steuart Health Pvt Ltd
FUSIDIC ACID CREAM BP 2%  W/W,DISUF CREAM 2% W/W,CREAM,15G,ALUMINIUM TUBE,Hovid Berhard,MALAYSIA,Mansel (Ceylon) (Pvt) Ltd
HYDROCORTISONE CREAM BP 1% W/W,HYDROSONE,CREAM,"5G, 15G",COLLP.TUBE,Belco Pharma (Pvt) Ltd,INDIA,Pharmatec (Pvt) Ltd
TELMISARTAN TABLETS USP 80MG,TELSAR 80,TABLETS,3X10'S,ALU ALU BLISTER,Hetero Labs Ltd,INDIA,Mansel (Ceylon) (Pvt) Ltd
KETOCONAZOLE BP 2% +ZINC PYRITHIONE 1% SHAMPOO,KETO PLUS SHAMPOO,SHAMPOO,60ML 120ML,HDPE BOTTLE,Glenmark Pharmaceuticals Ltd,INDIA,Sunshine Healthcare lanka Ltd
FULVESTRANT SOLUTION FOR INJECTION 250MG/5ML,FASLODEX,SOLUTION FOR INJECTION,2PFSY 5ML+2NEEDLE,2PFSY 5ML+2NEEDLE,Vetter Pharma -fertingung GMBH,UNITED KINGDOM,Hemas Pharmaceuticals (Pvt) Ltd
RABEPRAZOLE SODIUM  TABLETS 20MG,RABELOC 20,TABLETS,"10X10'S, 100X10'S",STRIP,Cadila pharmaceuticals Ltd,INDIA,Sunshine Healthcare lanka Ltd
VALGANCICLOVIR TABLETS USP 450MG,VIRALGEN,TABLETS,60'S,HDPE JAR,Celogen Lanka (Pvt) Ltd,SRI LANKA,***
NEPAFENAC OPHTHALMIC SUSPENSION 0.3% W/V,NEVAN TS,OPHTHALMIC SUSPENSION,1'S(5ML),LDPE DROPPER,Aristopharma Ltd,BANGLADESH,Hemas Pharmaceuticals (Pvt) Ltd
GEMCITABINE FOR INJECTION USP 1G /VIAL,ZYGEM 1000,POWDER FOR INJECTION,1G VIAL,TY 1 CLEAR GLS,Zydus Hospira Oncology (Pvt) Ltd,INDIA,Hemas Pharmaceuticals (Pvt) Ltd
ALPRAZOLAM TABLETS USP 0.25MG,***,TABLETS,"5X10'S, 100'S","ALU ALU BLIS, JAR",Mercury Laboratories Ltd,INDIA,Yaden International (Pvt) Ltd
AMOXICILLIN AND CLAVULANATE POTASSIUM TABLETS USP 625MG,AVAM 625,TABLETS,2X10' 2X10X5' 10X10',ALU ALU BLISTER,AMN Life Science (Pvt) Ltd,INDIA,Pharma Associates (Pvt) Ltd
CO-CARELDOPA TABLETS BP (CARBIDOPA ANHYDROUS 25MG+LEVODOPA BP 250 MG),TIDOMET FORTE,TABLETS,10X10'S,ALU ALU STRIPS,Torrent Pharmaceuticals Ltd,INDIA,Hemas Pharmaceuticals (Pvt) Ltd
DOMPERIDONE TABLETS BP 10MG,DOMPITAB,TABLETS,"10X10,5X5X10& 1000","ALU BLISTER,HDPE JAR",MMC Healthcare Ltd,INDIA,Markss HLC (Pvt) Ltd
IMIQUIMOD CREAM 5% W/W,IMIQUAD,CREAM,0.25G X 3/PACK,4 LAYER  ALU/LDPE,Glenmark Pharmaceuticals Ltd,INDIA,Hemas Pharmaceuticals (Pvt) Ltd
PANTOPRAZOLE TABLETS USP 40MG,PEPTAZOL 40,TABLETS,3X10'S,ALU ALU BLISTER,Quimica Montpellier SA,ARGENTINA,Emerchemie NB (Ceylon) Ltd
DESLORATADINE SYRUP 50MG/100ML,DESLORAT,SYRUP,60ML,PET BOTTLE,Quimica Montpellier SA,ARGENTINA,Emerchemie NB (Ceylon) Ltd
PACLITAXEL SOLUTION FOR INJECTION USP 30MG/5ML,PANATAXEL,INJECTION,"30MG-5ML,100MG-16.7M",SINGLE VIAL,Bioprofarma Bago S.A,ARGENTINA,Emerchemie NB (Ceylon) Ltd
CEFUROXIME AXETIL ORAL SUSPENSION 125MG/5ML,ZINNAT SUSPENSION,ORAL SUSPENSION,100ML,AMB GLASS BOTTLE,Glaxo Operations UK Ltd,UNITED KINGDOM,A Baur & Co  (Pvt) Ltd
CLOTRIMAZOLE DUSTING POWDER 1 %,CANDID POWDER,DUSTING POWDER,30G &100G,HDPE BOTTLE,Glenmark Pharmaceuticals Ltd,INDIA,Sunshine Healthcare lanka Ltd
BETAMETHASONE 0.1%  & NEOMYCIN SULPHATE 0.5% CREAM,BETALEB-N CREAM,CREAM,15G,ALU COLLAPSIBLE TUBE,Leben Laboratories (Pvt) Ltd,INDIA,Ceyoka (Pvt) Ltd
LACTULOSE SOLUTION BP 68 % W/V,HILAC,SOLUTION,120ML,AMB PET BOTTLE,Hilton  Pharma (Pvt) Ltd,PAKISTAN,Sunshine Healthcare lanka Ltd
FEXOFENADINE HYDROCHLORIDE 120MG TABLETS,AXODIN 120,TABLETS,3X10'S,ALU PVC BLISTER,Beximco Pharmaceuticals Ltd,BANGLADESH,Emerchemie NB (Ceylon) Ltd
IBUPROFEN TABLETS IP 400MG,BRUFEN 400,TABLETS,15X60'S,ALU PVC BLISTER,Abbott India Ltd,INDIA,Sunshine Healthcare lanka Ltd
ETORICOXIB TABLETS 120MG,ETOROCZIA 120,TABLETS,3X10'S,BLISTER,Fredun Pharmaceuticals Ltd,INDIA,George Steuart Health Pvt Ltd
CELECOXIB TABLETS 200MG,CELEC 200,TABLETS,"10X10'S, 1X10'S",ALU ALU BLISTER,Unicure Ramadies (Pvt) Ltd,INDIA,Emar Pharma (Pvt) Ltd
PREGABALIN CAPSULES 150MG,PREGASAFE 150,CAPSULES,3X10'S,ALU PVC PVDC BLISTER,MSN Laboratories Private Limited,INDIA,Axia (Pvt) Ltd
LOSARTAN POTASSIUM TABLETS USP 50MG,LOSAVIC 50,TABLETS,"10X10'S,3X10'S,1000'",ALU PVC BLIS JAR,Astron Limited,SRI LANKA,***
BETAMETHASONE DIPROPIONATE  CREAM USP 0.05% W/W,DERMSONE,CREAM,"10G,30G",AL COLLABSIBLE TUBE,Galentic Pharma (india) (Pvt) Ltd,INDIA,Ceyoka (Pvt) Ltd
LEVONORGESTREL BP 0.15MG+ETHINYLESTRADIOL BP 0.03MG TABLETS WITH FERROUS FUMARATE BP 75MG TABLETS,MITHURI,TABLETS(ORAL CONFRACEPTIVE PILLS),"28'S,(21'S)",ALU PVC BLISTER,Renata Limited,BANGLADESH,Family Planning Association of Sri Lanka
LINAGLIPTIN TABLETS 5MG,LIGAZID,FILM COA TABLETS,2X10'S,ALU ALU STRIP,Eskayef Pharmaceuticals Ltd,BANGLADESH,Truvic Private Ltd
HYDROCORTISONE CREAM 1% W/W,H-CORT CREAM 1% W/W,CREAM,15 G,ALU COLLAP. TUBE,Hoe Pharmaceuticals SDN BHD,MALAYSIA,Indoscan (Pvt) Ltd
BRINZOLAMIDE 10MG/ML AND TIMOLOL 5MG/ML EYE DROPS,***,EYE DROPS,5ML,HDPE DROPPER BOTTLE,Mercury Laboratories Ltd,INDIA,Yaden International (Pvt) Ltd
TAMOXIFEN TABLETS BP 10MG,MAMOFEN 10,TABLETS,10X10'S,ALU ALU STRIP,Khandelwal Laboratories Ltd,INDIA,Ceyoka (Pvt) Ltd
THIOPENTAL SODIUM FOR INJECTION BP 500MG,***,INJECTION,"20ML/VIAL,50ML/PACK",USP TY 111 GLS VIAL,Ciron Drugs & PharmaceuticalS (Pvt) Ltd,INDIA,Ceyoka (Pvt) Ltd
CLOXACILLIN SODIUM FOR ORAL SOLUTION USP 125MG/5ML,ALCLOX 125 SYRUP,POWDER FOR ORAL SOLUTION,100ML,HDPE BOTTLE,Leben Laboratories (Pvt) Ltd,INDIA,Ceyoka (Pvt) Ltd
OLANZAPINE ORALLY DISINTEGRATING TABLETS USP 5MG,OLAVEX 5 MD,TABLETS,3X10'S,ALU ALU BLISTER,West Coast Pharmaceurical works Ltd,INDIA,AV Global  Impex (Pvt) Ltd
METFORMIN HYDROCHLORIDE TABLETS BP 850 MG,SRIMET 850,TABLETS,10X10'S,ALU PVC BLISTER,Fredun Pharmaceuticals Ltd,INDIA,George Steuart Health Pvt Ltd
CLOPIDOGREL TABLETS USP 75MG,CLOPID,TABLETS,"10X10'S, 500'S","ALU ALU BLISTER,HDPE",The Madras Pharmaceuticals,INDIA,Pharma Associates
PREGABALIN CAPSULES 150MG,GABLIN 150,CAPSULES,"14X7'S, 14'S",ALU ALU BLISTER,CCL Pharmaceuticals (Pvt) Ltd,PAKISTAN,CIC Holdings PLC
SILDENAFIL CITRATE TABLETS IP 50MG,PENEGRA-50,TABLETS,"1X4,10X4' 20X4'",ALU PVC BLISTER,Zydus Healthcare Ltd,INDIA,Sunshine Healthcare lanka Ltd
ATORVASTATIN TABLETS 10MG,OPTILIP 10,TABLETS,10X10'S 1X4'S,ALU ALU BLISTER,Atoz Pharmaceuticals (Pvt) Ltd,INDIA,Euro Asian Pharma (Pvt) Ltd
DOXEPIN CAPSULES BP 50MG,***,CAPSULES,100'S,HDPE  JAR,Celogen Lanka (Pvt) Ltd,SRI LANKA,***
POLYETHYLENE GLYCOL 3350 & ELECTROLYTES FOR ORAL SOLUTION,PEGLEC,POWDER FOR SOLUTION,137.15gX2'S/69gX4'S,SACHETS,TIL Heathcare Pvt Ltd,INDIA,George Steuart Health Pvt Ltd
VANCOMYCIN HYDROCHLORIDE FOR INJECTION USP 1G,VANBACT-1G,INJECTION,01 VIAL+2 AMP,GLS VIAL &GLSAMP,Nabiqasim Industries (Pvt) Ltd,PAKISTAN,George Steuart Health Pvt Ltd
DESLORATADINE TABLETS USP 5MG,LARINEX,TABLETS,1X10'S,ALU ALU BLISTER,Getz Pharma (Pvt) Ltd,PAKISTAN,Hemas Pharmaceuticals (Pvt) Ltd
FORMOTEROL FUMARATE DIHYDRATE 6MCG+ BUDESONIDE 200MCG INHALAER,FORACORT 200 INHALER,INHALER,120 DOSE,CANISTER/INDICATOR,Cipla Ltd,INDIA,Breathe Free Lanka (Pvt) Ltd
OXALIPLATIN INJECTION USP 5MG/ML,OXALIZYD 50,INJECTION,GLASS VIAL,10 ML,Zydus Hospira Oncology (Pvt) Ltd,INDIA,Hemas Pharmaceuticals (Pvt) Ltd
DAPOXETINE HYDROCHLORIDE TABLET 30MG,DPX 30,TABLETS,10X1X4'3X1X4'100X1X4,ALU PVC BLISTER,Zim Laboratories Ltd,INDIA,Tabrane Pharmaceuticals (Pvt) Ltd
MONTELUKAST SODIUM CHEWABLE TABLETS 5 MG,LEUKO  5,CHEWABLE TABLETS,1X10' 3X10' 5X10',ALU ALU BLISTER,Zim Laboratories Ltd,INDIA,Tabrane Pharmaceuticals (Pvt) Ltd
EMPAGLIFLOZIN TABLETS 25MG,EMPAMOR,TABLETS,3X10'S,BLISTER PACKS,Morison Limited,SRI LANKA,***
PREGABALIN CAPSULES 75MG,GABICA,CAPSULES,"14'S, 35'S",BLISTER,Getz Pharma (Pvt) Ltd,PAKISTAN,Hemas Pharmaceuticals (Pvt) Ltd
CLOTRIMAZOLE CREAM USP 1% W/W,CANEZOLE,CREAM,15g,ALU.COLLAPSIBLE TUBE,Belco Pharma (Pvt) Ltd,INDIA,Pharmatec (Pvt) Ltd
ITRACONAZOLE CAPSULES 100MG,ITRAPELL 100,CAPSULES,1X10'S,ALU ALU BLISTER,Pell Tech Health Care (Pvt) Ltd,INDIA,Medstar Healthcare (Pvt) Ltd
VASOPRESSIN  INJECTION USP 20 IU/ML,***,INJECTION,01'S/PACK,USP TYPE 1 GLASS VIA,Mercury Laboratories Ltd,INDIA,Yaden International (Pvt) Ltd
TELMISARTAN TABLETS USP 80MG,TELCOR 80,TABLETS,1X10'S 3X10'S,ALU ALU BLISTER,Akums Drugs & Pharmaceuticals Ltd,INDIA,Darley Butler  & Co Ltd
VENLAFAXINE HYDROCHLORIDE EXTENDED RELEASE CAPSULES USP 75MG,NEUROFAX SR 75,CAPSULES,10X10'S,ALU PVC BLISTER,Inventia Healthcare (Pvt) Ltd,INDIA,Emerchemie NB (Ceylon) Ltd
SALMETEROL 25MCG +FLUTICASONE PROPIONATE 250MCG/INHALATION,SALTROL INHALER,INHALER,1 PACK/BOX OF 120MTD,ANODIZED ALU CANISTE,Getz Pharma (Pvt) Ltd,PAKISTAN,Hemas Pharmaceuticals (Pvt) Ltd
DESMOPRESSIN NASAL SPRAY  BP 0.01 %,D-PRESSIN,NASAL SPRAY,5ML,GLS BOTTLE,United Biotech (Pvt) Ltd,INDIA,Klintas (Pvt) Ltd
CHLORPHENIRAMINE MALEATE TABLETS USP 4MG,CEEPM 4,TABLETS,10X10'S,ALU PVC BLISTER,Brawn Laboratories Ltd,INDIA,Ceyoka (Pvt) Ltd
SILDENAFIL CITRATE ORALLY DISINTEGRATING STRIPS 50MG,ENOGRA ODS 50,ORALLY DISINTEGRATING STRIPS,10X1' 10X1X10 10X1,SACHET,Zim Laboratories Ltd,INDIA,Tabrane Pharmaceuticals (Pvt) Ltd
PANTOPRAZOLE SODIUM DELAYED RELEASE TABLETS USP 40MG,PANZEL,TABLETS,10X10'S,ALU ALU BLISTER,Zee Laboratories,INDIA,ABC Pharma Services Pvt. Ltd
"CLOTRIMAZOLE  1%, BECLOMETHASONE DIPROPIONATE BP 0.025% CREAM",TRIBEN-B,CREAM,20G,ALU COLLAPSIBLE TUBE,Jenburkt Pharmaceuticals Ltd,INDIA,Hemas Pharmaceuticals (Pvt) Ltd
TELMISARTAN TABLETS USP 40MG,TELCOR 40,TABLETS,"1X10'S, 3X10'S",ALU ALU BLISTER,Akums Drugs & Pharmaceuticals Ltd,INDIA,Darley Butler  & Co Ltd
CLOTRIMAZOLE VAGINAL INSERTS USP 200 MG,CANDID V3,VAGINAL INSERTS,3 VAGINAL INSERTS,ALU. STRIP  PACK,Glenmark Pharmaceuticals Ltd,INDIA,Sunshine Healthcare lanka Ltd
CLOBAZAM TABLETS IP 10 MG,FRISIUM,TABLETS,450'S/PACK,ALU CLEAR PVC BLISTE,Sanofi India Limited,INDIA,A Baur & Co  (Pvt) Ltd
PHENYTOIN TABLETS  I.P 100MG,EPTOIN 100,TABLETS,120'S,AMB COL TY III G BOT,Abbott Healthcare Pvt Ltd,INDIA,Sunshine Healthcare lanka Ltd
GLICLAZIDE MODIFIED RELEASE TABLETS 30MG,GLYCINORM MR 30,TABLETS,"3x10'S,10x10'S",BLISTER,"Ipca Laboratories Limited,",INDIA,Hemas Pharmaceuticals (Pvt) Ltd
MEFENAMIC ACID TABLETS BP 250MG,***,TABLETS,1000'S,PLASTIC JAR,Medico Remedies (Pvt) Ltd,INDIA,ABC Pharma Services Pvt. Ltd
OMEPRAZOLE DELAYED RELEASE CAPSULES USP 20MG,INNOCID 20,CAPSULES,10X10'S,ALU ALU STRIP,INNOVA CAPTAB LIMITED,INDIA,Cliniqon Biotech Pvt. Ltd
SITAGLIPTIN TABLETS USP 50MG,STIPTIN 50,TABLETS,1X10'S,ALU ALU BLISTER,G D Laboratories (India) Pvt Ltd,INDIA,Softlogic Pharmaceuticals (Pvt( Ltd
ATORVASTATIN TABLETS 20MG,LIPIGET 20 MG,TABLETS,10'S,ALU ALU BLISTER,Getz Pharma (Pvt) Ltd,PAKISTAN,Hemas Pharmaceuticals (Pvt) Ltd
"DROSPIRENONE 3MG , ETHINYLESTRADIOL 0.03MG TABLETS",YASMIN,HORMONAL TABLETS,21'S,BLISTER,Bayer Weiner GmbH & Co. KC  Germany for Bayer Pharma AG Germany,GERMANY,Hemas Pharmaceuticals (Pvt) Ltd
PERMETHRIN CREAM 5% W/W,SCABRID CREAM,CREAM,30G,ALU. COLLAPSIBL TUBE,Tabros Pharma (Pvt) Ltd,PAKISTAN,Associated Laboratories (Pvt) Ltd
CLONAZEPAM TABLETS 2MG,RIVOTRIL,TABLETS,30'S,AMB COL GLS BOTTLE,Recipharm Leganes S L U for F Hoffmann-La Roche Ltd,GERMANY,A Baur & Co  (Pvt) Ltd
CLONAZEPAM TABLETS 0.5MG,RIVOTRIL,TABLETS,50'S,AMB GLS BOTTLE,Recipharm Leganes S L U for F Hoffmann-La Roche Ltd,GERMANY,A Baur & Co  (Pvt) Ltd
BETAHISTINE DIHYDROCHLORIDE TABLETS BP 16MG,BETAHIST FORTE,TABLETS,10X10'S 10' 1000'S,ALU STRIP & HDPE JAR,Geno Pharmaceuticals Pvt Ltd,INDIA,Mansel (Ceylon) (Pvt) Ltd
GLIMEPIRIDE TABLETS IP 2MG,AMARYL,TABLETS,2X30'S,"ALU,PVC PVDC BLISTER",Sanofi India Limited,INDIA,A Baur & Co  (Pvt) Ltd
CLARITHROMYCIN TABLETS USP 500MG,CLARITHRO 500,TABLETS,1X10'S,ALU PVC BLISTER,Nabiqasim Industries (Pvt) Ltd,PAKISTAN,George Steuart Health Pvt Ltd
AMOXICILLIN 125MG+CLAVULANIC ACID 31.25MG ORAL SUSPENSION/5ML,CURAM 156.25 ML/ML,POWDER FOR ORAL SUSPENSION,"60ML , 100ML",AMB GLS BOTTLE,Sandoz GmbH,AUSTRIA,A Baur & Co  (Pvt) Ltd
MEROPENEM FOR INJECTION USP 1G & 10ML WATER FOR INJECTION,MENEM 1G,POWDER FOR INJECTION,"1 VIAL/PACK, 10 ML",10ML PLAS AMPOULE,United Biotech (Pvt) Ltd,INDIA,Klintas (Pvt) Ltd
GLICLAZIDE MODIFIED RELEASE TABLETS 30MG,DIANORM OD 30,TABLETS,10X10'S,ALU PVC PVDC BLISTER,Micro Labs Limited,INDIA,Micro Mega Lanka (Pvt) Ltd
AZITHROMYCIN CAPSULES USP 250MG,ZITHRIN,CAPSULES,2x6'S & 2'S,ALU ALU BLISTER,Renata Limited,BANGLADESH,Emerchemie NB (Ceylon) Ltd
FEXOFENADINE HYDROCHLORIDE TABLETS USP 120MG,FENADIN 120,TABLETS,5X10'S,ALU PVC BLISTER,Renata Limited,BANGLADESH,Emerchemie NB (Ceylon) Ltd
ESOMEPRAZOLE TABLETS 40MG,ESOZOLE 40,TABLETS,10X10'S,ALU ALU BLISTER,Sunrise International LabS Ltd,INDIA,Zyrex Pharmaceuticals (Pvt) Ltd
ESOMEPRAZOLE MAGNESIUM TABLETS 40MG,NEXPRO-40,TABLETS,10X10'S,ALU ALU BLISTER,Torrent Pharmaceuticals Ltd,INDIA,Edna Medicals (Pvt) Ltd
LIDOCAINE HYDROCHLORIDE 2% AND ADRENALINE 1:80000 INJECTION BP,***,INJECTION,30MLX10,AMB GLASS VIAL,Pharmafabrikon,INDIA,Novachem Lanka (Pvt) Ltd
GABAPENTIN CAPSULES USP 100MG,PENRAL 100,HARD GELATINE CAPSULES,"1X10'S, 10X10'S",ALU PVC BLISTER,CCL Pharmaceuticals (Pvt) Ltd,PAKISTAN,CIC Holdings PLC
CLOXACILLIN SODIUM CAPSULES USP 250MG,ALCLOX 250,CAPSULES,"10X10'S, 1000'S",HDPE BLISTER,Leben Laboratories (Pvt) Ltd,INDIA,Ceyoka (Pvt) Ltd
ETOFYLLINE 115MG + THEOPHYLLINE ANHYDROUS EQUIVALENT TO THEOPHYLLINE HYDRATE 35 MG SUSTAINED RELEASE TABLETS,DERIPHYLLIN RETARD 150,TABLETS,5X6X10'S,BLISTER,ZYDUS LIFESCIENCES LIMITED,INDIA,Sunshine Healthcare lanka Ltd
FOLIC ACID TABLETS BP 1MG,***,TABLETS,1000's,HDPE Jar,"GAMMA INTERPHARM PVT LTD,",SRI LANKA,***
Co-Amoxiclav TABLETS BP 375mg,CURAM 375,TABLETS,20'S 12'S 100'S,ALU ALU BLISTER,Sandoz GmbH,AUSTRIA,A Baur & Co  (Pvt) Ltd
SALMETEROL & FLUTICASONE PROPIONATE INHALATION IP 25MCG/125MCG,FORAIR 125 HFA INHALER,PRESSURIZED INHALATION AEROSOL,120 MTD,"ALU.CANISTER,INHALER",ZYDUS LIFESCIENCES LIMITED,INDIA,Sunshine Healthcare lanka Ltd
GABAPENTIN CAPSULES 100MG,NEUPENTIN 100MG,CAPSULES,"10'S &, 100's",ALU PVC  BLISTER,Highnoon Laboratories Ltd,PAKISTAN,Truvic Private Ltd
ATORVASTATIN TABLETS IP 5MG,ATORVA 5,TABLETS,10x10'S,STRIP PACK,ZYDUS LIFESCIENCES LIMITED,INDIA,Sunshine Healthcare lanka Ltd
AZITHROMYCIN ORAL SUSPENSION 200MG/5ML,ZAHA,ORAL SUSPENSION,15ML,AMBER COLOUR,Ajantha Pharma Ltd,INDIA,A Baur & Co  (Pvt) Ltd
MONTELUKAST CHEWABLE TABLETS 4MG,MONOCAST 4,CHEWABLE TABLETS,2X10'S,ALU ALU BLISTER,Beximco Pharmaceuticals Ltd,BANGLADESH,Emerchemie NB (Ceylon) Ltd
VENLAFAXINE EXTENDED RELEASE CAPSULES USP  37.5MG,VENIZ  XR 37.5,CAPSULES,3X10'S,ALU ALU STRIP,Sun Pharmaceutical industries,INDIA,Emerchemie NB (Ceylon) Ltd
LIPOSOMAL AMPHOTERICIN B INJECTION 50MG(LYOPHILIZED),AMPHONEX,FREEZED DRIED POWDER FOR INJECTION,01 VIAL/PACK,GLASS VIAL,Bharat Serums & Vaccine Ltd,INDIA,Ceyoka (Pvt) Ltd
LOSARTAN POTASSIUM TABLETS USP  25MG,ANGIZAAR-25,TABLETS,"10X10'S, 1X10'S",ALU ALU BLISTER,Micro Labs Limited,INDIA,Micro Mega Lanka (Pvt) Ltd
TELMISARTAN TABLETS USP 80MG,TELZI 80,TABLETS,3X10'S,ALU ALU BLISTER,Fredun Pharmaceuticals Ltd,INDIA,George Steuart Health Pvt Ltd
METFORMIN TABLETS BP 850MG,MELMET 850,TABLETS,5X10'S 10X10'S 20X10,ALU PVC BLISTER,Micro Labs Limited,INDIA,Micro Mega Lanka (Pvt) Ltd
GLIMEPIRIDE TABLETS IP 3 MG,AMARYL,TABLETS,2X30'S,ALU PVC BLISTER,Sanofi India Limited,GOA,A Baur & Co  (Pvt) Ltd
DULOXETINE HYDROCHLORIDE DELAYED RELEASE CAPSULES 60MG,DUTIN 60,DELAYED RELEASE CAPSULES,3X10'S,ALU ALU BLISTER,Hetero Labs Ltd,INDIA,Mansel (Ceylon) (Pvt) Ltd
CLOTRIMAZOLE VAGINAL INSETS USP 100MG,CANDID-V6,VAGINAL INSERTS,6 WITH APPLICAT,STRIP PACK,Glenmark Pharmaceuticals Ltd,INDIA,Sunshine Healthcare lanka Ltd
BETAMETHASONE VALERATE CREAM BP 0.1% W/W,BETASONE CREAM,CREAM,15G,ALUMINIUM TUBE,Hovid Berhard,MALAYSIA,Mansel (Ceylon) (Pvt) Ltd
"ALUMINA , MAGNESIA & SIMETHICONE ORAL SUSPENSION USP",PEPTICA GEL,ORAL SUSPENSION,200ML,PET BOTTLE,Geno Pharmaceuticals Ltd,INDIA,Mansel (Ceylon) (Pvt) Ltd
KETOCONAZOLE SHAMPOO 2% W/W,KETOVID SHAMPOO 2% W/W,SHAMPOO,120ML,HDPE PLASTIC BOTTLE,Hovid Berhard,MALAYSIA,Mansel (Ceylon) (Pvt) Ltd
LAMOTRIGINE TABLETS 100MG,LAMOTRIX 100MG,TABLETS,1X10'S 3X10'S,ALU PVC BLISTER,Medochemie Ltd,CYPRUS,Associated Laboratories (Pvt) Ltd
TERBINAFINE HYDROCHLORIDE TABLETS 250MG,MEDOFLORAN 250 MG,TABLETS,7'S 14'S,ALU PVC BLISTER,Medochemie Ltd,CYPRUS,Associated Laboratories (Pvt) Ltd
CEFUROXIME AXETIL TABLETS 250 MG,ZINNAT 250,TABLETS,10'S,ALU PVC BLISTER,Glaxo Operations UK Ltd,UNITED KINGDOM,A Baur & Co  (Pvt) Ltd
OLANZAPINE TABLETS USP 10MG,*****,FILM COA TABLETS,1000'S,PLASTIC JAR,Centurion Laboratories Pvt Ltd,INDIA,Yaden International (Pvt) Ltd
SPIRONOLACTONE TABLETS BP 25MG,PIROLAC,UNCOATED TABLETS,10X10'S,ALU PVC BLISTER,Mercury Laboratories Ltd,INDIA,Yaden International (Pvt) Ltd
GABAPENTIN CAPSULES USP 300MG,***,HARD GELATINE CAPSULES,100'S,PLASTIC JAR,Centurion Laboratories Pvt Ltd,INDIA,Yaden International (Pvt) Ltd
ESOMEPRAZOLE SODIUM POWDER FOR INJECTION 40MG / VIAL,ESOME IV,LYOPHILIZED POWDER FOR IV INJECTION & INFUSION,1 VIAL&1 AMP 9% SOLU,USP TY 11 VIAL & AMP,Getz Pharma (Pvt) Ltd,PAKISTAN,Hemas Pharmaceuticals (Pvt) Ltd
CLOPIDOGREL TABLETS USP 75MG,MEDOVIX 75,TABLETS,3X10'S,ALU ALU BLISTER,Medopharm (PVT Ltd,INDIA,Sunshine Healthcare lanka Ltd
CEFTRIAXONE FOR INJECTION USP 1G,***,POWDER FOR INJECTION,10X1G VIAL/PACK,GLASS VIAL,Karnataka Antibiotic & Pharmaceuticals Ltd,INDIA,A Baur & Co  (Pvt) Ltd
DESLORATADINE SYRUP 2.5MG/5ML,DESODIN,ORAL SYRUP,60ML,GLS BOTTLE,Eskayef Pharmaceuticals Ltd,BANGLADESH,Truvic Private Ltd
HYDROCORTISONE SODIUM SUCCINATE INJECTION USP 100MG,SUCCICORT,POWDER FOR INJECTION,1 VIAL,GLASS VIAL 7.5ML,VHB Medi Sciences Ltd,INDIA,Yaden International (Pvt) Ltd
CETIRIZINE TABLETS BP 10MG,ALESOF 10,FILM COA TABLETS,10X10'S,ALU PVC BLISTER,XL Laboratories (Pvt) Ltd,INDIA,SMM Halcyon (Pvt) Ltd
PANTOPRAZOLE SODIUM DELAYED RELEASE TABLETS USP 20MG,PEPTAZOL 20,TABLETS,2X15'S,ALU ALU BLISTER,Quimica Montpellier SA,ARGENTINA,Emerchemie NB (Ceylon) Ltd
METFORMIN TABLETS BP 500MG,MEFOMIN 500,TABLETS,3X10'S,ALU AMB PVC BLISTER,Macleods Pharmaceuticals Ltd,INDIA,Emerchemie NB (Ceylon) Ltd
LIDOCAINE SPRAY 10MG/ DOSE (10% W/V),XYLOCAINE PUMP SPRAY 10%,CUTAONEOUS SPRAY SOLUTION,50ML,TY 1 GLS VIAL,Astra  Zeneca AB,SWEDEN,Hemas Pharmaceuticals (Pvt) Ltd
CLOTRIMAZOLE CREAM BP 1% W/W,TRIBEN,CREAM,20 G,COLLAP.ALU TUBE,Jenburkt Pharmaceuticals Ltd,INDIA,Hemas Pharmaceuticals (Pvt) Ltd
LIDOCAINE HYDROCHLORIDE JELLY USP 2% W/W,METACAIN 2%,GEL,30 G,ALU COLLAP. TUBE,Galentic Pharma (india) (Pvt) Ltd,INDIA,Ceyoka (Pvt) Ltd
ESOMEPRAZOLE  MAGNESIUM DELAYED RELEASE CAPSULES 40MG,YESOM 40,DELAYED RELEASE CAPSULES,10X7 CAP 10X10 CAP,ALU ALU BLISTER,Hetero Labs Ltd,INDIA,Mansel (Ceylon) (Pvt) Ltd
ATORVASTATIN CALCIUM TABLETS USP 10MG,HYPOLIP 10,TABLETS,"10X10'S,3X10'S",ALU ALU BLISTER,Hetero Labs Ltd,INDIA,Mansel (Ceylon) (Pvt) Ltd
METHYLPREDNISOLONE TABLETS USP 16MG,METHIPRED 16,TABLETS,2X10'S,ALU ALU BLISTER,General Pharmaceuticals Ltd,BANGLADESH,George Steuart Health Pvt Ltd
ERLOTINIB TABLETS IP 150MG,ERLOTEC 150,TABLETS,3X10'S,ALU ALU STRIP,United Biotech (Pvt) Ltd,INDIA,George Steuart Health Pvt Ltd
BETAMETHASONE VALERATE OINTMENT BP 0.1% W/W,BETANONE,OINTMENT,5G & 15 G,ALU COLLAP TUBE,Belco Pharma (Pvt) Ltd,INDIA,Pharmatec (Pvt) Ltd
DAPOXETINE HYDROCHLORIDE TABLET 60MG,DPX 60,TABLETS,3X10 10X1X4 3X1X4,ALU PVC BLISTER,Zim Laboratories Ltd,INDIA,Tabrane Pharmaceuticals (Pvt) Ltd
HYDROCORTISONE OINTMENT BP 1% W/W,***,OINTMENT,"15 G, 10X15G",ALU COLLAP TUBE,Belco Pharma (Pvt) Ltd,INDIA,Pharmatec (Pvt) Ltd
PARACETAMOL TABLETS BP 500MG,MCMOL 500,TABLETS,1000'S 10X10'S,HDPE BOTTLE,McCoy Pharma Pvt Ltd,INDIA,Pharmatec (Pvt) Ltd
CHLORPHENIRAMINE MALEATE ORAL SOLUTION USP 2MG/5ML,***,ORAL SOLUTION,100ML & 750ML,AMBER PET BOTTLE,Enicar Pharmaceuticals Pvt Ltd,INDIA,Pharmatec (Pvt) Ltd
PERTUZUMAB CONCENTRATE SOLUTION FOR INJECTION 420MG/14ML,PERJETA,CONCENTRATED SOLUTION INJECTION," 1 VIAL,420MG/14ML",TYPE GLASS VIAL,Roche Diagnostics GmbH,GERMANY,A Baur & Co  (Pvt) Ltd
FILGRASTIM SOLUTION FOR INJECTION 300MCG/ML,FILGEN PFS,SOLUTION FOR INJECTION,1 PFS/PACK,Prefilled Syringe,Bioprofarma SA Terrada,ARGENTINA,Emerchemie NB (Ceylon) Ltd
BOSENTAN TABLETS 125MG,***,TABLETS,10X10' 100'S,"ALU ALU BLIS, JAR",Centurion Laboratories Pvt Ltd,INDIA,Yaden International (Pvt) Ltd
MOXIFLOXACIN OPTHALMIC SOLUTION USP 0.5% W/V,***,OPHTHALMIC SOLUTION,5ML,White Plastic Bottle,Mercury Laboratories Ltd,INDIA,Yaden International (Pvt) Ltd
IMATINIB CAPSULES 400MG,IMATINATE 400,CAPSULES,10'S,HDPE BOTTLE,Khandelwal Laboratories Ltd,INDIA,Ceyoka (Pvt) Ltd
CLOXACILLIN CAPSULES BP 250MG,***,CAPSULES,1000'S,HDPE BOTTLE,State Pharmaceuticals Manufacturer Corporation,SRI LANKA,***
CLOPIDOGREL HYDROGEN SULPHATE TABLET 75MG,PLAVIX,TABLETS,28'S,BLISTER,Sanofi Winthrop Industrie,FRANCE,A Baur & Co  (Pvt) Ltd
METOCLOPRAMIDE INJECTION BP 5MG/ML,***,INJECTION,"10X2ML,100X2ML",AMB GLS AMPOULE,Pharmafabrikon,INDIA,Novachem Lanka (Pvt) Ltd
VITAMIN & MINERAL CAPSULES,SENATOGEN PLUS,CAPSULES,"2X15'S , 3X10'S",ALU PVC BLISTER,Stallion Laboratories Pvt Ltd,INDIA,Siba Holdings (Pvt) Ltd
ESOMEPRAZOLE DELAYED RELEASE CAPSULES USP 40MG,ECOROX,DELAYED RELEASE CAPSULES,2X7'S,ALU ALU BLISTER,ATCO Laboratories (Pvt) Ltd,PAKISTAN,Morison Limited
PARACETAMOL TABLETS BP 500MG,***,TABLETS,1000'S,WHITECOL.HDPE CONTAI,Morison Limited,SRI LANKA,***
CARBOXYMETHYLCELLULOSE SODIUM EYE DROPS 1% (CARMELLOSE SODIUM EYE DROPS BP 1%,TEARFRESH LIQUIGEL,EYE DROPS,10ML,PLASTIC BOTTLE,General Pharmaceuticals Ltd,BANGLADESH,George Steuart Health Pvt Ltd
GLICLAZIDE MODIFIED RELEASE TABLETS 60MG,DIANORM OD 60,TABLETS,10X10'S,ALU PVC PVDC BLISTER,Micro Labs Limited,INDIA,Micro Mega Lanka (Pvt) Ltd
ANIDULAFUNGIN FOR INJECTION 100 MG,ERAXIS,LYOPHILIZED POWDER FOR INJECTION,Single vial of 100mg,glass vial,Pharmacia & Upjohn Company LLC,UNITED STATES,Hemas Pharmaceuticals (Pvt) Ltd
GLICLAZIDE TABLETS BP  80MG,DIANORM,TABLETS,"10X10'S, 1X10'S",ALU PVC BLISTER,Micro Labs Limited,INDIA,Micro Mega Lanka (Pvt) Ltd
SILVER SULFADIAZINE CREAM USP 1 % W/W,SILVIN,CREAM,30g,Alu Collapsible Tube,Micro Labs Ltd,INDIA,Kamazu (Pvt) Ltd
LEVOCETIRIZINE DIHYDROCHLORIDE TABLETS USP 5MG,ALCET,TABLETS,"5X10'S, 10X10'S",ALU PVDC BLISTER,Healthcare Pharmaceuticals Limited,BANGLADESH,Citihealth Imports (Pvt) Ltd
CEFTRIAXONE FOR INJETION USP 1000MG( 1G,CEFTRAL,POWDER FOR INFUSION,1G,GLASS VIAL,Astral Steritech (Pvt) Ltd,INDIA,Citihealth Imports (Pvt) Ltd
SILVER SULFADIAZINE CREAM USP 1 % W/W,SILVELEB CREAM,CREAM,"25G, 50G, 250G, 500G",ALU COLL TUBE/JAR,Leben Laboratories (Pvt) Ltd,INDIA,Ceyoka (Pvt) Ltd
TIMOLOL MALEATE OPHTHALMIC SOLUTION USP 0.5% W/V,BLOTIM,OPHTHALMIC SOLUTION,5ML,"LDPE BOTT , HDPE CAP",Remington pharmaceutical Industries (Pvt) Ltd,PAKISTAN,Sunshine Healthcare lanka Ltd
GABAPENTIN CAPSULES USP 300MG,PENRAL 300,HARD GELATINE CAPSULES,"1X10'S, 10X10'S",ALU PVC BLISTER,CCL Pharmaceuticals (Pvt) Ltd,PAKISTAN,CIC Holdings PLC
LOSARTAN POTASSIUM TABLETS USP  25MG,OSARTIL 25,TABLETS,10X10'S,ALU ALU BLISTER,Incepta Pharmaceuticals Ltd,BANGLADESH,Citihealth Imports (Pvt) Ltd
HALOPERIDOL TABLETS  BP 1.5MG,HALOSLIP 1.5,TABLETS,100'S&1000'S,HDPE JAR,Leben Laboratories (Pvt) Ltd,INDIA,Ceyoka (Pvt) Ltd
LOSARTAN POTASSIUM TABLETS USP 50MG,OSARTIL 50,TABLETS,10 X 10'S,ALU PVC BLISTER,Incepta Pharmaceuticals Ltd,BANGLADESH,Citihealth Imports (Pvt) Ltd
MONTELUKAST TABLETS 10MG,BREATHEZY -10,TABLETS,3X10'S,ALU ALU BLISTER,MSN Laboratories Private Limited,INDIA,Axia (Pvt) Ltd
SITAGLIPTIN TABLETS USP 100MG,GVIA,TABLETS,"1X14'S, 4X14'S",ALU ALU BLISTER,Genix Pharma (Pvt ) Ltd,PAKISTAN,Ceyoka (Pvt) Ltd
SITAGLIPTIN TABLETS USP 50MG,GVIA,TABLETS,"1X14'S, 4X14'S",ALU ALU BLISTER,Genix Pharma (Pvt ) Ltd,PAKISTAN,Ceyoka (Pvt) Ltd
ROSUVASTATIN TABLETS 10MG,ROST 10,TABLETS,3X10'S,ALU ALU BLISTER,Hetero Labs Ltd,INDIA,Mansel (Ceylon) (Pvt) Ltd
LOSARTAN POTASSIUM TABLETS USP 50MG,THEOSART 50,TABLETS,"10X10'S&1000'S,",BLISTER/JAR,Theon Pharmaceuticals Ltd,INDIA,Slim Pharmaceuticals (Pvt) Ltd
DEXAMETHASONE SODIUM PHOSPHATE INJECTION BP 4MG/ML,***,INJECTION,"10'S, 5X2ML",AMB GLS AMPOULE,Pharmafabrikon,INDIA,Novachem Lanka (Pvt) Ltd
GLIMEPIRIDE TABLETS USP 2MG,GETRYL 2 MG,TABLETS,20'S,ALU ALU BLISTER,Getz Pharma (Pvt) Ltd,PAKISTAN,Hemas Pharmaceuticals (Pvt) Ltd
OXYMETAZOLINE HYDROCHLORIDE 25MCG NASAL SPRAY 0.05%,NAZOLIN,NASAL SPRAY,200 MTD/PACK,AMB GLASS BOTTLE,Beximco Pharmaceuticals Ltd,BANGLADESH,Emerchemie NB (Ceylon) Ltd
KETOCONAZOLE CREAM 2% W/W,ZICONAL CREAM,CREAM,15 G,ALU COLLAP.TUBE,Pharmaniaga Manufacturing berhand,MALAYSIA,Emerchemie NB (Ceylon) Ltd
LATANOPROST EYE DROPS 50MCG IN 1ML(0.005% W/V),XALATAN,EYE DROPS,1'S,PLASTIC DROPPER BOTT,Pfizer Manufacturing Belgium NV Belgium & Pfizer Health AB Sweden,BELGIUM,Hemas Pharmaceuticals (Pvt) Ltd
CETIRIZINE HYDROCHLORIDE TABLET 10MG,TRIZ,FILM COA TABLETS,5x5x10's,AL/PVC Blister,Indoco Remedies India,INDIA,Hemas Pharmaceuticals (Pvt) Ltd
AMIODARONE HCL  INJECTION 150MG/3ML,CORDARONE,INJECTION,6 X 3ML/PACK,GLASS AMBER COLOUR,Sanofi Winthrop Industrie,FRANCE,A Baur & Co  (Pvt) Ltd
ANTHRAQUINONE GLYCOSIDES OF RHUBARB 5% W/V & SALICYLIC ACID 1% W/V ORO MUCOSAL SOLUTION,PYRALVEX SOLUTION,ORO MUCOSAL SOLUTION,10ML,AMB GLASS BOTTLE,"MEDICAL AND COSMETIC PRODUCT COMPANY LTD (RIYADH PHARMA)-KSA 2ND INDUSTRIAL ZONE,",SAUDI ARABIA,Hemas Pharmaceuticals (Pvt) Ltd
IFOSFAMIDE FOR INJECTION IP 1G WITH MESNA INJECTION 200 MG,IFOMID-M 1G,POWDER FOR INJECTION,1G VIAL & 3X2ML AMP,1VIAL IFOS+3AMP MESN,United Biotech (P) Limited,INDIA,George Steuart Health Pvt Ltd
TIGECYCLINE FOR INJECTION USP 50MG,TYLIN,POWDER FOR INJECTION,50MG/VIAL,CLEAR GLASS VIAL,Gufic Biosciences Pvt Ltd,INDIA,Slim Pharmaceuticals (Pvt) Ltd
ROSUVASTATIN TABLETS USP 10MG,VAPTOR,TABLETS,10'S,BLISTER,The Searle Company Ltd,PAKISTAN,Morison Limited
SITAGLIPTIN TABLETS USP 100MG,NSIT,TABLETS,7X2'S,ALU ALU BLISTER,The Searle Company Ltd,PAKISTAN,Morison Limited
FINASTERIDE TABLETS USP 5MG,FINCAR,TABLETS,10X10'S,ALU PVC PVDC BLISTER,Cipla Ltd,INDIA,Breathe Free Lanka (Pvt) Ltd
PANTOPRAZOLE DELAYED RELEASE TABLET 40MG,PANTAPREZ 20,DELAYED RELEASE CAPSULES,"30'S, 10'S 10X10'S",ALU PVC BLISTER,Emergen Life Sciences (Pvt) Ltd,SRI LANKA,***
FORMOTEROL FUMARATE 6 MCG & BUDESONIDE 200 MCG DRY POWDER INHALATION C APSULES,FORMOHALE 200,DRY POWDER INHALATION CAPSULES,"10X10'S, 3X10'S",ALU PVC BLISTER,Emergen Life Sciences (Pvt) Ltd,SRI LANKA,***
FORMOTEROL FUMARATE BP 6MCG + BUDESONIDE BP 400 MCG DRY POWDER INHALATION CAPSULES,FORMOHALE 400,DRY POWDER INHALATION CAPSULES,"10X10'S , 3X10'S",ALU PVC /PVDC BLISTE,Emergen Life Sciences (Pvt) Ltd,SRI LANKA,***
SODIUM VALPROATE PROLONGED RELEASE TABLET B.P 300MG,***,TABLETS,10X10'S/PACK,STRIP PACK,Mercury Laboratories Ltd,INDIA,Yaden International (Pvt) Ltd
CLOBETASOL OINTMENT B.P 0.05% WW,MEDODERMONE,OINTMENT,15G tube/pack,ALUMINIUM  TUBE,Medochemie Ltd,CYPRUS,Associated Laboratories (Pvt) Ltd
ROSUVASTATIN TABLETS USP 10MG,CRESTAT 10,TABLETS,"1X10'S ,10X10'S",ALU ALU BLISTER,CCL Pharmaceuticals (Pvt) Ltd,PAKISTAN,CIC Holdings PLC
FEXOFENADINE HYDROCHLORIDE TABLETS USP 60MG,FENGIC 60,TABLETS,5X10'S,ALU PVDC BLISTER,Square Pharmaceuticals Ltd,BANGLADESH,CIC Holdings PLC
ROSUVASTATIN TABLETS USP 5MG,CRESTAT 5,TABLETS,"1X10'S, 10X10'S",ALU ALU BLISTER,CCL Pharmaceuticals (Pvt) Ltd,PAKISTAN,CIC Holdings PLC
RANOLAZINE EXTENDED RELEASE TABLTES 500MG,RANCV 500,TABLETS,3x10'S,ALU ALU BLISTER,MSN Laboratories Private Limited,INDIA,Axia (Pvt) Ltd
LABETALOL TABLETS BP 100MG,***,TABLETS,2X10'S,ALU PVC BLISTER,Celogen Lanka (Pvt) Ltd,SRI LANKA,***
LEVAMISOLE HYDROCHLORIDE TABLETS USP 40MG,***,TABLETS,1X30'S,ALU PVC BLISTER,Celogen Lanka (Pvt) Ltd,SRI LANKA,***
PROMETHAZINE INJECTION  BP 25MG./ML,METHAZIN,INJECTION,10X1 ML,TY 1 GLS AMP,Unijules Life Sciences Ltd,INDIA,Softlogic Pharmaceuticals (Pvt( Ltd
"DIMETHICONE-20 BPC 20% W/W, ZINC OXIDE 7.5% W/W, CALAMINE 1.5%W/W, CETRIMIDE 1.125 W/W CREAM",SOOD-SL,CREAM,20G,LACQU.ALUMINIUM TUBE,Raptakos Brett & Company Ltd,INDIA,Pharma Associates (Pvt) Ltd
ACICLOVIR EYE OINTMENT BP 3% W/w,***,EYE OINTMENT,4.5G,ALU COLLAPSIBLE TUBE,Sunway Rohto Pharmaceutical Pvt Ltd,INDIA,Yaden International (Pvt) Ltd
CEFTAZIDIME FOR INJECTION USP 1G,FOTARAN,POWDER FOR INJECTION,20ML,GLASS VIAL TY 111,VHB Medi Sciences Ltd,INDIA,Yaden International (Pvt) Ltd
VITAMIN B COMPLEX WITH VITAMIN B 12 AND FOLIC ACID SYRUP,BECOSULES,SYRUP,"100ML, 200ML",GLS BOTTLE,Astron Limited,SRI LANKA,***
ENTACAPONE TABLETS 200MG,ADCAPONE,TABLETS,"5X10' , 10X10'S",ALU ALU STRIP,Sun Pharmaceutical industries,INDIA,Emerchemie NB (Ceylon) Ltd
ZOLENDRONIC ACID FOR INJECTION 4MG,SINRESOR,LYOPHILIZED POWDER FOR INJECTION,1 VIAL POWDER+5ML WA,"GLASS VIAL,AMP",Laboratoire Kemex S A Nazarre,ARGENTINA,Emerchemie NB (Ceylon) Ltd
SERTRALINE TABLETS BP 50MG,ZOSERT 50,TABLETS,5X10'S & 10X10'S,BLISTER,Sun Pharmaceutical industries,INDIA,Emerchemie NB (Ceylon) Ltd
LAMOTRIGINE TABLETS USP 100MG,LAMOSYN 100,TABLETS,5X10'S,ALU FOIL(STRIP PACK),Sun Pharma Laboratories Ltd,INDIA,Emerchemie NB (Ceylon) Ltd
GLYCERYL TRINITRATE SUBLINGUAL SPRAY 400MCG ACTUATION,NITROSOL,AEROSOL SPRAY,200 DOSE,ALUMINUM CANISTER,Beximco Pharmaceuticals Ltd,BANGLADESH,Emerchemie NB (Ceylon) Ltd
LEVETIRACETAM TABLETS USP 1000MG,LEVIPIL 1G,TABLETS,3X10'S,ALU PVC BLISTER,Sun Pharma Laboratories Ltd,INDIA,Emerchemie NB (Ceylon) Ltd
CEFOTAXIME FOR INJECTION USP 1G,ORITAXIM 1000,INJECTION,1 VIAL/PACK,USP TY 111 VIAL,Cadila pharmaceuticals Ltd,INDIA,Sunshine Healthcare lanka Ltd
MOMETASONE FUROATE CREAM USP 0.1% W/W,TOPCORT CREAM,CREAM,10G,ALU COLLAP TUBE,CIPLA LIMITED,GOA,Breathe Free Lanka (Pvt) Ltd
ASPIRIN TABLETS 100MG,CARDIPRIN 100,TABLETS,30'S,ALU PVC BLISTER,"Reckitt Benckiser Healthcare Manufacturing (Thailand) Ltd,",UNITED KINGDOM,Reckitt Benckiser (Lanka) Ltd
CILNIDIPINE TABLET 5MG,CILACAR 5,TABLETS,"3X10'S , 10X10'S",ALU ALU BLISTER,UNIQUE PHARMACEUTICAL LABORATORIES,INDIA,George Steuart Health Pvt Ltd
LAMIVUDINE 150MG+ZIDOVUDINE TABLETS 300MG,ZIDOLAM,TABLETS,60'S,HDPE BOTTLE,Hetero Labs Ltd,INDIA,Mansel (Ceylon) (Pvt) Ltd
BIMATOPROST OPHTHALMIC SOLUTION 0.01% W/V,LUMIGAN,OPHTHALMIC SOLUTION,3ML,ADPE CONTAINER,Allergan Pharmaceuticals,IRELAND,Hemas Pharmaceuticals (Pvt) Ltd
ACECLOFENAC TABLETS 100MG,OSICLO,TABLETS,3X10'S,ALU ALU BLISTER,Oasis Laboratories (Pvt) Ltd,INDIA,RS Biogenics (Pvt) ltd
LEVOFLOXACIN TABLETS IP 500MG,OLEFLOX 500,TABLETS,3X10'S,ALU ALU BLISTER,Oasis Laboratories (Pvt) Ltd,INDIA,RS Biogenics (Pvt) ltd
ALBENDAZOLE TABLETS USP 400MG,OSIBEN 400,TABLETS,"40X1X1'S, 1'S",BLISTER,Oasis Laboratories (Pvt) Ltd,INDIA,RS Biogenics (Pvt) ltd
SILDENAFIL TABLETS 50MG,OSIGRA 50,TABLETS,4X10'S,ALU PVC BLISTER,Oasis Laboratories (Pvt) Ltd,INDIA,RS Biogenics (Pvt) ltd
AZITHROMYCIN TABLETS USP 500MG,OSI-AZ 500,TABLETS,3X10'S,ALU ALU BLISTER,Oasis Laboratories (Pvt) Ltd,INDIA,RS Biogenics (Pvt) ltd
ETORICOXIB TABLETS 90MG,ETROVA 90,TABLETS,10X10'S,ALU ALU BLISTER,Theon Pharmaceuticals Ltd,INDIA,Slim Pharmaceuticals (Pvt) Ltd
CLOTRIMAZOLE VAGINAL GEL 2% W/W,CANDID V,VAGINAL GEL,30 G,"ALU COLLAP TUBE ,APP",Glenmark Pharmaceuticals Ltd,INDIA,Sunshine Healthcare lanka Ltd
FLUCONAZOLE TABLETS USP 150MG,FLUZOLE 150,TABLETS,20X1X1 20X10 1'S,ALU ALU BLISTER,Globe Pharmaceuticals Ltd,BANGLADESH,Tabrane Healthcare (Pvt) Ltd
MYCOPHENOLATE MOFETIL TABLETS USP 250MG,***,FILM COA TABLETS,"1X10'S , 3X10'S",ALU ALU BLISTER,Mercury Laboratories Ltd,INDIA,Yaden International (Pvt) Ltd
DONEPEZIL HYDROCHLORIDE TABLETS IP 5 MG,NEPEZ 5,TABLETS,10X10'S,ALU ALU BLISTER,Pharmafabrikon,INDIA,Novachem Lanka (Pvt) Ltd
TETRACHLORODECAOXIDE  STERILE SOLUTION 1.037 MG/100 ML,OXOFERIN,TOPICAL SOLUTION,"50ML,10ML",HDPE PLASTIC BOTTLE,Brookes Pharma (Pvt) Ltd,PAKISTAN,Hemas Pharmaceuticals (Pvt) Ltd
EVEROLIMUS TABLETS 0.25mg,CERTICAN,TABLETS,60'S,PA/AL/PVC BLISTER,Novartis Pharma Stein .AG,SWITZERLAND,A Baur & Co  (Pvt) Ltd
MONTELUKAST  TABLETS  10MG,MONTELAIR 10MG,TABLETS,3X10'S & 10X10'S,ALU ALU BLISTER,Hovid Berhard,MALAYSIA,Mansel (Ceylon) (Pvt) Ltd
ROSUVASTATIN TABLETS USP 20MG,VAPTOR,TABLETS,1X10'S,ALU ALU BLISTER,The Searle Company Ltd,PAKISTAN,Morison Limited
ROSUVASTATIN TABLETS USP 20MG,CRESTAT 20,TABLETS,"1X10'S, 10X10'S",ALU ALU BLISTER,CCL Pharmaceuticals (Pvt) Ltd,PAKISTAN,CIC Holdings PLC
DACARBAZINE FOR INJECTION USP  200MG,DACMED 200,LYOPHILIZED POWDER FOR INJECTION,200MG VIAL,GLASS VIAL,United Biotech (Pvt) Ltd,INDIA,George Steuart Health Pvt Ltd
DEXTROMETHORPHAN HYDROBROMIDE 10MG+PHENYLEPHRINE HYDROCHOLORIDE 5MG+CHLORPHENIRAMINE MALEAT 2MG ORAL SOLUTION,COSOME COUGH SYRUP,SYRUP,100 ML,PET BOTTLE,Procter & Gamble Health Ltd,INDIA,Emerchemie NB (Ceylon) Ltd
ROSUVASTATIN CALCIUM TABLETS 10MG,ROSU 10,TABLETS,1X10'S,ALU ALU BLISTER,Fredun Pharmaceuticals Ltd,INDIA,George Steuart Health Pvt Ltd
AMOXICILLIN 500MG WITH  POTASSIUM CLAVULANATE ACID 125 MG TABLETS USP,CLAVAMOX 500,TABLETS,3X10'S,ALU STRIP PACK,PT Dankos Farma,INDONESIA,Hemas Pharmaceuticals (Pvt) Ltd
TELMISARTAN TABLETS USP 40MG,TELIROL 40,TABLETS,10X10'S,ALU ALU BLISTER,INNOVA CAPTAB LIMITED,INDIA,Cliniqon Biotech Pvt. Ltd
FLUTICASONE PROPIONATE NASAL SPRAY BP 50MCG,FLUTIMATE NS 50,NASAL SPRAY,120 SPRAY/DOSES PER,"GLS BOTTLE,PUMP",Jewim Pharmaceutical (Shandong) Co ltd,CHINA,Emerchemie NB (Ceylon) Ltd
LEVETIRACETAM ORAL SOLUTION USP 100MG/ML,IRACET,ORAL SOLUTION,"100ML, 50ML",PET BOTTLE,Square Pharmaceuticals Ltd,BANGLADESH,CIC Holdings PLC
SALMETEROL 50MCG + FLUTICASONE PROPIONATE 500MCG DRY POWDER INHALATION,FLUTIHALE 500,DRY POWDER INHALATION CAPSULES,10X10'S 3X10'S,ALU PVDC BLISTER,Emergen Life Sciences (Pvt) Ltd,SRI LANKA,***
FLUORESCEIN INJECTION USP 10%,****,INJECTION,10x5ml amp,USP Type 1 Glass Amp,Mercury Laboratories Ltd,INDIA,Yaden International (Pvt) Ltd
MYCOPHENOLATE MOFETIL TABLETS USP  500MG,**,TABLETS,1X10'S,ALU BLISTER,Celogen Lanka (Pvt) Ltd,SRI LANKA,***
HALOPERIDOL TABLETS BP 1.5MG,***,TABLETS,1000'S,HDPE BOTTLE,Morison Limited,SRI LANKA,***
"HUMAN  PROTHROMBIN COM.POWDER SOLVENT SOLUTION INJECTION(FAC II 280-760IU,VII 180-480IU,IX 500IU, X 360-600IU,PROTEIN C 260-620IU, S 240-640IU)",OCTAPLEX 500IU,POWDER & SOLVENT FOR SOLUTION OF INJECTION,USP TY 1 ONE VIAL,1 VIAL INFUSION,Octapharma Pharmazeutika,AUSTRIA,ABC Pharma Services Pvt. Ltd
TELMISARTAN TABLETS USP  20MG,EVOSART 20,TABLETS,"1X10'S, 6X10'S",ALU ALU BLISTER,Pharm Evo (Pvt) Ltd,PAKISTAN,CIC Holdings PLC
OFLOXACIN TABLETS USP 200 MG,OFLO 200,TABLETS,3X10'S,ALU PVC BLISTER,UNIQUE PHARMACEUTICAL LABORATORIES,INDIA,George Steuart Health Pvt Ltd
GATIFLOXACIN OPHTHALMIC SOLUTION 0.5%,ZYMAXID,OPHTHALMIC SOLUTION,2.5 ML,"LDPE BOTTLE ,DROPPER",Allergan Sales LLC,UNITED STATES,Hemas Pharmaceuticals (Pvt) Ltd
METHOTREXATE SOLUTION FOR  INJECTION 15MG/0.6ML IN PREFILLED SYRINGE,MEKSRATU,INJECTION,1'S,PRE SYRINGES,Onko ilac Sanayl Tic A B,TURKEY,Slim Pharmaceuticals (Pvt) Ltd
FRAMYCETIN SKIN CREAM 1% W/W,FRAMCIN,TOPICAL CREAM,1'S (20G),ALUMINUM COLLA TUBE,Astron Limited,SRI LANKA,***
NICORANDIL TABLETS BP 10MG,NICOVEX 10,TABLETS,3X10'S,ALU ALU BLISTER,West Coast Pharmaceurical works Ltd,INDIA,AV Global  Impex (Pvt) Ltd
"EFAVIRENZ,EMTRICITABINE & TENOFOVIR DISOPROXIL FUMARATE TABLETS 600MG/200MG/300MG",TRUSTIVA,TABLETS,30'S,HDPE CONTAINER,Hetero Labs Ltd,INDIA,Mansel (Ceylon) (Pvt) Ltd
LAMIVUDINE TABLETS 150MG,HEPTAVIR 150,TABLETS,60'S,HDPE BOTTLE,Hetero Labs Ltd,INDIA,Mansel (Ceylon) (Pvt) Ltd
CABOZANTINIB CAPSULES 20MG,CABONIB 20,CAPSULES,"30's,60's,90's,120's",PLASTIC CONTAINER,Julphar Bangladesh Ltd,BANGLADESH,Tabrane Healthcare (Pvt) Ltd
LEFLUNOMIDE TABLETS USP 10MG,MOVELEF,TABLETS,"1X30's,34X30,3X30'S",BLISTER ALU ALU,Genix Pharma (Pvt ) Ltd,PAKISTAN,Ceyoka (Pvt) Ltd
FORMOTEROL FUMARATE 6MCG & BUDESONIDE 400MCG DRY POWDER INHALATION CAPSULES,FORMOVENT 400,DRY POWDER INHALATION CAPSULES,10X10'S,ALU PVDC BLISTER,Lina Manufacturing (Pvt) Ltd,SRI LANKA,***
AZITHROMYCIN TABLETS BP 250MG,ZITHROX 250,TABLETS,6 TABLETS,BLISTER PACK,Eskayef Pharmaceuticals Ltd,BANGLADESH,Truvic Private Ltd
ESOMEPRAZOLE MAGNESIUM TABLETS 20MG,NEXPRO 20,TABLETS,10X10'S,ALU ALU BLISTER,Torrent Pharmaceuticals Ltd,INDIA,Edna Medicals (Pvt) Ltd
BENZOYL PEROXIDE GEL BP 5% W/W,PERSOL AC 5 GEL,GEL,20G,ALU TUBE,Indi Pharma (Pvt) Ltd,INDIA,Emar Pharma (Pvt) Ltd
DOXORUBICIN HYDROCHLORIDE FOR INJECTION BP 50MG,ADROSAL,POWDER /INJECTION,1'S VIAL/PACK,CLEAR GLASS,VHB Medi Sciences Ltd,INDIA,Yaden International (Pvt) Ltd
IBUPROFEN CREAM 10% W/W,BRUFEN,CREAM,30G,ALU TUBE,Abbott Laboratories (Pakistan) Ltd For Amdipharm Ltd,PAKISTAN,Sunshine Healthcare lanka Ltd
AMISULPRIDE TABLETS IP 200 MG,SULPITAC 200,TABLETS,3X10'S,ALU PVC BLISTER,Sun Pharma Laboratories Ltd,INDIA,Emerchemie NB (Ceylon) Ltd
NEPAFENAC OPHTHALMIC SUSPENSION 0.1%,NEPANAC,OPHTHALMIC SUSPENSION,5ML,LDPE BOTTLE,Remington pharmaceutical Industries (Pvt) Ltd,PAKISTAN,Sunshine Healthcare lanka Ltd
ESOMEPRAZOLE MAGNESIUM DELAYED RELEASE CAPSULES  20MG,YESOM 20,CAPSULES,10X7&10X10 CAPS/PACK,ALU ALU BLISTER,Hetero Labs Ltd,INDIA,Mansel (Ceylon) (Pvt) Ltd
ZOLEDRONIC ACID SOLUTION CONCENTRATION FOR INFUSION 4MG/5ML,ZOMETA,INJECTION,5ML,PLASTIC VIAL,Fresenius Kabi Austria Gmbh Austria Fresenius kabi Ab Sweden,SWITZERLAND,A Baur & Co  (Pvt) Ltd
CEFUROXIME AXETIL TABLETS USP 250MG,MILCEF 250,TABLETS,3X10'S,ALU ALU BLISTER,The Madras Pharmaceuticals,INDIA,Pharma Associates
ESCITALOPRAM TABLETS 20MG,EC-PRAM 20,TABLETS,3X10'S,BLISTER,Hetero Labs Ltd,INDIA,Mansel (Ceylon) (Pvt) Ltd
SALMETEROL BP  50MCG & FLUTICASONE PROPRONATE BP  250MCG DRY POWDER FOR INHALATION I CAPSULES,FLUTIHALE 250,DRY POWDER INHALATION CAPSULES,10X10'S 3X10'S,ALU PVC PVDC BLISTER,Emergen Life Sciences (Pvt) Ltd,SRI LANKA,***
TETRACYCLINE HYDROCHLORIDE OPHTHALMIC OINTMENT USP 1% W/W,***,OPHTHALMIC OINTMENT,3.5 G,ALU.COLLAPSIBLE TUBE,Alpa Laboratories Ltd,INDIA,SRAG Biotech Ceylon Pvt Ltd
METFORMIN HYDROCHLORIDE EXTE. RELE TABLETS USP 500MG,DIABEMET 500 XR,TABLETS,10X10'S,BLISTER,CIC Lifesciences Ltd.,SRI LANKA,***
PARACETAMOL (PAEDRIATIC) ORAL SUSPENSION B.P 120MG/5ML,KELVIN,ORAL SOLUTION,"60ML,100ml,",PET BOTTLE,Leben Laboratories (Pvt) Ltd,INDIA,Ceyoka (Pvt) Ltd
ROPINIROLE TABLETS USP 0.25MG,ROPARK 0.25,TABLETS,5x10'S,ALU STRIP,Sun Pharma Laboratories Ltd,INDIA,Emerchemie NB (Ceylon) Ltd
INSULIN LISPRO (rDNA ORIGIN) SOLUTION FOR INJECTION 100 UNITS/ML,HUMALOG,SOLUTION FOR INJECTION,5 CARTRIDGES OF 3ML,CLEAR GLS CARTRIDGE,Lilly France S.A.S France,FRANCE,Hemas Pharmaceuticals (Pvt) Ltd
CEPHALEXIN FOR ORAL SUSPENSION USP 125MG/5ML,CEFEXIP,POWDER FOR ORAL SUSPENSION,1'S 100ML,GLASS BOTTLE,"GAMMA INTERPHARM PVT LTD,",SRI LANKA,***
METFORMIN TABLETS BP 500MG,GLYCOMET 500,TABLETS,2X5X10,ALU PVC BLISTER,Fredun Pharmaceuticals Ltd,INDIA,Hemas Pharmaceuticals (Pvt) Ltd
"FRUSEMIDE  INJECTION IP 10MG/ML, 2ML AMPOULE",LASIX,INJECTION,10X2ML,GLASS AMBER COLOUR,Samrudh Pharmaceutica (Pvt) Ltd,INDIA,A Baur & Co  (Pvt) Ltd
KETOROLAC TROMETHAMINE OPHTHALMIC SOLUTION 0.45% W/V,ACUVAIL,OPHTHALMIC SOLUTION,0.4ML VIAL (30VIALS),LDPE VIAL,Allergan Sales LLC,UNITED STATES,Hemas Pharmaceuticals (Pvt) Ltd
TACROLIMUS OINTMENT 0.1% W/W,TACROZ,OINTMENT,10 G,LAMI TUBE,Glenmark Pharmaceuticals Ltd,INDIA,Sunshine Healthcare lanka Ltd
TENOFOVIR DISOPROXIL FUMARATE TABLES 300MG,TENOF,TABLETS,30'S,HDPE CONTAINER,Hetero Labs Ltd,INDIA,Mansel (Ceylon) (Pvt) Ltd
ERYTHROPOIETIN INJECTION BP 4000IU/0.4ML,REPOITIN 4000,SOLUTION FOR INJECTION,1 PFS,PFSY,Serum Institute of India (Pvt) Ltd,INDIA,Citihealth Imports (Pvt) Ltd
PROMETHAZINE HYDROCHLORIDE TABLETS BP 10MG,***,TABLETS,"10X10,500'S","BLISTER, JAR",MMC Healthcare Ltd,INDIA,Hi Care Pharma (Pvt)Ltd
LORATADINE TABLETS USP 10MG,ZEOS,TABLETS,5X10'S,STRIP,P T Dankos Farma,INDONESIA,Hemas Pharmaceuticals (Pvt) Ltd
TADALAFIL TABLETS USP 20MG,ZIMFIL 20,TABLETS,"5X4,1' ,10X10', 28'S",ALU PVC BLISTER,Zim Laboratories Ltd,INDIA,Tabrane Pharmaceuticals (Pvt) Ltd
SILDENAFIL TABLETS USP 50MG,ENOGRA 50,TABLETS,1X4' 10X4' 25X4'S,ALU PVC BLISTER,Zim Laboratories Ltd,INDIA,Tabrane Pharmaceuticals (Pvt) Ltd
SODIUM CHLORIDE NASAL SOLUTION  0.65% W/V,NASI-SALINE,SOLUTION,10ML,AMB.GLASS BOTTLE,Procter & Gamble Health Ltd,INDIA,Emerchemie NB (Ceylon) Ltd
TAFLUPROST OPHTHALMIC SOLUTION 0.0015% W/V,TAFLOTAN-S,OPHTHALMIC SOLUTION,30'S,SINGLE DOSE 0.3ML,Santen Pharmaceuticals Co. Ltd,JAPAN,A Baur & Co  (Pvt) Ltd
AZITHROMYCIN TABLETS USP 250MG,ZITO 250,TABLETS,10X6' 1X10' 3X10,ALU PVDC BLISTER,Zim Laboratories Ltd,INDIA,Tabrane Pharmaceuticals (Pvt) Ltd
LOSARTAN POTASSIUM TABLETS USP  25MG,THEOSART 25,TABLETS,10X10'S,ALU ALU BLISTER,Theon Pharmaceuticals Ltd,INDIA,Slim Pharmaceuticals (Pvt) Ltd
SILDENAFIL TABLETS USP 100MG,ENOGRA 100,TABLETS,1X4' 10X4' 25X4'S,ALU PVC BLISTER,Zim Laboratories Ltd,INDIA,Tabrane Pharmaceuticals (Pvt) Ltd
PIPERACILLIN & TAZOBACTAM FOR INJECTTION USP 4.5G,TAZOMEX 4.5,POWDER FOR INJECTION,"1'S, 12'S",USP TYPE III G/V,Navesta Pharmaceuticals (Pvt) Ltd,SRI LANKA,***
RANITIDINE TABLETS USP 150MG,ACILOC 150,TABLETS,10X10' 100X10',ALU ALU STRIP,Cadila pharmaceuticals Ltd,INDIA,Sunshine Healthcare lanka Ltd
MINOCYCLINE HYDROCHLORIDE TABLETS USP 100MG,MINOLIN 100,TABLETS,5x10'S & 1X10'S,ALU ALU BLISTER,Micro Labs Ltd,INDIA,Micro Mega Lanka (Pvt) Ltd
ESCITALOPRAM TABLETS USP 10MG,NODEP,TABLETS,"2X7', 2'S",BLISTER,SEARLE PAKISTAN LIMITED,PAKISTAN,Emerchemie NB (Ceylon) Ltd
NILOTINIB HARD GELATINE CAPSULES 200 MG,TASIGNA 200,CAPSULES,"28'S, 112'S",PVC PVDC BLISTER,Novartis Pharma A G,SWITZERLAND,A Baur & Co  (Pvt) Ltd
TERBINAFINE HYDROCHLORIDE CREAM 10MG/G 1%,CUTIS,CREAM,10G,ALU COLLAPSIBLE TUBE,Tabros Pharma (Pvt) Ltd,PAKISTAN,Associated Laboratories (Pvt) Ltd
FUSIDIC ACID CREAM BP 2%  W/W,FUSIL CREAM,CREAM,"5G, 15G",ALU.COLL TUBE,Tabros Pharma (Pvt) Ltd,PAKISTAN,Associated Laboratories (Pvt) Ltd
FUSIDIC ACID 20MG & HYDROCORTISONE ACETATE 10MG CREAM,FUSIL HC,CREAM,"5G, 15G",ALU.COLL.TUBE,Tabros Pharma (Pvt) Ltd,PAKISTAN,Associated Laboratories (Pvt) Ltd
TERBINAFINE HYDROCHLORIDE CREAM 1% W/W,TERBIDERM,CREAM,10 G,ALU.COLLAP TUBE,ATCO Laboratories (Pvt) Ltd,PAKISTAN,Morison Limited
CARBAMAZEPINE ORAL SUSPENSION 100MG/5ML,TEGTRETOL 2%,ORAL SOLUTION,100 ML,AMB GLASS BOTTLE,Delpharm Huningue S A S,SWITZERLAND,A Baur & Co  (Pvt) Ltd
RABIES VACCINE INACTIVATED (FREEZE DRIED),RABIVAX-S,LYOPHILIZED POW INJECTION,50 Vials/50 amp,Vial,Serum Institute of India (Pvt) Ltd,INDIA,Citihealth Imports (Pvt) Ltd
MELOXICAM TABLETS USP 15MG,OXICHEM 15,TABLETS,10X10'S,ALU ALU BLISTER,G D Laboratories (India) Pvt Ltd,INDIA,Softlogic Pharmaceuticals (Pvt( Ltd
MEBEVERINE HYDROCHLORIDE SUSTAINED RELEASE CAPSULES 200 MG,MEVIN SR 200,HARD GELATINE CAPSULES,1X10 3X10 6X10,ALU ALU BLISTER,Zim Laboratories Ltd,INDIA,Tabrane Pharmaceuticals (Pvt) Ltd
TERBUTALINE SULFATE TABLETS USP 2.5 MG,BRETHIN,TABLETS,10X10'S,BLISTER,Platinum Pharmaceuticals (Pvt) Ltd,PAKISTAN,George Steuart Health Pvt Ltd
HYDROXYCHLOROQUINE SULFATE TABLETS USP 200MG,***,TABLETS,1X10' 10X10' 100',"ALU,PVC PVDC,HDPE JA",Celogen Lanka (Pvt) Ltd,SRI LANKA,***
ATORVASTATIN CALCIUM TABLETS USP 20MG,XELPID 20,TABLETS,2X10'S,ALU PVDC BLISTER,Healthcare Pharmaceuticals,BANGLADESH,Citihealth Imports (Pvt) Ltd
MICONAZOLE ORAL GEL  20MG/G,DAKTARIN ORAL GEL,GEL,1'S (40G),ALU.COLLAP TUBE,Janseen Pharmaceutical N.V,BELGIUM,Pettah Pharmacy (Pvt) Ltd
PREDNISOLONE TABLETS  BP 5MG,***,TABLETS,1000'S,HDPE CONTAINER,Morison Limited,SRI LANKA,***
AMINO ACID SOLUTION FOR INTRAVENOUS NUTRITION 65.3G/L,VAMINOLACT,SOLUTION FOR INJECTION,"100ML, 10X100ML",GLASS BOTTLE,Fresenius Kabi Austria GmbH,AUSTRIA,Hemas Pharmaceuticals (Pvt) Ltd
PERINDOPRIL ARGININE TABLETS 5MG,COVERSYL 5,TABLETS,30'S,PLASTIC BOTTLE,Les Laboratories Servier,FRANCE,Hemas Pharmaceuticals (Pvt) Ltd
HYDROCORTISONE ACETATE CREAM USP 1% W/W,CORTILEB CREAM,CREAM,15 G,ALU COLLAP TUIBE,Leben Laboratories (Pvt) Ltd,INDIA,Ceyoka (Pvt) Ltd
BIPHASIC INSULIN HUMAN(r DNA) SUSPENSION FOR INJECTION 100IU (30% AS SOLUBLE INSULIN & 70% AS ISOPHANE INSULIN),MIXTARD 30,SUSPENSION FOR INJECTION,10ML VIAL/PACK,TYPE 1 GLASS VIAL,Novo Nordisk,FRANCE,Sunshine Healthcare lanka Ltd
TOLBUTAMIDE TABLETS BP 500MG,***,TABLETS,500'S 1000'S,HDPE Bottle,"GAMMA INTERPHARM PVT LTD,",SRI LANKA,"GAMMA INTERPHARM PVT LTD,"
LOPERAMIDE CAPSULES BP 2MG,LOPMED,CAPSULES,10X10'S,ALU PVC BLISTER,Comed Chemical Ltd,INDIA,PTC MEDIACL (PVT) LTD
TELMISARTAN TABLETS USP 40MG,EVOSART 40,TABLETS,1X10'S 6X10'S,ALU ALU BLISTER,Pharm Evo (Pvt) Ltd,PAKISTAN,CIC Holdings PLC
ISOFLURANE LIQUID FOR INHALATION,***,INHALATION LIQUID,100ML 250ML,AMBER TYP III GLAS,"PIRAMAL Pharma LIMITED,",INDIA,Euro Asian Pharma (Pvt) Ltd
ADAPALENE GEL 0.1% W/W,ADAFERIN GEL,GEL,15G,LDPE TUBE,Laboratories Galderma,FRANCE,Sunshine Healthcare lanka Ltd
ZINC SULPHATE CAPSULES 140MG,ASCAZIN,CAPSULES,20X10'S 10X10'S,ALU PVC BLISTER,Apex Laboratories Ltd,INDIA,A Baur & Co  (Pvt) Ltd
INSULIN HUMAN (Recombinant DNA origin) ISOPHANE SUSPENSION 100IU/1ML,JUSLINE N,SOLUTION FOR INJECTION,1'S,GLASS VIAL10ML,Gulf Pharmaceutical Industries (Julphar),UNITED ARAB EMIRATES,Access International (Pvt) Ltd
VITAMIN E CAPSULES USP 400MG,E-CAP 400,CAPSULES,10X10'S,ALU PVC BLISTER,Drug International Ltd,BANGLADESH,Tropical Pharma (Pvt) Ltd
ADRENALINE INJECTION SYRINGE AUTO INJECTOR 0.3G/0.3ML,EPIPEN,SOLUTION FOR INJECTION,2MLX1'S,GLASS CARTRIDGE,Meridian Medical Technologies Inc USA for Alphapharm Pty Ltd,AUSTRALIA,Emerchemie NB (Ceylon) Ltd
ALBENDAZOLE TABLETS USP 200MG,DAZOLE,TABLETS,2'S 50X2'S,ALUMINIUM STRIP,Biolabs Co  Ltd,THAILAND,George Steuart Health Pvt Ltd
ENOXAPARIN SODIUM INJECTION BP 60MG/0.6ML,PROLONGIN,SOLUTION FOR INJECTION,2 PFSY/PACK,PFSY,Shenzhen Techdow Pharmaceuticals Co Ltd,CHINA,Slim Pharmaceuticals (Pvt) Ltd
ENOXAPARIN SODIUM INJECTION BP 40MG/0.4ML,PROLONGIN,SOLUTION FOR INJECTION,2 PFSY,PFSY,Shenzhen Techdow Pharmaceuticals Co Ltd,CHINA,Slim Pharmaceuticals (Pvt) Ltd
ONDANSETRON  INJECTION USP 8 MG/4ML,ONDANMAN 8,INJECTION,5X4ML,TYP I CLER GLS AMPOU,Maan Pharmaceutical Ltd,INDIA,P T C Medical (Pvt) Ltd
LINAGLIPTIN TABLETS 5MG,LIJENTA-5,FILM COATED TABLETS,30'S,ALU ALU BLISTER,NIPRO JMI Pharma Ltd,BANGLADESH,Imedra Healthcare (Pvt) Ltd
ESOMEPRAZOLE DELAYED RELEASE CAPSULES USP 20MG,ECOROX,DELAYED RELEASE CAPSULES,2X7'S,ALU ALU BLISTER,ATCO Laboratories Limited,PAKISTAN,Morison Limited
PERINDOPRIL ARGININE TABLETS 10MG,COVERSYL 10,TABLETS,30'S,PLASTIC BOTTLE,Les Laboratories Servier,FRANCE,Hemas Pharmaceuticals (Pvt) Ltd
MORPHINE PROLONGED RELEASE TABLETS BP 30MG,VERMOR SR 30,TABLETS,10X10'S 10X10X10'S,ALU PVC BLISTER,Verve Human Care Laboratories,INDIA,Leader Pharma Agency (Pvt) Ltd
ESOMEPRAZOLE MAGNESIUM DELAYED RELEASE CAPSULES USP 40MG,ES-LOPROT 40MG,CAPSULES,2X7'S,ALU ALU BLISTER,Nabiqasim Industries (Pvt) Ltd,PAKISTAN,George Steuart Health Pvt Ltd
DICLOFENAC PROLONGED RELEASE TABLETS BP 100MG,DICLOGEN RETARD 100,TABLETS,10X10'S,ALU ALU STRIP,Agio Pharmaceuticals Ltd,INDIA,Citihealth Imports (Pvt) Ltd
TACROLIMUS OINTMENT 0.03% W/W,REMUS,OINTMENT,5G 10G,ALUMNUM COLAPSBL TUB,Square Pharmaceuticals Ltd,BANGLADESH,CIC Holdings PLC
TOBRAMYCIN 0.3% & DEXAMETHASONE 0.1% OPHTHALMIC SUSPENSION USP,AMGYDEX,OPHTHALMIC SUSPENSION,5 ML,LDPE BOTTLE,Remington pharmaceutical Industries (Pvt) Ltd,PAKISTAN,Sunshine Healthcare lanka Ltd
SILVER SULFADIAZINE CREAM USP 1 % W/W,BURNA CREAM,CREAM,25 G,LAMINATED TUBE,Square Pharmaceuticals Ltd,BANGLADESH,CIC Holdings PLC
SALBUTAMOL PRESSURISED INHALATION SUSPENSION BP 100MCG /DOSE,ASTHALIN HFA,METERED DOSE INHALER,1 MDI Per pack,MD INHALER,Medispray Laboatories (Pvt) Ltd,INDIA,Breathe Free Lanka (Pvt) Ltd
DOMPERIDONE FAST MELTING TABLET 10 MG,VOMETA  FT,TABLETS,5X10'S,ALU ALU BLISTER,PT Dexa Medica,INDONESIA,A Baur & Co  (Pvt) Ltd
PANTOPRAZOLE TABLETS 20MG,PANOVA 20,TABLETS,10X10'S,ALU ALU BLISTER,Pharmafabrikon,INDIA,Novachem Lanka (Pvt) Ltd
ATORVASTATIN CALCIUM TABLETS USP 20MG,LIPIKIND 20,TABLETS,6X10'S,ALU ALU BLISTER,Unimax Laboratories,INDIA,Hemas Pharmaceuticals (Pvt) Ltd
CIPROFLOXACIN HYDROCHLORIDE EYE/EAR DROPS 3MG/ML,CIPRO,EYE & EAR DROPS,5 ML,PLS DROPPER BOTTLE,MBL Pharma,PAKISTAN,Markss HLC (Pvt) Ltd
DEXAMETHASONE SODIUM PHOSPHATE INJECTION USP 8MG/2ML,DEXACORT,INJECTION,10X2ML,USP TY 1 GLS AMPOULE,Belco Pharma (Pvt) Ltd,INDIA,Pharmatec (Pvt) Ltd
OMEPRAZOLE DELAYED RELEASE CAPSULES USP 20MG,LOMEZOLE 20,CAPSULES,10X10'S,ALU/ALU BLISTER,Laborate Pharmaceuticals India Ltd,INDIA,Pharma Associates (Pvt) Ltd
VANCOMYCIN HYDROCHLORIDE FOR INJECTION USP 1000MG,VANSAFE-CP 1G,POWDER FOR INJECTION,20ML VIAL(1'S),USP TY 111 GLS VIAL,VHB Medi Sciences Ltd,INDIA,Yaden International (Pvt) Ltd
METFORMIN TABLETS BP 850MG,GLYCOMET 850,TABLETS,5X2X10'S,ALU PVC BLISTER,Fredun Pharmaceuticals Ltd,INDIA,Hemas Pharmaceuticals (Pvt) Ltd
OMEPRAZOLE CAPSULES USP 20MG,LOSECTIL,CAPSULES,10X10' 10X6',ALU ALU BLISTER,Eskayef Pharmaceuticals Ltd,BANGLADESH,Truvic Private Ltd
FEXOFENADINE HYDROCHLORIDE TABLETS USP 180MG,FEXICO 180,TABLETS,1X10' 10X10',ALU PVC BLISTER,Micro Labs Limited,INDIA,Micro Mega Lanka (Pvt) Ltd
CLINDAMYCIN HYDROCHLORIDE CAPSULES USP 150MG,TIDACT,HARD GELATIN CAPSULE,10X10'S,BLISTER,Y S P INDUSTRIES (M) SDN BHD,MALAYSIA,Indoscan (Pvt) Ltd
TEICOPLANIN INJECTION  400MG,TARGOCID 400MG/3 ML,INJECTION,1 GLS VIAL+3 ML AMP,GLASS VIAL,Sanofi S.r.l,ITALY,A Baur & Co  (Pvt) Ltd
TEICOPLANIN INJECTION  200MG,TARGOCID 200MG/3ML,INJECTION,1 GLS VIAL+3ML AMP,GLS VIAL,Sanofi S.r.l,ITALY,A Baur & Co  (Pvt) Ltd
POLYETHYLENE GLYCOL 0.4%  W/V & PROPYLENE GLYCOL 0.3% W/V STERILE EYE DROPS,SYSTEAR,EYE DROPS,10 ML,LDPE DROPPER BOTTLE,Aristopharma Ltd,BANGLADESH,Hemas Pharmaceuticals (Pvt) Ltd
TELMISARTAN TABLETS 40MG,TELDAY-40,TABLETS,10X10'S,ALU ALU STRIP,Torrent Pharmaceuticals Ltd,INDIA,Hemas Pharmaceuticals (Pvt) Ltd
PREGABALIN CAPSULES 75MG,HILIN 75,CAPSULES,"10X10' , 1X10'S",ALU PVC,Highnoon Laboratories Ltd,PAKISTAN,Truvic Private Ltd
PREGABALIN CAPSULES 100MG,HILIN 100,CAPSULES,10X10'S 1X10'S,ALU PVC,Highnoon Laboratories Ltd,PAKISTAN,Truvic Private Ltd
ESOMEPRAZOLE MAGNESIUM DELAYED RELEASE CAPSULES USP 20MG,ANESO,CAPSULES,10X10'S,ALU ALU BLISTER,AMN Life Science (Pvt) Ltd,INDIA,Pharma Associates
LEVOFLOXACIN TABLETS USP 500MG,LF-500,TABLETS,1X10'S,ALU ALU BLISTER,Sai Mirra Innopharm (Pvt) Ltd,INDIA,Sunshine Healthcare lanka Ltd
BUDESONIDE AQUEOUS NASAL SPRAY BP 100MCG,BUDENASE AQ,NASAL SPRAY,7.5ML(150 MTD),TY 111 GLASS VIAL,CIPLA LIMITED,INDIA,Breathe Free Lanka (Pvt) Ltd
DANAZOL CAPSULES USP 200MG,DANOGEN 200,CAPSULES,3X10'S,ALU PVC BLISTER,Cipla Ltd,INDIA,Breathe Free Lanka (Pvt) Ltd
SEVOFLURANE INHALATION ANAESTHETIC SOLUTION 100% V/V,SEVORANE,VOLATILE LIQUID,1'S (250 ML),AMB POLYTHY. NAPTHAL,Abbvie S R L S R 148 Pontina,ITALY,Sunshine Healthcare lanka Ltd
LOSARTAN POTASSIUM TABLETS USP  25MG,LOSAKIND 25,TABLETS,6X10'S,ALU ALU BLISTER,Windlas Biotech Limited,INDIA,Hemas Pharmaceuticals (Pvt) Ltd
BETAHISTINE DIHYDROCHLORIDE TABLETS BP 8MG,B HIST 8 /(BETA HIST),TABLETS,10X10'S,ALU ALU BLISTER,Windlas Biotech (Pvt) Ltd,INDIA,Softlogic Pharmaceuticals (Pvt( Ltd
AMINO ACID 10% W/W INJECTION WITH ELECTROLYTES.GLUCOSE INTRAVENOUS INFUSION 150G/L & INTERVENOUS FAT EMULSION WITH MEDIUM & LONG CHAIN TRIGLYCERID 20%,TNA PERI,EMULSION FOR INJECTION OR INFUSION,1000ML BAG,COMBIPACK TRIPLE BAG,Otsuka Pharmaceutical India Private Limited,INDIA,Slim Pharmaceuticals (Pvt) Ltd
SALBUTAMOL SULPHATE DRY POWDER INHALATION CAPSULES 200MCG,ASTHALIN DP CAPS 200,DRY POWDER CAPSULES,10X10'S,ALU PVC PVDC BLISTER,CIPLA LIMITED,INDIA,Breathe Free Lanka (Pvt) Ltd
AMBROXOL HYDROCHLORIDE SYRUP 30MG IN 5ML,AMBROLITE,SYRUP,100ML,AMBER COLOUR GLASS,TIL Heathcare Pvt Ltd,INDIA,George Steuart Health Pvt Ltd
DOMPERIDONE SUSPENSION 5MG/5ML,PERION SYRUP,SUSPENSION,"30ML,60ML,100ML,200M",PET BOTTLE,Globe Pharmaceuticals Ltd,BANGLADESH,Tabrane Healthcare (Pvt) Ltd
BETAMETHASONE VALERATE OINTMENT B.P 0.1% W/W,BETALEB,OINTMENT,15 G,ALU COLL.TUBE,Leben Laboratories (Pvt) Ltd,INDIA,Ceyoka (Pvt) Ltd
ROSUVASTATIN CALCIUM TABLETS 20MG,LDNIL 20,TABLETS,3X10'S,ALU ALU BLISTER,MSN Laboratories Private Limited,INDIA,Axia (Pvt) Ltd
DIGOXIN TABLETS BP 0.25MG,CARDIGO,TABLETS,10X10'S,ALU PVC BLISTER,Unicure Ramadies (Pvt) Ltd,INDIA,Emar Pharma (Pvt) Ltd
TEMOZOLOMIDE CAPSULES 100MG,TEMOLON 100,CAPSULES,5'S,HDPE CONTAINER,Celon Laboratories Ltd,INDIA,Medmart Pharma (Pvt) Ltd
CILNIDIPINE TABLET 10MG,DUOCARD 10,TABLETS,"3X10', 1X10'S",ALU ALU BLISTER,The Acme Laboratories Ltd,BANGLADESH,Mega Pharma (Pvt) Ltd
LORATADINE TABLETS USP 10MG,ATOCO-LOR,TABLETS,2X10'S,ALU PVC BLISTER,ATCO Laboratories (Pvt) Ltd,PAKISTAN,Morison Limited
MELPHALAN TABLETS USP 2MG,ALKACEL 2,TABLETS,25'S,HDPE CONTAINER,Celon Laboratories Private Limited,INDIA,Medmart Pharma (Pvt) Ltd
POVIDONE IODINE OINTMENT USP  5% W/W,NEODINE,OINTMENT,15G(1'S),COLLAPSIBLE TUBE,Nem Laboretories (P) Ltd,INDIA,Softlogoc Pharmaceuticals (pvt)Ltd
DICLOFENAC SODIUM SUPPOSITORIES 50MG,DICLOVIN 50,SUPPOSITORIES,2X6'S,PVC/PE BLISTER,Bliss GVS Pharma Ltd,INDIA,Sunshine Healthcare lanka Ltd
CLARITHROMYCIN FOR ORAL SUSPENSION USP 125MG/5ML,E-CLAR GRANULES,GRANULES FOR SUSPENSION,"30ML,60ML",HDPE BOTTLE,Tabros Pharma (Pvt) Ltd,PAKISTAN,Associated Laboratories (Pvt) Ltd
ROPINIROLE TABLETS 0.25MG,PERKIROL 0.25,TABLETS,5X10'S,ALU PVDC BLISTER,Square Pharmaceuticals Ltd,BANGLADESH,CIC Holdings PLC
CHLORPHENAMINE MALEATE TABLETS BP 4MG,***,TABLETS,1000'S,HDPE CONTAINER,Axon Drugs (Pvt) Ltd,INDIA,Sunshine Healthcare lanka Ltd
PHENYTOIN SODIUM TABLETS B.P   100MG,PHENHIR,FILM COA TABLETS,10X10'S,ALU PVC BLISTER,Hiral Labs Ltd,INDIA,MAPS Pharma (Pvt) Ltd
VALGANCICLOVIR TABLETS 450MG,VALCYTE,TABLETS,"60'S, FILM COTED",GLASS bottle,"Patheon Inc,",GERMANY,A Baur & Co  (Pvt) Ltd
STERILE CONCENTRATE CARDIOPLEGIN INFUSION SOLUTION FOR INJECTION(MAGNESIUM CH.HEXAHY. 16.265%.POTASSIUM CHLE 5.965%PROCAINE Hydr 1.364% w/v),***,STERILE CONCENTRATE FOR INFUSION,20ML X10 PACK,TY 1 GLS AMP,Macarthys Laboratories Ltd,UNITED KINGDOM,Niix Holdings (Pvt) Ltd
BICALUTAMIDE TABLETS BP 50MG,***,TABLETS,2x14'S,ALU-PVC BLISTER,Bafna Pharmaceuticals Ltd,INDIA,Pharma Associates
ENALAPRIL MALEATE TABLETS USP 5 MG,MACPRIL 5,TABLETS,10X10'S,ALU ALU STRIP,Macleods Pharmaceuticals Ltd,INDIA,Sunshine Healthcare lanka Ltd
CEFUROXIME AXETIL TABLETS USP 250MG,PULMOCEF 250,TABLETS,3X10'S,ALU ALU BLISTER,Micro Labs Ltd,INDIA,Micro Healthcare (Pvt) Ltd
ATORVASTATIN TABLETS USP 10MG,ATOVIC,TABLETS,"10X10'S,30'S,1000's","ALU ALU BLI,JAR",Astron Limited,SRI LANKA,***
FUSIDIC ACID CREAM 2% W/W,GERMACID,CREAM,"5G,15G",ALU COLLAP TUBE,Pharmaniaga Manufacturing berhand,MALAYSIA,Emerchemie NB (Ceylon) Ltd
METFORMIN TABLETS BP 500MG,DIABX,TABLETS,"3X10', 10X10' 1000'S","ALU PVC BLS,HDPE JAR","GAMMA INTERPHARM PVT LTD,",SRI LANKA,***
IVABRADINE TABLETS 5MG,IVAGEN 5,TABLETS,"14'S, 4X14'S",ALU ALU BLISTER,Genix Pharma (Pvt ) Ltd,PAKISTAN,Ceyoka (Pvt) Ltd
AMPHOTERICIN B LIPID COMPLEX INJECTION IV 5MG/ML,AMPHOLIP,CONCENTRATE FOR DISPERSION FOR INFUSION,"1VIAL/10ML,1VAL/20ML",USP TY 1 GLAS VIAL,Bharat Serums & Vaccine Ltd,INDIA,Ceyoka (Pvt) Ltd
ADRENALINE INJECTION BP 1MG IN IML,ADRENIL,INJECTION,2x5x1ml,AMBER GLASS AMP,Sakar Healthcare Limited,INDIA,Ceyoka (Pvt) Ltd
SALBUTAMOL TABLETS BP 2MG,***,TABLETS,1000'S,HDPE BOTTLE,"GAMMA INTERPHARM PVT LTD,",SRI LANKA,***
DAUNORUBICIN INJECTION IP 20MG/VIAL,DAUNORUBITEC,POWDER FOR INJECTION,20MG+5ML AMPOULE,USP TY 1 GLS VIAL,United Biotech (Pvt) Ltd,INDIA,George Steuart Health Pvt Ltd
MOXIFLOXACIN HYDROCHLORIDE TABLETS 400MG,MOXIMAC 400,TABLETS,10X10' 20X5' 1X5',"ALU BLS,STRIP,PVC BL",Macleods Pharmaceuticals Ltd,INDIA,Sunshine Healthcare lanka Ltd
VITAMIN B1 100MG+ VITAMIN  B6 200MG + VITAMIN B12 200M MCG TABLETS,SOLBION,TABLETS,5X10' 10X10',ALU ALU BLISTER,Eskayef Pharmaceuticals Ltd,BANGLADESH,Truvic Private Ltd
"BECLOMETASONE INHALATION POWDER,PRE METERED BP 400MCG(BECLOMETASONE DRY POWDER INHALATION CAPSULES BP 400MCG)",BECLOVENT 400,DRY POWDER INHALATION CAPSULES,10X10'S,ALU PVDC BLISTER,Lina Manufacturing (Pvt) Ltd,SRI LANKA,***
AZITHROMYCIN TABLETS USP 250MG,AZIC 250,TABLETS,10X3'S,ALU PVC BLISTER,Cian Healthcare (Pvt) Ltd,INDIA,Cliniqon Biotech Pvt. Ltd
BECLOMETHASONE DIPROPIONATE DRY POWDER CAPSULES 200 MCG,BECLATE 200 DP CAPS,DRY POWDER INHALATION CAPSULES,10X10'S,ALU PVC PVDC BLISTER,Cipla Ltd,INDIA,Breathe Free Lanka (Pvt) Ltd
DICLOFENAC GEL BP 1% W/W,ALMIRAL GEL,GEL,25G,ALUMINIUM TUBE,Medochemie Ltd,CYPRUS,Associated Laboratories (Pvt) Ltd
CLOMIFENE TABLETS BP 50MG,DUINUM 50MG,TABLETS,30'S & 10'S,AL PVC BLISTER,Medochemie Ltd,CYPRUS,Associated Laboratories (Pvt) Ltd
SITAGLIPTIN TABLETS USP 100MG,STIPTIN 100,TABLETS,1x10'S,ALU ALU BLISTER,G D Laboratories (India) Pvt Ltd,INDIA,Softlogic Pharmaceuticals (Pvt( Ltd
AMISULPRIDE TABLETS BP 100 MG,***,TABLETS,1X10' 100',"ALU ALU BLIS,PLAS JA",Treffer Pharmaceuticals,INDIA,Yaden International (Pvt) Ltd
FEXOFENADINE HYDROCHLORIDE TABLETS BP 180MG,FEXIGRA 180,TABLETS,3X10'S,ALU ALU BLISTER,CIPLA LIMITED,INDIA,Breathe Free Lanka (Pvt) Ltd
ACETAMINOPHEN SUPPOSITORIES USP 250MG,RECTOL 250,SUPPOSITORIES,5'S,PVC PE STRIP,Bliss GVS Pharma Ltd,INDIA,Sunshine Healthcare lanka Ltd
PYRIDOXINE TABLETS BP 25MG,***,TABLETS,10X10'S 1000'S,"ALU PVC BLS,HDPE JAR",Pharmafabrikon,INDIA,Novachem Lanka (Pvt) Ltd
ISOTRETINOIN CAPSULES USP 10MG,ISOTRIN 10,SOFT GELATIN CAPSULES,"1x10's, 3x10's, 5x10",Alu-PVC Blister,Gelnova laboratories (India) Pvt Ltd,INDIA,Tabrane Pharmaceuticals (Pvt) Ltd
CLOPIDOGREL TABLETS USP 75MG,NOKLOT 75,TABLETS,10X10' 1000'S,"ALU PVC ,HDPE PACK",ZYDUS LIFESCIENCES LIMITED,INDIA,Sunshine Healthcare lanka Ltd
ALBUMIN BOUND NANOPARTICLE PACLITAXEL INJECTION 100 MG,PACLITAX NAB,POWDER FOR SUSPENSION FOR INFUSION,"1VIAL50ML,1AMP 20ML+",USP TY 1VIAL+LDPE AM,Cipla Ltd,INDIA,Breathe Free Lanka (Pvt) Ltd
METHYL PREDNISOLONE SODIUM SUCCINATE FOR INJECTION USP 1000MG,METRITE 1GM,POWDER FOR INJECTION,1 VIAL/PACK,USP TYPE 1 GLASS VIA,Gufic Biosciences Ltd,INDIA,Slim Pharmaceuticals (Pvt) Ltd
ONDANSETRON INJECTION USP 8MG/4ML,PREMESIS,SOLUTION FOR INJECTION,4MLAMP(5AMP/PAK),ALU PVC BLIS TYP I,Globe Pharmaceuticals Ltd,BANGLADESH,Tabrane Healthcare (Pvt) Ltd
AZITHROMYCIN TABLETS USP 500MG,AZIC 500,TABLETS,10X3'S,ALU PVC BLISTER,Cian Healthcare Ltd,INDIA,Cliniqon Biotech Pvt. Ltd
RANOLAZINE SUSTAINED RELEASE TABLETS 500 MG,RALAZER 500,TABLETS,3X10'S 10X10'S,"ALU AMB,PVC BLISTER",Mercury Laboratories Ltd,INDIA,Yaden International (Pvt) Ltd
HALOPERIDOL TABLETS BP 5MG,ZOCALM-5,TABLETS,10X10'S,ALU PVC BLISTER,Atoz Pharmaceuticals (Pvt) Ltd,INDIA,Euro Asian Pharma (Pvt) Ltd
ADRENALINE INJECTION SYRINGE AUTO INJECTOR 0.15G/0.3ML,EPIPEN Jr,SOLUTION FOR INJECTION,2MLX1'S,GLS CARTRIDGE,Meridian Medical Technologies Inc,AUSTRALIA,Emerchemie NB (Ceylon) Ltd
ATORVASTATIN TABLETS IP 10MG,***,TABLETS,10X10'S,ALU ALU STRIP,ZYDUS LIFESCIENCES LIMITED,INDIA,Sunshine Healthcare lanka Ltd
MOXIFLOXACIN OPHTHALMIC SOLUTION USP 5MG/ML,OCUMOX,OPHTHALMIC SOLUTION,5ML,LDPE BOTTLE,Remington pharmaceutical Industries (Pvt) Ltd,PAKISTAN,Sunshine Healthcare lanka Ltd
CEFUROXIME FOR INJECTION USP 750MG,VAXCEL,POWDER FOR INJECTION,"1'S,10'S",GLASS VIAL,Kotra pharma (M) Ltd,MALAYSIA,Sunshine Healthcare lanka Ltd
CEPHALEXIN TABLETS FOR ORAL SUSPENSION USP 125MG,BLUCEF-P DT,TABLETS,10X10'S,STRIP PACKS,Blue Cross Laboratories Pvt Ltd,INDIA,Sunshine Healthcare lanka Ltd
RABEPRAZOLE SODIUM TABLETS 20MG,RABEMAC 20,TABLETS,3X10'S,ALU ALU BLISTER,Macleods Pharmaceuticals Ltd,INDIA,Emerchemie NB (Ceylon) Ltd
TIZANIDINE TABLETS 4MG,TIZIGESIC 4,TABLETS,3X10'S,BLISTER,Unichem Laboratories,INDIA,A Baur & Co  (Pvt) Ltd
ASPIRIN GASTRO RESISTANT TABLETS BP 75MG,CAREPRIN 75,TABLETS,"3X10'S,10X10'S100'S",ALU PVC STRP/HDPE JA,Celogen Lanka (Pvt) Ltd,SRI LANKA,***
"PANCREATIN CAPSULES 150MG (AMAYLASE-8,000 U, LIPASE 10,000 U, PROTEASE 600 U)",***,CAPSULES,"3x10'S ,10X10'S","Alu-PVC ,PVDC,STRIP",Celogen Lanka (Pvt) Ltd,SRI LANKA,***
ACICLOVIR TABTETS USP 200MG,VIRLESS,TABLETS,5X10'S,STRIP PACK,Y S P Industries SDN BHD.,MALAYSIA,Indoscan (Pvt) Ltd
EMPAGLIFLOZIN TABLETS 10MG,EMPAVIC 10,TABLETS,3X10'S,ALU ALU BLISTER,Biopharma Limited,BANGLADESH,Truvic Private Ltd
PANTOPRAZOLE DELAYED RELEASE CAPSULES 20MG,PANTAPREZ 20,HARD GELATINE CAPSULES,"30X10 ,10X10'S",ALU PVCD BLISTER,Emergen Life Sciences (Pvt) Ltd,SRI LANKA,Emergen Life Sciences (Pvt) Ltd
ATORVASTATIN TABLETS 20MG,ATORLIP 20,TABLETS,"3X10,10X10,10X3X10",ALU ALU BLISTER,Cipla Limited,INDIA,Breathe Free Lanka (Pvt) Ltd
PARACETAMOL TABLETS BP 500MG,MEDOMOL,TABLETS,"1000,10X10 BLISTER","HDPE JAR,ALU PVC BLI",Medopharm (PVT Ltd,INDIA,Alaris Lanka (Pvt) Ltd
PIMECROLIMUS CREAM 1%,ELIDEL,CREAM,"15G,30G",ALUMINIUM TUBE,MEDA Manufacturing Avenue,GERMANY,A Baur & Co  (Pvt) Ltd
FEXOFENADINE HYDROCHLORIDE TABLETS USP 120MG,EXOFIN 120,TABLETS,"10X10'S, 1X10'S",ALU ALU BLIS/ALU PVC,G D Laboratories (India) Pvt Ltd,INDIA,Softlogic Pharmaceuticals (Pvt( Ltd
ATORVASTATIN TABLETS 10MG,ATORLIP 10,TABLETS,"3X10,10X10,10X3X10",ALU ALU BLISTER,Cipla Limited,INDIA,Breathe Free Lanka (Pvt) Ltd
AMINO ACID 10% W/V INJECTION WITH ELECTROLYTES,NIRMIN 10 PLUS,SOLUTION FOR INJECTION,500ML,TYPE II GLASS BOTTLE,Aculife Healthcare (Pvt) Ltd,INDIA,Hemas Pharmaceuticals (Pvt) Ltd
NEOSTIGMINE INJECTION BP 2.5MG/ML,OSTIG 2.5,INJECTION,10X1ML,USP TY 1 AMB GLS AMU,Ciron Drugs & PharmaceuticalS (Pvt) Ltd,INDIA,Ceyoka (Pvt) Ltd
ETORICOXIB TABLETS 60MG,ORICOX 60,TABLETS,2X10'S,ALU PVDC BLISTER,Incepta Pharmaceuticals Ltd,BANGLADESH,Citihealth Imports (Pvt) Ltd
VITAMIN D3 TABLETS 1000 IU,***,TABLETS,100's,HDPE Jar,Centurion Laboratories Pvt Ltd,INDIA,Yaden International (Pvt) Ltd
CLARITHROMYCIN TABLETS 250MG,KLARICID,TABLETS,1X10'S,ALU PVC PVDC BLISTER,Abbott Laboratories (Pakistan) Ltd For Amdipharm Ltd,PAKISTAN,Sunshine Healthcare lanka Ltd
METFORMIN HYDROCHLORIDE TABLETS USP 500MG,THEOMET 500,TABLETS,"1000'S , 10X10'S","HDPE JAR,ALU PVC BLI",Theon Pharmaceuticals Ltd,INDIA,Slim Pharmaceuticals (Pvt) Ltd
DICLOFENAC POTASSIUM TABLETS USP 50MG,LESFLAM 50,TABLETS,10X10,ALU PVC BLISTER,Unison Laboratories Co Ltd,THAILAND,Sunshine Healthcare lanka Ltd
ZINC SULPHATE ORAL SOLUTION USP 10MG/5ML,ZIKID SYRUP,ORAL SOLUTION,100ML,AMBER COLOR PET BOTL,Globe Pharmaceuticals Ltd,BANGLADESH,Tabrane Healthcare (Pvt) Ltd
TIOTROPIUM BROMIDE INHALER 9 MCG,TIOVA HFA,METERED DOSE INHALER,120M DOSE,Al. CANISTER,Cipla Limited,INDIA,Breathe Free Lanka (Pvt) Ltd
BETAMETHASONE DIPROPIONATE USP 0.064% W/V AND SALICYLIC ACID BP 2% W/V LOTION,BEPROSALIC,LOTION,30ML,PLASTIC BIOTTLE,Hoe Pharmaceuticals SDN BHD,MALAYSIA,Indoscan (Pvt) Ltd
MONTELUKAST SODIUM TABLETS USP 5MG,MONTI 5,TABLETS,3X10,ALU ALU BLISTER,MBL Pharma,PAKISTAN,Markss HLC (Pvt) Ltd
OXALIPLATIN INJECTION USP 50MG,CELDACH,LYOPHILIZED POWDER FOR INJECTION,1'S,CLEAR USP TYP I VIAL,Celon Laboratories Ltd,INDIA,Medmart Pharma (Pvt) Ltd
FUSIDIC ACID 2% W/W + HYDROCORTISONE ACETATE 1% W/W CREAM,DISUF-H,CREAM,15G,ALU COLL.TUBE,Hovid Berhad,MALAYSIA,Mansel (Ceylon) (Pvt) Ltd
ITRACONAZOLE CAPSULES 100MG,INOX 100MG,CAPSULES,7X4'S,BLISTER,Hovid Berhad,MALAYSIA,Mansel (Ceylon) (Pvt) Ltd
MICONAZOLE NITRATE CREAM B.P 2%,TINAZOL CREAM 2%,CREAM,15G TUBES,COLLAPSIBLE AL TUBE,Hovid Berhard,MALAYSIA,Mansel (Ceylon) (Pvt) Ltd
VITAMIN B1 97MG+VITAMIN.B6 50MG+VITAMIN B12  100MCG,NEUROVIT,FILM COATED TABLETS,10X10'S,BLISTER PACKS,Hovid Berhad,MALAYSIA,Mansel (Ceylon) (Pvt) Ltd
LAMOTRIGINE TABLETS 50MG,LAMOTRIX 50,TABLETS,"1X10's ,3x10",ALU PVC BLISTER,Medochemie Ltd,CYPRUS,Associated Laboratories (Pvt) Ltd
SITAGLIPTIN TABLETS BP 50MG,SILINOR,TABLETS,3X10'S,ALU PVDC BLISTER,Healthcare Pharmaceuticals Limited,BANGLADESH,Citihealth Imports (Pvt) Ltd
FLUTICASONE 250MCG & SALMETEROL 50MCG INHALATION POWDER PRE METERED BP,FLUTIVENT,DRY POWDER CAPSULES,10X10,ALU PVDC BLISTER,Lina Manufacturing (Pvt) Ltd,SRI LANKA,***
OIL AND WATER SOLUBLE VITAMINS ORAL SOLUTION USP,NUTRIKIDS Mulivitamin syrup,ORAL SOLUTION,200ml,USP type III amber g,Gamma Pharmaceuticals (Pvt) Ltd,SRI LANKA,***
SITAGLIPTIN TABLETS USP 100MG,SUCOSIT 100,TABLETS,"1X10S,3X10S,5X10S",ALU ALU BLISTER,Globe Pharmaceuticals Ltd,BANGLADESH,Tabrane Healthcare (Pvt) Ltd
SITAGLIPTIN TABLETS USP 50MG,SUCOSIT 50,TABLETS,"1X10S,3X10S,5X10S",ALU ALU BLISTER,Globe Pharmaceuticals Ltd,BANGLADESH,Tabrane Healthcare (Pvt) Ltd
IMIDAPRIL HYDROCHLORIDE TABLETS 5MG,TANATRIL 5,TABLETS,10X10'S,ALU PVC BLISTER,PT MITSUBISHI TANABE Parma,INDONESIA,Hemas Pharmaceuticals (Pvt) Ltd
LOSARTAN POTASSIUM TABLETS USP 50MG,MYOTAN-50,TABLETS,10*10'S,ALU ALU BLISTER,Unique Pharmaceutical Laboratories,INDIA,George Steuart Health Pvt Ltd
HYOSCINE BUTYLBROMIDE TABLETS BP 10MG,BELLOID,TABLETS,10X10,ALU ALU STRIP,Inga Laboraories (Pvt) Ltd,INDIA,George Steuart Health Pvt Ltd
SITAGLIPTIN TABLETS USP 100MG,SITAVIC 100,TABLETS,"3X10'S,7X10'S,10X10'",ALU ALU BLISTER,Biopharma Limited,BANGLADESH,Truvic Private Ltd
BEVACIZUMAB INJECTION (r-DNA Origin ) 100mg/4ml CONCENTRATE SOLUTION FOR INTRAVENOUS INFUSION,KRABEVA 100,CONCENTRATE FOR SOLUTION FOR INTRAVENOUS INFUSION,1 VIAL OF 100MG/4ML,GLASS VIAL,Biocon Biologics Limited,INDIA,Medmart Pharma (Pvt) Ltd
BEVACIZUMAB INJECTION (r-DNA Origin ) 400mg/16ml,KRABEVA 400,CONCENTRATE FOR SOLUTION FOR INTRAVENOUS INFUSION,1VIAL 400MG/16ML,GLASS VIAL,Biocon Biologics Limited,INDIA,Medmart Pharma (Pvt) Ltd
MIRTAZAPINE TABLETS USP 30MG,MIRTAZ 30,TABLETS,3X10'S,STRIP PACK,"SUN PHARMA LABORATORIES LIMITED, INDIA FOR SUN PHARMACEUTICAL INDUSTRIES LIMITED, INDIA",INDIA,Emerchemie NB (Ceylon) Ltd
GLICLAZIDE MODIFIED RELEASE TABLETS 30MG,AZUKON MR,TABLET,10X10'S,ALU ALU BLISTER,Torrent Pharmaceuticals Ltd,INDIA,Hemas Pharmaceuticals (Pvt) Ltd
PREGABALIN CAPSULES 100MG,GABICA 100MG,CAPSULES,(5X7'S),ALU ALU BLISTER,Getz Pharma (Pvt) Ltd,PAKISTAN,Hemas Pharmaceuticals (Pvt) Ltd
KETAMINE HYDROCHLORIDE INJECTION USP 50MG/ML,KET INJECTION,SOLUTION FOR INJECTION,50*10ML VIAL,USP TYP I AMBER GLS,Ciron Drugs & PharmaceuticalS (Pvt) Ltd,INDIA,Ceyoka (Pvt) Ltd
OXALIPLATIN FOR INJECTION USP 100MG,CELDACH 100,LYOPHILIZED POWDER FOR INJECTION,1'S,USP TY 1 VIAL,Celon Laboratories Private Limited,INDIA,Medmart Pharma (Pvt) Ltd
ADAPALENE 0.1% WW AND BENZOYL PEROXIDE 2.5% W/W GEL,EPIDUO,GEL,"15G, 30G",LAMI TUBE,Encube Ethicals (Pvt) Ltd,INDIA,Sunshine Healthcare lanka Ltd
TICARCILLIN AND CLAVULANIC ACID FOR INJECTION USP 3.2G,TICLAV 3.2,POWDER FOR INJECTION,1 VIAL & 12 VAL,USP TYP III GLS VIAL,Navesta Pharmaceuticals (Pvt) Ltd,SRI LANKA,Navesta Pharmaceuticals (Pvt) Ltd
LENALIDOMIDE CAPSULES 10MG,LENID 10,CAPSULES,3X10'S,ALU ALU STRIP,United Biotech (P) Limited,INDIA,George Steuart Health Pvt Ltd
LABETALOL HYDROCHLORIDE INJECTION USP 5MG/ML,***,SOLUTION FOR INJECTION,10X20ML VIAL,AMB USP TY 1,Ciron Drugs & PharmaceuticalS (Pvt) Ltd,INDIA,Ceyoka (Pvt) Ltd
BETAMETHASONE VALERATE BP 0.5MG + PHENYIEPHRINE HYDROCHLORIDE BP 1MG+LIDOCAINE HYDROCHLORIDE BP 25MG IN 1G OINTMENT,PYLOOCAINE (RECTAL),OINTMENT,30G,"ALU COLLAP ,HDPE",Galentic Pharma (india) (Pvt) Ltd,INDIA,Ceyoka (Pvt) Ltd
HALOPERIDOL TABLETS BP 5MG,***,TABLETS,100'S,HDPE JAR,Treffer Pharmaceuticals,INDIA,Yaden International (Pvt) Ltd
PHYTOMENADIONE INJECTION BP 2MG/1ML,***,SOLUTION FOR INJECTION,10'S(0.5ML),USP TY1 AMBR GLS AMP,Ciron Drugs & PharmaceuticalS (Pvt) Ltd,INDIA,Ceyoka (Pvt) Ltd
CLARITHROMYCIN TABLETS USP 500MG,KLARICID,TABLET,10'S,ALU PVC BLISTER,Abbott Laboratories (Pakistan) Ltd For Amdipharm Ltd,PAKISTAN,Sunshine Healthcare lanka Ltd
ATORVASTATIN CALCIUM TABLETS USP 10MG,TIGINOR,TABLET,3X10'S,ALU ALU BLISTER,Incepta Pharmaceuticals Ltd,BANGLADESH,Citihealth Imports (Pvt) Ltd
SILDENAFIL TABLETS 100 MG,OSIGRA 100,TABLET,10X4'S,ALU PVC BLISTER,Oasis Laboratories (Pvt) Ltd,INDIA,RS Biogenics (Pvt) ltd
SITAGLIPTIN TABLETS USP 100MG,TREVIA,TABLETS,"14'S,5X7'S&7X10'S",ALU ALU BLISTER PACK,Getz Pharma (Pvt) Ltd,PAKISTAN,Hemas Pharmaceuticals (Pvt) Ltd
GEMCITABINE FOR INJECTION USP 1000MG,CELZAR 1000,POWDER FOR INJECTION,50ML,USP TY 1 GLS VIAL,Celon Laboratories Private Limited,INDIA,Medmart Pharma (Pvt) Ltd
METOLAZONE TABLETS USP 2.5MG,METOZ 2.5,TABLETS,10X10'S,ALU PVDC BLISTER,Centaur Pharmaceutical (Pvt) Ltd,INDIA,George Steuart Health Pvt Ltd
FEXOFENADINE HYDROCHLORIDE TABLETS USP 120MG,ALGITAB 120,TABLETS,10'S,ALU ALU BLISTER,Platinum Pharmaceuticals (Pvt) Ltd,PAKISTAN,George Steuart Health Pvt Ltd
LAMOTRIGINE TABLETS USP 50MG,LAMOSYN 50,TABLETS,5X10'S,ALU ALU STRIP,Sun Pharma Laboratories Ltd,INDIA,Emerchemie NB (Ceylon) Ltd
RISPERIDONE TABLETS USP 2MG,SIZODON 2,TABLETS,5X10'S,STRIP PACK,Sun Pharma Laboratories Ltd,INDIA,Emerchemie NB (Ceylon) Ltd
METFORMIN EXTENDED RELEASE TABLETS USP 500MG,METVIC SR,TABLETS,"10X10' 3X10', 1000'S","ALU ALU BLIS,HDPE JA",Astron Limited,SRI LANKA,***
HEPARIN SODIUM INJECTION USP 25000IU-5ML,SOLAXIN,INJECTION,10 AMP PACK,AMPOULE,CHENGDU HEPATUNN PHARMACEUTICALS CO. LTD,CHINA,Slim Pharmaceuticals (Pvt) Ltd
HUMAN ALBUMIN 20% SOLUTION FOR INTRAVENOUS INFUSION,HUMAN ALBUMIN 20% BEHRING LOW SALT,INTRAVENOUS INFUSION,"100ML,50ML",COLOLES GLS TYP II,CSL Behring GmbH,GERMANY,ABC Pharma Services Pvt. Ltd
TELMISARTAN TABLETS USP  20MG,TELIROL 20,FILM COATED TABLETS,10X10,ALU ALU BLISTER PACK,INNOVA CAPTAB LIMITED,INDIA,Cliniqon Biotech Pvt. Ltd
METFORMIN HYDROCHLORIDE TABLET USP 500MG,METATIME 500,TABLETS,10X10'S,ALU PVC BLISTER,Akums Drugs & Pharmaceuticals Ltd,INDIA,Hemas Pharmaceuticals (Pvt) Ltd
BIMATOPROST OPHTHALMIC SOLUTION 0.03% W/V,BIPROST,OPHTHALMIC SOLUTION,3MLX1'S,PLASTIC BOTTLE,Mercury Laboratories Ltd,INDIA,Yaden International (Pvt) Ltd
DIBASIC CALCIUM PHOSPHATE 430MG+CHOLECALCIFEROL 200IU+ASCORBIC ACID 40MG CHEWABLE TABLETS,KALZANA,TABLETS,10X10'S,STRIP,ZYDUS LIFESCIENCES LIMITED,INDIA,Hemas Pharmaceuticals (Pvt) Ltd
MULTIVITAMIN & MINERALS SOTF GELATIN CAPSULES,DIAMIN,SOFT GELATIN CAPSULES,3X10'S,BLISTER,Mega Lifesciences Public Company (Pvt) Ltd,THAILAND,A Baur & Co  (Pvt) Ltd
ACETYLCYSTEINE TABLETS 600MG,NACFIL,TABLETS,10 TAB X 10/PACK,STRIPS PACK,Fourrts (India) Laboratories Ltd,INDIA,Sunshine Healthcare lanka Ltd
ACETAMINOPHEN SUPPOSITORIES USP 125MG,RECTOL 125,SUPPOSITORIES,5'S,PVC/PE STRIP,Bliss GVS Pharma Ltd,INDIA,Sunshine Healthcare lanka Ltd
ONDANSETRON ORALLY DISINTEGRATING STRIPS 4MG,ONDANSET ODS 4,ORALLY DISINTEGRATING STRIPS,"10X1,30X1,50X1,100X1",ALUMINIUM SACHETS,Zim Laboratories Ltd,INDIA,Tabrane Pharmaceuticals (Pvt) Ltd
TELMISARTAN TABLETS USP 80MG,TELDAY 80,TABLETS,10X10'S,ALU ALU BLISTER PACK,Torrent Pharmaceuticals Ltd,INDIA,Hemas Pharmaceuticals (Pvt) Ltd
EMPAGLIFLOZIN TABLETS 10MG,JARDIANCE,TABLETS,9X10'S,ALU/PVC BLISTER,Rottendorf Pharma GmbH Germany for Boehringer Ingelheim International GmbH Germany,GERMANY,Hemas Pharmaceuticals (Pvt) Ltd
MONTELUKAST SODIUM TABLETS USP 10MG,LEUGEN,TABLETS,4X7'S & 2X7'S,ALU ALU BLISTER,Genix Pharma (Pvt ) Ltd,PAKISTAN,Ceyoka (Pvt) Ltd
EMPAGLIFLOZIN TABLETS 25MG,JARDIANCE,TABLETS,9X10'S,ALU PVC BLISTER,Rottendorf Pharma GmbH Germany for Boehringer Ingelheim International GmbH Germany,GERMANY,Hemas Pharmaceuticals (Pvt) Ltd
RABIES HUMAN IMMUNOGLOBULIN 150IU/ML,BERIRAB-P,SOLUTION FOR INJECTION,2ML(300IU)5ML(750IU),PREFIL SYRG GLS TYP1,CSL Behring GmbH,GERMANY,ABC Pharma Services Pvt. Ltd
EMPAGLIFLOZIN TABLETS 25MG,EMPAVIC 25,TABLETS,3X10'S,ALU ALU BLISTER,Biopharma Limited,BANGLADESH,Truvic Private Ltd
ADRENALINE INJECTION BP 1MG IN IML,***,SOLUTION FOR INJECTION,10X1ML,1ML AMBER USP TY 1,Ciron Drugs & PharmaceuticalS (Pvt) Ltd,INDIA,Ceyoka (Pvt) Ltd
ONDANSETRON ORALLY DISINTEGRATING STRIPS 8MG,ONDANSET ODS 8,ORALLY DISINTEGRATING STRIPS,"10X1S,30X1S,50X1S",ALUMINIUM SACHETS,Zim Laboratories Ltd,INDIA,Tabrane Pharmaceuticals (Pvt) Ltd
FERROUS FUMARATE 162MG EQUIVALENT TO IRON 53.25MG+FOLIC ACID 0.75MG+ VITAMIN B12  7.5MCG,FERROVIT,SOFT GELATIN CAPSULES,5X10'S,ALU PVC/PVDC BLIS,Mega Lifesciences (Pvt) Ltd,THAILAND,A Baur & Co  (Pvt) Ltd
MOMETASONE CREAM IP 0.1% W/W,MTAZ CREAM,CREAM,"5G, 15G",ALUMNUM COLAPSI TUBE,Indi Pharma (Pvt) Ltd,INDIA,Emar Pharma (Pvt) Ltd
CYCLOSPORIN CAPSULES USP 25MG,PANIMUM BIORAL,SOFT GELATIN CAPSULES,6X5'S,ALU ALU BLISTER,Panacea Biotec  Ltd,INDIA,Markss HLC (Pvt) Ltd
CHLORHEXIDINE GLUCONATE 0.2% W/V MOUTH WASH,ORALON MOUTH RINSE,MOUTH WASH,100 ML,AMB PET BOTTLE,Advanced Chemical Industries Limited,BANGLADESH,CIC Holdings PLC
BETAMETHASONE VALERATE CREAM B.P 0.1% W/W,AKMETHA,CREAM,15G,ALUMINIUM TUBE,Akriti pharmaceuticals Pvt Ltd,INDIA,Slim Pharmaceuticals (Pvt) Ltd
GOSERELIN INJECTION 3.6MG,ZOLADEX 3.6MG,INJECTION,3.6MG,PREFIL SYRNG/POUCH,Astra Zeneca UK Ltd,UNITED KINGDOM,Hemas Pharmaceuticals (Pvt) Ltd
CEFUROXIME AXETIL TABLET USP 250MG,CEROXIM 250mg,TABLETS,10'S,BLISTER PAK PVC ACLR,Sun Pharmaceutical industries,INDIA,Hemas Pharmaceuticals (Pvt) Ltd
LOSARTAN POTASSIUM TABLETS USP  25MG,MYOTAN 25,TABLETS,10X10'S,ALU ALU BLISTER,Unique Pharmaceutical Laboratories,INDIA,George Steuart Health Pvt Ltd
CANDESARTAN CILEXETIL TABLETS 4MG,ATACAND 4MG,TABLETS,28'S,PVC/PVDC BLISTER,"Astra Zeneca AB ,Sweden",SWEDEN,Hemas Pharmaceuticals (Pvt) Ltd
VITAMIN C CHEWABLE TABLETS 500MG,XON-CE,CHEWABLE TABLETS,50X2'S,ALU FOIL STRIP,PT KALBE FARMA TBK,INDONESIA,Hemas Pharmaceuticals (Pvt) Ltd
ANASTROZOLE TABLETS 1MG,ARIMIDEX,FILM COATED TABLETS,28'S,ALU PVC BLISTER,ASTRA ZENECA PHARMACEUTICALS LP,UNITED STATES,Hemas Pharmaceuticals (Pvt) Ltd
ITRACONAZOLE CAPSULES 100MG,ITRACON 100,CAPSULES,5X10',ALU ALU STRIPS PACK,Micro Labs Ltd,INDIA,Micro Healthcare (Pvt) Ltd
CANDESARTAN CILEXETIL TABLETS 8MG,ATACAND 8MG,TABLETS,28'S,PVC/PVDC BLISTER,"Astra Zeneca AB ,Sweden",SWEDEN,Hemas Pharmaceuticals (Pvt) Ltd
CANDESARTAN CILEXETIL TABLETS 16MG,ATACAND,TABLETS,28'S,PVC/PVDC BLISTER,"Astra Zeneca AB ,Sweden",SWEDEN,Hemas Pharmaceuticals (Pvt) Ltd
MYCOPHENOLATE MOFETIL TABLETS 500MG,CELLCEPT 500,FILM COA TABLETS,50'S,ALU PVC  BLISTER,RECIPHARM LEGANES S.L.U,SPAIN,A Baur & Co  (Pvt) Ltd
AMPHOTERICIN B FOR INJECTION USP 50MG,AMPHIZONE,LYOPHILIZED POWDER FOR INJECTION,10ML,GLASS VIAL,Gufic Biosciences Pvt Ltd,INDIA,Slim Pharmaceuticals (Pvt) Ltd
PAEDIATRIC PARACETAMOL ORAL SOLUTION BP 120MG/5ML,*******,ORAL SOLUTION,450ML BOTTLE/PACK,AMBER COLOUR GLASS B,"GAMMA INTERPHARM PVT LTD,",SRI LANKA,***
CLOPIDOGREL TABLETS USP 75MG,CIDOGRIL 75,TABLETS,10X10'S,ALU ALU BLISTER,G D Laboratories (India) Pvt Ltd,INDIA,Softlogic Pharmaceuticals (Pvt( Ltd
SALMETEROL 50MCG + FLUTICASONE PROPIONATE 500MCG INHALATION CAPSULES,SEROFLO 500 DP CAPS,INHALATION CAPSULES,10X10'S,ALU PVC PVDC BLISTER,Cipla Ltd,INDIA,Breathe Free Lanka (Pvt) Ltd
SILDENAFIL TABLETS 50MG,THEOGRA 50,FILM COA TABLETS,"10X1X4'S,1X4'S",BLISTER,Theon Pharmaceuticals Ltd,INDIA,Slim Pharmaceuticals (Pvt) Ltd
AMINO ACID 10% W/V INJECTION WITH ELECTROLYTES,CELMIN 10 PLUS,INJECTION,500ML,GLASS BOTTLE,Otsuka Pharmaceuticals (Pvt) Ltd,INDIA,Slim Pharmaceuticals (Pvt) Ltd
IRON III HYDROXIDE POLYMALTOSE COMPLEX EQUIVALENT TO ELEMENTAL IRON 50MG & FOLIC ACID 0.5MG IN 5ML SYRUP,CHOCOFER,ORAL SOLUTION,200ML,AMBER PET BOTTLE,Galpha Laboratories Ltd,INDIA,Markss HLC (Pvt) Ltd
COMPOUND SODIUM LACTATE INTRAVENOUS INFUSION BP (HARTMAN'S SOLUTION),***,SOLUTION FOR INFUSION,500ML,LDPE CONTAINER,B Braun Medical Industries,MALAYSIA,B Braun Lanka (Pvt) Ltd
SODIUM CHLORIDE INJECTION BP 0.9%  W/W,***,INJECTION,"20ML,10ML,5ML",LDPE CONTAINER,B Braun Medical Industries,MALAYSIA,B Braun Lanka (Pvt) Ltd
SODIUM CHLORIDE INTRAVENOUS INFUSION BP 0.9 % w/v,***,SOLUTION FOR INFUSION,"50X100ML,10X500ML,",POLYETHYLENE CONTAIN,B Braun Medical Industries,MALAYSIA,B Braun Lanka (Pvt) Ltd
LITHIUM CARBONATE EXTENDED RELEASE TABLETS USP 400 MG,LITHOSUN SR,EXTENDED RELEASE TABLETS,3X10'S,STRIP PACK,Sun Pharma Laboratories Ltd,INDIA,Emerchemie NB (Ceylon) Ltd
AMOXICILLIN CAPSULE USP 250MG,AXCIL,CAPSULES,10X10'S,BLISTER (AL/PVC),Astron (Pvt) Ltd,SRI LANKA,Astron (Pvt) Ltd
METHYLPREDNISOLONE SODIUM SUCCINATE FOR INJECTION USP 500MG/VIAL,SUCCIMED,INJECTION,1 VIAL,GLASS VIAL,VHB Medi Sciences Ltd,INDIA,Yaden International (Pvt) Ltd
ETORICOXIB TABLETS 90MG,VEROXIB 90,TABLETS,3X10'S,ALU ALU BLISTER,Akums Drugs & Pharmaceuticals Ltd,INDIA,Darley Butler  & Co Ltd
MONTELUKAST SODIUM CHEWABLE TABLETS  4MG,MONTELAST-4,CHEWABLE TABLETS,10X10'S,STRIP,Cadila Healthcare Ltd,INDIA,Sunshine Healthcare lanka Ltd
CARBIMAZOLE TABLET IP 5MG,THYROCAB 5,TABLETS,100'S,AMBR COLR TYP II GLS,Abbott Healthcare Pvt Ltd,INDIA,Sunshine Healthcare lanka Ltd
METHOTREXATE INJECTION BP 50MG/2ML,EMTHEX  50,INJECTION,2ML,AMER COLOR GLAS VIAL,Khandelwal Laboratories Ltd,INDIA,Ceyoka (Pvt) Ltd
LORATADINE ORAL SOLUTION USP 5MG/5ML,LOREZ SYRUP,ORAL SOLUTION,60ml,Amb Col Glss Bottle,Astron (Pvt) Ltd,SRI LANKA,Astron (Pvt) Ltd
TYPHOID POLYSACCHARIDE VACCINE BP,TYPBAR,INJECTION,2.5ML MULTI-DOSE VIA,USP TYPE 1 GLS VIAL,Bharat Biotech International Ltd,INDIA,Gulf Pharma (Pvt) Ltd
RABIES VACCINE BP 2.5IU,CHIRORAB,LYOPHILIZED POWDER FOR INJECTION,"1 VIAL/PACK,5VIL/PAK",USP TY 1+STERIL SYRI,Chiron Behring Vaccines Ltd,INDIA,Gulf Pharma (Pvt) Ltd
SODIUM CHLORIDE INTRAVENOUS INFUSION BP 3% W/V,***,INTRAVENOUS INFUSION,500 ML,LDPE CONTAINER,B Braun Medical Industries,MALAYSIA,B Braun Lanka (Pvt) Ltd
TRASTUZUMAB POWDER FOR CONCENTRATE FOR INFUSION 440MG,HERZUMA 440,POWDER FOR INFUSION,440MG+20ML IN 1VIAL,TYPE 1 GLASS VIAL,Celltrion Inc,KOREA,George Steuart Health Pvt Ltd
LEVOCETIRIZINE ORALLY DISINTEGRATING STRIPS 5MG,LEVOCET ODS 5,ORALLY DISINTEGRATING,"10X1,10X1X10,5X10X1,",3LAYR LAMIN Al SACHE,Zim Laboratories Ltd,INDIA,Tabrane Pharmaceuticals (Pvt) Ltd
PACLITAXEL PROTEIN BOUND PARTICLES FOR INJECTABLE SUSPENSION 100MG,PACLIALL,POWDER FOR INJECTION,100MG,USP TYP 1 GLAS VIAL,Panacea Biotech Pharma Ltd,INDIA,Markss HLC (Pvt) Ltd
GLUCOSE INTRAVENOUS INFUSION BP 5% w/v,***,INJECTION FOR INFUSION,10X500 ML,POLYETHYLENE CONTAIN,B Braun Medical Industries,MALAYSIA,B Braun Lanka (Pvt) Ltd
AZATHIOPRINE TABLETS BP 50MG,AZORAN 50,TABLETS,"1X10'S,3X10'S,5X10'S",Alu-PVC Blister pack,R P G Life Sciences Ltd,INDIA,Ceylon Lifesciences Pvt Ltd
IRON SUCROSE INJECTION USP 100MG/5ML,SOFER INJECTION,LIQUID INJECTION,5X5ML,AMBER COLOUR GLAS,Maan Pharmaceutical Ltd,INDIA,P T C Medical (Pvt) Ltd
CHLORHEXIDINE MOUTHWASH BP 0.2% W/V,HEXIDINE,MOUTH WASH,"80ML,160ML",PET BOTTLE,ICPA Health Products Ltd,INDIA,George Steuart Health Pvt Ltd
FLUPENTIXOL INJECTION BP 40MG/2ML,***,SOLUTION FOR INJECTION,5X2ML & 1X2ML AMPOUL,AMBER COLOR AMPOULE,Pharmafabrikon,INDIA,Novachem Lanka (Pvt) Ltd
TEMOZOLOMIDE CAPSULES 250MG,TEMOLON 250,CAPSULES,5'S,HDPE CONTAINER,Celon Laboratories Ltd,INDIA,Medmart Pharma (Pvt) Ltd
RECOMBINANT HUMAN FOLLICLE STIMULATING HORMONE POWDER FOR INJECTION 75IU,FOLIGRAF 75IU,POWDER FOR INJECTION,2ML GLAS VIAL+0.5ML,USP TYP 1 GLAS+AMPOL,Bharat Serums & Vaccine Ltd,INDIA,Ceyoka (Pvt) Ltd
FLUCLOXACILLIN CAPSULES BP 250MG,ISOCLOX 250,HARD GELATIN CAPSULE,"1X10,7X2,3X10,5X10,",ALU ALU BLISTER,Globe Pharmaceuticals Ltd,BANGLADESH,Tabrane Healthcare (Pvt) Ltd
CITALOPRAM TABLETS USP 20MG,FELIZ 20,TABLETS,4X7'S,ALU ALU BLISTER,Torrent Pharmaceuticals Ltd,INDIA,Hemas Pharmaceuticals (Pvt) Ltd
RECOMBINANT HUMAN FOLLICLE STIMULATING HORMONE POWER FOR INJECTION 150IU,FOLIGRAF 150IU,POWDER FOR INJECTION,2ML GLAS VIAL+0.5ML,USP TY1 GLS VIAL+AMP,Bharat Serums & Vaccine Ltd,INDIA,Ceyoka (Pvt) Ltd
"ALUMINA,MAGNESIA AND SIMETHICONE ORAL SUSPENSION USP (ALUMINIUM HYDROXIDE 918MG+MAGNESIUM HYDROXIDE 300MG+SIMETHICONE 60MG IN 15ML)",BELCID,ORAL SUSPENSION,240ML,WHITE OPAQUE PET BOT,Biolabs Co  Ltd,THAILAND,George Steuart Health Pvt Ltd
FLUTICASONE PROPIONATE AQUEOUS NASAL SPRAY 50MCG,FLOMIST,NASAL SPRAY,1'S(10ML)1X10'S(10ML,WHTE OPAQUE HDPE 100,CIPLA LIMITED,INDIA,Breathe Free Lanka (Pvt) Ltd
BUDESONIDE 200MCG & FORMOTEROL FUMARATE DIHYDRATE 6 MCG DRY POWDER INHALATION CAPSULES,BUDEMET 200 + 6 CONVICAP,DRY POWDER INHALATION CAPSULES,5X6'S,ALU ALU BLISTER,Incepta Pharmaceuticals Ltd,BANGLADESH,Citihealth Imports (Pvt) Ltd
DIMENHYDRINATE TABLETS BP 50MG,GRAVINATE,TABLETS,10X10'S,ALU PVC BLISTER,The Searle Company Ltd,PAKISTAN,Emerchemie NB (Ceylon) Ltd
LAMOTRIGINE TABLETS USP 100MG,LAMNET 100MG,TABLETS,3X10'S,PVC ALU BLISTER,The Searle Company Ltd,PAKISTAN,Emerchemie NB (Ceylon) Ltd
LAMOTRIGINE TABLETS USP 50MG,LAMNET 50MG,TABLETS,3X10'S,PVC ALU BLISTER,The Searle Company Ltd,PAKISTAN,Emerchemie NB (Ceylon) Ltd
LAMOTRIGINE TABLETS USP 25MG,LAMNET 25MG,TABLETS,3X10'S,PVC ALU  BLISTER,The Searle Company Ltd,PAKISTAN,Emerchemie NB (Ceylon) Ltd
CELECOXIB CAPSULES 200MG,ZYCEL 200,HARD GELATIN CAPSULE,10X10'S,ALU PVC BLISTER,ZYDUS LIFESCIENCES LIMITED,INDIA,Sunshine Healthcare lanka Ltd
TRAMADOL CAPSULES BP  50MG,TRAMAZAC,HARD GELATIN CAPSULE,10X10'S,ALU PVC BLISTER,ZYDUS LIFESCIENCES LIMITED,INDIA,Sunshine Healthcare lanka Ltd
NEPAFENAC OPTHALMIC SUSPENSION 0.1%,NEPALACT,OPHTHALMIC  SUSPENSION,5ML,PLASTIC DROPPER BOTL,Sun Pharmaceutical Medicare Ltd,INDIA,Hemas Pharmaceuticals (Pvt) Ltd
DOXYCYCLINE CAPSULES B.P 100MG,AGIDOX 100,CAPSULES,"10X10'S BLS,100'S JA","BLISTER, JAR",Agio Pharmaceuticals Ltd,INDIA,Citihealth Imports (Pvt) Ltd
PROLONGED RELEASE DICLOFENAC CAPSULES BP 100MG,DIVON  CR,PROLONGED RELEASE CAPSULES,"10X10'S,1000'S","ALU PVC BLIS,HDPE",Micro Labs Limited,INDIA,Kamazu (Pvt) Ltd
ALUMINIUM HYDROXIDE CHEWABLE TABLETS BP 500MG,***,CHEWABLE TABLETS,"10X10'S, 1000'S","BLISTER PACK,HDPE",BDH Industries Ltd.,INDIA,Kamazu (Pvt) Ltd
URSODEOXYCHOLIC ACID TABLETS IP 300MG,UDILIV,TABLETS,5X3X15'S,BLISTER PACK,Abbott India Ltd,INDIA,Sunshine Healthcare lanka Ltd
RIVASTIGMINE CAPSULES 3MG,RIVADEM 3,CAPSULES,5X10'S,ALU-ALU STRIP,Torrent Pharmaceuticals Ltd,INDIA,Hemas Pharmaceuticals (Pvt) Ltd
SALMETEROL & FLUTICASONE PROPIONATE INHALATION IP 25MCG/125MCG,SALTROL,PRESSURIZED INHALATION,120M/1'S,ALUMINIUM CANISTER,Getz Pharma (Pvt) Ltd,PAKISTAN,Hemas Pharmaceuticals (Pvt) Ltd
CHLORPHENIRAMINE MALEATE TABLETS USP 4MG,PHENETON 4,TABLETS,1000'S,HDPE JAR,Magbro Healthcare,INDIA,ABC Pharma Services Pvt. Ltd
ATROPINE INJECTION BP 0.6MG/ML,TROPINE,INJECTION,2X5 AMPOULES/PACK,FLINT GLASS AMPOULE,Neon Laboratories Ltd,INDIA,Yaden International (Pvt) Ltd
MONTELUKAST  TABLETS  10MG,VENTEK 10,TABLETS,2X7'S,ALU-ALU BLISTER,The Searle Company Ltd,PAKISTAN,Morison Limited
CEPHALEXIN CAPSULES USP 250MG,AXCEL,HARD GELATINE CAPSULES,10X10'S,ALU-PVC BLISTER,Kotra Pharma (M) SDN BHD,MALAYSIA,Sunshine Healthcare lanka Ltd
ISOPHANE INSULIN HUMAN (rDNA) SUSPENSION FOR INJECTION 100IU/ML,INSULATARD,SUSPENSION FOR INJECTION,10ML VIAL/PACK,TYPE 1 GLASS VIAL,NOVO NORDISK PRODUCTION SAS,FRANCE,Sunshine Healthcare lanka Ltd
INSULIN HUMAN (RDNA) SOLUTION FOR INJECTION 100IU/1ML,ACTRAPID,SOLUTION FOR INJECTION,10ML VIAL/PACK,TYPE I GLASS VIAL,NOVO NORDISK PRODUCTION SAS,FRANCE,Sunshine Healthcare lanka Ltd
ATORVASTATIN CALCIUM TABLETS IP 20MG,ATOCEN 20,TABLETS,"10X10'S, 100'S",ALU-ALU BLISTER PACK,Centurion Laboratories Pvt Ltd,INDIA,Yaden International (Pvt) Ltd
VITAMIN B COMPLEX SYRUP,HYKOPHOS,SYRUP,"100ML, 200ML",AMBER PET BOTTLE,Leben Laboratories (Pvt) Ltd,INDIA,Ceyoka (Pvt) Ltd
BETAMETHASONE VALERATE CREAM B.P 0.1% W/W,BETALEB CREAM,CREAM,5G & 15G,ALU COLLAPSIBLE TUBE,Leben Laboratories (Pvt) Ltd,INDIA,Ceyoka (Pvt) Ltd
DICLOFENAC GEL B.P 1% W/W,TOPLINE GEL,GEL,30G,LAMINATED TUBE,Central drugs and Pharmaceutical,INDIA,Pharma Associates
MEMANTINE HYDROCHLORIDE TABLETS USP 10MG,ADMENTA 10,TABLETS,3X10'S,ALU-PVC/PVDC BLISTER,"SUN PHARMA LABORATORIES LIMITED, INDIA FOR SUN PHARMACEUTICAL INDUSTRIES LIMITED, INDIA",INDIA,Emerchemie NB (Ceylon) Ltd
SODIUM BICARBONATE TABLETS USP 600MG,RENADIUM,TABLET,10X10'S,ALU/PVC BLISTER,Pondchy Pharmaceuticals,INDIA,NEON PHARMACEUTICALS
SODIUM FLUORIDE AND ACIDULATED PHOSPHATE TOPICAL SOLUTION USP,FLUORITOP,TOPICAL SOLUTION,160ML,PET BOTTLE,ICPA Health Products Ltd,INDIA,George Steuart Health Pvt Ltd
ETORICOXIB TABLETS 90MG,XIBRA 90,TABLETS,2X15'S,ALU-ALU BLISTER,Aristopharma Ltd,BANGLADESH,Hemas Pharmaceuticals (Pvt) Ltd
CHLORPHENAMINE INJECTION BP 10MG/ML,***,SOLUTION FOR INJECTION,1MLX10 AMPOULES,AMB. AMPO. USP TYP 1,Ciron Drugs & PharmaceuticalS (Pvt) Ltd,INDIA,Ceyoka (Pvt) Ltd
POLYMYXIN B FOR INJECTION USP 500000IU,POLYFIC,LYOPHILIZED POWDER FOR INFUSION,5ML,AMBER COL GLASS VIAL,Gufic Biosciences Pvt Ltd,INDIA,Slim Pharmaceuticals (Pvt) Ltd
TACROLIMUS CAPSULES USP 0.5MG,REGRAF 0.5,CAPSULES,"3X10'S, 6X10'S, 10'S",ALU-ALU STRIP PACK,MMC Healthcare Ltd,INDIA,Markss HLC (Pvt) Ltd
RECOMBINANT INTERFERON BETA 1A INJECTION 30MCG,RELIBETA 30MCG,SOLUTION FOR INJECTION,30MCG/0.5ML/PACK,PRE-FILLED SYRINGE,Reliance Life Sciences (Pvt) Ltd,INDIA,ABC Pharma Services Pvt. Ltd
METFORMIN TABLETS BP 850MG,MEFOMIN 850,TABLETS,3X10'S,BLISTER,Macleods Pharmaceuticals Ltd,INDIA,Emerchemie NB (Ceylon) Ltd
EMPAGLIFLOZIN TABLETS 10MG,EMZIN 10,TABLETS,"3X10'S ,1X10'S",ALU-ALU BLISTER,The Acme Laboratories Ltd,BANGLADESH,Mega Pharma (Pvt) Ltd
ATORVASTATIN TABLETS IP 10MG,ATORVA 10,TABLETS,10X10'S,ALU-ALU BLISTER PACK,ZYDUS LIFESCIENCES LIMITED,INDIA,Sunshine Healthcare lanka Ltd
GABAPENTIN CAPSULES USP 100MG,GABIX,CAPSULES,1X10'S,ALU-PVDC BLISTER,Getz Pharma (Pvt) Ltd,PAKISTAN,Hemas Pharmaceuticals (Pvt) Ltd
ROSUVASTATIN TABLETS USP 5MG,ROSCA,TABLETS,1X10'S & 5X10'S,ALU-ALU BLISTER,Genix Pharma (Pvt ) Ltd,PAKISTAN,Ceyoka (Pvt) Ltd
LEVONORGESTREL 52MG INTRAUTERINE SYSTEM 20MCG/24th,MIRENA,INTRAUTERINE DELIVERY SYSTEM,1 UNIT,PE/PTEG 500,Bayer OY Pansiontie,FINLAND,Hemas Pharmaceuticals (Pvt) Ltd
METOPROLOL SUCCINATE EXTENDED RELEASE TABLETS USP 50MG,PROLOMET XL 50,TABLETS,5X10'S,ALU-STRIP PACK,Sun Pharmaceutical industries,INDIA,Hemas Pharmaceuticals (Pvt) Ltd
ZINC OXIDE OINTMENT 40%  W/W,DE-RASH OINTMENT,OINTMENT,25G,LAMINATED BLUE,Square Pharmaceuticals Ltd,BANGLADESH,CIC Holdings PLC
MOXONIDINE TABLETS 0.2MG,PHYSIOTENS 0.2,TABLET,28'S,PVC PVDC ALU STRIP,Mylan Laboratories S.A.S,FRANCE,CIC Holdings PLC
ACECLOFENAC TABLETS 100MG,ACEDOL,TABLET,10X10'S,ALU ALU BLISTER,Torrent Pharmaceuticals Ltd,INDIA,Hemas Pharmaceuticals (Pvt) Ltd
AMOXICILLIN CAPSULES  B.P 500MG,RANOXYL 500,HARD GELATINE CAPSULES,"2X10'S, 24X2X10'S",PVC/PVDC BLISTER,Sun Pharmaceutical industries,INDIA,Hemas Pharmaceuticals (Pvt) Ltd
AMIODARONE TABLETS BP 200MG,AMIODAR-200,TABLET,"10'S,3X10'S,1X10'S",ALU-PVC BLISTER,Micro Labs Limited,INDIA,Micro Mega Lanka (Pvt) Ltd
AZITHROMYCIN FOR ORAL SUSPENSION USP 200MG/5ML,AZIROX,POWDER FOR INJECTION,"15ML,20ML,30ML",AMBER COL. GLASS BOT,Navana Pharmaceuticals Ltd,BANGLADESH,Darley Butler  & Co Ltd
AMLODIPINE BESYLATE TABLETS USP 10MG,AMLOCIAN 10,TABLETS,10X10'S,ALU-ALU BLISTER,Cian Healthcare (Pvt) Ltd,INDIA,Cliniqon Biotech Pvt. Ltd
TACROLIMUS CAPSULES 5MG,PANGRAF 5,CAPSULES,1X10'S,BLISTER STRIP,Panacea Biotec  Ltd,INDIA,Markss HLC (Pvt) Ltd
VILDAGLIPTIN TABLETS 50MG,VIPTIN,TABLET,3X10'S,ALU-ALU BLISTER,General Pharmaceuticals Ltd,BANGLADESH,George Steuart Health Pvt Ltd
SODIUM ALGINATE 250MG + SODIUM BICARBONATE 106.5MG + CALCIUM CARBONATE 187.5MG ORAL SUSPENSION /5ML,GAVISCON DOUBLE ACTION LIQUID,ORAL SUSPENSION,300ML,AMBER COL. GLASS BOT,Reckitt Benckser Healthcare,UNITED KINGDOM,Reckitt Benckiser (Lanka) Ltd
AZITHROMYCIN  TABLETS USP 500MG,ZITO 500,TABLETS,"1X10'S,3X10'S,5X10'S",ALU-PVDC BLISTER,Zim Laboratories Ltd,INDIA,Tabrane Pharmaceuticals (Pvt) Ltd
CELECOXIB CAPSULES BP 200MG,***,HARD GELATIN CAPSULE,10X10'S,PVC-PVDC/ALU FOIL BL,Unichem Laboratories,INDIA,A Baur & Co  (Pvt) Ltd
FLUCONAZOLE CAPSULES 150MG USP,OMASTIN 150,CAPSULES,2X10'S/PACK/10X10'S/,ALU ALU BLISTER,Beximco Pharmaceuticals Ltd,BANGLADESH,Emerchemie NB (Ceylon) Ltd
POVIDONE IODINE TOPICAL SOLUTION USP 10% W/V,PRESIDINE,TOPICAL SOLUTION,"100ML,500ML,5L,10L",AMBER GLAS&HDPE BOTT,Medicom (Pvt) Ltd,SRI LANKA,N/A
POVIDONE IODINE TOPICAL SOLUTION USP 10% W/V,PRESIDINE,TOPICAL SOLUTION,"100ML,500ML,5L,10L","AMB BOTTLE,HDPE BOTT",Medicom (Pvt) Ltd,SRI LANKA,***
CLINDAMYCIN INJECTION  150MG/ML,DALACIN C,SOLUTION FOR INJECTION,2ML & 4ML,GLASS AMPOULE,Pfizer Manufacturing Belgium NV Belgium & Pfizer Health AB Sweden,BELGIUM,Hemas Pharmaceuticals (Pvt) Ltd
MICONAZOLE OROMUCOSAL GEL BP 2%W/W,GELORA ORAL GEL,OROMUCOSAL GEL,15G,LAMINATED TUBE,Square Pharmaceuticals Ltd,BANGLADESH,CIC Holdings PLC
VILDAGLIPTIN TABLETS 50MG,VIGLITA 50,TABLETS,2X10'S,ALU ALU BLISTER,Square Pharmaceuticals Ltd,BANGLADESH,CIC Holdings PLC
"ISOPHANE INSULIN , HUMAN (rDNA)) INJECTION 100IU/1ML",INSULATARD PENFILL,INJECTION,5X3ML,PH EUR TYPE 1  CART,NOVO NORDISK PRODUCAO FARMACEUTICA DO BRASIL LTDA FOR NOVA NORDISK A/S,BRAZIL,Sunshine Healthcare lanka Ltd
INSULIN SOLUBLE HUMAN (RDNA) 100U/ML,ACTRAPID PENFILL,INJECTION,5X3ML,PH EUR TY 1 GLS CART,NOVO NORDISK PRODUCAO FARMACEUTICA DO BRASIL LTDA FOR NOVA NORDISK A/S,BRAZIL,Sunshine Healthcare lanka Ltd
ETORICOXIB TABLETS 90MG,ENCOXIB 90,TABLETS,3X10'S,ALU ALU BLISTER,Sai Mirra Innopharm (Pvt) Ltd,INDIA,Sunshine Healthcare lanka Ltd
OMEPRAZOLE FOR INJECTION 40MG/VIAL,***,POWDER FOR INJECTION,10X10'S(10ML VIAL),USP TY III FLINT VIA,Ciron Drugs & PharmaceuticalS (Pvt) Ltd,INDIA,Ceyoka (Pvt) Ltd
POLYETHYLENE GLYCOL 0.4%  AND  PROPYLENE GLYCOL 0.3%  OPTHALMIC SOLUTION,SYSTANE ULTRA LUBRICANT EYE DROPS,EYE DROPS,1'S (10ML),LDPE DROPPER BOTTLE,"ALCON RESERCH LLC,",UNITED STATES OF AMERICA,A Baur & Co  (Pvt) Ltd
MYCOPHENOLATE MOFETIL CAPSULES 250MG,CELLCEPT,CAPSULES,10X10'S,BLISTER,Delpharm Milano S r l,SWITZERLAND,A Baur & Co  (Pvt) Ltd
SULFASALAZINE DELAYED RELEASE 500MG TABLETS  USP,LAZO,TABLETS,10X10'S,ALU PVC/PVDC BLISTER,The Madras Pharmaceuticals,INDIA,Pharma Associates
DULOXETINE CAPSULES USP 30MG,ZENBAR,CAPSULES,2X7'S & 10'S,ALU PVC BLISTER,The Searle Company Ltd,PAKISTAN,Emerchemie NB (Ceylon) Ltd
MYCOPHENOLATE MOFETIL TABLETS USP  500MG,MONIET 500,TABLETS,"1X10'S,6X10'S,10X10'",ALU-ALU BLISTER,Emcure Pharmaceuticals Ltd,INDIA,Emerchemie NB (Ceylon) Ltd
ALBENDAZOLE TABLETS 400MG,ALBENTOCH,TABLETS,1'S,ALU PVC BLISTER,McCoy Pharma Pvt Ltd,INDIA,Pharmatec (Pvt) Ltd
CEFIXIME TABLETS USP 200MG,THEOFIX 200,TABLETS,"3X10'S,10X10'S",ALU-ALU BLISTER,Theon Pharmaceuticals Ltd,INDIA,Slim Pharmaceuticals (Pvt) Ltd
PREMETHRIN CREAM 5%W/W,MITONIL CREAM,CREAM,30G,ALUMINIUM TUBE,Saffron Pharmaceutical (Pvt) Ltd,PAKISTAN,Truvic Private Ltd
CILOSTAZOL TABLETS USP 100MG,CILOZOL 100,TABLETS,3X10'S,ALU ALU BLISTER,Micro Labs Limited,INDIA,Micro Healthcare (Pvt) Ltd
CILOSTAZOL TABLETS USP 50MG,CILOZOL 50,TABLETS,3X10'S,ALU ALU BLISTER,Micro Labs Limited,INDIA,Micro Healthcare (Pvt) Ltd
SALBUTAMOL SULPHATE DRY POWDER INHALATION CAPSULES BP 400MCG,SALHALE 400,DRY POWDER INHALATION CAPSULES,10X10'S & 3X10'S,ALU/PVC/PVDC BLISTER,Emergen Life Sciences (Pvt) Ltd,SRI LANKA,Emergen Life Sciences (Pvt) Ltd
PARACETAMOL TABLETS BP 500MG,RAPISOL,TABLETS,"10X10'S, 14X10'S",ALU PVC BLISTER,Astron Limited,SRI LANKA,N/A
BENZYLPENICILLIN FOR INJECTION BP 1 MIU (600MG),PENZID 1 MIU,POWDER FOR INJECTION,"1 VIAL/P,20 VIAL/PAC",GLASS VIAL,Navesta Pharmaceuticals (Pvt) Ltd,SRI LANKA,Navesta Pharmaceuticals (Pvt) Ltd
PACLITAXEL INJECTION USP 6MG/ML(100MG/16.7ML)+SODIUM CHLORIDE INJECTION BP 0.9% W/V,PAELITAX,SOLUTION FOR INFUSION,"30/5,100/16.7,",USP TYI GL VL&BOT+IV,Jodas Expoim Pvt Ltd,INDIA,Softcare International (Pvt) Ltd
CEFUROXIME AXETIL TABLET USP 250MG,AXETINE 250MG,FILM COA TABLETS,10'S,ALU ALU BLISTER,"MEDOCHEMIE LTD, FACTORY C FOR MEDOCHEMIE LTD",CYPRUS,George Steuart Health Pvt Ltd
ESOMEPRAZOLE  CAPSULES 20MG,ESMOSULZ 20,CAPSULES,"10X1'S,10X1X10'S",ALU ALU BLISTER,Baader Schulz Laboratories (pvt) lLtd,INDIA,Radiant Health Care (Pvt) Ltd
IRINOTECAN HYDROCHLORIDE INJECTION USP 20MG/ML (40MG / 2ML),IRONOMAX,SOLUTION FOR INJECTION,2ML,AMBER COLOUR GLASS V,Jodas Expoim Pvt Ltd,INDIA,Softcare International (Pvt) Ltd
ABIRATERONE ACETATE TABLETS USP 250MG,***,TABLETS,30'S,PLASTIC BOTTLE,Centurion Laboratories Pvt Ltd,INDIA,Yaden International (Pvt) Ltd
HALOPERIDOL TABLETS BP 5MG,SERENACE,TABLETS,"20'S , 100'S",CLEAR GLASS BOTTLE,The Searle Company Ltd,PAKISTAN,Emerchemie NB (Ceylon) Ltd
DEXAMETHASONE TABLETS BP 0.5MG,***,TABLETS,1000 TABLETS,HDPE JAR PACK,Medico Remedies  Ltd,INDIA,ABC Pharma Services Pvt. Ltd
AMPHOTERICIN B FOR INJECTION USP 50MG,AMPHO B 50MG,POWDER FOR INJECTION,1'S,USP TYPE I GLAS VIAL,VHB Medi Sciences Ltd,INDIA,Yaden International (Pvt) Ltd
GLICLAZIDE TABLETS  BP 80MG,DIABEND,TABLET,10X10'S,ALU PVC BLISTER,Bal Pharma Ltd,INDIA,Yaden International (Pvt) Ltd
LANSOPRAZOLE CAP. 30GM+TINIDAZOLE TABLETS. 500MG+CLARITHROMYCIN TABLETS 250MG,EUROPYL-KIT,TABLETS & CAPSULES,7X1 KIT,ALUMINIUM STRIP,Sterling Lab,INDIA,Darley Butler  & Co Ltd
NEBIVOLOL FILM COATED TABLES 2.5MG,NEBIX 2.5,TABLETS,1X14'S,ALU ALU BLISTER,Highnoon Laboratories Ltd,PAKISTAN,Truvic Private Ltd
CARBOPLATIN INJECTION BP (10MG/1ML) 150MG/15ML,CARBOLET,SOLUTION FOR INJECTION,15ML VIAL,USP TY1 AMB.TUB.GL.V,Jodas Expoim Pvt Ltd,INDIA,Softcare International (Pvt) Ltd
SALMETEROL 25MCG & FLUTICASONE 125MCG METERED DOSE INHALATION,SERETIDE,METERED DOSE INHALATION,120 MTD,"INHALATION CANIS,ACT",Glaxo Wellcome Production,FRANCE,A Baur & Co  (Pvt) Ltd
HUMAN PAPILLOMAVIRUS VACCINE TYPE 16 & 18,CERVARIX,SUSPENSION FOR INJECTION,1DOSE-0.5ML,PFSY(1DOSE-0.5ML),Glaxo Smithkiline Biologicals S A,BELGIUM,A Baur & Co  (Pvt) Ltd
ESOMEPRAZOLE ENTERIC COATED TABLETS 20MG,MEDIPRAZOLE 20,TABLET,"30'S, 100'S",ALU ALU BLISTER,EMIL PHARMACEUTICAL INDUSTRIES (PVT) LTD,INDIA,Emerchemie NB (Ceylon) Ltd
LORAZEPAM TABLETS USP  1MG,LORZIVER,TABLETS,10X10'S,ALU PVC BLISTER,Verve Human Care Laboratories,INDIA,Leader Pharma Agency (Pvt) Ltd
CHLORAMPHENICOL EAR DROPS BP 5%W/V,CHLOROWIN,EAR DROPS,5ML,PLASTIC DROPPER BOTT,Belco Pharma (Pvt) Ltd,INDIA,Pharmatec (Pvt) Ltd
NEOSTIGMINE  INJECTION BP 2.5MG /ML,***,INJECTION,1ML AMP X 50/PACK,AMBER GLASS AMPOULE,Belco Pharma (Pvt) Ltd,INDIA,Pharmatec (Pvt) Ltd
MEMANTINE HYDROCHLORIDE TABLETS USP 10MG,MENDIN 10,TABLET,5X10'S,ALU ALU BLISTER,Pharmafabrikon,INDIA,Novachem Lanka (Pvt) Ltd
MORPHINE SULPHATE INJECTION BP 15MG/ML,***,INJECTION,1ML AMPX10/PACK,AMBER GLASS AMPOULE,Belco Pharma (Pvt) Ltd,INDIA,Pharmatec (Pvt) Ltd
AZITHROMYCIN FOR INFUSION BP 500MG,ZYMCIN,LYOPHILIZED POW INJECTION,500MG/VIAL,USP TY 1,Gufic Biosciences Pvt Ltd,INDIA,Slim Pharmaceuticals (Pvt) Ltd
"CHLORPHENIRAMINE MALEATE BP 2.5MG, AMMONIUM CHLORIDE BP 125MG & SODIUM CITRATE BP 55MG/5ML SYRUP",ELCUF,SYRUP,"100ML, 500ML",AMBER COL. PET BOTT,Leben Laboratories (Pvt) Ltd,INDIA,Ceyoka (Pvt) Ltd
HYDROCORTISONE 1% W/W & CLOTRIMAZOLE 1% W/W CREAM,DROCORT-C CREAM,CREAM,15G,ALU COLLAPSIBLE TUBE,Agio Pharmaceuticals Ltd,INDIA,Citihealth Imports (Pvt) Ltd
DICLOFENAC GEL B.P 1% W/W,DICLOLAB,GEL,30G,COLLAPSIBLE TUBE,Laborate Pharmaceuticals,INDIA,Pharma Associates
"CALCIUM, MAGNESIUM ,,ZINC  & VITAMIN D3 LIQUID",OSTEOCARE,ORAL LIQUID,200ML,AMBER PLASTIC BOTTLE,Meyer Organics (Pvt) Ltd,INDIA,SMM Halcyon (Pvt) Ltd
PREGABALIN CAPSULES 150MG,NOVA 150,CAPSULES,3X10'S,ALU PVC PE PVDC BLIS,Cipla Ltd,INDIA,Breathe Free Lanka (Pvt) Ltd
SODIUM CHLORIDE NASAL DROPS 0.9%W/V,NORSALINE P,NASAL DROPS,30ML,LDPE BOTTLE,ATCO Laboratories (Pvt) Ltd,PAKISTAN,Morison PLC
VITAMIN B COMPLEX SYRUP,SANVITA -B SYRUP,SYRUP,120ml,Glass Bottle,P T Sanbe Farma,INDONESIA,Softlogic Pharmaceuticals (Pvt( Ltd
CLINDAMYCIN PHOSPHATE GEL USP 1.0%W/W,ACLIN GEL,GEL,15G,LAMI TUBE,East African (India) Overses,INDIA,Mega Pharma (Pvt) Ltd
CALCIUM CARBONATE 400MG+MAGNESIUM HYDROXIDE 120MG+MAGNESIUM TRISILICATE 50MG + SIMETHICONE 30% EMULSION/5ML ORAL SUSPENSION,GASTRACID LIQUID,ORAL SUSPENSION,200ML,AMBER PET BOTTLE,Meyer Organics (Pvt) Ltd,INDIA,SMM Halcyon (Pvt) Ltd
BIPHASIC ISOPHANE INSULIN 30/70 HUMAN INJECTION 100IU/1ML (30% as soluble insulin & 70% as  Isophane Insulin),MIXTARD 30 PENFILL,SUSPENSION FOR INJECTION,5x3ML CARTRIDGE/PACK,TYPE 1 GLASS CARTRI.,NOVO NORDISK PRODUCAO FARMACEUTICA DO BRASIL LTDA FOR NOVA NORDISK A/S,DENMARK,Sunshine Healthcare lanka Ltd
ETORICOXIB TABLETS 60MG,NUCOXIA 60,TABLET,10X10'S,ALU PVC/PVDC BLISTER,ZYDUS LIFESCIENCES LIMITED,INDIA,Sunshine Healthcare lanka Ltd
LEVETIRACETAM INJECTION USP 100MG/ML,LEVIPIL INJECTION,INFUSION,TUBULAR COLOURLESS G,5ML/1X1'S,SUN PHARMACEUTICAL MEDICARE LIMITED - INDIA  FOR SUN PHARMACEUTICAL INDUSTRIES LTD - INDIA,INDIA,Emerchemie NB (Ceylon) Ltd
REBEPRAZOLE SODIUM DELAYED RELEASE TABLETS 20MG,HAPPI 20,TABLET,10X10'S,ALU ALU STRIP,ZYDUS LIFESCIENCES LIMITED,INDIA,Hemas Pharmaceuticals (Pvt) Ltd
IBUPROFEN GEL BP 10%  W/W,RUMAFEN GEL,GEL,30G,ALU COLLAPSIBLE TUBE,ATCO Laboratories (Pvt) Ltd,PAKISTAN,Morison Limited
TRANEXAMIC ACID CAPSULES 500MG,TRANEX 500,CAPSULES,5X4'S,ALU PVC BLISTER,ATCO Laboratories (Pvt) Ltd,PAKISTAN,Morison Limited
TRANEXAMIC ACID CAPSULES 500MG,TRANSMIN,HARD GELATIN CAPSULE,20'S,BLISTER ALU PVC,Hilton  Pharma (Pvt) Ltd,PAKISTAN,Sunshine Healthcare lanka Ltd
CLARITHROMYCIN TABLETS USP 250MG,LARITH 250,TABLET,1X10'S & 5X10'S,ALU ALU BLISTER,Genix Pharma (Pvt ) Ltd,PAKISTAN,Ceyoka (Pvt) Ltd
LEVETIRACETAM TABLETS USP 500MG,LEVIPIL 500,TABLET,5X10'S,BLISTER PACK,"SUN PHARMA LABORATORIES LIMITED, INDIA FOR SUN PHARMACEUTICAL INDUSTRIES LIMITED, INDIA",INDIA,Emerchemie NB (Ceylon) Ltd
OXYMETAZOLINE HYDROCHLORIDE NASAL DROPS USP  0.05% W/V,SINAREST NASAL DROP,NASAL DROPS,10ML,LDPE BOTTLE,Centaur Pharmaceutical (Pvt) Ltd,INDIA,George Steuart Health Pvt Ltd
DEXAMETHASONE ORAL SOLUTION 0.5MG/5ML,DEXAMED ELIXIR 0.5MG/5ML,ORAL SOLUTION,100ML,BROWN GLASS BOTTLE,MEDOCHEMIE LTD (COGOLS FACILITY),CYPRUS,George Steuart Health Pvt Ltd
CLARITHROMYCIN FOR ORAL SUSPENSION USP 125MG/5ML,LARITH,ORAL SOLUTION,60ML,HDPE BOTTLE,Genix Pharma (Pvt ) Ltd,PAKISTAN,Ceyoka (Pvt) Ltd
SIMVASTATIN  TABLETS USP 20MG,SIMVAS 20,TABLET,10X10'S,ALU ALU BLISTER,Micro Labs Limited,INDIA,Micro Mega Lanka (Pvt) Ltd
SODIUM CHLORIDE 0.18% + GLUCOSE 4% INTRAVENOUS INFUSION BP,N/A,INTRAVENOUS INFUSION,500 ML,LDPE CONTAINER,B Braun Medical Industries,MALAYSIA,B Braun Lanka (Pvt) Ltd
ARIPIPRAZOLE TABLETS USP 15MG,ARIP MT 10,TABLET,3X10'S,ALU ALU BLISTER,Torrent Pharmaceuticals Ltd,INDIA,Edna Medicals (Pvt) Ltd
ACECLOFENAC TABLETS 100MG,CECLOFEN 100,TABLET,3X10'S,BLISTER PACK,Renata Limited,BANGLADESH,Emerchemie NB (Ceylon) Ltd
EFAVIRENZ TABLETS USP 600MG,ESTIVA 600,TABLETS,30'S,HDPE CONTAINER,Hetero Labs Ltd,INDIA,Mansel (Ceylon) (Pvt) Ltd
EMPAGLIFLOZIN TABLETS 25MG,EMZIM 25,TABLETS,"100'S,3X10'S,1X10'S",BLISTER,The ACME Laboratories Ltd,BANGLADESH,Mega Pharma (Pvt) Ltd
TELMISARTAN TABLETS USP 40MG,TEL OD 40,TABLETS,10X10'S,ALU ALU BLISTER,ZYDUS LIFESCIENCES LIMITED,INDIA,Sunshine Healthcare lanka Ltd
CLOTRIMAZOLE CREAM USP 1% W/W,CREOBIC,CREAM,10G,ALUMINIUM TUBE,Kotra pharma (M) Ltd,MALAYSIA,Sunshine Healthcare lanka Ltd
LEUCOVORIN CALCIUM INJECTION USP 50MG/5ML,LEUCOWEL,INJECTION,5ML GLASS VIAL,CLEAR GLASS VIAL,Getwell Pharmaceuticals,INDIA,The Esses Pharmacy (Pvt) Ltd
DEXAMETHASONE TABLETS BP 8MG,***,TABLETS,100 TABLETS/PACK,PLASTIC BOTTLE,Bafna Pharmaceuticals Ltd,INDIA,Pharma Associates (Pvt) Ltd
AMOXICILLIN POWDER FOR ORAL SUSPENSION 125MG/5ML,AMOXIL,POWDER FOR SUSPENSION,100ML,GLASS BOTTLE,Glaxo Wellcome Production,FRANCE,A Baur & Co  (Pvt) Ltd
MESALAZINE PROLONGED RELEASE TABLETS 500MG,PENTASA 500MG,TABLET,100'S(10X10'S),ALU/ALU BLISTER,Ferring International center SA,SWITZERLAND,Sunshine Healthcare lanka Ltd
BETAMETHASONE VALERATE OINTMENT USP 0.1%,BETAVIN,OINTMENT,15G,ALU COLLAPSIBLE TUBE,Yash Medicare (Pvt) Ltd,INDIA,Himan Group (Pvt) Ltd
"MEASLES,MUMPS & RUBELLA VACCINE LIVE ATTENUATED FREEZE DRIED  VACCINE-MMR  10 DOSES",***,POWDER FOR INJECTION,"50X10 DOS, 50X5ML","AMBER VIAL,DILUENT",Serum Institute of India (Pvt) Ltd,INDIA,Citihealth Imports (Pvt) Ltd
LORATADINE TABLETS USP 10MG,LORFAST,TABLET,2X50'S,ALU CLEAR PVC BLISTE,Cadila pharmaceuticals Ltd,INDIA,Sunshine Healthcare lanka Ltd
PENICILLIN G BENZATHINE FOR INJECTION  1.2MIU,BENZID 1.2,POWDER FOR INJECTION,20 & 1'S,USP TY III VIAL,Navesta Pharmaceuticals (Pvt) Ltd,SRI LANKA,***
CEFUROXIME AXETIL TABLETS 500MG,ZINNAT,TABLET,1X10'S,ALU ALU BLISTER,Glaxo Operations UK Ltd,UNITED KINGDOM,A Baur & Co  (Pvt) Ltd
METFORMIN TABLETS BP 500MG,GLUCOTRUST 500,TABLET,10X10'S,ALU PVC BLISTER,Centaur Pharmaceutical (Pvt) Ltd,INDIA,George Steuart Health Pvt Ltd
MEASLES MUMPS & RUBELLA VACCINE,PRIORIX,VACCINE (POWDER & SOLVENT FOR SOLUTION OF INJECTION),1'S,VIAL+PFS+2NEEDLE,Glaxo Smithkiline Biologicals S A,BELGIUM,A Baur & Co  (Pvt) Ltd
CHLOROXYLENOL LIQUID  4.8% APPLICATION,DETTOL,LIQUID,"60,100,110,200,210,",PLASTIC BOTT,CDDEF Manufacturers & Merchants fo Rekitt Benkiser,SRI LANKA,N/A
STERILE ISOPRENALINE CONCENTRATE BP 1MG/ML,***,SOLUTION FOR INJECTION,3'S (2ML),USP TYPE 1 AMBER AMP,Ciron Drugs & PharmaceuticalS (Pvt) Ltd,INDIA,Ceyoka (Pvt) Ltd
PROPRANOLOL TABLETS BP 40MG,ARTEFLO 40,TABLETS,"BLIS.10X20'S,JAR1000","Alu-PVC Blis,HDPE JA",Leben Laboratories (Pvt) Ltd,INDIA,Ceyoka (Pvt) Ltd
"FERROUS FUMARATE BP 152MG +FOLIC ACID 400MG BP,ZINC SULFATE BP 15MG,+ CYANOCOBALAMINE BP 1MCG CAPSULE",FERUP SG,SOFT GELATIN CAPSULES,4X30'S,AL PVDC BLISTER,ZYDUS LIFESCIENCES LIMITED,INDIA,Hemas Pharmaceuticals (Pvt) Ltd
GLUCOSE 10% w/v INTRAVENOUS INFUSION BP,***,INTRAVENOUS INFUSION,500ML,LDPE CONTAINER,B Braun Medical Industries,MALAYSIA,B Braun Lanka (Pvt) Ltd
TOPIRAMATE TABLETS USP  50MG,TOPIROL-50,TABLET,"30'S,60'S,3X10'S",HDPE BOTT& COLD BLIS,SUN PHARMACEUTICAL INDUSTRIES LTD,INDIA,Emerchemie NB (Ceylon) Ltd
CYTARABINE INJECTION BP 1G/10ML,CYTOWEL -1g,INJECTION,10ml,Glass Vial,Getwell Pharmaceuticals,INDIA,The Esses Pharmacy (Pvt) Ltd
PREGABALIN CAPSULES 150MG,MAXAGALIN 150,CAPSULES,3X10'S,ALU PVC BLISTER,SUN PHARMACEUTICAL INDUSTRIES LTD,INDIA,Emerchemie NB (Ceylon) Ltd
CHLORPHENIRAMINE MALEATE ORAL SOLUTION  2MG/5ML,***,ORAL SOLUTION,"500ML,60ML",AMB COL GLASS BOTTLE,Astron (Pvt) Ltd,SRI LANKA,N/A
TIMOLOL MALEATE OPHTHALMIC SOLUTION USP 5MG/ML,BETALOL,OPHTHALMIC SOLUTION,5ml,BOTTLE BOTTLE,Sante (Private) Limited,PAKISTAN,Emerchemie NB (Ceylon) Ltd
OSELTAMIVIR CAPSULES 75MG,TAMIFLU,CAPSULES,10CAPSULES/PACK,PVC PE PVC LISTER,Delpharm Milano S r l,SWITZERLAND,A Baur & Co  (Pvt) Ltd
RECOMBINANT HUMAN ERYTHROPOIETIN INJECTION 40000 IU/ML,EPSINO,INJECTION,1ML PFS,PFS,Kexing Biopharm Co Ltd,CHINA,Slim Pharmaceuticals (Pvt) Ltd
CEFUROXIME AXETIL TABLETS USP 250MG,KILBAC 250,TABLETS,5X4'S,ALU ALU BLISTER,Incepta Pharmaceuticals Ltd,BANGLADESH,Citihealth Imports (Pvt) Ltd
LOSARTAN POTASSIUM TABLETS USP 50MG,LARA 50,TABLET,"10X10'S, 10'S",ALU ALU BLISTER,Alkem Laboratories Ltd,INDIA,Emerchemie NB (Ceylon) Ltd
HYDROCHLOROTHIAZIDE TABLETS B.P 50MG,***,TABLET,1000'S,HDPE CONTAINER,Morison Limited,SRI LANKA,***
CELECOXIB CAPSULES 100MG,ZYCEL 100,HARD GELATINE CAPSULES,10X10'S,ALU PVDC BLISTER,ZYDUS LIFESCIENCES LIMITED,INDIA,Sunshine Healthcare lanka Ltd
METFORMIN HYDROCHLORIDE EXTE. RELE TABLETS USP 500MG,BIGSENS-XR 500,TABLETS,10X10'S,ALU PVC BLISTER,ZYDUS LIFESCIENCES LIMITED,INDIA,Sunshine Healthcare lanka Ltd
ALGINIC ACID 200MG+ MG HYDROXIDE 250MG+ DRIED AL HYDROXIDE 250MG + MG TRICILLICATE 250MG + DIMETHICONE 125MG/15ML SUSPENSION,MEGACID,SUSPENSION,200ML,AMBER COLOUED GLASS,Sai Mirra Innopharm (Pvt) Ltd,INDIA,Sunshine Healthcare lanka Ltd
FEXOFENADINE HYDROHLORIDE TABLETS USP 180MG,VIFAS,TABLET,3X10'S,ALU PVDC BLISTER,Healthcare Pharmaceuticals,BANGLADESH,Citihealth Imports (Pvt) Ltd
TELMISARTAN TABLETS IP 20MG,TELMISAR 20,TABLETS,3x10'S,ALU ALU STRIP PACK,Unichem Laboratories,INDIA,A Baur & Co  (Pvt) Ltd
ROSUVASTATIN TABLETS USP 5MG,TURBOVAS 5,TABLETS,"1X10'S,10X10'S",ALU-ALU BLISTER,Micro Labs Ltd,INDIA,Micro Mega Lanka (Pvt) Ltd
INSULIN ASPART BIPHASIC (rDNA) INJECTION 100U/ML,NOVOMIX 30 PENFILL,INJECTION,5X3ML,PH EUR TY1 GLS CARTI,NOVO NORDISK PRODUCAO FARMACEUTICA DO BRASIL LTDA FOR NOVA NORDISK A/S,DENMARK,Sunshine Healthcare lanka Ltd
POVIDONE IODINE SOLUTION BP 10%,ZYLO-P,TOPICAL SOLOTION,"60ML&100ML AMB PET,",AMB PET BOTT/HDPE,Leben Laboratories (Pvt) Ltd,INDIA,Ceyoka (Pvt) Ltd
INFLIXIMAB POWDER FOR CONCENTRATE FOR SOLUTION FOR INFUSION 100MG,REMSIMA,POWDER FOR INFUSION,1'S,USP TYPE I GLS VIAL,Celltrion Inc,KOREA,George Steuart Health Pvt Ltd
ADSORBED TETANUS VACCINE BP 0.5ML (SINGLE DOSE),***,INJECTION,"50X0.5ML,60X50X0.5ML",CLEAR GLS AMPOULE,Serum Institute of India (Pvt) Ltd,INDIA,Citihealth Imports (Pvt) Ltd
FLUNARIZINE TABLETS 5MG,NORIUM 5,TABLETS,100'S,ALU PVC BLISTER,Eskayef Bangladesh Ltd,BANGLADESH,Truvic Private Ltd
ATORVASTATIN CALCIUM TABLETS USP 10MG,LIPIKIND 10,TABLET,6X10'S,ALU ALU BLISTER,Unimax Laboratories,INDIA,Hemas Pharmaceuticals (Pvt) Ltd
MEROPENEM FOR INJECTION USP 500MG,MERONASH 500,POWDER FOR INJECTION,500MG/VIAL,TY 1 GLASS VIAL,Shamshree Lifesciences Ltd,INDIA,Omacx Healthcare (Pvt) Ltd
SULFADIAZINE TABLETS USP 500MG,***,TABLETS,50'S,HDPE JAR,Celogen Lanka (Pvt) Ltd,SRI LANKA,***
DULOXETINE CAPSULES USP 60MG,ZENBAR,HARD GELATINE CAPSULES,10'S,ALU PVC BLISTER,The Searle Company Ltd,PAKISTAN,Emerchemie NB (Ceylon) Ltd
ACYCLOVIR OINTMENT USP 5%W/W,HERPERAX,OINTMENT,1'S (5G),ALU COLLAPSIBLE TUBE,Micro Labs Limited,INDIA,Micro Mega Lanka (Pvt) Ltd
CODEINE PHOSPHATE ORAL SOLUTION BP 25MG/5ML,***,ORAL SOLUTION,500ML,AMBER GLASS BOTTLE,Astron Limited,SRI LANKA,***
BUDESONIDE 80MCG+FORMOTEROL FURATE 4.5MCG/ DOSE INHALATION POWDER,SYMBICORT TURBUHALER,POWDER FOR INHALATION,60 DOSES & 120 DOSES,TURBUHALER,Astra  Zeneca AB,SWEDEN,Hemas Pharmaceuticals (Pvt) Ltd
BIMATOPROST 0.3MG/ML AND TIMOLOL 5MG/ML EYE DROPS SOLUTION,GENFORT,EYE DROPS SOLUTION,1'S (3ML),WHITE LDPE BOTTLE,Allergan Pharmaceuticals Ireland,IRELAND,Hemas Pharmaceuticals (Pvt) Ltd
BETAMETHASONE VALERATE 0.1%W/W  & NEOMYCIN SULPHATE 0.5%W/W CREAM,BETAMET-N,CREAM,1'S (20G),ALU COLLAPSIBLE TUBE,Central drugs and Pharmaceutical,INDIA,Pharma Associates
ETORICOXIB TABLETS 60MG,ZENTOCOX 60,TABLETS,3X10'S,ALU ALU BLISTR,General Pharmaceuticals Ltd,BANGLADESH,George Steuart Health Pvt Ltd
LEVOCETIRIZINE DIHYDROCHLORIDE TABLETS 5MG,GLENCET,TABLET,3X10'S,ALU ALU BLISTER,Glenmark Pharmaceuticals Ltd,INDIA,Hemas Pharmaceuticals (Pvt) Ltd
AZITHROMYCIN CAPSULES USP 250MG,ZETRO,CAPSULES,10'S,ALU ALU BLISTER,Getz Pharma (Pvt) Ltd,PAKISTAN,Hemas Pharmaceuticals (Pvt) Ltd
DINOPROSTONE VAGINAL GEL 2MG/3G WITH DISPOSABLE PLASTIC APPLICATOR,GLANDIN  E2 VAGINAL GEL 2MG,VAGINAL GEL,3G,PLASTIC APP,Nabiqasim Industries (Pvt) Ltd,PAKISTAN,George Steuart Health Pvt Ltd
IRON III HYDROXY POLYMALTOSE COMPLEX ORAL DROP EQUIPVALENT TO ELEMENTAL IRON 50MG/ML,MUMFER,ORAL SYRUP,"15ML BOT/,10X15ML BO",AMB GLASS BOTTLE,Glenmark Pharmaceuticals Ltd,INDIA,Sunshine Healthcare lanka Ltd
PIPERACILLIN & TAZOBACTAM FOR INJECTTION USP 4.5GM,BACPAC 4.5,POWDER FOR INJECTION,1'S,CLEAR GLASS VIAL,Maan Pharmaceutical Ltd,INDIA,P T C Medical (Pvt) Ltd
CLOTRIMAZOLE CREAM BP 1% W/W,MYCORIL CREAM 1%,CREAM,20G,ALU TUBE,Remedica limited,CYPRUS,Kandana Food & Drugs (Pvt) Ltd
FLUNARIZINE TABLETS 10MG,FLUNARIN 10,TABLETS,20X10'S,ALU-PVC BLISTER,F D C Limited,INDIA,Sunshine Healthcare lanka Ltd
DIVALPROEX SODIUM EXTENDED RELEASE TABLETS USP 250MG,DICORATE ER 250,TABLETS,5X10'S,ALU ALU BLISER,SUN PHARMACEUTICAL INDUSTRIES LTD,INDIA,Emerchemie NB (Ceylon) Ltd
METRONIDAZOLE TABLETS BP 200MG,METROLEB 200,TABLET,"10X10'S, 1000'S","ALU PVC ,HDPE JAR",Leben Laboratories (Pvt) Ltd,INDIA,Ceyoka (Pvt) Ltd
METOPROLOL SUCCINATE CONTROLLED RELEASE TABLETS 100 MG,BETALOC ZOK 100 MG,TABLET,30'S,HDPE BOTTLE,"Astra Zeneca AB ,Sweden",SWEDEN,Hemas Pharmaceuticals (Pvt) Ltd
UREA CREAM BP 10%  W/W,***,CREAM,20g,Alumi- Colla Tube,Kotra Pharma (M) SDN BHD,MALAYSIA,Sunshine Healthcare lanka Ltd
ACICLOVIR CREAM BP 5%W/W,CLOVIREX CREAM 5%,CREAM,10G,ALUMINIUM TUBE,Brookes Pharma (Pvt) Ltd,PAKISTAN,Hemas Pharmaceuticals (Pvt) Ltd
CLOTRIMAZOLE CREAM BP 1% W/W,CLOTRIZOLE CREAM,CREAM,15 G,ALU COLLAP TUBE,Unijules Life Sciences Ltd,INDIA,Softlogic Pharmaceuticals (Pvt( Ltd
LEVETIRACETAM EXTENDED RELEASE TABLETS USP 500MG,LEVIPIL XR 500,TABLETS,3X10'S,ALU PVC BLISTER,Sun Pharmaceutical industries,INDIA,Emerchemie NB (Ceylon) Ltd
FINASTERIDE TABLETS 5MG,FINAST,TABLET,30'S,ALU ALU BLISTER,Dr Reddy's Laboratories Ltd,INDIA,Emerchemie NB (Ceylon) Ltd
LEVOFLOXACIN TABLETS USP 500MG,RESQUIN,TABLET,4X6'S,ALU ALU STRIP,Healthcare Pharmaceuticals Limited,BANGLADESH,Citihealth Imports (Pvt) Ltd
FLUCONAZOLE CAPSULES 150MG,DIFLUVID,CAPSULES,1X4'S,ALU PVC BLISTER,Hovid Berhard,MALAYSIA,Mansel (Ceylon) (Pvt) Ltd
CALCIUM CARBONATE BP 400MG+MAGNESIUM HYDROXIDE BP 150MG+ZINC SULPHATE MONOHYDRATE USP 5MG &VITAMIN D3 BP  100IU TABLETS,OSTEOCARE,FILM COA TABLETS,2X15'S,BLISTER PACK,Meyer Organics (Pvt) Ltd,INDIA,SMM Halcyon (Pvt) Ltd
KETOPROFEN GEL BP 2.5 % W/W,LOLITA GEL,GEL,30 G,ALU TUBE,Unison Laboratories Co Ltd,THAILAND,Sunshine Healthcare lanka Ltd
METOPROLOL SUCCINATE CONTROLLED RELEASE TABLETS 50 MG,BETALOC ZOK 50 MG,TABLET,30'S,HDPE BOTTLE,Astra  Zeneca AB,SWEDEN,Hemas Pharmaceuticals (Pvt) Ltd
CEFOTAXIME SODIUM FOR INJECTION BP 1000MG,FOTIME 1000,POWDER FOR INJECTION,"1'S, 50'S",CLEAR GLSS VIAL,Maan Pharmaceutical Ltd,INDIA,P T C Medical (Pvt) Ltd
PREGABALIN CAPSULES BP 100MG,PRE-GAX,CAPSULES,"1X2', 2X7', 10X10'S",ALU ALU BLISTER,Caraway Pharmaceuticals,PAKISTAN,George Steuart Health Pvt Ltd
DESMOPRESSIN ACETATE TABLETS 0.1MG,MINIRIN 0.1MG,TABLET,"15'S, 30'S",PLASTIC BOTTLE,Ferring International center SA,SWITZERLAND,Sunshine Healthcare lanka Ltd
ESOMEPRAZOLE  CAPSULES 40MG,ESPRA 40,CAPSULES,"14's, 14X7'S",Blister PACK,CCL Pharmaceuticals (Pvt) Ltd,PAKISTAN,CIC Holdings PLC
OXYMETAZOLINE HYDROCHLORIDE NASAL SOLUTION USP 0.025% W/V,NOCON 0.025%,NASAL DROPS,10ML,PLASTIC DROPPER BOTT,Square Pharmaceuticals Ltd,BANGLADESH,CIC Holdings PLC
METOLAZONE TABLETS USP 5MG,METOZ 5,TABLET,10X10'S,ALU PVDC BLISTER,Centaur Pharmaceutical (Pvt) Ltd,INDIA,George Steuart Health Pvt Ltd
FULVESTRANT INJECTION 250MG/5ML(50MG/ML),JODASTRANT,SOLUTION FOR INJECTION,5ML,USP TY PRE-FILL SYRI,Jodas Expoim Pvt Ltd,INDIA,Softcare International (Pvt) Ltd
SODIUM BICARBONATE INTRAVENOUS INFUSION 8.4%,***,SOLUTION FOR IV INFUSION,100ML BOTTLEX20'S,PH EUR TY 1 GLASS BO,B Braun Melsungen A G,GERMANY,B Braun Lanka (Pvt) Ltd
"DRIED ALUM.HYDROX.GEL 250MG,MAGNE HYDRA 250MG+SIMETHICONE 50MG/5 ML SUSPENSION",ACIFREE SUSPENSION,SUSPENSION,200ML,Glass Bottle,Sai Mirra Innopharm (Pvt) Ltd,INDIA,Sunshine Healthcare lanka Ltd
MEBENDAZOLE TABLETS U.S.P 100MG,MEBFIL,TABLETS,1000 S 1X6,PLASTIC BOTTLE ALU B,Fourrts (India) Laboratories Ltd,INDIA,Sunshine Healthcare lanka Ltd
FAMOTIDINE TABLETS USP 20MG,FAMO-D 20,FILM COA TABLETS,10X10'S,BLISTER,Belco Pharma (Pvt) Ltd,INDIA,Pharmatec (Pvt) Ltd
ESOMEPRAZOLE ENTERIC COATED TABLETS 40MG,ESORAL 40,TABLET,"20'S, 70'S",ALU ALU BLISTER,Eskayef Pharmaceuticals Ltd,BANGLADESH,Truvic Private Ltd
PARACETAMOL TABLETS BP 500MG,PARAGON,TABLETS,10X10'S,ALU PVC BLISTER,ZYDUS LIFESCIENCES LIMITED,INDIA,Hemas Pharmaceuticals (Pvt) Ltd
NICORANDIL TABLETS BP 10MG,***,TABLETS,10X10'S,ALU ALU BLISTER,Centurion Laboratories Pvt Ltd,INDIA,Yaden International (Pvt) Ltd
ESOMEPRAZOLE ENTERIC COATED TABLETS 40MG,MEDIPRAZOLE,TABLETS,"3x10'S,10x10'S",ALU-ALU BLISTER,EMIL PHARMACEUTICAL INDUSTRIES (PVT) LTD,INDIA,Emerchemie NB (Ceylon) Ltd
PROLONG RELEASE THEOPHYLLINE TABLETS BP 125MG,THEOFIN PR 125,TABLETS,"50X10,S 25X10'S",BLISTER & HDPE JAR,"GAMMA INTERPHARM PVT LTD,",SRI LANKA,N/A
MOMETASONE FUROATE OINTMENT USP 0.1% W/W,SANTOMET,OINTMENT,"1'S(5G),15G,20G",ALUMINIUM TUBE,Sante (Private) Limited,PAKISTAN,Emerchemie NB (Ceylon) Ltd
FLUCONAZOLE CAPSULES BP 150MG,FLUCAZ CAPSULES 150,CAPSULES,"10X1'S,100X1'S",ALU ALU STRIP,Agio Pharmaceuticals Ltd,INDIA,Citihealth Imports (Pvt) Ltd
GLIMEPIRIDE TABLETS USP 1MG,GIMETAB 1,TABLETS,10X10'S,BLISTER PACK,MMC Healthcare Ltd,INDIA,Markss HLC (Pvt) Ltd
ORLISTAT CAPSULES 120MG,ORLIFIT,CAPSULES,20'S,ALU ALU BLISTER,Getz Pharma (Pvt) Ltd,PAKISTAN,Hemas Pharmaceuticals (Pvt) Ltd
IRBESARTAN TABLETS USP 150MG,IRBEZYD 150,TABLET,10X10'S,ALU PVC BLISTER,ZYDUS LIFESCIENCES LIMITED,INDIA,Sunshine Healthcare lanka Ltd
EMPAGLIFLOZIN TABLETS 25MG,EG- 25,TABLETS,1X10'S,ALU ALU BLISTR,Aristopharma Ltd,BANGLADESH,Hemas Pharmaceuticals (Pvt) Ltd
METHYLPREDNISOLONE TABLETS IP 8MG,PREDACE 8,TABLET,"10X10'S,1X10'S",ALU PVC BLISTER PACK,Micro Labs Limited,INDIA,Micro Mega Lanka (Pvt) Ltd
ROPINIROLE TABLETS USP 1MG,ROPIN 1,TABLET,10X10'S&1X4'S,ALU ALU BLISTER,Atoz Pharmaceuticals (Pvt) Ltd,INDIA,Euro Asian Pharma (Pvt) Ltd
SOLIFENACIN SUCCINATE TABLETS 10MG,BLASTOFEN 10,TABLET,3X10'S,PVC PVDC BLISTER,Sun Pharmaceutical industries,INDIA,Hemas Pharmaceuticals (Pvt) Ltd
VINBLASTIN INJECTION BP 10MG/10ML,UNIBLASTIN,INJECTION,1 vial/pack,Vial (USP TY1 GLS V.,United Biotech (Pvt) Ltd,INDIA,George Steuart Health Pvt Ltd
"COLISTIMETHATE SODIUM FOR INJECTION BP 10,00,000 IU",COLBACT 1 MIU,STERILE LYOPHILIZED POWDER FOR INJECTION,10ML,USP TYPE 1 GLS VIAL,Gufic Biosciences Ltd,INDIA,Slim Pharmaceuticals (Pvt) Ltd
ASPIRIN DELAYED RELEASE TABLETS USP 100MG,ASPIN 100,TABLET,10X30'S,ALU/PVC/PVDC-BLISTER,Cipla Limited,INDIA,Breathe Free Lanka (Pvt) Ltd
PIZOTIFEN TABLETS  0.5MG,SANDOMIGRAN,TABLETS,3x10'S,BLISTER PACK,NOVARTIS PARMA S.P.A. - ITALY FOR ETHYX PHARMACEUTICALS - FRANCE,ITALY,A Baur & Co  (Pvt) Ltd
DULOXETINE CAPSULES USP 20MG,ZENBAR,CAPSULES,2X7'S,ALU PVC BLISTER,The Searle Company Ltd,PAKISTAN,Emerchemie NB (Ceylon) Ltd
PROLONGED RELEASE VERAPAMIL TABLETS BP 240 MG,N/A,"TABLETS (PROLONGED RELEASE, FILM COATED)",100'S,PLASTIC JAR,Treffer Pharmaceuticals,INDIA,Yaden International (Pvt) Ltd
CO-AMOXICLAV INJECTION  BP 1.2G,MOXICLAV 1.2G,POWDER FOR SOLUTION,1VIAL/PACK,CLEAR GLS VIAL TY II,MEDOCHEMIE LTD (FACTORY B) - CYPRUS FOR MEDOCHEMIE LTD- CYPRUS,CYPRUS,Associated Laboratories (Pvt) Ltd
GABAPENTIN TABLETS USP 100MG,GABAPEN 100,TABLET,3X10'S,ALU PVDC BLISTER,Incepta Pharmaceuticals Ltd,BANGLADESH,Citihealth Imports (Pvt) Ltd
PETHIDINE INJECTION B.P 50MG/1ML,***,SOLUTION FOR INJECTION,2.5 OF 1ML &,USP TY1 AMBER GLS,Neon Laboratories Ltd,INDIA,Yaden International (Pvt) Ltd
LINAGLIPTIN TABLETS INN 5MG,LINAGO,TABLET,(2X10)'S,ALU ALU BLISTER,Medicon Pharmaceuticals Ltd,BANGLADESH,Tranz Pharma Hodlings (Pvt) Ltd
PREGABALIN CAPSULES IP 75 MG,VEXER 75,HARD GELATINE CAPSULES,2X10'S,ALU ALU BLISTER,West Coast Pharmaceurical works Ltd,INDIA,AV Global  Impex (Pvt) Ltd
LEVETIRACETAM TABLETS USP 250MG,N/A,TABLETS,100'S,HDPE JAR,Treffer Pharmaceuticals,INDIA,Yaden International (Pvt) Ltd
HUMAN ERYTHROPOIETIN INJECTION 4000IU,EPIAO,INJECTION,1 PFS OF 4000IU/PACK,PFSY,Shenyang Sunshine Pharmaceutical Co. ltd,CHINA,Ceyoka (Pvt) Ltd
ROSUVASTATIN TABLETS USP 10MG,ROSTAT-10,TABLETS,5X10'S  1X4'S,ALU ALU STRIP,Atoz Pharmaceuticals (Pvt) Ltd,INDIA,Euro Asian Pharma (Pvt) Ltd
EMPAGLIFLOZIN TABLETS 10MG,EG-10,TABLETS,3X10'S,ALU ALU BLISTER,Aristopharma Ltd,BANGLADESH,Hemas Pharmaceuticals (Pvt) Ltd
FLUOROURACIL INJECTION BP 500MG,FLUROXAN 500,INJECTION,1X10ML,USP TY 1 GLS VIAL,Beacon Pharmaceuticals Ltd,BANGLADESH,Emerchemie NB (Ceylon) Ltd
NAPROXEN TABLETS USP 500MG,NEOPROX,TABLET,3X10'S & 4'S,ALU PVC BLISTER,Martin Daw Marker Ltd,PAKISTAN,Emerchemie NB (Ceylon) Ltd
ESCITALOPRAM TABLETS USP 5MG,NODEP,TABLETS,2X7'S,BLISTER,SEARLE PAKISTAN LIMITED,PAKISTAN,Emerchemie NB (Ceylon) Ltd
"Diphtheria, Tetanus, Pertussis(ACELL,COMP) Hepatitis B(rDNA),POLIOMYELITIS(INACTI)& HAEMAPHILUS INFLUE.TY B CONJU. VACCINE (ADSORBED)",HEXAXIM,SUSPENSION FOR INJECTION,1PFS & 2NEEDLES/PACK,TY 1 GL PRE FIL SYRI,Sanofi Pasteur,FRANCE,A Baur & Co  (Pvt) Ltd
AMOXICILLIN FOR ORAL SUSPENSION USP 125MG/5ML,RANOXYL,POWDER FOR ORAL SUSPENSION,100ML,PLASTIC BOTTLE (HDPE,SUN PHARMACEUTICAL INDUSTRIES LTD,INDIA,Hemas Pharmaceuticals (Pvt) Ltd
BUDESONIDE 400MCG & FORMOTEROL FUMARATE DIHYDRATE 12MCG DRY POWDER INHALATION CAPSULE,EUDEMET 400 + 12 CONVICAP,DRY POWDER INHALATION CAPSULES,5X6'S,ALU ALU BLISTER,Incepta Pharmaceuticals Ltd,BANGLADESH,Citihealth Imports (Pvt) Ltd
AMILORIDE HYDROCHLORIDE5MG & HYDROCHLOROTHIAZIDE 50MG TABLETS USP,MODURETIC,TABLETS,10X10'S 2'S,ALU PVC BLISTER,SEARLE PAKISTAN LIMITED,PAKISTAN,Morison Limited
METHYL PREDNISOLONE TABLETS 16MG,MEDROL,TABLET,3X10'S,ALU/PVC/ACLAR BLISTE,Pfizer Italia SRL,ITALY,Hemas Pharmaceuticals (Pvt) Ltd
FUSIDIC ACID VISCOUS EYE DROPS 1%W/W,FUCITHALMIC,"EYE DROP, VISCOUS",5G,LAMINATED TUBE CAP,Leo Laboratories Ltd,IRELAND,Hemas Pharmaceuticals (Pvt) Ltd
PIROXICAM ORODISPERSIBLE TABLETS 20MG,UGESIC,TABLET,20X10'S,STRIP,MAYER ORGANICS (P) LTD,INDIA,SMM Halcyon (Pvt) Ltd
CLARITHROMYCIN TABLETS USP 500MG,LARITH,TABLET,1X10'S & 5X10'S,ALU ALU BLISTER,Genix Pharma (Pvt ) Ltd,PAKISTAN,Ceyoka (Pvt) Ltd
CISPLATIN INJECTION BP 1MG/ML 50MG/50ML,JOCISTIN 50,SOLUTION FOR INFUSION,50ML VIAL,AMB COL. USP TY1 G V,Jodas Expoim Pvt Ltd,INDIA,Softcare International (Pvt) Ltd
TORSEMIDE TABLETS USP 10MG,DYTOR 10,TABLETS,2X10'S,ALU ALU BLISTER,Cipla Ltd,INDIA,Breathe Free Lanka (Pvt) Ltd
LEVONORGESTREL TABLETS BP  0.75MG,EMCON,TABLETS,2 X1 & 30'S,ALU PVC BLISTER,Renata Limited,BANGLADESH,Population Services Lanka
CYPROTERONE ACETATE 2MG + ETHYNYLOESTRADIOL 0.035MG TABLETS,G 35,TABLET,1X21'S,ALU PVDC BLISTETR,Renata Limited,BANGLADESH,Emerchemie NB (Ceylon) Ltd
URSODEXYCHLOLIC ACID TABLETS BP 300MG,URSOVIC 300,TABLETS,3X10'S,ALU PVC BLISTER,Bio Pharma Limited,BANGLADESH,Truvic Private Ltd
ESOMEPRAZOLE TABLETS 20MG,ESOZ 20,TABLET,10X10'S,ALUMINIUM STRIP,Glenmark Pharmaceuticals Ltd,INDIA,Sunshine Healthcare lanka Ltd
CEFTRIAXONE SODIUM FOR INJECTION 1 G,N/A,POWDER FOR SOLUTION FOR INJECTION,10 VIALS/PACK,CLEAR 30ML TY A GLS,SINOPHARM ZHIJUN(SHENZHEN) PHARMACEUTICALS Co Ltd,CHINA,Population Services Lanka
FLUTICASONE PROPIONATE OINTMENT USP 0.005% W/W,TICOVATE OINTMENT,OINTMENT,5G & 10G,ALU COLLAPSIBLE TUBE,Saffron Pharmaceutical (Pvt) Ltd,PAKISTAN,Truvic Private Ltd
CLOBETASOL PROPIONATE OINTMENT USP 0.05% w/w,CLOBETA OINTMENT,OINTMENT,"5G,10G",ALUMINIUM COLLA TUBE,Saffron Pharmaceutical (Pvt) Ltd,PAKISTAN,Truvic Private Ltd
SODIUM ALGINATE 250MG+SODIUM BICABONATE 106.5MG+CALCIUM CARBONATE 187.5MG CHEWABLE,GAVISCON DUBLE ACTION,TABLET,16'S,ALU PVC BLISTER,Reckitt Benckiser Healthcare UK Ltd,UNITED KINGDOM,Reckitt Benckiser (Lanka) Ltd
TADALAFIL TABLETS USP 10MG,EDSAVE 10,TABLET,"1X10'S, 1X4'S",ALU PVDC BLISTER,Fourrts (India) Laboratories Ltd,INDIA,Sunshine Healthcare lanka Ltd
IRBESARTAN TABLETS USP 150MG,ARBI 150MG,TABLETS,1X10'S,ALU ALU BLISTER,PharmEvo (Pvt) Ltd,PAKISTAN,CIC Holdings PLC
FLUCONAZOLE CAPSULES BP 150MG,***,CAPSULES,10X10'S &100'S,"ALU PVDC BLIS,HDPE J",Bajaj Healthcare Ltd,INDIA,Chamee Chemist
MEBEVERINE HYDROCHLORIDE BP 135MG,EVARIN,TABLETS,5X10'S (50'S),ALU ALU BLISTR,Delta Pharma Ltd,BANGLADESH,Kandana Food & Drugs (Pvt) Ltd
EMPAGLIFLOZIN TABLETS 25MG,EMGLIN 25,TABLETS,2X7'S,ALU ALU BLISTER,Pharm Evo (Pvt) Ltd,PAKISTAN,CIC Holdings PLC
SERTRALINE HYDROCHLORIDE TABLETS BP 100MG,ZOSERT 100,TABLET,5X10'S,PVC/PVDC BLISTER,Sun Pharmaceutical industries,INDIA,Emerchemie NB (Ceylon) Ltd
ACECLOFENAC TABLETS 100MG,TERNILLA,TABLETS,5X10'S,ALU PVDC BLISTER,Healthcare Pharmaceuticals,BANGLADESH,Citihealth Imports (Pvt) Ltd
AZITHROMYCIN TABLET USP 250MG,***,FILM COATED TABLETS,6X10'S,ALU PVC BLISTER,Magbro Healthcare,INDIA,ABC Pharma Services Pvt. Ltd
BETAMETHASONE DIPROPIONATE TOPICAL SOLUTION 0.064% W/V,BEPROGEL TOPICAL SOLUTION,TOPICAL SOLOTION,30ML,PE BOTTLE,Hoe Pharmaceuticals SDN BHD,MALAYSIA,Indoscan (Pvt) Ltd
ROSUVASTATIN TABLETS USP 10MG,ROSULIN 10,TABLET,"1X10'S,10X10'S",ALU ALU BLISTER,Highnoon Laboratories Ltd,PAKISTAN,Truvic Private Ltd
TOPIRAMATE TABLETS IP 25MG,TOPORE 25,FILM COA TABLETS,2X5X10'S & 10X10'S,ALU ALU BLISTER,Pharmafabrikon,INDIA,Novachem Lanka (Pvt) Ltd
TRIAMCINOLONE ACETONIDE NASAL SPRAY BP  0.055%,NOSOLONE AQ,NASAL SPRAY,15ML/120 METERED ACT,WHITE HDPE BOTT. M.D,Remington pharmaceutical Industries (Pvt) Ltd,PAKISTAN,Sunshine Healthcare lanka Ltd
URSODEXYCHLOLIC ACID TABLETS BP 150MG,UDEX 150,TABLETS,3x10's & 10x10's,ALU/PVC-PVDC BLISTER,Celogen Lanka (Pvt) Ltd,SRI LANKA,***
OMEPRAZOLE SODIUM LYOPHILIZED POWDER FOR INJECTION 40MG,LOPROT IV,POWDER FOR INJECTION,1VIAL+AMP PACK,USP TY1 GLS VIAL,Nabiqasim Industries (Pvt) Ltd,PAKISTAN,George Steuart Health Pvt Ltd
NABUMETONE  TABLETS BP 500MG,NORACET 500,FILM COA TABLETS,1X4'S & 5X10'S,ALU ALU BLISTER,Atoz Pharmaceuticals (Pvt) Ltd,INDIA,Euro Asian Pharma (Pvt) Ltd
TAMSULOSIN HYDROCHLORIDE CAPSULES USP 0.4MG,MAXFLOW 0.4,CAPSULES,10 x 10's,Blister,CCL Pharmaceuticals (Pvt) Ltd,PAKISTAN,CIC Holdings PLC
MEBENDAZOLE TABLETS USP 100MG,WORMIN 100,CHEWABLE TABLETS,6'S&24X6'S,BLISTER,Cadila pharmaceuticals Ltd,INDIA,Sunshine Healthcare lanka Ltd
DAPSONE TABLETS BP 25MG,***,TABLETS,1X30'S,ALU PVC BLISTER,Celogen Lanka (Pvt) Ltd,SRI LANKA,***
TIMOLOL EYE DROPS BP 0.5%W/V,GEMOLOL,EYE DROPS,5ML/BOTTLE,IVORY COLOR PLASTIC,General Pharmaceuticals Ltd,BANGLADESH,George Steuart Health Pvt Ltd
MELOXICAM TABLETS BP 7.5MG,MUVIK 7.5,TABLET,10X10'S,BLISTER PACK,Cadila Healthcare Ltd,INDIA,Sunshine Healthcare lanka Ltd
LENALIDOMIDE CAPSULES 5MG,LENID 5,CAPSULES,3X10'S,ALU ALU STRIP,United Biotech (P) Limited,INDIA,George Steuart Health Pvt Ltd
PREDNISOLONE TABLETS BP 5MG,N/A,TABLET,1000'S,HDPE CONTAINER,Axon Drugs (Pvt) Ltd,INDIA,Sunshine Healthcare lanka Ltd
TENECTEPLASE 8000 UNITS (40MG) POWDER AND SOLVENT FOR SOLUTION FOR INJECTION,METALYSE,POWDER & SOLVENT FOR SOLUTION OF INJECTION,40MG+8ML PFSY+ADAPTE,40MG+8ML PFSY+ADAPTE,Boehringer Ingelheim Pharma gmBH & Co.Kg,GERMANY,Hemas Pharmaceuticals (Pvt) Ltd
OSELTAMIVIR CAPSULES 30MG,TAMIFLU 30 MG,CAPSULES,10'S,PVC PE PVDC BLISTER,Delpharm Milano S r l,SWITZERLAND,A Baur & Co  (Pvt) Ltd
GLUCOSE INTRAVENOUS INFUSION BP 10% W/V,10 D,INTRAVENOUS INFUSION,500 ML,POLYPROPYLENE INF.BT,kelun lifesciences(Pvt) Ltd,SRI LANKA,N/A
ACYCLOVIR TABLETS 200MG,ZOVIRAX,TABLETS,5X5'S,ALU PVC BLISTER,Glaxo Wellcome S A,SPAIN,A Baur & Co  (Pvt) Ltd
FLUTICASONE PROPIONATE 250MCG + SALMETEROL 25MCG METERED DOSE INHALER,SERETIDE EVOHALER 250/25,METERED DOSE INHALER,120 MTD,INHALATION CANISTER,Glaxo Wellcom Production Zone Industrille,FRANCE,A Baur & Co  (Pvt) Ltd
RUXOLITINIB TABLETS 15MG,JAKAVI 15,TABLET,56'S,ALU PVC/PCTFE BLIST.,Novartis Pharma Stein .AG,SWITZERLAND,A Baur & Co  (Pvt) Ltd
PREDNISOLONE TABLETS  U.S.P.  5MG,REDNISOL,TABLET,10X10'S,ALU PVC BLISTER,Unicure Ramadies (Pvt) Ltd,INDIA,Emar Pharma (Pvt) Ltd
"XYLOMETAZOLINE HYDROCHLORIDE NASAL SOLUTION USP 0,1% W/V",DECON,NASAL SOLUTION,10ML,AMB GLS BOT.USP III,TUTON PHARMACEUTICALS- INDIA FOR CADILA PHARMACEUTICALS LTD - INDIA,INDIA,Sunshine Healthcare lanka Ltd
SILDENAFIL CITRATE TABLETS 100MG,CUPID 100,TABLET,10X1'S,ALU PVC/PVDC BLISTER,Cadila pharmaceuticals Ltd,INDIA,Sunshine Healthcare lanka Ltd
ETORICOXIB TABLETS 90MG,ETRICIB 90,TABLET,"1X10,3X10,5X10,10X10",ALU ALU BLISTER,Zim Laboratories Ltd,INDIA,Tabrane Healthcare (Pvt) Ltd
RISPERIDONE TABLETS BP 1MG,RISPOND 1,TABLET,"10X10'S,1X10'S",ALU/PVC BLISTER,Micro Labs Limited,INDIA,Micro Mega Lanka (Pvt) Ltd
ORLISTAT CAPSULES USP 120MG,ORLIZIM 120,CAPSULES,"3X10,1X10,5X10,10X10",ALU ALU BLISTER,Zim Laboratories Ltd,INDIA,Tabrane Pharmaceuticals (Pvt) Ltd
SNAKE VENOME ANTISERUM IP LYOPHILIZED,***,LYOPHILIZED POWDER FOR INJECTION,"1'S,10'S & 20'S PACK",GLS VIAL+10ML WAT.IN,Vins Bioproducts (Pvt) Ltd,INDIA,ABC Pharma Services Pvt. Ltd
KETOTIFEN FUMARATE TABLETS 1MG,ASTHAFEN,TABLET,2X5X10'S,ALU PVC BLISTER,Torrent Pharmaceuticals Ltd,INDIA,Edna Medicals (Pvt) Ltd
PANTOPRAZOLE FOR INJECTION 40MG,STRIPOLE,POWDER FOR INJECTION,VIAL +AMPOULE/PACK,USP 1  GLS AMP,Gufic Biosciences Ltd,INDIA,Slim Pharmaceuticals (Pvt) Ltd
CARBOXYMETHYLCELLULOSE SODIUM 0.5% +GLYCERIN 0.9% LUBRICANT EYE DROPS,OPTIVE UD,EYE DROPS,0.4ML X30'S,SINGLE DOSE VIAL,Allergan Pharmaceuticals,IRELAND,Hemas Pharmaceuticals (Pvt) Ltd
PROPOFOL EMULSION FOR INJECTION OR INFUSION 10MG/ML,PROPOFIL-LIPURO 1%,EMULSION FOR INJECTION OR INFUSION,50ML X 10'S,PH EUR TYPE II  GL B,B Braun Melsungen A G,GERMANY,B Braun Lanka (Pvt) Ltd
MEROPENEM POWDER FOR INJECTION 500MG,MERONEM 500,POWDER FOR INJECTION,10'S,GLASS VIAL,SUMITOMO DAINIPPON PHARMA CO.LTD -JAPAN FOR PFIZER AG- SWITZERLAND,JAPAN,Hemas Pharmaceuticals (Pvt) Ltd
23-VALENT PNEUMOCOCCAL POLYSACCHARIDE VACCINE 0.5ML SINGLE DOSE VIAL,RS PNEUMOLYSIX,SOLUTION FOR INJECTION,SINGLE DOSE 1 VIAL/P,GLASS VIAL,Chengdu Institute of Biological Products,CHINA,Ceyoka (Pvt) Ltd
CEFUROXIME AXETIL TABLETS BP 250MG,ZOCEF 250,TABLET,6'S,ALU ALU BLISTER,Alkem Laboratories Ltd,INDIA,Emerchemie NB (Ceylon) Ltd
BETAMETHASONE CREAM 0.1% W/W,DERMASOLE,TOPICAL CREAM,15 g,ALU COLLAPSIBLE TUBE,Pharmaniaga Manufacturing berhand,MALAYSIA,Emerchemie NB (Ceylon) Ltd
FORMOTEROL FUMARATE 12MCG+BUDESONIDE 400MCG DRY POWDER INHALATION CAPSULES,FORMOFORTE 400,DRY POWDER INHALATION CAPSULES,10X10'S,ALU PVDC BLISTER,Emergen Life Sciences (Pvt) Ltd,SRI LANKA,N/A
FEBUXOSTAT TABLETS 80MG,HILORIC,TABLETS,2X10'S,ALU ALU BLISTER,Highnoon Laboratories Ltd,PAKISTAN,Truvic Private Ltd
DICLOFENAC SODIUM SUPPOSITORY 100MG,VOLTAREN,SUPPOSITORY,10X10'S,PVC LDPE FOIL,DELPHARM HUBRINGUE S.A.S -FRANCE FOR NOVARTIS PHARMA SCHWEIZ - SWITZERLAND,FRANCE,A Baur & Co  (Pvt) Ltd
PREDNISOLONE SYRUP 5MG/5ML,PRED -KID,ORAL SYRUP,60ML,AMBER COLOUR BOTTLE,Enicar Pharmaceuticals Pvt Ltd,INDIA,Markss HLC (Pvt) Ltd
BISOPROLOL FUMARATE TABLETS USP 5MG,BRISOTOL 5,TABLET,3X10'S,ALU ALU BLISTER,Fredun Pharmaceuticals Ltd,INDIA,George Steuart Health Pvt Ltd
GLICLAZIDE TABLETS BP  80MG,DIATICA,TABLETS,10x10's,ALU ALU BLISTER,Unique Pharmaceutical Labs,INDIA,George Steuart Health Pvt Ltd
LOSARTAN POTASSIUM TABLETS USP 50MG,LOSARDUM 50,TABLET,10X10'S,ALU ALU BLISTER,Windlas Biotech (Pvt) Ltd,INDIA,Softlogic Pharmaceuticals (Pvt( Ltd
VINCRISTINE SULPHATE INJECTION USP 1MG/ML,UNICRISTIN,INJECTION,1'S & 10X10'S VIAL,USP Ty I Glass vial,United Biotech (Pvt) Ltd,INDIA,George Steuart Health Pvt Ltd
FLUOXETINE CAPSULES USP 20MG,FLUTEX 20MG,CAPSULES,10X10'S/1000 TAB/PAC,ALU PVC BLIS. & HDPE,EMIL PHARMACEUTICAL INDUSTRIES (PVT) LTD,INDIA,Emerchemie NB (Ceylon) Ltd
LOSARTAN POTASSIUM TABLETS USP 50MG,REPACE 50,TABLETS,10X10'S,ALUMINIUM BLISTER,Sun Pharmaceutical industries,INDIA,Hemas Pharmaceuticals (Pvt) Ltd
MEROPENEM POWDER FOR INJECTION 1G,MERONEM IV 1G,POWDER FOR INJECTION,10'S,TYPE 1 GLASS VIAL,Sumitomo Dainippon Pharma Co. ltd,SWITZERLAND,Hemas Pharmaceuticals (Pvt) Ltd
BECLOMETHASONE PRESSURISED INHALATION BP 50MCG /ACTUATION,BECLATE 50HFA,METERED DOSE INHALER,200DOSES/PACK,ALU AEROSOL CANISTER,Cipla Limited,INDIA,Breathe Free Lanka (Pvt) Ltd
CEFUROXIME AXETIL TABLET USP 250MG,CEFERO 250,TABLET,"1X10,3X10,5X10,10X10",ALU ALU BLISTER,Zim Laboratories Ltd,INDIA,Tabrane Pharmaceuticals (Pvt) Ltd
LEVETIRACETAM TABLETS USP 500MG,LEVITOZ 500,TABLETS,5X10 TAB OR 1X4 TAB,ALU ALU BLISTER,Atoz Pharmaceuticals (Pvt) Ltd,INDIA,Euro Asian Pharma (Pvt) Ltd
ISOSORBIDE MONOITRATE EXTENDED RELEASE TABLETS USP 30MG,ISOMON SR 30,TABLETS,"50's/1X30'S,25X30'S",HDPE Jar/ALU AMB PVC,Celogen Lanka (Pvt) Ltd,SRI LANKA,Celogen Lanka (Pvt) Ltd
LOW CALCIUM 2.5MEg/l PERITONEAL DIALYSIS SOLUTION WITH DEXTROSE 1.5% W/V,SOFT FLOW SC PERITONE-1.5,DIALYS SOLUTION,5L/ 2L,POLYPROPYLENE BAG,Peritone Health SDN BHD,MALAYSIA,Infusion Lanka (Private) Ltd
ALFACALCIDOL CAPSULES 0.25MCG,ALFACIP 0.25mcg,CAPSULES,10X1X10'S,ALU PVC PVDC BLISTER,Cipla Ltd,INDIA,Breathe Free Lanka (Pvt) Ltd
"CHOLECALCIFEROL CHEWABLE TABLETS 60,000 IU",D3 MUST 60K,CHEWABLE TABLETS,1X4'S,ALU PVC BLISTER,Mankind Pharma Ltd,INDIA,Hemas Pharmaceuticals (Pvt) Ltd
BENZOYL PEROXIDE GEL IP 2.5% W/W,BENZAC AC,GEL,"20g,30G",COLLAPSIBLE  TUBE,Encube Ethicals (Pvt) Ltd,INDIA,Sunshine Healthcare lanka Ltd
METHYLDOPA TABLETS BP 250MG,***,TABLET,"10X10'S, 1000'S",STRIP PCK& BULK 1000,Micro Labs Limited,INDIA,Kamazu (Pvt) Ltd
FENOFIBRATE TABLETS 160MG,STANLIP,TABLET,"10X10'S, 10'S",ACLAR BLISTER,Sun Pharmaceutical industries,INDIA,Emerchemie NB (Ceylon) Ltd
CLARITHROMYCIN FOR ORAL SUSPENSION USP 125MG/5ML,CLARILET,POWDER FOR ORAL SUSPENSION,"50,60,70,100,140ML",PLASTIC BOTTLE,Zim Laboratories Ltd,INDIA,Tabrane Pharmaceuticals (Pvt) Ltd
CELEOXIB CAPSULES BP 100MG,***,HARD GELATIN CAPSULE,10X10'S,PVC-PVDC/ALU FOIL BL,Unichem Laboratories LTD,INDIA,A Baur & Co  (Pvt) Ltd
ALBENDAZOLE TABLETS 200MG,ZENTEL,TABLET,2'S,ALU/CLEAR PVC BLISTE,GLAXOSMITHKLINE PAKISTAN LTD,PAKISTAN,A Baur & Co  (Pvt) Ltd
TRIAMCINOLONE ACETONIDE INJECTABLE SUSPENSION USP 40MG/ML,TRLAM INJECTION,INJECTION,1MLX10,GLASS VIAL,Shin Poong Pharmaceuticals Co Ltd,KOREA,Pharma Associates
FLUOXETINE CAPSULES BP 20MG,MAGRILAN 20,CAPSULES,"30'S,10'S",ALU PVC BLISTER,Medochemie Ltd,CYPRUS,Associated Laboratories (Pvt) Ltd
ORCIPRENALINE TABLETS BP 10MG,ZYPENT 10,TABLETS,10X10's,ALUMINIUM STRIPS,ZYDUS LIFESCIENCES LIMITED,INDIA,Sunshine Healthcare lanka Ltd
GASTRO RESISTANT OMEPRAZOLE CAPSULES BP 20MG,PROHIBIN,CAPSULES,10X10'S,"ALU PVC AMB,YELL BL",Leben Laboratories (Pvt) Ltd,INDIA,Ceyoka (Pvt) Ltd
SALBUTAMOL ORAL SOLUTION BP 0.04% w/v,VENTAMOL SYRUP,ORAL SOLUTION,"60ML, 100ML",HDPE BOTTLE,Hovid Berhad,MALAYSIA,Mansel (Ceylon) (Pvt) Ltd
DOXYCYCLINE CAPSULES B.P 100MG,MEDOMYCIN 100MG,HARD GELATIN CAPSULE,"1X10'S,10X10'S",ALU PVC BLISTER,"MEDOCHEMIE LTD (FACTORY AZ), CYPRUS FOR MEDOCHEMIE LTD, CYPRUS",CYPRUS,Associated Laboratories (Pvt) Ltd
TRANEXAMIC ACID 500MG BP TABLETS,TRANLOK 500,TABLET,"3X10'S, 10X10'S",ALU PVC BLISTER,ARISTO PHARMACEUTICALS (PVT) LTD,INDIA,R N Vision Pharma (Pvt) Ltd
"COLISTIMETHATE SODIUM FOR INJECTION BP 20,00,000 IU",COLBACT 2 MIU,STERILE LYOPHILIZED POWDER FOR INJECTION,10ML,USP TY1 CL.FL TU.GL,Gufic Biosciences Ltd,INDIA,Slim Pharmaceuticals (Pvt) Ltd
LIVE ATTENUATED ROTA VIRUS VACCINE 10 CCID 50 (SINGLE DOSE-1.5ML),ROTARIX,LIQUID ORAL SUSPENSION,1.5ML/10'S PACK,PLASTIC TUBE,Glaxo Smithkiline Biologicals S A,BELGIUM,A Baur & Co  (Pvt) Ltd
BETAHISTINE DIHYDROCHLORIDE TABLETS BP 8MG,VERTIKO 8,TABLETS,"1X10'S,10X10'S",ALU ALU BLISTER,ZYDUS LIFESCIENCES LIMITED,INDIA,Hemas Pharmaceuticals (Pvt) Ltd
KETOROLAC TROMETHAMINE OPTHALMIC SOLUTION 0.5%,KETROSAN,OPHTHALMIC SOLUTION,5ML BOTTLE,PLASTIC DROPPER,Sante (Private) Limited,PAKISTAN,Emerchemie NB (Ceylon) Ltd
METHYLPREDNISOLONE TABLETS IP  4MG,PREDACE 4,TABLET,"1X10'S,10X10'S",ALU PVC BLISTER,Micro Labs Limited,INDIA,Micro Mega Lanka (Pvt) Ltd
CLOPIDOGREL TABLETS USP 75MG,TROKEN,TABLETS,28'S,ALU PVC BLISTER,Quimica Montpellier SA,ARGENTINA,Emerchemie NB (Ceylon) Ltd
PACLITAXEL INJECTION USP 6MG IN 1ML,PACLITEC,INJECTION,"30/5,100/16.66MG/ML",GIVING ST & SALINE B,United Biotech (P) Limited,INDIA,George Steuart Health Pvt Ltd
IPRATROPIUM NEBULISER SOLUTION BP 0.025%,IPRATOP,NEBULISER SOLUTION,20ML,AMBER GLASS BOTTLE,Incepta Pharmaceuticals Ltd,BANGLADESH,Citihealth Imports (Pvt) Ltd
CETIRIZINE TABLETS BP 10MG,CETRAZ,TABLET,"5X5X10,10X5X10,10X10",ALU PVC BLISTER,Magbro Healthcare,INDIA,ABC Pharma Services Pvt. Ltd
CLOTRIMAZOLE 1% W/W & HYDROCORTISONE 1% W/W CREAM,CANDACORT CREAM,CREAM,15G,ALU COLLAPSIBLE TUBE,Hoe Pharmaceuticals SDN BHD,MALAYSIA,Indoscan (Pvt) Ltd
METOPROLOL INJECTION BP 1MG/ML,VERPROLOL,INJECTION,5X5ML & 10X5X5ML,AMB.USP TY 1 GLS AMP,Verve Human Care Laboratories,INDIA,Leader Pharma Agency (Pvt) Ltd
ETOMIDATE INJECTION 20MG/10ML,ETOMIDATE LIPURO,INJECTION,10ML,GLASS AMPOULE,B Braun Melsungen A G,GERMANY,B Braun Lanka (Pvt) Ltd
ATORVASTATIN CALCIUM TABLETS USP 20MG,ASTAT 20,TABLET,"10X10'S,1X10'S",ALU ALU BLISTER,Micro Labs Limited,INDIA,Micro Mega Lanka (Pvt) Ltd
CLARITHROMYCIN TABLET USP 250MG,PHARMATHROCIN,TABLET,10X10'S,ALU/PVDC BLISTER,Pharmaniaga Manufacturing berhand,MALAYSIA,Emerchemie NB (Ceylon) Ltd
DIAZEPAM INJECTION B.P 5MG/ML,N/A,INJECTION,2MLX10'S,USP TYPE 1 AMB AMPOU,Ciron Drugs & PharmaceuticalS (Pvt) Ltd,INDIA,Ceyoka (Pvt) Ltd
LIDOCAINE 25MG+ PRILOCAINE 25MG IN IG CREAM,EMLA 5%,CREAM,5X5G,ALU COLLAPSIBLE TUBE,Recipharm Karlskoga AB,SWEDEN,Hemas Pharmaceuticals (Pvt) Ltd
DESLORATADINE TABLETS 5MG,DESLOZED 5,TABLET,10X10'S,ALU PVC BLISTER,Zota Healthcare Ltd,INDIA,Alaris Lanka (Pvt) Ltd
OLANZAPINE ORALLY DISINTEGRATING TABLETS USP 5MG,OLEANZ RAPITAB 5,RALLY DISINTEGRATING TABLETS,5X10'S,BLISTER PACK,Sun Pharmaceutical industries,INDIA,Emerchemie NB (Ceylon) Ltd
AZELASETINE HYDROCHLORIDE NASAL SPRAY  1% W/V,AZE-AIR,NASAL SPRAY,10ML(70 METERED DOS),AMB.USP TY.1 GLS VL,Sava Healtheare Ltd,INDIA,Emerchemie NB (Ceylon) Ltd
PROPARACAINE HYDROCHLORIDE OPTHALMIC SOLUTION USP 0.5% W/V,ANAXIN,OPHTHALMIC SOLUTION,5ML,LDPE WHITE PLAST. BO,Ciron Drugs & PharmaceuticalS (Pvt) Ltd,INDIA,Ceyoka (Pvt) Ltd
OXYTOCIN INJECTION BP 5IU/ML,***,INJECTION,10'S,USP TY.1 AMB.AMPOULE,Ciron Drugs & PharmaceuticalS (Pvt) Ltd,INDIA,Ceyoka (Pvt) Ltd
LOSARTAN POTASSIUM TABLETS USP 50MG,CARDON 50,TABLET,10X10'S & 3X10'S,ALU ALU BLISTER,ESKAYEF BANGLADESH LIMITED,BANGLADESH,Truvic Private Ltd
CEFUROXIME AXETIL TABLETS BP 500MG,TRYOXIM 500,TABLET,3X10'S,ALU ALU STRIP,Twenty Fist Century Pharmaceutical Pvt Ltd,INDIA,Alaris Lanka (Pvt) Ltd
FAMOTIDINE TABLETS USP 40MG,***,TABLET,10X10,PVC BLISTER PACK,Medopharm (PVT Ltd,INDIA,Alaris Lanka (Pvt) Ltd
GLIPIZIDE TABLETS BP 5MG,GLIPIZ,TABLET,"1X10,5X10,10X10,",ALU PVC BLISTER,Micro Labs Limited,INDIA,Micro Mega Lanka (Pvt) Ltd
ADAPALENE GEL MICROSPHERES 0.1%w/w,DERIVA Ms,GEL,15G,LAMINATED TUBE,Glenmark Pharmaceuticals Ltd,INDIA,Sunshine Healthcare lanka Ltd
FINASTERIDE TABLETS USP 5MG,PRONOR-5,TABLET,"10X10'S,3X10'S",ALU PVC BLISTER,Square Pharmaceuticals Ltd,BANGLADESH,CIC Holdings PLC
FLUOCINOLONE CREAM BP 0.025%,SUPRICORT CREAM,CREAM,"5G,15G",ALUM. COLLAPS. TUBE,Glenmark Pharmaceuticals Ltd,INDIA,Sunshine Healthcare lanka Ltd
TRIAMCINOLONE ACETONIDE NASAL SPRAY BP 55MCG,TRISPRAY,NASAL SPRAY,120 SPRAYS,AMBER GLASS BOTTLE,Square Pharmaceuticals Ltd,BANGLADESH,CIC Holdings PLC
DESLORATADINE TABLETS 5MG,DES-OD,TABLET,10X10'S,ALU ALU BLISTER,Cadila Healthcare Ltd,INDIA,Sunshine Healthcare lanka Ltd
TELMISARTAN TABLETS 20MG,TEL OD 20,TABLET,10X10'S,ALU ALU BLISTER,ZYDUS LIFESCIENCES LIMITED,INDIA,Sunshine Healthcare lanka Ltd
ESOMEPRAZOLE TABLETS 40MG,ESOFAG 40,TABLET,10X10'S,ALU ALU BLISTER,Micro Labs Limited,INDIA,Micro Healthcare (Pvt) Ltd
CEFUROXIME AXETIL TABLETS BP 250MG,TRYOXIM 250,TABLET,3X10'S,ALU ALU STRIP,Twenty Fist Century Pharmaceutical Pvt Ltd,INDIA,Alaris Lanka (Pvt) Ltd
ROSUVASTATIN CALCIUM TABLETS 20MG,ZYROVA 20,FILM COA TABLETS,10X10'S,ALU ALU STRIP PACK,ZYDUS LIFESCIENCES LIMITED,INDIA,Sunshine Healthcare lanka Ltd
CEFIXIME DISPERSIBLE TABLETS 100MG,MAHACEF 100,TABLET,6X10'S,ALU ALU BLISTER PACK,Unimax Laboratories,INDIA,Hemas Pharmaceuticals (Pvt) Ltd
MOSAPRIDE CITRATE  TABLETS 2.5MG,MOSART 2.5,TABLET,10X10'S,ALU ALU STRIP,Cadila pharmaceuticals Ltd,INDIA,Sunshine Healthcare lanka Ltd
HUMAN ALBUMIN SOLUTION BP 20%,ALBUREL,SOLUTION FOR INJECTION,50ML & 100ML,USP TYPE 1 GLS VIAL,Reliance Life Sciences (Pvt) Ltd,INDIA,ABC Pharma Services Pvt. Ltd
MONTELUKAST SODIUM CHEWABLE TABLETS  4MG,MONTAIR-4,TABLET,"10'S,10X1X10'S",ALU ALU BLISTER,CIPLA LIMITED,INDIA,Breathe Free Lanka (Pvt) Ltd
METHYLPREDNISOLONE TABLETS USP 16MG,MEDIXON 16,TABLETS,5X6'S,STRIP PACK,P T Dexa Medica,INDONESIA,A Baur & Co  (Pvt) Ltd
FLUCONAZOLE CAPSULES BP 150MG,NISPORE 150,CAPSULES,10'S,ALU  PVC BLISTER,Incepta Pharmaceuticals Ltd,BANGLADESH,Citihealth Imports (Pvt) Ltd
AMLODIPINE BESYLATE TABLETS 5MG,HOVASC 5MG,TABLETS,"3X10'S,10X10'S",ALU PVC BLISTER,"HOVID BERHAD, LOT 56442 FOR HOVID BERHAD, 121",MALAYSIA,Mansel (Ceylon) (Pvt) Ltd
CEFUROXIME TABLETS BP 250MG,KEFROX,TABLETS,1X10'S & 10X10'S,ALU ALU BLISTER,CCL Pharmaceuticals (Pvt) Ltd,PAKISTAN,CIC Holdings PLC
KETOCONAZOLE CREAM 2% W/W,KETO,CREAM,15G,ALU-TUBE,Cipla Ltd,INDIA,Breathe Free Lanka (Pvt) Ltd
MONTELUKAST SODIUM  CHEWABLE TABLETS 5MG,MONTAIR-5,TABLET,"10X1X10'S,10'S",ALU ALU BLISTER,Cipla Ltd,INDIA,Breathe Free Lanka (Pvt) Ltd
SODIUM CHLORIDE 0.9% W/V + GLUCOSE 5% W/V INTRAVENOUS INFUSION BP,***,INTRAVENOUS INFUSION,500ML,PP INFUSION BOTTLE,kelun lifesciences(Pvt) Ltd,SRI LANKA,***
OXYMETAZOLINE HYDROCHLORIDE NASAL SOLUTION USP  0.05%,NASIVION CLASSIC,NASAL SOLUTION,10 ml,Plastic (SSF) Bottle,KORTEN PHARMACEUTICALS (PVT) LTD- INDIA FOR PROCTER & GAMBLE HEALTH LTD,INDIA,Emerchemie NB (Ceylon) Ltd
FEXOFENADINE HYDROHLORIDE 120MG TAB,FEXIGRA 120,TABLETS,3X10'S,ALU/PVC/PVDC BLIS ST,Cipla Ltd,INDIA,Breathe Free Lanka (Pvt) Ltd
PERMETHRIN CREAM 5%,SCABEX 5% CREAM,CREAM,"15G,30G",LAMINATED TUBE,Square Pharmaceuticals Ltd,BANGLADESH,CIC Holdings PLC
BETAHISTINE HYDROCHLORIDE TABLETS 24MG,BETASERC 24,TABLET,50'S,ALU/PVC/BLISTER,Mylan Laboratories S.A.S,FRANCE,CIC Holdings PLC
ONDANSETRON  INJECTION USP 8 MG/4ML,EMISTAT,INJECTION,4MLX5'SX2,AMBER GLASS AMPOULE,Healthcare Pharmaceuticals Limited,BANGLADESH,Citihealth Imports (Pvt) Ltd
LOSARTAN POTASSIUM TABLETS USP  25MG,LOSAR 25,TABLET,10X10'S,PVC-PVDC BLISTER,Unichem Laboratories LTD,INDIA,A Baur & Co  (Pvt) Ltd
KETAMINE HYDROCHLORIDE INJECTION USP 50MG/ML,KETMIN,INJECTION,5X10ML,USP TYPE 1 GLS VIAL,Themis Medicare Ltd,INDIA,Sunshine Healthcare lanka Ltd
AMOXICILLIN 500MG + CLAVULANIC ACID 125MG AS POTASSIUM SALT TABLETS,CURAM 625,TABLET,3X4'S,ALUMINIUM STRIP,Sandoz GmbH,AUSTRIA,A Baur & Co  (Pvt) Ltd
ROSUVASTATIN TABLETS IP 20MG,RUSAT 20,TABLET,"10X10'S,3X10'S",ALU ALU BLISTER,The Madras Pharmaceuticals,INDIA,Pharma Associates
PALIPERIDONE PROLONGED RELEASE SUSPENSION FOR INJECTION 100MG/ML,INVEGA SUSTENNA,SUSPENSION FOR INTRAMUSCULAR INJECTIOIN,"100MG/1ML,150MG/1.5",PREFILLED SYRINGE,JANSSEN PHARMACEUTICA NV -BELGIUM FOR JANSSEN CILAG INTERNATIONAL NV -BELGIUM,BELGIUM,MULLER & PHIPPS (HEALTH CARE) LIMITED
ARIPIPRAZOLE TABLETS 10MG,APALIFE 10,TABLETS,3X10'S,BLISTER,Unison Laboratories Co Ltd,THAILAND,Sunshine Healthcare lanka Ltd
CLOTRIMAZOLE CREAM BP 1% W/W,CLOTICOR CREAM,CREAM,1'S (20g),ALU COLLAPSIBLR TUBE,Coral Laboratories Ltd,INDIA,HEMKA PHARMA (PVT) LTD
TRANEXAMIC ACID INJECTION BP 500MG/5ML,***,INJECTION,"5X5ML, 10X5ML",5ML USP TY 1 CLE AMP,"YADEN LABORATORIES PVT LTD ,",SRI LANKA,***
ROSUVASTATIN CALCIUM TABLETS 10MG,ROSADAM 10,TABLET,3X10'S,ALU-ALU BLISTER,Coral Laboratories Ltd,INDIA,HEMKA PHARMA (PVT) LTD
BACLOFEN TABLETS USP 10MG,MYOREL,TABLETS,3x10'S,ALU PVDC BLISTER,Healthcare Pharmaceuticals,BANGLADESH,Citihealth Imports (Pvt) Ltd
NAPROXEN SODIUM TABLETS USP 500MG,GENOXEN,TABLET,2X10'S,ALU ALU BLISTER,Genix Pharma (Pvt ) Ltd,PAKISTAN,Emerchemie NB (Ceylon) Ltd
OLOPATADINE HYDROCHLORIDE OPHTHALMIC SOLUTION USP 1MG/ML,***,OPTHALMIC SOULUTION,5ML BOTTLE/PACK,LDPE WHITE PLAST.BOT,Ciron Drugs & PharmaceuticalS (Pvt) Ltd,INDIA,Ceyoka (Pvt) Ltd
MULTI VITAMIN DROPS,GROVIT MULTI VITAMIN DROPS,ORAL DROPS,15ML,AMBER GLASS BOTTLE,USV Private Limited,INDIA,Hemas Pharmaceuticals (Pvt) Ltd
MEMANTINE HYDROCHLORIDE TABLETS 20MG,MANTOMED 20,TABLET,"10'S,30'S,100'S",ALU PVC BLISTER,"MEDOCHEMIE LTD, FACTORY C FOR MEDOCHEMIE LTD",CYPRUS,Associated Laboratories (Pvt) Ltd
ESOMEPRAZOLE  TABLETS 40MG,NEXZOL 40,ENTERIC COATED TABLETS,10X10'S,ALU ALU BLISTER,Windlas Biotech (Pvt) Ltd,INDIA,Softlogic Pharmaceuticals (Pvt( Ltd
MEMANTINE HYDROCHLORIDE TABLETS 10MG,MANTOMED 10MG,TABLET,"100'S,10'S,30'S",ALU PVC BLISTER,"MEDOCHEMIE LTD, FACTORY C FOR MEDOCHEMIE LTD",CYPRUS,Associated Laboratories (Pvt) Ltd
METHOXY POLYETHYLENE GLYCOL EPOENIN BETA SOLUTION FOR INJECTION 100MCG/0.3ML,MIRCERA 100MCG/0.3ML,SOLUTION FOR INFUSION,0.3ML PRE-FILLED SYR,TY 1 PFS,F Hoffman-La Roche Ltd,SWITZERLAND,A Baur & Co  (Pvt) Ltd
METHOXY POLYETHYLENE GLYCOL EPOENIN BETA SOLUTION FOR INJECTION 50MCG/0.3ML,MIRCERA 50MCG/0.3ML,SOLUTION FOR INJECTION,0.3ML PFS BOTTLE,TY 1 PFS,F Hoffman-La Roche Ltd,SWITZERLAND,A Baur & Co  (Pvt) Ltd
FLUCLOXACILLIN CAPSULES BP 500MG,ISOCLOX 500,CAPSULES,"1X10,5X10,10X10,7X2,",ALU ALU BLISTER,Globe Pharmaceuticals Ltd,BANGLADESH,Tabrane Healthcare (Pvt) Ltd
AZITHROMYCIN TABLETS USP 250MG,AZ 250,TABLETS,3X10'S,ALU ALU BLISTER PACK,Aristopharma Ltd,BANGLADESH,Hemas Pharmaceuticals (Pvt) Ltd
MONTELUKAST CHEWABLE TABLETS 4MG,M KAST 4,TABLETS,3X10'S,ALU BLISTER,Aurobindo Pharam Ltd,INDIA,Alaris Lanka (Pvt) Ltd
SODIUM CHLORIDE INTRAVENOUS INFUSION BP 3% W/V,NS 3,INTRAVENOUS INFUSION,500ML,PP BOTTLE,kelun lifesciences(Pvt) Ltd,SRI LANKA,***
TAMSULOSIN HYDROCHLORIDE CAPSULES 0.4MG,TAMURIN 0.4MG,CAPSULES,"3X10,5X4,1X10,5X10",ALU ALU BLISTER,Globe Pharmaceuticals Ltd,BANGLADESH,Tabrane Healthcare (Pvt) Ltd
SIMVASTATIN TABLETS 10MG,ZOCOR 10,FILM COA TABLETS,10'S,ALU PVC BLISTER,SEARLE PAKISTAN LIMITED,PAKISTAN,Emerchemie NB (Ceylon) Ltd
ISPHAGULA HUSK POWDER GRANULES,FYBOGEL,EFFERVESCENT GRANULES,10'SX3.5 SACHETS,SACHET,Reckitt Benckiser Healthcare UK Ltd,UNITED KINGDOM,Reckitt Benckiser (Lanka) Ltd
BEAMETHASONE VALERATE CREAM BP 0.1% W/W,BETAMET CREAM,CREAM,15G,ALU COLLAPSIBLE TUBE,Central drugs and Pharmaceutical,INDIA,Pharma Associates
ROSUVASTATIN TABLETS 20MG,ROSUCHOL 20,TABLET,30'S,ALU PVC BLISTER PACK,Ajantha Pharma Ltd,INDIA,A Baur & Co  (Pvt) Ltd
MINOXIDIL TOPICAL SOLUTION USP 5% W/V,MINODIL,TOPICAL SOLOTION,60ML,LDPE PLASTIC BOTTLE,Elko Organization (Pvt) Ltd,PAKISTAN,Emerchemie NB (Ceylon) Ltd
CLARITHROMYCIN TABLET USP 250MG,CLARIMATE 250,TABLET,10'S,ALU PVC/PVDC BLISTER,EMIL PHARMACEUTICAL INDUSTRIES (PVT) LTD,INDIA,Emerchemie NB (Ceylon) Ltd
MINOXIDIL TOPICAL SOLUTION USP 2% W/V,MINODIL,TOPICAL SOLUTION,60ML,LDPE PLASTIC BOTTLE,Elko Organization (Pvt) Ltd,PAKISTAN,Emerchemie NB (Ceylon) Ltd
MORPHINE SULPHATE PROLONGED RELEASE TABLETS BP 10MG,VERMOR SR 10,TABLETS (PROLONGED RELEASE),10X10 TAB/PACK,ALU PVC BLISTER PACK,Verve Human Care Laboratories,INDIA,Leader Pharma Agency (Pvt) Ltd
EMOLIENT CREAM 0.2% W/W,EMO-D CREAM,CREAM,50G/30G,LAMI TUBE,Agio Pharmaceuticals Ltd,INDIA,Citihealth Imports (Pvt) Ltd
METHYLENE BLUE INJECTION USP 1% W/V,***,SOLUTION FOR INJECTION,5X10ML AMPOULE,USP TY 1 CLE.GLS.AMP,Ciron Drugs & PharmaceuticalS (Pvt) Ltd,INDIA,Ceyoka (Pvt) Ltd
OCTREOTIDE INJECTION 50MCG/ML,OCTRIDE,INJECTION,1ML,GLASS AMPOULE,SUN PHARMACEUTICAL MEDICARE LIMITED - INDIA  FOR SUN PHARMACEUTICAL INDUSTRIES LTD - INDIA,INDIA,Hemas Pharmaceuticals (Pvt) Ltd
GLUCOSE INTRAVENOUS INFUSION BP 50% W/V,***,SOLUTION FOR INJECTION,50ML,GLASS BOTTLE,B Braun Melsungen A G,GERMANY,B Braun Lanka (Pvt) Ltd
"SOLUTION FOR INTUSION CONTAINING SODIUM CHLORIDE 6.799G,SODIUM ACETATE TRIHYDRATE 3.266G, CALCIUM CHLORIDE DIHYDRATE 0.3675G,MAGNESIUM CHLORIDE NEX…",STEROFUNDIN ISO,SOLUTION FOR INFUSION,500ML,POLYETHYLENE Contain,B BRAUN MEDICAL INDUSTRIES SDN BHD,MALAYSIA,B Braun Lanka (Pvt) Ltd
CARVEDILOL TABLETS USP 12.5MG,CARVIL 12.5,TABLETS,10X10'S,ALU ALU BLISTER PACK,ZYDUS LIFESCIENCES LIMITED,INDIA,Sunshine Healthcare lanka Ltd
BUDESONIDE 200MCG + FORMOTEROL FUMARATE DEHYDRATE 6MCG METERED DOSE INHALER,FORTIDE INHALER,INHALATION,120 DOSES,ALU.CANIS.WITH P.CAP,Getz Pharma (Pvt) Ltd,PAKISTAN,Hemas Pharmaceuticals (Pvt) Ltd
CELECOXIB CAPSULES 200MG,SELECAP 200,CAPSULES,10X10'S,ALU PVC BLISTER,XL Laboratories (Pvt) Ltd,INDIA,SMM Halcyon (Pvt) Ltd
ATORVASTATIN CALCIUM TABLETS USP 10MG,ASTAT 10,TABLET,"10'S,10X10'S",ALU ALU BLISTER PACK,Micro Labs Limited,INDIA,Micro Mega Lanka (Pvt) Ltd
LOSARTAN POTASSIUM USP 50MG & HYDROCHLOROTHIAZIDE BP 12.5MG TABLET,LIPEWIN H,TABLET,10X10'S,ALU PVC BLISTER,XL Laboratories (Pvt) Ltd,INDIA,SMM Halcyon (Pvt) Ltd
ALPRAZOLAM TABLETS USP 0.25MG,ALZOLAM 0.25,TABLET,10X10'S,ALU ALU BLISTER,"SUN PHARMA LABORATORIES LIMITED, INDIA FOR SUN PHARMACEUTICAL INDUSTRIES LIMITED, INDIA",INDIA,Emerchemie NB (Ceylon) Ltd
ESOMEPRAZOLE  TABLETS 20MG,NEXZOL 20,TABLET,10X10'S,ALU ALU BLISTER,Windlas Biotech (Pvt) Ltd,INDIA,Softlogic Pharmaceuticals (Pvt( Ltd
AMLODIPINE TABLETS USP 10MG,AMLONG 10,TABLET,10X10'S,ALU ALU BLISTER,Micro Labs Ltd,INDIA,Micro Mega Lanka (Pvt) Ltd
PANTOPRAZOLE FOR INJECTION 40MG/VIAL,PANTOCID IV,INJECTION (LYOPHILIZED POWDER),40MG G.V.+10ML AMP,GLS VIL+PLAS. AMP OF,Sun Pharmaceutical industries,INDIA,Hemas Pharmaceuticals (Pvt) Ltd
CLARITHROMYCIN TABLETS USP 500MG,CLARIMATE 500,TABLET,"1X10'S,4'S,10X10'S",ALU PVC/PVDC BLISTER,EMIL PHARMACEUTICAL INDUSTRIES (PVT) LTD,INDIA,Emerchemie NB (Ceylon) Ltd
ETORICOXIB TABLETS 120MG,ZENTOCOX 120,TABLETS,1X10's,ALU ALU BLISTER,General Pharmaceuticals Ltd,BANGLADESH,George Steuart Health Pvt Ltd
ETONOGESTREL IMPLANT 68MG,IMPLANON NXT,STERILE IMPLANT FOR SUB-DERMAL USE,1'S,PETG BLISTER,N.V.Organon,NETHERLANDS,A Baur & Co  (Pvt) Ltd
PANTAPRAZOLE POWDER FOR INJECTION 40MG + 0.9% SODIUM CHLORIDE INJECTION BP,TRUPAN 40,INJECTION,40MG/VL+10MG/AMP,GLASS VIAL+AMPOULE,Square Pharmaceuticals Ltd,BANGLADESH,CIC Holdings PLC
GLIMEPERIDE TABLETS USP 3MG,GETRYL 3MG,TABLET,2X10'S,ALU ALU BLISTER,Getz Pharma (Pvt) Ltd,PAKISTAN,Hemas Pharmaceuticals (Pvt) Ltd
CLOBETASOL PROPIONATE OINTMENT USP 0.05% w/w,CLOBETAVIN,OINTMENT,1'S (15G),ALU COLLAPSIBLE TUBE,Yash Medicare (Pvt) Ltd,INDIA,Himan Group (Pvt) Ltd
LINAGLIPTIN TABLETS 5MG,TRAJENTA,TABLETS,9X10S,ALU ALU BLISTET,WEST-WARD COLUMBUS INC - USA FOR BOEHRINGER INGELHEIM INTERNATIONAL GMBH - GERMANY,UNITED STATES OF AMERICA,Hemas Pharmaceuticals (Pvt) Ltd
COLESTYRAMINE POWDER FOR ORAL SUSPENSION 4G,RESINCOLESTIRAMINA,POWDER FOR ORAL SUSPENSION,50 SACHETS /BOX,PAPER PE/ALU/PE CM.S,Laboratories Rubio S.A.,SPAIN,Slim Pharmaceuticals (Pvt) Ltd
CALCIUM WITH VITAMIN D TABLETS USP (500MG/200IU),ROCAL -D,TABLET,4X10'S,ALU PVC BLISTER,Healthcare Pharmaceuticals Limited,BANGLADESH,Citihealth Imports (Pvt) Ltd
MULTIVITAMIN & MINERAL CHEWABLE TABLETS FOR KIDS,VITA KID,TABLET,30'S,PLASTIC BOTTLE,Contract Manufacuring & Packging Services pty Ltd,AUSTRALIA,Alaris Lanka (Pvt) Ltd
ETORICOXIB TABLETS 60MG,TORCOXIA BCD 60,TABLET,10X10'S,ALU ALU BLISTER,Torrent Pharmaceuticals Ltd,INDIA,Hemas Pharmaceuticals (Pvt) Ltd
TERBUTALINE TABLETS BP 2.5MG,ATALINE 2.5,TABLET,"10'S,100'S & 500'S",ALU PVC BLISTER,Medochemie Ltd,CYPRUS,Associated Laboratories (Pvt) Ltd
BISOPROLOL FUMARATE TABLETS USP 2.5MG,BISOVIC 2.5,TABLETS,"3X10'S,10X10'S",ALU PVDC BLISTER,Bio Pharma Limited,BANGLADESH,Truvic Private Ltd
GLIMEPIRIDE TABLETS USP 1MG,GETRYL 1MG,TABLET,2X10'S,ALU ALU BLISTER,Getz Pharma (Pvt) Ltd,PAKISTAN,Hemas Pharmaceuticals (Pvt) Ltd
ETORICOXIB TABLETS 60MG,ENCOXIB 60,TABLET,3X10'S,ALU ALU BLISTER,Sai Mirra Innopharm (Pvt) Ltd,INDIA,Sunshine Healthcare lanka Ltd
ATENOLOL TABLETS BP 25MG,ATENEX 25,TABLET,14X10'S,ALU PVC BLISTER,ZYDUS LIFESCIENCES LIMITED,INDIA,Sunshine Healthcare lanka Ltd
ROSUVASTATIN TABLETS USP 20MG,RAST,TABLETS,"1X10'S,1X2'S",ALU PVC BLISTER,Tabros Pharma (Pvt) Ltd,PAKISTAN,Associated Laboratories (Pvt) Ltd
LACTULOSE SOLUTION BP 3.35G/5ML,LACTU,ORAL SOLUTION,"100ML,200ML",AMBER COL GLS BOTTLE,Biopharma Limited,BANGLADESH,Truvic Private Ltd
AMLODIPINE TABLETS USP 10MG,AMLONOVA 10,TABLET,10X10'S,ALU ALU BLISTER,INNOVA CAPTAB LIMITED,INDIA,Cliniqon Biotech Pvt. Ltd
OXYTOCIN INJECTION BP 5IU/ML,N/A,INJECTION,10 AMPOULES/PACK,USP TY1 FLINT GLS AM,Gland Pharma  Ltd,INDIA,ABC Pharma Services Pvt. Ltd
MANNITOL INJECTION USP 20% W/V,***,INJECTION,250ML,PLASTIC INFUSION BOT,Hebei Tiancheng Pharmaceuticals Co Ltd,CHINA,Slim Pharmaceuticals (Pvt) Ltd
ARIPIPRAZOLE TABLETS 15MG,APALIFE 15,TABLETS,3X10'S,BLISTER,Unison Laboratories Co Ltd,THAILAND,Sunshine Healthcare lanka Ltd
KETAMINE INJECTION BP 200MG/20ML,***,INJECTION,20ML,20ML TY 1 CLEAR GLS,"YADEN LABORATORIES PVT LTD ,",SRI LANKA,***
OSELTAMIVIR CAPSULES 45MG,TAMIFLU,CAPSULES,10'S,PVC/PE/PVDC/BLISTER,Delpharm Milano S r l,SWITZERLAND,A Baur & Co  (Pvt) Ltd
CLOPIDOGREL TABLETS 75MG,CLOPACT 75,TABLETS,"3x10''S,2'S",ALU-ALU BLISTER,IPCA Laboratories,INDIA,Emar Pharma (Pvt) Ltd
AZTREONAM FOR INJECTION USP 1G,AZENAM-1G,POWDER FOR INJECTION,30ML VIAL/SOLVENT,USP TY 1 GLS VIAL,Aristo Pharmaceuticals Ltd,INDIA,VIV PHARMA (PVT) LTD
ROSUVASTATIN TABLETS 5MG,ROSUNOVA 5,TABLETS,"10X10'S T/P,3X10 T/P",ALU ALU BLISTER,INNOVA CAPTAB LIMITED,INDIA,Cliniqon Biotech Pvt. Ltd
CHLORHEXIDINE MOUTHWASH BP 0.2% W/V,REXIDIN,MOUTH WASH,100ML,PET BOTTLE,Indoco Remedies Limited,INDIA,Hemas Pharmaceuticals (Pvt) Ltd
LEVOFLOXACIN TABLETS USP 500MG,WARIOR,TABLET,1X10 TABLETS/PACK,ALU PVC BLISTER PACK,Nabiqasim Industries (Pvt) Ltd,PAKISTAN,George Steuart Health Pvt Ltd
GLICLAZIDE TABLETS BP  80MG,MEDOCLAZIDE 80MG,TABLET,6X10'S & 10'S,ALU PVC BLISTER,"MEDOCHEMIE LTD (CENTRAL FACTORY ), CYPRUS FOR MEDOCHEMIE LTD, CYPRUS",CYPRUS,Associated Laboratories (Pvt) Ltd
MANNITOL INJECTION USP 20% W/V,20M,INJECTION,250ML BOTTLE/PACK,PP BOTTLE,kelun lifesciences(Pvt) Ltd,SRI LANKA,***
TADALAFIL TABLETS USP 5MG,EDSAVE 5,FILM COA TABLETS,1X4'S&1X10'S,ALU PVDC BLISTER,Fourrts (India) Laboratories Ltd,INDIA,Sunshine Healthcare lanka Ltd
DONEPEZIL HYDROCHIORIDE TABLETS USP 5MG,DOZIL 5,TABLET,10X10'S & 1X4'S,ALU ALU BLISTER,Atoz Pharmaceuticals (Pvt) Ltd,INDIA,Euro Asian Pharma (Pvt) Ltd
CALCIUM CITRATE MALATE 250MG WITH VITAMIN D3 100IU TABLETS,ZYCAL,TABLET,"10X1X10'S, 1X10'S",ALU ALU BLSITER,AUROCHEM PHARMACEUTICALS (INDIA) PVT. LTD - INDIA FOR AUROCHEM LABORATORIES (INDIA) PVT LTD-INDIA,INDIA,Hemas Pharmaceuticals (Pvt) Ltd
OMEPRAZOLE DELAYED RELEASE CAPSULES USP 20MG,OMICAP 20,HARD GELATIN CAPSULE,"10X10'S,3X10'S,1X10'",ALU ALU STRIP,Micro Labs Limited,INDIA,Micro Mega Lanka (Pvt) Ltd
AZITHROMYCIN FOR ORAL SUSPENSION USP 200MG/5ML,ZITO,POWDER FOR ORAL SUSPENSION,"15ML, 30ML",AMBER COLOR GLS BOTT,Zim Laboratories Ltd,INDIA,Tabrane Pharmaceuticals (Pvt) Ltd
PARACETAMOL TABLETS BP 500MG,PACETOL,TABLET,"10X10'S,1000'S,2000'",BLISTER/HDPE JAR,MAGBRO HEALTHCARE (PVT) LTD,INDIA,ABC Pharma Services Pvt. Ltd
LIDOCAINE HYDROCHLORIDE JELLY USP 2% W/W,ANASICA,JELLY,30ML,ALU COLLAPSIBLE TUBE,Alpha Laboratories Ltd,INDIA,SRAG Biotech Ceylon Pvt Ltd
MONTELUKAST TABLETS BP 10MG,VENTELUCAST,TABLET,1X10'S,ALU ALU BLISTER,Incepta Pharmaceuticals Ltd,BANGLADESH,Citihealth Imports (Pvt) Ltd
TRANEXAMIC ACID CAPSULES 500MG,TRANERIGHT,CAPSULES,"10X10'S,100'S","ALU PVC BLIS,HDPE BO",Alvita Pharma (Pvt) Ltd,INDIA,Chamee Chemist
AMOXICILLIN CAPSULES BP 500MG,MOXILINK 500,HARD GELATIN CAPSULE,10X10'S,ALU PVC BLISTER,Lincoln Pharmaceuticals Ltd,INDIA,Pharmatec (Pvt) Ltd
CHLORPHENIRAMINE MALEATE 4MG+CODEINE PHOSPHATE 10MG/5ML,COREX,SYRUP,"60ML,100ML,450ML",AMBER COLOUR GLS BOT,Astron Limited,SRI LANKA,N/A
EPTACOG ALFA POWDER FOR SOLUTION FOR INJECTION 1.2MG,ARYOSEVEN,POWDER FOR SOLUTION FOR INJECTION,1VIAL POWD. SOL.INJE,GLASS VIAL,AryoGen Pharmed,IRAN,Cliniqon Biotech Pvt. Ltd
TOPIRAMATE TABLETS IP 50MG,TOPORE 50,TABLET,"10X10'S,2X5X10'S", ALU-ALU BLISTER,Pharmafabrikon,INDIA,Novachem Lanka (Pvt) Ltd
PHYTOMENADIONE INJECTION BP 10MG/1ML,***,SOLUTION FOR INJECTION,"100X1ML,10X1ML",USP TY I AMB GLS AMP,Ciron Drugs & PharmaceuticalS (Pvt) Ltd,INDIA,Ceyoka (Pvt) Ltd
MONTELUKAST SODIUM CHEWABLE TABLETS USP 5MG,LEUGEN,CHEWABLE TABLETS,"1X14'S,2X14'S",ALU/ALU BLISTER,Genix Pharma (Pvt ) Ltd,PAKISTAN,Ceyoka (Pvt) Ltd
HEPARIN INJECTION BP 5000IU/ML,OPARIN 25,INJECTION,5ML&10ML GLS VIAL,AMB GLS VIAL USP TY1,Ciron Drugs & PharmaceuticalS (Pvt) Ltd,INDIA,Ceyoka (Pvt) Ltd
RECOMBINANT HUMAN ERYTHROPOIETIN INJECTION 2000 IU,HEMAX 2000 IU,LYOPHILIZED POW INJECTION,1VIAL+2ML WFI AMP,TY1 COL.LES GLS VIAL,"BIOSIDUS S A U,",ARGENTINA,ABC Pharma Services Pvt. Ltd
TEMOZOLOMIDE CAPSULES USP 100MG,TEMOREL 100,CAPSULES,5'S,AMBER GLS BOTTLE,Reliance Life Sciences (Pvt) Ltd,INDIA,ABC Pharma Services Pvt. Ltd
VITAMIN A 4000IU & VITAMIN  D3 400IU CAPSULES,RETCAL 4,CAPSULES,1000'S,JAR PACK,Softgel Health Care (Pvt) Ltd,INDIA,Pharma Associates
CEFIXIME CAPSULES 200MG,DENVAR,CAPSULES,2X6'S,ALU ALU BLISTER,Healthcare Pharmaceuticals Limited,BANGLADESH,Citihealth Imports (Pvt) Ltd
FEXOFENADINE HYDROCHLORIDE  TABLETS USP 120MG,ALLEFAST 120,TABLET,"1X10'S,10X10'S",ALU PVC BLISTER,Sterling Lab,INDIA,Darley Butler  & Co Ltd
CLARITHROMYCIN TABLETS USP 500MG,E-CLAR DS,TABLET,1X10'S,ALU ALU BLISTER,Tabros Pharma (Pvt) Ltd,PAKISTAN,Associated Laboratories (Pvt) Ltd
ATROPINE SULPHATE INJECTION 600MCG/ML,N/A,SOLUTION FOR INJECTION,10X1ML AMPOULE,1ML CLEAR GLS AMP,Macarthys Laboratories Ltd,UNITED KINGDOM,Niix Holdings (Pvt) Ltd
BROMAZEPAM TABLETS 1.5MG,LEXOTANIL,TABLET,3X10'S,ALU PVC BLISTER,Delpharm Milano S r l,GERMANY,A Baur & Co  (Pvt) Ltd
TENOTOVIR DISOPROXIL FUMARATE TABLETS 300MG,TENVIR,TABLET,30'S,HDPE BOTTLE,CIPLA LIMITED,INDIA,Breathe Free Lanka (Pvt) Ltd
ADENOSINE INJECTION USP 3MG/ML,***,INJECTION,5X2ML,USP TY/AMBER AMPOULE,Ciron Drugs & PharmaceuticalS (Pvt) Ltd,INDIA,Ceyoka (Pvt) Ltd
BECLOMETHASONE PRESSURISED INHALATION BP 100MCG/DOSE,BECLATE-100 HFA,METERED DOSE INHALER,200DOSES/PACK,AI CANISTER,CIPLA LIMITED,INDIA,Breathe Free Lanka (Pvt) Ltd
DAPOXETINE MOUTH DISSOLVING TABLETS 30MG,EJELAG 30,TABLETS (MOUTH DISSOLVING),10X1X2 TABLETS/PACK,ALU ALU STRIP PACK,Inventia Healthcare (Pvt) Ltd,INDIA,Emerchemie NB (Ceylon) Ltd
2-PROPANOL 45G+1-PROPANOL 30G+ MECETRONIUM ETHYLSUPHATE 0.2G HAND RUB,SANISCRB M,HAND RUB,"100ML,500ML,5L","100MIN FTB,500ML",Sirmaxo Chemicals (Pvt) Ltd,INDIA,ABC Pharma Services Pvt. Ltd
SALBUTAMOL 100MCG & IPRATROPIUM BROMIDE 20MCG PRESSURISED INHALER,DUOHALE MDI,ACCUHALER,200 DOSES/PACK,ALU PRESSURIZ.CANIST,Healthcare Pharmaceuticals,BANGLADESH,Citihealth Imports (Pvt) Ltd
CEFUROXIME AXETIL TABLETS USP 500MG,CEFTIL 500,TABLET,"10X1X10'S,1X10'S",ALU ALU BLISTER,Sterling Lab,INDIA,Darley Butler  & Co Ltd
TELMISARTAN TABLETS USP 40MG,TELSART 40,TABLET,"5X10'S,1X4'S",BLISTER,Atoz Pharmaceuticals (Pvt) Ltd,INDIA,Euro Asian Pharma (Pvt) Ltd
CLOBETASOL PROPIONATE CREAM USP 0.05% W/W,STERIDERM-S,CREAM,15G TUBE/PACK,ALU COLLAPSIBLE TUBE,Micro Labs Limited,INDIA,Micro Mega Lanka (Pvt) Ltd
LEVONORGESTREL TABLETS BP 1.5MG,DEPREGDINA,TABLET,1 TABLET/PACK,ALU PVC BLISTER PACK,Acme Formulation (Pvt) Ltd,INDIA,Hemas Pharmaceuticals (Pvt) Ltd
LOSARTAN POTASSIUM 50MG & HYDROCHLOROTHIAZIDE 12.5MG TABLETS USP,LOSATRUST- H,TABLET,10X10'S,ALU PVC BLISTER,Centaur Pharmaceutical (Pvt) Ltd,INDIA,George Steuart Health Pvt Ltd
LEVOFLOXACIN TABLETS USP 500MG,AGILEVO 500,TABLET,"3X10'S,10X10'S",ALU PVC BLISTER,Agio Pharmaceuticals Ltd,INDIA,Citihealth Imports (Pvt) Ltd
FENOFIBRATE CAPSULES USP 200MG,FIBRAL,CAPSULES,"10X10'S,1X10'S,3X10'",ALU PVC PVDC BLISTER,Micro Labs Limited,INDIA,Micro Mega Lanka (Pvt) Ltd
RANITIDINE INJECTION USP 25MG/ML,RANI,INJECTION,2MLX50'S,USP TY1 GLS AMB GLS,Ciron Drugs & PharmaceuticalS (Pvt) Ltd,INDIA,Ceyoka (Pvt) Ltd
CLOPIDOGREL TABLETS USP 75MG,CLOPIVAS,TABLET,10X10'S,ALU ALU BLISTER,CIPLA LIMITED,INDIA,Breathe Free Lanka (Pvt) Ltd
RISPERIDONE TABLETS USP 2MG,RISPONZ 2,TABLET,3X10'S,ALU PVDC BLISTER,ZYDUS LIFESCIENCES LIMITED,INDIA,Hemas Pharmaceuticals (Pvt) Ltd
PROLONGED RELEASE POTASSIUM CHLORIDE TABLETS BP 600MG,N/A,TABLET,"1000'S,10X10'S","HDPE JAR, ALU ALU BL",Centurion Laboratories Pvt Ltd,INDIA,Yaden International (Pvt) Ltd
NIFEDIPINE EXTENDED RELEASE TABLETS USP 20MG,NEFIN 20 ER,TABLETS (EXTENDED RELEASE/FILM COATED),"10X10'S,20X10'S,",BLISTER/PLASTIC JAR,Fredun Pharmaceuticals Ltd,INDIA,George Steuart Health Pvt Ltd
DIBASIC CALCIUM PHOSPHATE 150MG+CALCIUM CARBONATE 50MG+VITAMIN A 2500 IU+ VITAMIN D3 400 IU,CALCIVITA,SOFT GELATIN CAPSULES,5X10'S,BLISTER,Mega Lifesciences (Pvt) Ltd,THAILAND,A Baur & Co  (Pvt) Ltd
LEVOFLOXACIN TABLETS USP 500MG,LEVIN 500,TABLET,"3X7'S,3X10'S",CLEAR PVC/ACLAR ALU,Hetero Labs Ltd,INDIA,Mansel (Ceylon) (Pvt) Ltd
LEVOCETIRIZINE DIHYDROCHLORIDE ORAL SOLUTION 2.5MG/5ML,ALCET,ORAL SOLUTION,60ML BOTTLE/PACK,CLEAR PET BOTTLE,Healthcare Pharmaceuticals,BANGLADESH,Citihealth Imports (Pvt) Ltd
FLUCLOXACILLIN POWDER FOR ORAL SOLUTION BP 125MG/5ML,FLUBIOTIC,POWDER FOR INJECTION,100ML,AMBER GLS BOTTLE/PAC,Navana Pharmaceuticals Ltd,BANGLADESH,Darley Butler  & Co Ltd
HYDROXYCHLOROQUINE SULFATE TABLETS USP 200MG,ALQUIN 200,TABLET,10X10'S,BLISTER PACK,Alvita Pharma (Pvt) Ltd,INDIA,Hemas Pharmaceuticals (Pvt) Ltd
METRONIDAZOLE FILM COATED TABLETS USP 200MG,FROTIN,TABLET,10X10'S,BLISTER,Y S P INDUSTRIES (M) SDN BHD,MALAYSIA,Indoscan (Pvt) Ltd
VIDAGLIPTIN TABLETS 50MG,SUCOVIL 50,TABLET,"1X10'S,2X10'S,3X10'S",ALU ALU BLISTER,Globe Pharmaceuticals Ltd,BANGLADESH,Tabrane Healthcare (Pvt) Ltd
 FUSIDIC ACID 2% W/W + BECLOMETHASONE DIPROPPIONATE 0.025% W/W CREAM,FUSON-B,CREAM,10G,ALUMINIU TYPE,Agio Pharmaceuticals Ltd,INDIA,Citihealth Imports (Pvt) Ltd
ESOMEPRAZOLE TABLETS 40MG,ESONIX 40,TABLET,2X14'S,ALU ALU BLISTER,Incepta Pharmaceuticals Ltd,BANGLADESH,Citihealth Imports (Pvt) Ltd
LACTULOSE SOLUTION BP 667MG/ML,MEDILAC,ORAL SOLUTION,"100ML,120ML,200ML","HDPE BOTTLE,PTE BOTT",Mediccom (Pvt) Ltd,SRI LANKA,***
ARIPIPRAZOLE TABLETS USP 10 MG,ARIZOLE-10,TABLET,"5x10'S, 1X4'S",ALU ALU BLISTER,Atoz Pharmaceuticals (Pvt) Ltd,INDIA,Euro Asian Pharma (Pvt) Ltd
TELMISARTAN TABLETS USP  20MG,TELSART 20,TABLET,"5X10'S, 1X4'S",BLISTER,Atoz Pharmaceuticals (Pvt) Ltd,INDIA,Euro Asian Pharma (Pvt) Ltd
DESLORATADINE TABLETS 5MG,DESLORID 5,TABLETS,1X10' 3X10' 5X10',ALU ALU BLISTER,ZIM Laboratories Limited,INDIA,Tabrane Healthcare (Pvt) Ltd
PIRFENIDONE TABLETS 200MG,PIRFENEX,TABLETS,3X10'S,ALU PVC BLISTER,Cipla Ltd,INDIA,Breathe Free Lanka (Pvt) Ltd
LABETALOL HYDROCHLORIDE TABLETS USP 100MG,LATALOL,TABLET,10X10'S,ALU PVC BLISTER,Bajaj Healthcare Limited,INDIA,Chamee Chemist
TAMSULOSIN HYDROCHLORIDE CAPSULES 0.4MG,WELTAM XL,CAPSULES,3X10'S,ALU ALU BLISTER,Akums Drugs & Pharmaceuticals Ltd,INDIA,Darley Butler  & Co Ltd
FLUNARIZINE DIHYDROCHLORIDE TABLETS 5MG,MIGARID 5,TABLET,10X10'S,ALU ALU STRIP,Cipla Ltd,INDIA,Breathe Free Lanka (Pvt) Ltd
AMOXICILLIN CAPSULES BP 500MG,EROX 500,CAPSULES,1000'S 500'S 10X10'S,HDPE CON/BLISTER,Micro Labs Limited,INDIA,Kamazu (Pvt) Ltd
CIPROFLOXACIN EYE/EAR DROPS 0.3% w/v,BEUFLOX,EYE & EAR DROPS,5ML,WHITE PLASTIC DROPPE,Incepta Pharmaceuticals Ltd,BANGLADESH,Citihealth Imports (Pvt) Ltd
METFORMIN HYDROCHLORIDE EXTENDED RELEASE TABLETS USP 500 MG,CONMET SR 500,EXTENDED RELEASE TABLETS,1X10' 3X10' 5X10',ALU PVC BLISTER,Concept Pharmaceuticals Ltd,INDIA,Softcare International (Pvt) Ltd
CEFALEXIN CAPSULES BP 500MG,LECEF 500,CAPSULES,10X10'S,ALU PVC BLISTER,Micro Labs Limited,INDIA,Kamazu (Pvt) Ltd
DICLOFENAC GASTRO RESISTANT TABLETS BP 50MG,FLAGON,TABLET,10X10'S,ALU AMB PVC BLISTER,Unicure Remedies Pvt Ltd,INDIA,Emar Pharma (Pvt) Ltd
CEFIXIME TABLETS USP 200MG,TRIFIX 200,FILM COATED TABLETS,3X10'S 5X10'S,ALU ALU STRIP,PT Dankos Farma,INDONESIA,Hemas Pharmaceuticals (Pvt) Ltd
VALGANCICLOVIR TABLETS USP 450MG,VALGAN,TABLET,1X4',ALU PVC PVDC BLISTER,Cipla Limited,INDIA,Breathe Free Lanka (Pvt) Ltd
DILTIAZEM HYDROCHLORIDE SUSTAINED RELEASE CAPSULES 90 MG,HERBESSER 90SR,CAPSULES,10X10'S,ALU PVC BLIS,PT MITSUBISHI TANABE Parma,INDONESIA,Hemas Pharmaceuticals (Pvt) Ltd
GLIMEPIRIDE TABLETS USP 2MG,GLIMIRYL 2,TABLETS,1X10' 3X10' 5X10',ALU ALU BLISTER,ZIM Laboratories Limited,INDIA,Tabrane Pharmaceuticals (Pvt) Ltd
BETAMETHASONE DIPROPIONATE 0.05% SALICYLIC ACID 3% OINTMENT,BETACYLIC OINTMENT,OINTMENT,15 G,ALU TUBE,Agio Pharmaceuticals Ltd,INDIA,Citihealth Imports (Pvt) Ltd
VITAMIN E CAPSULES USP 400IU,ENAT 400,SOFT GELATIN CAPSULES,3X10'S,PVC/PVDC ALU BLS,Mega Lifesciences Public Company (Pvt) Ltd,THAILAND,A Baur & Co  (Pvt) Ltd
CEFUROXIME AXETIL TABLET 125 MG,ZINNAT,TABLET,1X10'S,ALU ALU BLISTER,Glaxo Operations UK Ltd,UNITED KINGDOM,A Baur & Co  (Pvt) Ltd
MEFENAMIC ACID TABLETS BP 500MG,MEFTOLIN 500,TABLET,10X10'S,ALU-AMB PVC BLISTER,Unicure Remedies Pvt Ltd,INDIA,Emar Pharma (Pvt) Ltd
LORATADINE TABLETS USP 10MG,RHILOR 10 MG,TABLET,1X10' 10X10',ALU PVC BLISTER,Pharmatec Pakistan (Pvt) Ltd,PAKISTAN,Tranz Pharma Hodlings (Pvt) Ltd
ROSUVASTATIN CALCIUM TABLETS 10MG,ZYROVA 10,TABLETS,10X10'S,ALU ALU STRIP,ZYDUS LIFESCIENCES LIMITED,INDIA,Sunshine Healthcare lanka Ltd
PALONOSETRON INJECTION 0.25MG/5ML,PALOXI  0.25,INJECTION,5ML VIAL,CLEAR GLASS,Beacon Pharmaceuticals Ltd,BANGLADESH,Emerchemie NB (Ceylon) Ltd
GEMCITABINE FOR INJECTION USP 200MG,ZYGEM 200,POWDER FOR INJECTION,200MG/VIAL,TY 1 CLEAR GLASS VIA,Zydus Hospira Oncology (Pvt) Ltd,INDIA,Hemas Pharmaceuticals (Pvt) Ltd
FUSIDIC ACID CREAM BP 2%  W/W,SOFUDAC CREAM,CREAM,15G,ALUMINIUM TUBE,Galentic Pharma (india) (Pvt) Ltd,INDIA,Ceyoka (Pvt) Ltd
CELECOXIB CAPSULES BP 200MG,PLENCOXIB 200,CAPSULES,6X10'S,ALU/PVC BLISTER,Akums Drugs & Pharmaceuticals Ltd,INDIA,Darley Butler  & Co Ltd
MOXIFLOXACIN HYDROCHLORIDE TABLETS 400MG,MOXETERO,FILM COA TABLETS,3X10'S 10X10'S,ALU ALU BLISTER,Hetero Labs Ltd,INDIA,Mansel (Ceylon) (Pvt) Ltd
CLOTRIMAZOLE CREAM BP 1% W/W,AFUN,CREAM,1'S(10G),LAMINATED TUBE,Square Pharmaceuticals Ltd,BANGLADESH,CIC Holdings PLC
METOPROLOL INJECTION BP 1MG/ML,XYPROL-T,INJECTION,5X5ML,USP TY 1 CLEAR GLASS,Ciron Drugs & PharmaceuticalS (Pvt) Ltd,INDIA,Ceyoka (Pvt) Ltd
ROXITHROMYCIN TABLETS 150MG,ROM 150,TABLET,10X10'S,ALU ALU BLISTER,Zee Laboratories,INDIA,ABC Pharma Services Pvt. Ltd
NEBIVOLOL TABLETS IP 5MG,NODON,TABLETS,10X10'S,ALU ALU STRIP,Cadila pharmaceuticals Ltd,INDIA,Sunshine Healthcare lanka Ltd
METFORMIN HYDROCHLORIDE TABLET USP 850MG,THEOMET 850,TABLET,"1000'S,10X10'S",HDPE JAR/ALU/PVC BLI,Theon Pharmaceuticals Ltd,INDIA,Slim Pharmaceuticals (Pvt) Ltd
ALUMINIUM HYDROXIDE 8OOMG+MAGNESIUM HYDROXIDE 800MG+SIMETHICONE 60MG IN 10ML ORAL SUSPENTION,ZELLOX -11 LIQUID ANTACID,ORAL SUSPENSION,100ML,PE BOTTLE,Hoe Pharmaceuticals SDN BHD,MALAYSIA,Indoscan (Pvt) Ltd
SALMETEROL 50MCG& FLUTICASONE PROPIONATE 500MCG POWDER FOR INHALATION,SERETIDE ACCUHALER/DISKUS,METERED DOSE INHALER,60 MTD,DISKUS PER PACK,Glaxo Wellcome Production,FRANCE,A Baur & Co  (Pvt) Ltd
MEFENAMIC ACID TABLETS BP 250MG,MEFTOLIN,TABLET,10X10'S,ALU-AMB PVC BLIS,Unicure Remedies Pvt Ltd,INDIA,Emar Pharma (Pvt) Ltd
LOSARTAN POTASSIUM TABLETS USP 50MG,AGIACE 50,TABLET,10X10' 3X10',ALU ALU BLISTER,Agio Pharmaceuticals Ltd,INDIA,Citihealth Imports (Pvt) Ltd
RANITIDINE INJECTION USP 50MG/2ML,RANTAC,INJECTION,2ML110 GLS AMP,GLASS AMP,UNIQUE PHARMACEUTICAL LABORATORIES,INDIA,George Steuart Health Pvt Ltd
CETIRIZINE TABLETS BP 10MG,CETRIRIGHT,FILM COATED TABLETS,10X10'S,ALU PVC BLISTER,Alvita Pharma (Pvt) Ltd,INDIA,Chamee Chemist
ROSUVASTATIN TABLETS 20MG,CRESTOR 20 MG,TABLET,2X14'S,ALU PVC BLISTER,IPR PHARMACEUTICALS INC,UNITED KINGDOM,Hemas Pharmaceuticals (Pvt) Ltd
DOMPERIDONE TABLETS BP 10MG,EMITOP,TABLET,"500'S, 2X5X10'S","HDPE JAR,BLISTER",The Madras Pharmaceuticals,INDIA,Pharma Associates
IOHEXOL INJECTION 350MGI  IN 1ML USP,KOPAQ 350MGI/ML,SOLUTION FOR INJECTION,100ML GLASS,GLASS VIAL,Onko ilac Sanayl Tic A B,TURKEY,Slim Pharmaceuticals (Pvt) Ltd
HYDROXYCHLOROQUINE SULFATE TABLETS USP 200MG,OXCO,TABLETS,10X10'S,ALU PVC BLISTER,Wallace Pharmaceuticals Ltd,INDIA,Emar Pharma (Pvt) Ltd
ACICLOVIR EYE OINTMENT BP 3% W/w,ACYVIR,EYE OINTMENT,5G TUBE,LAMINATED TUBE,Aristopharma Ltd,BANGLADESH,Hemas Pharmaceuticals (Pvt) Ltd
MEROPENEM FOR INJECTION USP 1000MG,MERONASH-1000,INJECTION,1000MG/VIAL,GLASS VIAL,Shamshree Lifesciences Ltd,INDIA,Omacx Healthcare (Pvt) Ltd
SUXAMETHONIUM CHLORIDE SOLUTION FOR INJECTION 50MG/ML,***,SOLUTION FOR INJECTION,2MLX10'S,USP TY 1 GLASS AMPOU,Macarthys Laboratories Ltd,UNITED KINGDOM,Niix Holdings (Pvt) Ltd
CLOPIDOGREL TABLETS USP 75MG,CLOPET,TABLET,10X10'S,ALU ALU STRIP,Navana Pharmaceuticals Ltd,BANGLADESH,Darley Butler  & Co Ltd
MONTELUKAST SODIUM CHEWABLE TABLETS USP 4MG,LEUGEN,CHEWABLE TABLETS,2X14' 1X14',ALU ALU BLISTER,Genix Pharma (Pvt ) Ltd,PAKISTAN,Ceyoka (Pvt) Ltd
"B COMPLEX  FORTE CAPSULES WITH VITAMIN C,E,& ZINC",BEROCIN-NF,CAPSULES,10X10'S,BLISTER,Micro Labs Limited,INDIA,Micro Healthcare (Pvt) Ltd
LOSARTAN POTASSIUM TABLETS USP  25MG,REPACE 25,TABLETS,10X10'S,ALUMNIUM BLISTER,Sun Pharmaceutical industries,INDIA,Hemas Pharmaceuticals (Pvt) Ltd
DINOPROSTONE VAGINAL TABLETS 3MG,GLANDIN  E2,TABLETS,1'S,ALU STRIP PACK,Nabiqasim Industries (Pvt) Ltd,PAKISTAN,George Steuart Health Pvt Ltd
MENOTROPHIN FOR INJECTION BP 150 IU (FSH 150IU & LH 150IU),MENODAC 150,FREEZE DRIED P,VIAL POWDER+DILUENT,VIAL POW+2ML AMP…,ZYDUS LIFESCIENCES LIMITED,INDIA,Hemas Pharmaceuticals (Pvt) Ltd
AMOXICILLIN ORAL SUSPENSION BP 125MG/5ML,EROX,ORAL SUSPENSION,100ML,AMB COL GLASS BOTTLE,Micro Labs Limited,INDIA,Kamazu (Pvt) Ltd
GLYCERYL TRINITRATE  TABLETS BP 0.5MG,GLYTAD,TABLETS,50 TABLETS,AMB GLASS BOTTLE,Aurochme Pharmaceuticals (India) Pvt Ltd,INDIA,Leader Pharma Agency (Pvt) Ltd
ORAL REHYDRATION SALT BP 4.3G,MINERVA 4.3,ORAL POWDER,4.3 in sachet/5 sach,PRINTED LAMI POUCH,Unicure Remedies Pvt Ltd,INDIA,Emar Pharma (Pvt) Ltd
MOSAPRIDE CITRATE  TABLETS 5MG,MOSART 5,TABLET,10X10'S 100'S 10'S,ALU ALU STRIP,Cadila pharmaceuticals Ltd,INDIA,Sunshine Healthcare lanka Ltd
AZACITIDINE HYDROCHLORIDE LYOPHYLLIZED FOR INJECTION 100MG,MATURUS 100,LYOPHILIZED INJECTION,1 VIAL,GLASS VIAL,LABORATORIO KEMEX S.A,ARGENTINA,Emerchemie NB (Ceylon) Ltd
VORICONAZOLE TABLETS 200MG,VONAZ 200,TABLET,5X4'S   1X4'S,STRIP,United Biotech (P) Limited,INDIA,George Steuart Health Pvt Ltd
CLOPIDOGREL TABLETS USP 75MG,DECLOT,TABLET,10X10'S 1000'S,ALU PVC BLISTER/HDPE,CIC Lifesciences Ltd.,SRI LANKA,***
METOPROLOL SUCCINATE 200MG CR TABLETS,BETALOC  ZOK 25MG,TABLET,14'S,ALU ALU BLISTER,Astra  Zeneca AB,SWEDEN,Hemas Pharmaceuticals (Pvt) Ltd
PANTOPRAZOLE SODIUM DELAYED RELEASE TABLET 20MG,PANTOR 20,TABLET,10X10'S,ALU ALU BLISTER,Torrent Pharmaceuticals Ltd,INDIA,Edna Medicals (Pvt) Ltd
MICONAZOLE OROMUCOSAL GEL BP 2%W/W,MICONA,ORAL GEL,40G/20G,AL COLLAPSIBLE TUBE,Centaur Pharmaceutical (Pvt) Ltd,INDIA,George Steuart Health Pvt Ltd
HUMAN COAGULATION FACTOR IX 100 IU/ML,OCTANINE-F,POWDER & SOLVENT FOR SOLUTION OF INJECTION,"5ML,10ML/WATER FOR I",GLASS VIAL(Type 1),Octapharma Pharmazeutika,AUSTRIA,ABC Pharma Services Pvt. Ltd
ENALAPRIL MALEATE TABLETS 5MG,***,TABLET,10X10'S,ALU STRIP PACK,Medopharm,INDIA,Alaris Lanka (Pvt) Ltd
PREGABALIN CAPSULES 50MG,GABLO CAPSULES 50MG,CAPSULES,2X7'S,ALU ALU BLISTER,Genix Pharma (Pvt ) Ltd,PAKISTAN,Ceyoka (Pvt) Ltd
ACETAMINOPHEN SUPPOSITORIES USP 125MG(PARACETAMOL),ACT 125,SUPPOSITORIES,"1X5'S, 2X5'S",PVC COATED PE BLISTE,Celogen Lanka (Pvt) Ltd,SRI LANKA,***
ROSUVASTATIN TABLETS IP 10MG,ROSVOR 10,TABLET,10X10'S,ALU ALU BLISTER,Pharmafabrikon,INDIA,Novachem Lanka (Pvt) Ltd
METFORMIN HYDROCHLORIDE TABLETS 850 MG,GLUCOPHAGE 850 MG,TABLET,5X20'S,ALU PVC BLISTER,MERK SANTE,FRANCE,Emerchemie NB (Ceylon) Ltd
TRANEXMIC ACID CAPSULES 500 MG,HAEMIC,CAPSULES,2X10'S 3X10'S,ALU ALU BLISTER,Genix Pharma (Pvt ) Ltd,PAKISTAN,Emerchemie NB (Ceylon) Ltd
OXALIPLATIN INJECTION USP 50MG/25ML,OPLATIN 50,INJECTION,1 VIAL,USP TY 1-AMB GLS VIA,United Biotech (P) Limited,INDIA,George Steuart Health Pvt Ltd
CLOBETASONE CREAM BP 0.05% W/W,STERISONE,CREAM,15 G,AI COLLAPSIBLE TUBE,Micro Labs Limited,INDIA,Micro Mega Lanka (Pvt) Ltd
ADRENALINE INJECTION BP 1MG IN IML,***,INJECTION,1ML,AMB AMPOULE,Pharmafabrikon,INDIA,Novachem Lanka (Pvt) Ltd
AMIODARONE HYDROCHLORIDE TABLETS BP 200MG,AMIODARONE 200MG,TABLET,"1X10'S, 3X10'S",ALU PVC BLISTER,Medochemie Ltd,CYPRUS,George Steuart Health Pvt Ltd
ERYTHROMYCIN STEARATE TABLETS USP 500MG,ERYTHROCIN 500,TABLET,10X10'S,ALU PVC BLISTER,Indus Pharma (Pvt) Ltd,PAKISTAN,Sunshine Healthcare lanka Ltd
ALUM.HYDR. DRIED GEL 300MG+MAG.ALUM.SILICATE HYDR 50MG+MAG.HYDR. 25MG SIMETHICONE 25MG,DIGENE MINT FLAVOUR,CHEWABLE TABLETS,90X15'S,ALU PVC BLISTER,Abbott India Ltd,INDIA,Sunshine Healthcare lanka Ltd
LIDOCAINE INJECTION BP 2% W/V,L-CAINE,SOLUTION FOR INJECTION,"20ML, 30ML;",PLAIN GLASS VIAL,Swiss Paranterals (Pvt) Ltd,INDIA,P T C Medical (Pvt) Ltd
PETHIDINE INJECTION BP 50MG/ML,***,INJECTION,10X1 ML,GLASS AMPOULE,Macarthys Laboratories Ltd,UNITED KINGDOM,Niix Holdings (Pvt) Ltd
METHOTREXATE TABLETS BP 2.5MG,EMTHEX,TABLETS,10X10'S,STRIP,Khandelwal Laboratories Ltd,INDIA,Ceyoka (Pvt) Ltd
MICONAZOLE CREAM BP 2% W/W,MICOVIN,CREAM,15 G,AL COLLAPSIBLE TUBE,Yash Medicare (Pvt) Ltd,INDIA,Himan Group (Pvt) Ltd
CEFIXIME FOR ORAL SUSPENSION USP 100MG/5ML,TRIFIX,ORAL SUSPENSION,30ML,GLASS BOTTLE,PT Dankos Farma,INDONESIA,Hemas Pharmaceuticals (Pvt) Ltd
SALBUTAMOL CONTROLLED RELEASE  CAPSULE 4MG,DURASAL CR,CAPSULES,10X10'S,BLISTER,Raptakos Brett & Company Ltd,INDIA,Pharma Associates
MUPIROCIN OINTMENT BP 2% W/W,TREGO,OINTMENT,10G,ALU TUBE,Incepta Pharmaceuticals Ltd,BANGLADESH,Citihealth Imports (Pvt) Ltd
CEFIXIME TABLETS USP 200MG,ZEFLET 200,TABLET,"1X10'S, 3X10'S, 5X10",ALU ALU BLISTER,ZIM Laboratories Limited,INDIA,Tabrane Pharmaceuticals (Pvt) Ltd
PNEUMOCOCCAL VACCINE POLYVALENT,PNEUMOVAX-23,INJECTION,0.5ML PFS PACK,PFSY,Merck Sharp & Dohme LLC,NETHERLANDS,A Baur & Co  (Pvt) Ltd
CLARITHROMYCIN TABLETS USP 250MG,ACEM 250,TABLET,"10X10', 1X10'S",PVC PVDC-ALU BLISTER,Emcure Pharmaceuticals Ltd,INDIA,Emerchemie NB (Ceylon) Ltd
LAMOTRIGINE DISPERSIBLE TABLETS 50MG,LAMIDUS DT 50,DISPERSIBLE TABLETS,5X10'S,ALU PVC BLISTER,ZYDUS LIFESCIENCES LIMITED,INDIA,Hemas Pharmaceuticals (Pvt) Ltd
OLMESARTAN MEDOXOMIL TABLETS 20MG,OLMESAR 20,TABLET,"1X7' , 4X7'",ALU ALU BLISTER,Macleods Pharmaceuticals Ltd,INDIA,Sunshine Healthcare lanka Ltd
DEXAMETHASONE TABLETS BP 0.5MG,DEXAMIN,TABLETS,1000'S,PLASTIC JAR,Belco Pharma (Pvt) Ltd,INDIA,Pharmatec (Pvt) Ltd
AMLODIPINE BESYLATE TABLETS USP 5MG,AMLOVAS 5,TABLETS,10X10'S,ALU ALU STRIP,Macleods Pharmaceuticals Ltd,INDIA,Sunshine Healthcare lanka Ltd
PANTOPRAZOLE SODIUM DELAYED RELEASE TABLETS 40 MG,PANTOR 40,TABLET,10X10'S,ALU ALU BLISTER,Torrent Pharmaceuticals Ltd,INDIA,Edna Medicals (Pvt) Ltd
AZITHROMYCIN TABLETS USP 250MG,PUZICIL 250,TABLET,6'S,ALU PVC BLISTER,UNIQUE PHARMACEUTICAL LABORATORIES,INDIA,George Steuart Health Pvt Ltd
CEFUROXIME AXETIL TABLETS USP 500MG,RITIL 500,TABLET,5X10'S,ALU ALU BLISTER,Micro Labs Limited,INDIA,Micro Healthcare (Pvt) Ltd
GLUCOSE INTRAVENOUS INFUSION BP 5% w/v,***,INTRAVENOUS INFUSION,500ML,PP Infusion bottle,Sichuan Kelun Pharmaceutical Co. Ltd,CHINA,Pharma Associates
CIPROFLOXACIN TABLETS USP 250MG,***,FILM COA TABLETS,10X10'S,BLISTER,Medopharm,INDIA,Alaris Lanka (Pvt) Ltd
ESOMEPRAZOLE MAGNESIUM DELAYED RELEASE CAPSULES USP 40MG,ZOLERIC 40MG,CAPSULES,"14'S , 98'S",ALU ALU BLISTER,Genix Pharma (Pvt ) Ltd,PAKISTAN,Ceyoka (Pvt) Ltd
ROCURONIUM BROMIDE SOLUTION FOR INJECTION 10MG/ML,ROCURONIUM HAMELN,INJECTION,10X5ML VIAL,COLOURESS GLASS VIAL,Siegfred Hameln GmbH,GERMANY,Sukhee Pharma (Pvt) Ltd
RITUXIMAB CONCENTRATE FOR SOLUTION FOR INFUSION 500MG/50ML,ZYTUX 500MG/50ML,CONCENTRATE FOR SOLUTION FOR INFUSION,21X50ML,VIALS-GLASS,AryoGen Pharmed,IRAN,Cliniqon Biotech Pvt. Ltd
PREGABALIN CAPSULES 150MG,NEUROBALIN 150,CAPSULES,3X10'S,ALU ALU BLISTER,Sai Mirra Innopharm (Pvt) Ltd,INDIA,Sunshine Healthcare lanka Ltd
OXYTOCIN INJECTION BP 5IU/ML,*****,INJECTION,10X5'S AMP /PACK,1ML GLASS  AMPOULE,Harson Laborstories,INDIA,Citihealth Imports (Pvt) Ltd
FENTANYL INJECTION BP 100MCG/2ML,***,INJECTION,10X2ML AMP,AMB GLS AMPOULE,"YADEN LABORATORIES PVT LTD ,",SRI LANKA,***
MIDAZOLAM INJECTION BP 5MG/ML,***,INJECTION,10X1 ML AMPOULE,GLS AMPOULETY 1,"YADEN LABORATORIES PVT LTD ,",SRI LANKA,***
ATRACURIUM BESYLATE INJECTION 10MG/ML,Atracurium Hameln,INJECTION,10X2.5ML AMPOULE,GLASS AMPOULE,Siegfred Hameln GmbH,GERMANY,Sukhee Pharma (Pvt) Ltd
HUMAN ANTI D (Rho) IMMUNOGLOBULIN INJECTION 300MCG IN 2ML,RHOPHYLAC 300,SOLUTION FOR INJECTION,1 PRE FILLED SYR2ML+,PRE FILLED SYRINGE,CSL Behring AG,SWITZERLAND,ABC Pharma Services Pvt. Ltd
LORATADINE TABLETS USP 10MG,LORGIC 10,TABLET,10X10'S,ALU PVC BLISTER,Zota Healthcare Ltd,INDIA,Alaris Lanka (Pvt) Ltd
LEVOCETIRIZINE DIHYDROCHLORIDE TABLETS 5MG,LAZINE,TABLET,10X10'S,ALU ALU BLISTER,Hetero Labs Ltd,INDIA,Mansel (Ceylon) (Pvt) Ltd
FLUCLOXACILLIN CAPSULES BP 250MG,FLUBIOTIC 250,CAPSULES,5X4'S 1X4'S,ALU ALU BLISTER,Navana Pharmaceuticals Ltd,BANGLADESH,Darley Butler  & Co Ltd
ETORICOXIB TABLETS 120MG,VEROXIB 120,TABLET,3X10'S,ALU ALU BLISTER,Akums Drugs & Pharmaceuticals Ltd,INDIA,Darley Butler  & Co Ltd
METFORMIN HYDROCHLORIDE EXTENDED RELEASE TABLETS USP 500 MG,BIGOMET SR 500,UNCOATED TABLETS,3X10'S,ALU PVC BLISTER,ARISTO PHARMACEUTICALS (PVT) LTD,INDIA,VIV PHARMA (PVT) LTD
TRANEXAMIC ACID TABLETS BP 500MG,TRENAXA 500,TABLET,5X6'S,ALU ALU STRIPS,Macleods Pharmaceuticals Ltd,INDIA,Sunshine Healthcare lanka Ltd
SALICYLIC ACID 40% MEDICATED PLASTER,CARNATION CORN CAPS,MEDICATED PLASTER,5 MEDICATED PLASTER,MEDICATED PLASTER,Cuxson Gerrard & Co  Ltd,UNITED KINGDOM,Sunshine Healthcare lanka Ltd
OXCARBAZEPINE TABLETS 300MG,TRILEPTAL 300,TABLET,5X10'S (50'S),BLISTER PACK,Novartis Farma S.pA Italy for Novartis pharma AG,ITALY,A Baur & Co  (Pvt) Ltd
OCTREOTIDE ACETATE LAR POWDER FOR SUSPENTION FOR INJECTION 30MG,SANDOSTATIN LAR 30MG,POWDER FOR INJECTION,*,1PFSYof 2ml+1 needle,Novartis Pharmaceutical Manufacturing  GmbH,SWITZERLAND,A Baur & Co  (Pvt) Ltd
ROSUVASTATIN TABLETS 5MG,ROSTAT 5,TABLET,"5X10'S , 1X4'S",BLISTER,Atoz Pharmaceuticals (Pvt) Ltd,INDIA,Euro Asian Pharma (Pvt) Ltd
ACECLOFENAC TABLETS 100MG,ZOFEN 100,TABLET,10 X 10'S,ALU PVC BLISTER,Zota Healthcare Ltd,INDIA,Alaris Lanka (Pvt) Ltd
DICLOFENAC GEL BP 1% W/W,DICLOMOL,GEL,20 G,ALUMINIUM COLLAP TUB,G S Pharmabutor (Pvt) Ltd,INDIA,Robert Hall & Co Ltd
FILGRASTIM INJECTION PH EUR 300 MCG,NEUTROMAX 300,SOLUTION FOR INJECTION,1'S,USP TY 1 GLS PFSY,"BIOSIDUS S A U,",ARGENTINA,ABC Pharma Services Pvt. Ltd
OMEPRAZOLE DELAYED RELEASE CAPSULES USP 20MG,ZECID-20,CAPSULES,10X10'S 1000'S,"ALU ALU STRIP, HDPE",Zee Laboratories,INDIA,ABC Pharma Services Pvt. Ltd
FUROSEMIDE TABLETS BP 40MG,***,TABLET,1X10' 3X10 6X10',ALU PVC PVDC BLS/HDP,Sands Active Pvt Ltd,SRI LANKA,***
DOCUSATE SODIUM EAR DROPS MG/ML (0.5%),MOLCER SE,EAR DROPS,15 ML GLASS DROP BOT,15 ML DROP BOTTLE,Wallace Manufacturing Chemists Ltd,UNITED KINGDOM,Axero Associates (Pvt) Ltd
DUTASTERIDE CAPSULES 0.5MG,AVODART 0.5MG,SOFT GELATIN CAPSULES,3X10'S,ALU PVC BLISTER,Delpharm Poznan S.A,POLAND,A Baur & Co  (Pvt) Ltd
TADALAFIL TABLETS USP 20MG,DURON 20,TABLET,1X4'S,ALU ALU BLISTER,Macleods Pharmaceuticals Ltd,INDIA,Sunshine Healthcare lanka Ltd
DULOXETINE CAPSULES USP 20MG,LYTA,CAPSULES,14'S (2X7)'S,ALU ALU BLISTER,Getz Pharma (Pvt) Ltd,PAKISTAN,Hemas Pharmaceuticals (Pvt) Ltd
TOPIRAMATE TABLETS USP 25MG,EPIMATE 25,TABLET,10X10'S,ALU ALU BLISTER,Torrent Pharmaceuticals Ltd,INDIA,Edna Medicals (Pvt) Ltd
MILRINONE LACTATE INJECTION 10MG/10ML,MILICOR,INJECTION,1X10ML AMPOULE,USP TY 1 CLEAR AMP,Samarth Life Sciences (Pvt) Ltd,INDIA,Pharma Associates
VITAMIN C CHEWABLE TABLETS 500MG,CEE STRAWBERRY,CHEWABLE TABLETS,50X2'S 1600X2'S,STRIPS,Contract Manufacuring & Packging Services pty Ltd,AUSTRALIA,Alaris Lanka (Pvt) Ltd
PAEDIATRIC PARACETAMOL ORAL SOLUTION BP 120MG/5ML,KELVIN SYRUP,ORAL SOLUTION,500ML,CLEAR PET BOTTLE,Leben Laboratories (Pvt) Ltd,INDIA,Ceyoka (Pvt) Ltd
LABETALOL INJECTION BP 100MG/20 ML,BETALAB,INJECTION,"1X20ML, 10X20ML",USP TY 1 CLEAR GLS,kelun lifesciences(Pvt) Ltd,SRI LANKA,***
HYDROCORTISONE SODIUM SUCCINATE FOR INJECTION USP 100MG,HYBRU,POWDER FOR INJECTION,"100MG/VIAL 10,50VIAL",GLASS VIAL TY 111,Brawn Laboratories Ltd,INDIA,Ceyoka (Pvt) Ltd
CHLORPHENAMINE TABLETS BP 4MG,AGO-CPM,TABLET,"10X10'S , 1000'S",ALU PVC BLISTER,Agog Pharma Ltd,INDIA,lifeServ (Pvt) Ltd
GLICLAZIDE TABLETS BP  80MG,***,TABLET,10X10'S,ALU ALU STRIP,UNIQUE PHARMACEUTICAL LABORATORIES,INDIA,George Steuart Health Pvt Ltd
TAMSULOSIN HYDROCHLORIDE CAPSULES USP 0.4MG,TAMSUMAC 0.4,CAPSULES,3X10'S,BLISTER,Macleods Pharmaceuticals Ltd,INDIA,Sunshine Healthcare lanka Ltd
ENALAPRIL MALEATE TABLETS USP 10MG,MACPRIL 10,TABLET,10X10'S,ALU ALU STRIP PACK,Macleods Pharmaceuticals Ltd,INDIA,Sunshine Healthcare lanka Ltd
AZITHROMYCIN POWDER FOR ORAL SUSPENSION USP 200MG/5ML,ZITHROCIN,POWDER FOR ORAL SUSPENSION,15 ML,AMB GLASS BOTTLE,Astron Limited,SRI LANKA,***
OXALIPLATIN INJECTION USP 5MG/ML(100MG/20ML),OXALIZYD 100,INJECTION,20ML,GLASS VIAL,Zydus Hospira Oncology (Pvt) Ltd,INDIA,Hemas Pharmaceuticals (Pvt) Ltd
ACECLOFENAC TABLETS 100MG,ZIX,TABLET,3X10'S,BLISTER,Jenburkt Pharmaceuticals Ltd,INDIA,Hemas Pharmaceuticals (Pvt) Ltd
GABAPENTIN CAPSULES USP 300MG,GABIX,CAPSULES,1X10'S,ALU PVDC BLISTER,Getz Pharma (Pvt) Ltd,PAKISTAN,Hemas Pharmaceuticals (Pvt) Ltd
POVIDONE IODINE TOPICAL SOLUTION USP 10% W/V,PYODINE,TOPICAL SOLOTION,"60ML, 450ML,500ML",HDPE JAR,Brookes Pharma (Pvt) Ltd,PAKISTAN,Hemas Pharmaceuticals (Pvt) Ltd
MOXIFLOXACIN HYDROCHLORIDE OPTHALMIC SOLUTION 0.5% W/V,VIGAMOX,EYE DROPS,5 ML,LDPE BOTTLE,"ALCON RESERCH LLC,",UNITED STATES,A Baur & Co  (Pvt) Ltd
CALCIUM WITH VITAMIN D TABLETS USP,CALTAMIN -D,TABLETS,60'S,HDPE BOTTLE,BIOLAB CO. LTD,THAILAND,George Steuart Health Pvt Ltd
CLINDAMYCIN PHOSPHATE VAGINAL CREAM USP 2%,VAGIBACT VAGINAL CREAM 2%,VAGINAL CREAM,1'S (40G),ALUMINIUM TUBE,Nabiqasim Industries (Pvt) Ltd,PAKISTAN,George Steuart Health Pvt Ltd
ACECLOFENAC SUSTAINED RELEASE CAPSULES 200MG,ACHAID,CAPSULES,"10X10'S, 5X10'S",PVC PVDC BLISTER,Inventia Healthcare (Pvt) Ltd,INDIA,Emerchemie NB (Ceylon) Ltd
COMPOUND SODIUM LACTATE INTRAVENOUS INFUSION BP (RINGER LACTATE SOLUTION FOR INJECTION),***,SOLUTION FOR INFUSION,500ML,PE CONTAINER,Fresenius Kabi India Pvt Ltd,INDIA,Hemas Pharmaceuticals (Pvt) Ltd
CETRIZINE HYDROCHLORIDE TABLETS 5 MG,ALLERCET PEDTABS,DISPERSIBLE TABLETS,10X10'S,ALU ALLU STRIP,Micro Labs Limited,INDIA,Micro Healthcare (Pvt) Ltd
ADAPALENE 0.1%w/w+CLINDAMYCIN PHOSPATE 1% w/w,ADACIN,GEL,15 G,AL COLLAPSIBLE TUBE,Ajantha Pharma Ltd,INDIA,A Baur & Co  (Pvt) Ltd
GEMCITABINE FOR INJECTION USP  200MG,JOCITAM,POWDER FOR INJECTION,1 Vial per pack,Clear Tubular Ty 1GV,Jodas Expoim Pvt Ltd,INDIA,Softcare International (Pvt) Ltd
ESOMEPRAZOLE TABLETS 40MG,OPTON 40,TABLET,3X10'S,ALU ALU BLISTER,Beximco Pharmaceuticals Ltd,BANGLADESH,Emerchemie NB (Ceylon) Ltd
FEXOFENADINE HYDROCHLORIDE TABLETS USP 180MG,AXODIN 180,TABLET,3X10'S,ALU PVC BLISTER,Beximco Pharmaceuticals Ltd,BANGLADESH,Emerchemie NB (Ceylon) Ltd
DULOXETINE HYDROCHLORIDE PROLONG RELEASE CAPSULES 60MG,DILINER DR 60,CAPSULES,3X6'S,ALU ALU BLISTER,Square Pharmaceuticals Ltd,BANGLADESH,CIC Holdings PLC
TRANEXAMIC ACID CAPSULES 250MG,TRANSAMIN,CAPSULES,10X10'S,BLISTER,Hilton  Pharma (Pvt) Ltd,PAKISTAN,Sunshine Healthcare lanka Ltd
CELECOXIB CAPSULES 200MG,Cox-B 200,CAPSULES,"50'S, 100'S",ALU PVDC BLISTER,Beximco Pharmaceuticals Ltd,BANGLADESH,Emerchemie NB (Ceylon) Ltd
LEVOCETIRIZINE DIHYDROCHLORIDE TABLETS USP 5MG,L-CEZEN,TABLET,"3X10'S, 1X10'S",ALU PVC,Akums Drugs & Pharmaceuticals Ltd,INDIA,Darley Butler  & Co Ltd
TIZANIDINE TABLETS USP 2MG,MULAX-2,TABLET,"5X10'S, 1X4'S",ALU ALU BLISTER,Atoz Pharmaceuticals (Pvt) Ltd,INDIA,Euro Asian Pharma (Pvt) Ltd
AZITHROMYCIN TABLETS USP 500MG,ZITREX 500,TABLET,2X4'S,BLISTER,Medicon Pharmaceuticals Ltd,BANGLADESH,Tranz Pharma Hodlings (Pvt) Ltd
IBUPROFEN TABLETS B.P 400MG,***,FILM COATED TABLETS,10X10' 50X10' 100',"ALU PVC BLS,HDPE",Micro Labs Limited,INDIA,Kamazu (Pvt) Ltd
FLUTICASONE AND SALMETEROL PRESSURISED INHALATION SUSPENSION BP 250MCG/25MCG,SEROFLO 250 HFA,METERED DOSE INHALER,120 METER DO.MEDICAT,ALUMINIUM CONT.,Cipla Ltd,INDIA,Breathe Free Lanka (Pvt) Ltd
FOLLITROPIN ALFA (r-hFSH) 150 IU+ LUTROPIN ALFA (r-hLH) 75IU POWDER AND SOLVENT AND SOLUTION FOR INJECTION,PERGOVERIS 150IU-75IU,POWDER & SOLVENT FOR SOLUTION OF INJECTION,3ML,TY 1 GLASS VIAL,Merck Serono SA,SWITZERLAND,A Baur & Co  (Pvt) Ltd
MYCOPHENOLATE MOFETIL TABLETS USP 250MG,MYCOMOF 250,TABLETS,3X10' 10X10',ALU PVC PVDC,Celogen Lanka (Pvt) Ltd,SRI LANKA,***
AMOXICILLIN AND CLAVULANATE POTASSIUM TABLETS USP 625MG,ENHANCIN 625MG,TABLET,10'S   20'S,PVC PVDC BLISTER,Sun Pharmaceutical industries,INDIA,Hemas Pharmaceuticals (Pvt) Ltd
CETRIZINE TABLETS BP 10MG,ZYNCET,TABLET,5X10'S  4X5X10'S,ALU PVC PVDC BLISTER,Unichem Laboratories LTD,INDIA,A Baur & Co  (Pvt) Ltd
AZITHROMYCIN CAPSULES USP 250MG,AZ-1 250,CAPSULES,1X6' 5X1X6',ALU PVC BLISTER,Kopran Ltd,INDIA,Alaris Lanka (Pvt) Ltd
LETROZOLE TABLETS USP 2.5MG,LETROZ,TABLET,5X5'S,ALU PVC BLISTER,Sun Pharmaceutical industries,INDIA,Hemas Pharmaceuticals (Pvt) Ltd
CLOBETASOL OINTMENT BP  0.05% W/W,CB SOL,OINTMENT,15 G,ALU TUBE,Unijules Life Sciences Ltd,INDIA,Softlogic Pharmaceuticals (Pvt( Ltd
AMOXICILLIN AND CLAVULANATE POTASSIUM TABLETS USP 375 MG,AMCLAV 375,TABLET,"3X6'S,   4X6'S",ALU ALU BLISTER,Square Pharmaceuticals Ltd,BANGLADESH,CIC Holdings PLC
CARBIMAZOLE TABLETS 5 MG,CARBIMAC 5,TABLET,10'S   5X10'S,ALU PVC BLISTER,Macleods Pharmaceuticals Ltd,INDIA,Emerchemie NB (Ceylon) Ltd
DOMPERIDONE TABLETS 10MG,EMELIUM,TABLET,3X10'  1X10'  20X10,ALU PVC BLISTER,Micro Labs Limited,INDIA,Micro Mega Lanka (Pvt) Ltd
CALCITONIN (SALMON) NASAL SPERY 200 IU PER/SPRAY,CITONAP 200,NASAL SPRAY,1'S (3.7ML),TRANSPARENT GLASS VI,Sava Healtheare Ltd,INDIA,Emerchemie NB (Ceylon) Ltd
AMOXICILLIN AND CLAVULANATE POTASSIUM FOR ORAL SUSPENSION USP 156.25MG/5 ML,ENHANCIN 156.25,POWDER FOR ORAL SUSPENSION,1'S (100ML),HDPE BOTTLE,Sun Pharmaceutical industries,INDIA,Hemas Pharmaceuticals (Pvt) Ltd
KETOTIFEN SYRUP 1MG/5ml,ASTIFEN,SYRUP,60ML,AMB GLASS BOTTLE,PT KALBE FARMA TBK,INDONESIA,Hemas Pharmaceuticals (Pvt) Ltd
CO-AMOXICLAV TABLETS BP 625MG,XOMOX CV 625,TABLET,3X10'S,ALU ALU STRIP,Twenty Fist Century Pharmaceutical Pvt Ltd,INDIA,Alaris Lanka (Pvt) Ltd
CARVEDILOL TABLETS  6.25MG,CADALOL 6.25,TABLET,"1X10S' , 10X10'S",ALU LAU STRIP,Macleods Pharmaceuticals Ltd,INDIA,Sunshine Healthcare lanka Ltd
CEFUROXIME AXETIL TABLETS BP 500MG,ZOCEF 500,TABLET,1X10'S,ALU ALU BLISTER,Alkem Laboratories Ltd,INDIA,Emerchemie NB (Ceylon) Ltd
ACiCLOVIR TABLETS BP 800MG,HERPERAX 800,TABLET,2X10' 1X10'   10X10,ALU PVC BLISTER,Micro Labs Ltd,INDIA,Micro Mega Lanka (Pvt) Ltd
KETOTIFEN TABLETS 1MG,KETOTIF,TABLET,10X10'S,BLISTER,Kopran Ltd,INDIA,Alaris Lanka (Pvt) Ltd
CETIRIZINE DIHYDROCHLORIDE TABLET 10MG,CETRICON,TABLET,"100'S, 10'S",BLISTER,EMIL PHARMACEUTICAL INDUSTRIES (PVT) LTD,INDIA,Emerchemie NB (Ceylon) Ltd
PROLONGED RELEASE DICLOFENAC TABLETS 100 MG,DYCON SR,TABLETS,10X10'S,BLISTER,Hovid Berhad,MALAYSIA,Mansel (Ceylon) (Pvt) Ltd
SALINE NASAL SOLUTION 0.74% W/V,SINAREST-S,NASAL SOLUTION,15 ML,PLASTIC BOTTLE,Centaur Pharmaceutical (Pvt) Ltd,INDIA,George Steuart Health Pvt Ltd
FULVESTRANT INJECTION 250MG/5ML,***,INJECTION,"2 PFSY,2NEDDLE SINGL",5ML SYRINGE+RUBBER,Chia Tai Tianqing pharmaceutical group co ltd,CHINA,Gulf Pharma (Pvt) Ltd
ERYTHROPOIETIN INJECTION BP 2000IU/0.5ML,RELIPOIETIN 2000IU,INJECTION,0.5ML,USP TY 1 PFS,Reliance Life Sciences (Pvt) Ltd,INDIA,ABC Pharma Services Pvt. Ltd
CEFOPERAZONE AND SALBACTAM FOR INJECTION 1G,C-BACTAM,POWDER FOR INJECTION,20ML,USP TY III GLS VIAL,VHB Medi Sciences Ltd,INDIA,Yaden International (Pvt) Ltd
PREDNISOLONE ORAL SOLUTION 5MG/5ML,P-CORT,ORAL SOLUTION,60ML 50ML 30ML,PET BOTTLE,Globe Pharmaceuticals Ltd,BANGLADESH,Tabrane Healthcare (Pvt) Ltd
DIFLUCORTOLONE VALERATE 0.1% + ISOCONAZOLE NITRATE 1% CREAM,TRAVAZOL,CREAM,15G,ALUMINIUM TUBE,Bilim Ilac Sanayi Ve Ticaret Anonim Sirketi,TURKEY,Slim Pharmaceuticals (Pvt) Ltd
METFORMIN HYDROCHLORIDE SUSTAINED RELEASE TABLETS 500MG,MELMET 500 SR,TABLET,10X10'S    1X10'S,ALU PVDC BLISTER,Micro Labs Limited,INDIA,Micro Mega Lanka (Pvt) Ltd
EZETIMIBE TABLETS 10MG,MIBE 10,TABLET,10X10'S 01X4'S,ALU ALU BLISTER,Atoz Pharmaceuticals (Pvt) Ltd,INDIA,Euro Asian Pharma (Pvt) Ltd
AZITHROMYCIN CAPSULES USP 250MG,AZITHROCIN,CAPSULES,"10'S ,  30'S",ALU PVC BLISTER,Beximco Pharmaceuticals Ltd,BANGLADESH,Emerchemie NB (Ceylon) Ltd
HUMAN ALBUMIN SOLUTION FOR INFUSION 20G/I,***,SOLUTION FOR INFUSION,"50ML, 100ML",GLASS VIAL,Takeda Manufacturing Austria AG,AUSTRIA,A J Medichem international Ltd
AMOXICILLIN 500MG + CLAVULANIC ACID 125MG  TABLETS,AUGMENTIN 625MG,TABLET,14'S,ALU PVC BLISTER,Smithkline Beecham Pharmaceuticals,UNITED KINGDOM,A Baur & Co  (Pvt) Ltd
AZITHROMYCIN TABLETS BP 250MG,ZAHA 250,TABLET,"1X6'S,10X(1X6')",ALU PVC BLISTER,Ajantha Pharma Ltd,INDIA,A Baur & Co  (Pvt) Ltd
AMOXICILLIN CAPSULES BP 250MG,RANOXYL 250,CAPSULES,"10'S, 24X10'S",ALU PVC BLISTER,Sun Pharmaceutical industries,INDIA,Hemas Pharmaceuticals (Pvt) Ltd
COLCHICINE TABLETS BP 0.5MG,**,TABLETS,100'S,HDPE JAR,Mercury Laboratories Ltd,INDIA,Yaden International (Pvt) Ltd
THIAMINE TABLETS BP 100MG,***,TABLET,10X10'S 100;S 1000'S,"ALU ALU BLISTER ,JAR",Centurion Laboratories Pvt Ltd,INDIA,Yaden International (Pvt) Ltd
DICLOFENAC SODIUM SUPPOSITORIES 100MG,ALMIRAL 100 MG,SUPPOSITORIES,10'S 2'S,ALU ALU BLISTER,Medochemie Ltd,CYPRUS,Associated Laboratories (Pvt) Ltd
LIDOCAINE HYDROCHLORIDE JELLY 2%,XYLOCAINE JELLY 2%,GEL,30GX 10'S,ALU COLLAP TUBE,Recipharm Karlskoga AB,SWEDEN,Hemas Pharmaceuticals (Pvt) Ltd
DICLOFENAC SODIUM DELAYED RELEASE TABLETS USP 50MG,***,TABLETS,500'S 1000'S 20X10'S,"HDPE BOTT,BLIS STRIP",State Pharmaceuticals Manufacturer Corporation,SRI LANKA,***
BENZOYL PEROXIDE GEL BP 2.5% W/W,PERNEX AC 2.5%,GEL,"20G, 5G",LAMINATED COLLAPSIBL,Blossom Pharmaceuticals,INDIA,George Steuart Health Pvt Ltd
LAPATINIB TABLETS IP 250MG,LANIB,TABLETS,30'S,HDPE BOTTLE,BDR Pharmaceuticals International (Pvt) Ltd,INDIA,Pharma Associates (Pvt) Ltd
CISPLATIN INJECTION BP 10MG IN 10ML,PLATINEX,SOLUTION FOR INJECTION,"10ML, 50ML",AMB USP TY 1 GLS VIA,Khandelwal Laboratories Ltd,INDIA,Ceyoka (Pvt) Ltd
DEXAMETHASONE TABLETS BP 0.5MG,DEMASONE,TABLET,1000 TABLETS,HDPE JAR,MAGBRO HEALTHCARE (PVT) LTD,INDIA,ABC Pharma Services Pvt. Ltd
INFANT CARMINATIVE SYRUP(SODIUM BICARBONATE1.0% *W/V)+DILL OIL 0.1%(V/V),GAMMA'S GRIPE MIXTURE,SYRUP,100ML,AMB GLASS BOTTLE,"GAMMA INTERPHARM PVT LTD,",SRI LANKA,***
ENALAPRIL MALEATE TABLETS USP 5 MG,RENITEC,TABLET,"2X10'S,   5X10'S",ALU ALU BLISTER,SEARLE PAKISTAN LIMITED,PAKISTAN,Morison Limited
AMOXYCILLIN & CLAVULANATE POTASSIUM ORAL SUSPENSION USP 156.25mg/5ML,CLEDOMOX 156.25,POWDER FOR SUSPENSION,100ML,HDPE BOTTLE,Medopharm (PVT Ltd,INDIA,Sunshine Healthcare lanka Ltd
ATORVASTATIN TABLETS 20MG,VASOLIP 20,TABLET,10X10'S,ALU ALU BLISTER,UNIQUE PHARMACEUTICAL LABORATORIES,INDIA,George Steuart Health Pvt Ltd
METFORMIN TABLETS BP 850MG,GLUCOTRUST 850,TABLETS,10X10'S,ALU-PVC BLISTER,Centaur Pharmaceutical (Pvt) Ltd,INDIA,George Steuart Health Pvt Ltd
LOSARTAN POTASSIUM TABLETS USP 50MG,LOSATRUST 50,TABLET,10X10'S,ALU BLISTER,Centaur Pharmaceutical (Pvt) Ltd,INDIA,George Steuart Health Pvt Ltd
OMEPRAZOLE DELAYED RELEASE CAPSULES USP 20MG,OCID 20,CAPSULES,10X10'S,ALU STRIP PACK,ZYDUS LIFESCIENCES LIMITED,INDIA,Sunshine Healthcare lanka Ltd
TRAVOPROST OPHTHALMIC SOLUTION USP 0.004% W/V,AVATAN,OPHTHALMIC SOLUTION,3ML,LDPE DROP BOTTLE,Aristopharma Ltd,BANGLADESH,Hemas Pharmaceuticals (Pvt) Ltd
DOMPERIDONE ORAL SUSPENSION IP 5MG/5ML,MOTIVOM,ORAL SUSPENSION,60ML,AMB COL PET BOTTLE,Sachitra Medicare Services (Pvt) Ltd,SRI LANKA,***
IMATINIB HARD CAPSULES 100MG,FIDUSIA,CAPSULES,1X10'S 120'S,BLSTER,AS Grindeks Krustpils,LATVIA,Baur Life Sciences (Pvt) Ltd
CETIRIZINE TABLETS BP 10MG,COPE,TABLET,6X10'S,ALU PVC BLISTER,Unimax Laboratories,INDIA,Hemas Pharmaceuticals (Pvt) Ltd
CITALOPRAM TABLETS USP 10MG,CITOPAM 10,TABLET,3X10'S,ALU PVC CLEAR BLISTE,Sun Pharma Laboratories Ltd,INDIA,Emerchemie NB (Ceylon) Ltd
CARBOCISTEINE CAPSULES 500MG,SOLMUX,CAPSULES,100'S,ALUMINIUM FOIL STRIP,UNILAB Inc,PHILIPPINES,George Steuart Health Pvt Ltd
GENTAMICIN INJECTION BP 40MG/ML,***,SOLUTION FOR INJECTION,2ML,AMB AMPOULE,Pharmafabrikon,INDIA,Novachem Lanka (Pvt) Ltd
LOW CALCIUM 2.5MEg/l PERITONEAL DIALYSIS SOLUTION WITH DEXTROSE 2.5% W/V,SOFT FLOW SC PERITONE-2.5,DIALYS SOLUTION,5L 2L,POLYPROPYLENE BAG,Peritone Health SDN BHD,MALAYSIA,Infuxion Lanka (Pvt) Ltd
CLARITHROMYCIN TABLETS USP 250MG,E-CLAR,TABLETS,"1X10'S, 1X2'S",ALU ALU BLISTER,Tabros Pharma (Pvt) Ltd,PAKISTAN,Associated Laboratories (Pvt) Ltd
LOW CALCIUM 2.5MEg/l PERITONEAL DIALYSIS SOLUTION WITH DEXTROSE 4.25% W/V,SOFT FLOW SC PERITONE-4.25,DIALYS SOLUTION,"2L , 5L",POLYPROPYLEN BAG WTI,Peritone Health SDN BHD,MALAYSIA,Infuxion Lanka (Pvt) Ltd
DILTIAZEM HYDROCHLORIDE TABLETS USP 30MG,DILZEM 30,TABLET,2X5X10'S,ALU PVC BLISTER,Torrent Pharmaceuticals Ltd,INDIA,Edna Medicals (Pvt) Ltd
LINEZOLID TABLETS 600MG,LINOSEPT 600,TABLET,4X5'S,ALU ALU STRIP,Micro Labs Limited,INDIA,Micro Healthcare (Pvt) Ltd
ATORVASTATIN CALCIUM TABLETS USP 10MG,THEOSTAT 10,TABLETS,"1000 JAR, 10X10'S","ALU ALU BLISTER,JAR",Theon Pharmaceuticals Ltd,INDIA,Slim Pharmaceuticals (Pvt) Ltd
ATORVASTATIN TABLETS IP 10MG,LDL 10,TABLET,10X10'S,ALU ALU BLISTER,Pharmafabrikon,INDIA,Novachem Lanka (Pvt) Ltd
TERBINAFINE HYDROCHLORIDE CREAM 1% W/W,TERBISIL CREAM,CREAM,"10G,30G",ALUMINIUM TUBE,Saffron Pharmaceutical (Pvt) Ltd,PAKISTAN,Truvic Private Ltd
AZITHROMYCIN TABLETS BP 500MG,ZITHROX 500,TABLETS,2X3'S,BLISTER,Eskayef Pharmaceuticals Ltd,BANGLADESH,Truvic Private Ltd
LOSARTAN POTASSIUM TABLETS USP  25MG,LOSATRUST 25,TABLET,10X10'S,ALU BLISTER,Centaur Pharmaceutical (Pvt) Ltd,INDIA,George Steuart Health Pvt Ltd
CABOZANTINIB CAPSULES 80MG,CABONIB 80,HARD GELATIN CAPSULE,30;60'90; &120'S,HDPE JAR,Julphar Bangladesh Ltd,BANGLADESH,Tabrane Healthcare (Pvt) Ltd
CLOZAPINE TABLETS IP 100MG,CLONIA 100,TABLET,10X10'S 50X10'S,BLISTER PACKING,Pharmafabrikon,INDIA,Novachem Lanka (Pvt) Ltd
LETROZOLE TABLETS USP 2.5MG,LEROZOL TABLET,TABLET,6X5'S 2X5'S,AL PVDC BLISTER,Square Pharmaceuticals Ltd,BANGLADESH,CIC Holdings PLC
IRON POLYMALTOSE COMPLEX  SYRUP,FERRY,SYRUP,"60ML, 120ML",AMB GLASS BOTTLE,Tabros Pharma (Pvt) Ltd,PAKISTAN,Associated Laboratories (Pvt) Ltd
SALBUTAMOL PRESSURIED INHALER BP  200MCG/DOSE,ASTHMASOL,METERED DOSE INHALER,1'S INH/BOX(200 DOSE,ALUMINIUM CONTAINER,heilongjiang  Province Fulekang Pharmaceutical Company Ltd,CHINA,Ceyoka (Pvt) Ltd
FORMOTEROL FUMARATE 6MCG & BUDESONIDE 400MCG METERED DOSE INHALER,FORB 400 HFA,METERED DOSE INHALER,120 DOSES,19 CC ANODIZED AL.CA,MIDAS CARE PHARMACEUTICALS PVT LTD,INDIA,Softlogic Pharmaceuticals (Pvt( Ltd
FUSIDIC ACID CREAM BP 2%  W/W,BACTAFUZ CREAM,CREAM,15G,ALUMINUM COLLAP TUBE,Encube Ethicals (Pvt) Ltd,INDIA,Hemas Pharmaceuticals (Pvt) Ltd
FLUCONAZOLE CAPSULES 150MG,FLUGAL 150,CAPSULES,10'S,ALU ALU BLISTER,Square Pharmaceuticals Ltd,BANGLADESH,CIC Holdings PLC
PENTOXIFYLLINE EXTENDED RELEASE TABLETS USP 400MG,OXIFYL CR,TABLET,3X10'S,ALU ALU BLISTER,Square Pharmaceuticals Ltd,BANGLADESH,CIC Holdings PLC
PREGABALIN CAPSULES 50MG,NEUROLIN 50,CAPSULES,30'S,ALU ALU BLISTER,Square Pharmaceuticals Ltd,BANGLADESH,CIC Holdings PLC
OXALIPLATIN FOR INJECTION 100MG,OXALTIE,LYOPHILIZED POWDER FOR INJECTION,1 VIAL PACK,GLASS VIAL,LABORATORIO KEMEX S.A,ARGENTINA,Emerchemie NB (Ceylon) Ltd
DICLOFENAC SODIUM SUPPOSITORY 25 MG,CLOFENAC 25 SUPPOSITORY,SUPPOSITORIES,2X5'S,PVC PE BLISTER,Square Pharmaceuticals Ltd,BANGLADESH,CIC Holdings PLC
CEFIXIME FOR ORAL SUSPENSION USP 100MG/5ML,CEF 3,POWDER FOR ORAL SUSPENSION,50ML,AMB GLASS BOTTLE,Square Pharmaceuticals Ltd,BANGLADESH,CIC Holdings PLC
BETAMETHASONE SODIUM PHOSPHATE  DROPS FOR EYE/EAR AND NOSE 0.1% W/V,PROBETA,"EYE,EAR & NASAL DROPS",1'S (7.5ML),DROPPER BOTTLE,ATCO Laboratories Limited,PAKISTAN,Morison Limited
LIDOCAINE INJECTION BP 2% W/V,LIDORIGHT,INJECTION,"5ML,20ML & 30ML",AMB GLASS VIAL,Alvita Pharma (Pvt) Ltd,INDIA,Chamee Chemist
MEROPENEM FOR INJECTION USP 500MG VIAL,SPECBAC 500,INJECTION,500MG/VIAL,GLASS VIAL,Square Pharmaceuticals Ltd,BANGLADESH,CIC Holdings PLC
PREGABALIN CAPSULES 75MG,NEUROLINE 75,CAPSULES,3X10'S,ALU ALU BLISTER,Square Pharmaceuticals Ltd,BANGLADESH,CIC Holdings PLC
MIDAZOLAM INJECTION BP 5MG/ML,VERZOL,INJECTION,"1MLX10'S, 10X10X1ML/",AMB GLS AMPOULE,Verve Human Care Laboratories,INDIA,Leader Pharma Agency (Pvt) Ltd
INSULIN ASPART BIPHASIC (rDNA) INJECTION 100U/ML,NOVOMIX 30 PENFIL,INJECTION,3ML 5'S,GLASS CARTRIDGE5'S,NOVO NORDISK A/S,DENMARK,Sunshine Healthcare lanka Ltd
ADAPALENE BP 1MG+ CLINDAMYCIN PHOSPHATE USP 10MG GEL,DERIVA-C  GEL,GEL,15G,LAMI TUBE,Glenmark Pharmaceuticals Ltd,INDIA,Sunshine Healthcare lanka Ltd
GENTAMICIN EYE/EAR DROPS 0.3% W/V,GARACIN,EYE & EAR DROPS,5ML,PLASTIC BOTTLE,Belco Pharma (Pvt) Ltd,INDIA,Pharma Tec (Pvt) Ltd
DICLOFENAC SODIUM SUPPOSITORY 50 MG,CLOFENAC 50 SUPPOSITORY,SUPPOSITORIES,2X5'S,PVC PE BLISTER,Square Pharmaceuticals Ltd,BANGLADESH,CIC Holdings PLC
DICLOFENAC PROLONGED RELEASE TABLETS BP 100MG,CLOFENAC SR,TABLET,10X10;'S,ALU PVC BLISTER,Square Pharmaceuticals Ltd,BANGLADESH,CIC Holdings PLC
AMLODIPINE BESYLATE TABLETS USP 5MG,AMLOCIAN 5,TABLET,10X10 TABLETS/PACK,ALU ALU BLISTER,Cian Healthcare Ltd,INDIA,Cliniqon Biotech Pvt. Ltd
ESOMEPRAZOLE CAPSULES  40MG,NEXPRAZOLE 40,CAPSULES,2X7'S,ALU ALU BLISTER,SEARLE PAKISTAN LIMITED,PAKISTAN,Emerchemie NB (Ceylon) Ltd
BECLOMETASONE PRESSURISED INHALATION BP 100 MCG ACTUATION,DECOMIT 100 HFA,INHALATION AEROSOL,200 MTD,ALU CANISTER,Beximco Pharmaceuticals Ltd,BANGLADESH,Emerchemie NB (Ceylon) Ltd
ALBUMIN (HUMAN) USP 25% SOLUTION FOR INFUSION,ALBUTEIN 25%,SOLUTION FOR INFUSION,"50ML, 100ML",GLASS BOTTLE,Grifols Biological LLC,UNITED STATES,Mansel (Ceylon) (Pvt) Ltd
LOPINAVIR AND RITONOVIR TABLETS USP 200MG/50MG,RITOCOM,TABLET,"120'S, 60'S",HDPE JAR,Hetero Labs Ltd,INDIA,Mansel (Ceylon) (Pvt) Ltd
LEVOTHYROXINE SODIUM TABLETS 50MCG,T450 MONTPELLIER,TABLET,"10X10'S, 5X10'S","PVC AMB, ALU BLISTER",Quimica Montpellier SA,ARGENTINA,Emerchemie NB (Ceylon) Ltd
FLUTICASONE FUROATE NASAL SPRAY 27.5 MCG/SPRAY,AVAMYS NASAL SPRAY,NASAL SPRAY SUSPENSION,120 SPRAYS,AMB COL.GLASS SPRAY,Glaxo Operations UK Ltd,UNITED KINGDOM,A Baur & Co  (Pvt) Ltd
LEVODOPA 250MG + CARBIDOPA 25MG TABLETS BP,SYNDOPA 275,TABLET,5X10'S,STRIP,Sun Pharma Laboratories Ltd,INDIA,Emerchemie NB (Ceylon) Ltd
IRON III HYDROXIDE POLYMALTOSE COMPLEX EQUIVALENT TO ELEMENTAL IRON 100MG+FOLIC ACID 0.35 MG TABLET,FEROSOFT- FA,TABLET,4X5'S,BLISTER PACK,Hilton  Pharma (Pvt) Ltd,PAKISTAN,Sunshine Healthcare lanka Ltd
CLOBETASOL CREAM BP 0.05% W/W,CLONATE 0.05% CREAM,CREAM,10G,ALU COLLAP TUBE,Square Pharmaceuticals Ltd,BANGLADESH,CIC Holdings PLC
FLUOXETINE CAPSULES USP 20MG,PRODEP,CAPSULES,6X10'S,ALU ALU STRIP,Sun Pharma Laboratories Ltd,INDIA,Emerchemie NB (Ceylon) Ltd
KETOPROFEN GEL BP 2.5% W/W,RELEEV,GEL,30G TUBE/PACK,ALU COLL. TUBE,Astron Limited,SRI LANKA,***
IRON III HYDROXIDE POLYMALTOSE 100MG + FOLIC ACID BP 0.35 MG CHEWABLE TABLETS,RBC-F,CHEWABLE TABLETS,2X10'S,ALU ALU BLISTER,Genix Pharma (Pvt ) Ltd,PAKISTAN,Emerchemie NB (Ceylon) Ltd
"SALMETEROL 50MCG, FLUTICASONE 250MCG POWDER FOR INHALATION",SERETIDE ACCUHALER/DISKUS,METERED DOSE INHALER,60 MTD,SEALED DISPENSER,Glaxo Wellcom Production Zone Industrille,FRANCE,A Baur & Co  (Pvt) Ltd
GLIBENCLAMIDE TABLETS BP 5MG,GD- CARE,TABLET,10X10'S,ALU PVC BLISTER,G D Laboratories (India) Pvt Ltd,INDIA,Softlogic Pharmaceuticals (Pvt( Ltd
AMOXICILLIN AND CLAVULANATE POTASSIUM TABLETS USP 375 MG,CLAVAMOX  250,TABLET,3X10'S,ALU ALU STRIP,P T Dankos Farma,INDONESIA,Hemas Pharmaceuticals (Pvt) Ltd
OLANZAPINE TABLETS USP 10MG,OLAN 10,TABLETS,10X10'S 3X10'S 1X10',ALU ALU BLISTER,Micro Labs Limited,INDIA,Micro Mega Lanka (Pvt) Ltd
OXALIPLATIN FOR INJECTION 50MG,OXALTIE 50,LYOPHILIZED POWDER FOR INJECTION,50MG (1VIAL OF 25ML),AMB TY 1 GLASS VIAL,Laboratories Kemex S.A,ARGENTINA,Emerchemie NB (Ceylon) Ltd
ONDANSETRON TABLETS USP 8MG,OFRAN 8,TABLET,3X10'S,BLISTER,Square Pharmaceuticals Ltd,BANGLADESH,CIC Holdings PLC
FORMOTEROL FUMARATE 6MCG & BUDESONIDE 200MCG METERED DOSE INHALER,FORB 200 HFA,METERED DOSE INHALER,120 DOSES,19 CC CAN& 50 VALVE,Midascare Pharmaceuticals (Pvt) Ltd,INDIA,Softlogic Pharmaceuticals (Pvt( Ltd
ZINC SULPHATE DISPERSIBLE TABLETS USP 20MG,SQUARE ZINC 20,DISPERSIBLE TABLETS,10X10'S,ALU PVDC BLISTER,Square Pharmaceuticals Ltd,BANGLADESH,CIC Holdings PLC
TELMISARTAN & HYDROCHLOROTHIAZIDE TABLETS USP 40MG/12.5MG,EVOSART-D 40/12.5MG,TABLET,2X7'S,ALU ALU BLISTER,PharmEvo (Pvt) Ltd,PAKISTAN,CIC Holdings PLC
GLYCEROL SUPPOSITORY 1.15 G,GLYSUP 1.15,SUPPOSITORY,30'S,PVC/PE STRIP PACK,Square Pharmaceuticals Ltd,BANGLADESH,CIC Holdings PLC
DOMPERIDONE TABLETS BP 10MG,MOTIGUT,TABLET,10X10'S,BLISTER,Square Pharmaceuticals Ltd,BANGLADESH,CIC Holdings PLC
ATORVASTATIN CALCIUM TABLETS 20 MG,MODLIP 20,TABLET,10X10'S,ALU ALU BLISTER,Torrent Pharmaceuticals Ltd,INDIA,Edna Medicals (Pvt) Ltd
SODIUM VALPROATE ORAL SOLUTION BP 200MG/5ML,VALOATE SYRUP,ORAL SOLUTION,100ML,AMB PET BOTTLE,Square Pharmaceuticals Ltd,BANGLADESH,CIC Holdings PLC
DICLOFENAC POTASSIUM TABLETS USP 50MG,KLIC,TABLET,2X10' 1X2' 1X4',ALU PVC BLISTER,Tabros Pharma (Pvt) Ltd,PAKISTAN,Associated Laboratories (Pvt) Ltd
IRON III HYDROXIDE  POLYMALTOSE COMPLEX EQUIVALENT TO ELEMENTAL IRON 50MG/5ML SYRUP,MUMFER SYRUP,SYRUP,150 ML,PET BOTTLE,Glenmark Pharmaceuticals Ltd,INDIA,Sunshine Healthcare lanka Ltd
MANNITOL 17.5% AND SORBITOL FOR PARENTERAL 2.5% SOLUTION FOR INTRAVENOUS INFUSION,OSMOFUNDIN,INTRAVENOUS INFUSION,250ML,LDPE CONTAINER,B BRAUN MEDICAL INDUSTRIES SDN BHD,MALAYSIA,B Braun Lanka (Pvt) Ltd
"L-ASPARAGINASE LYOPHILLSED POWDER FOR INJECTION 10,000 IU",L-GINASE,POWDER FOR INJECTION,I VIAL/PACK,GLASS VIAL,Getwell Pharma India Private Limited,INDIA,The Esses Pharmacy (Pvt) Ltd
VITAMIN C CHEWABLE TABLETS 100MG,CHEWETTE-C,ORANGE FLAVOURED CHEWABLE TABLETS,"60X12,100,150,24X30'","AMB GLS BOTT, SACHET","HOVID BERHAD, LOT 56442 FOR HOVID BERHAD, 121",MALAYSIA,Mansel (Ceylon) (Pvt) Ltd
BECLOMETHASONE DIPROPIONATE AQUEOUS NASAL SPRAY 0.1% W/V,BECLATE AQUANASE,NASAL SPRAY,7.5ML(150 MTD),GLS TY 1 SPRAY BOTTL,Cipla Limited,INDIA,Breathe Free Lanka (Pvt) Ltd
SALMETEROL 50MCG & FLUTICASONE PROPIONATE 250 MCG DRY POWDER CAPSULES,SEROFLO 250 DP CAPS,DRY POWDER INHALATION CAPSULES,10X10'S,ALU PVC PVDC BLISTER,Cipla Ltd,INDIA,Breeth Free Lanka (Pvt) Ltd
CLOBETASOL PROPIONATE TOPICAL SOLUTION 0.0568% W/V,CLODERM SCALP APPLICATION 0.05%,TOPICAL SOLUTION,30 ML,HDPE BOTTLE,Hoe Pharmaceuticals SDN BHD,MALAYSIA,Indoscan (Pvt) Ltd
SODIUM VALPROATE ORAL SOLUTION BP 200MG/5ML,VALPARIN 200,ORAL SOLUTION,100ML,AMB PET BOTTLE,Elysium Pharmacuticals Ltd,INDIA,Edna Medicals (Pvt) Ltd
POLYETHYLENE GLYCOL 3350 BP 13.125G+SODIUM CHLORIDE BP 350.7 MG+SODIUM BICARBONATE BP 178.5MG+ POTASSIUM CHLORIDE BP 46.6 MG POWDER FOR ORAL SOLUTION,MOVICOL,ORAL SOLUTION,10X13.81G SACHET,LAMINATED ALU SACHET,Win Medicare (Pvt) Ltd,INDIA,Robert Hall & Co Ltd
CELECOXIB CAPSULES 100MG,CELEDID 100,HARD GELATIN CAPSULE,10X10'S,ALU ALU BLISTER,Micro Labs Limited,INDIA,Micro Healthcare (Pvt) Ltd
MEROPENEM FOR INJECTION USP 500MG,MEROSAN 0.5,POWDER FOR INJECTION,20ML/VIAL,USP TY 1 GLS VIAL,PT Sanbe Farma,INDONESIA,Softlogic Pharmaceuticals (Pvt( Ltd
AMLODIPINE BESYLATE TABLETS USP 5MG,ANGIOPIN 5,TABLET,10X10'S,ALU ALU BLISTER PACK,G D Laboratories (India) Pvt Ltd,INDIA,Softlogic Pharmaceuticals (Pvt( Ltd
METHYLPREDNISOLONE SODIUM SUCCINATE FOR INJECTION USP 1G,***,POWDER FOR INJECTION,1'S (20ML),20ML USP TY 1,Swiss Parenterals (Pvt) Ltd,INDIA,PTC MEDIACL (PVT) LTD
METRONIDAZOLE INFUSION BP 0.5% W/V,***,INFUSION,100ML,PLASTIC INFUSION BOT,Hebei Tiancheng Pharmaceuticals Co Ltd,CHINA,Slim Pharmaceuticals (Pvt) Ltd
CLARITHROMYCIN TABLETS USP 250MG,GD CLAR 250,TABLET,"10X10'S ,3X10'S",ALU PVC BLISTER,G D Laboratories (India) Pvt Ltd,INDIA,Softlogic Pharmaceuticals (Pvt( Ltd
CALCITRIOL CAPSULES BP 0.25MCG,***,CAPSULES,"3X10'S, 10X10'S",ALU PVC BLISTER,Olive Healthcare,INDIA,Slim Pharmaceuticals (Pvt) Ltd
ROSUVASTATIN TABLETS 5MG,ROSULIN 5,TABLET,1X10'S 10X10'S,ALU ALU BLISTER,Highnoon Laboratories Ltd,PAKISTAN,Truvic Private Ltd
CEFIXIME FOR ORAL SUSPENSION USP 100MG/5ML,SOPRETIK,POWDER FOR SUSPENSION,"30ML , 60ML",AMB GLASS BOTTLE,PT Sanbe Farma,INDONESIA,Softlogic Pharmaceuticals (Pvt( Ltd
DOMPERIDONE TABLETS 10MG,MOTILIUM,TABLET,100'S,BLISTER,LUSOMEDICAMENTA - SOCIEDADE TECIEDADE TECNICA FARMACEUTICA,BELGIUM,MULLER & PHIPPS (HEALTH CARE) LIMITED
SIMVASTATIN TABLETS USP 20MG,ZOCOR,TABLET,"3X10'S, 10'S",ALU PVC BLISTER,SEARLE PAKISTAN LIMITED,PAKISTAN,Emerchemie NB (Ceylon) Ltd
FLUTICASONE FUROATE NASAL SPRAY 0.05% W/W,FLUTIAIR FT,NASAL SPRAY,120 MTD,AMB GLASS VIAL,Sava Healtheare Ltd,INDIA,Emerchemie NB (Ceylon) Ltd
OLANZAPINE TABLETS USP 5MG,DEPREX 5,TABLET,10X10'S,ALU ALU BLISTER,Square Pharmaceuticals Ltd,BANGLADESH,CIC Holdings PLC
PHENYTOIN INJECTION BP 250MG/5ML,***,INJECTION,5X5ML,AMBER GLASS AMP,Samarth Life Sciences (Pvt) Ltd,INDIA,Pharma Associates
VANCOMYCIN HYDROCHLORIDE FOR INJECTION USP 500MG,VANSAFE-CP,POWDER FOR INJECTION,10ML,GLASS VIAL USP TY 1,VHB Medi Sciences Ltd,INDIA,Yaden International (Pvt) Ltd
DAPSONE TABLETS BP 50MG,***,TABLET,"100'S , 10X10'S","PLC JAR,ALU ALU BLIS",Centurion Laboratories Pvt Ltd,INDIA,Yaden International (Pvt) Ltd
MONTELUKAST TABLETS 10MG,MONOCAST 10,TABLETS,2X10'S,ALU ALU BLISTER,Beximco Pharmaceuticals Ltd,BANGLADESH,Emerchemie NB (Ceylon) Ltd
NORFLOXACIN TABLETS BP 400MG,URINOX 400MG,FILM COATED TABLETS,100'S 10X10'S,"BLISTER JAR,ALU ALU",Centurion Laboratories Pvt Ltd,INDIA,Yaden International (Pvt) Ltd
FLUTICASONE PROPIONATE/SALMETEROL(FLUTICASONE PROPIONATE 50MCG & SALMETEROL 25MCG SUSPENSION FOR INHALATION IN PRESSURISED WITHCOUNT -120 MTD  ACTUATI,SERETIDE,METERED DOSE INHALATION,1'S(120 MTD),"PRESS.CANISTER,COUNT",Glaxo Wellcom Production Zone Industrille,FRANCE,A Baur & Co  (Pvt) Ltd
HEPATITIS B (R-DNA)  VACCINE 20MCG/ML (ADULT SINGLE DOSE),ENGERIX-B 20,SUSPENSION FOR INJECTION,1'S,PF SYRINGE +NEEDLE,Glaxo Smithkiline Biologicals S A,BELGIUM,A Baur & Co  (Pvt) Ltd
TELMISARTAN TABLETS USP  20MG,TELVAS 20,TABLET,"3X10'S, 10X10'S",ALU ALU BLISTER,ARISTO PHARMACEUTICALS (PVT) LTD,INDIA,VIV PHARMA (PVT) LTD
VITAMIN E CAPSULES USP 200MG,EVION 200,CAPSULES,"3X10'S, 2X10'S",ALU PVC BLISTER,Procter & Gamble Health Ltd,INDIA,Emerchemie NB (Ceylon) Ltd
AZITHROMYCIN CAPSULES USP 250MG,ODAZYTH 250,CAPSULES,6'S 30'S,ALU ALU BLISTER,Advanced Chemical Industries,BANGLADESH,CIC Holdings PLC
IBUPROFEN TABLETS BP 200MG,IBUFIL F 200,TABLET,"10X10'S, 1000'S","ALU PVC BLISTER,JAR",Fourrts (India) Laboratories Ltd,INDIA,Sunshine Healthcare lanka Ltd
LOSARTAN POTASSIUM TABLETS USP  25MG,CZARTAN 25,TABLET,5X10' 10X10' 100 250,ALU PVC HDPE CONTAIN,Macleods Pharmaceuticals Ltd,INDIA,Sunshine Healthcare lanka Ltd
ALTEPLASE FOR INJECTION E.P (recombinant Human Tissue Type Plasminogen Activator injection 50mg) WITH THE SOLVENT,ACTILYSE 50MG,INJECTION,1VIAL+1 VIAL SOLVENT,GLSSS VIAL,Boehringer Ingelheim Pharma gmBH & Co.Kg,GERMANY,Hemas Pharmaceuticals (Pvt) Ltd
TERBINAFINE CREAM 1.0% W/W,TERBINAFORCE,CREAM,15g,ALUMINIUM TUBE,Aurochem Pharmaceuticals (India) Ltd,INDIA,Hemas Pharmaceuticals (Pvt) Ltd
BIPHASIC ISOPHANE INSULIN HUMAN (Rdna) SUSPENSION FOR INJECTION 70/30 100IU/ML(30% SOLUBLE INSULIN+70% ISOPHANE INSULIN),HUMULIN 70/30,INJECTION,3MLX5'S,3ML CARTRIDGE,LILLY FRANCE,FRANCE,Hemas Pharmaceuticals (Pvt) Ltd
KETOTIFEN TABLETS 1MG,ASTIFEN,TABLET,"6X10'S, 10X10'S",ALU STRIPS,PT Dankos Farma,INDONESIA,Hemas Pharmaceuticals (Pvt) Ltd
DRIED ALUMINIUM HYDROXIDE BP 250MG + MAGNESIUM HYDROXIDE BP 250MG + ALGINIC ACID BP 200MG+ MAGNESIUM TRISILICATE BP 250MG+ DIMETHICONE BP 125MG/15ML,FRENDACID,SUSPENSION,200ML,AMB PET BOTTLE,Jenburkt Pharmaceuticals Ltd,INDIA,Hemas Pharmaceuticals (Pvt) Ltd
HEPARIN IINJECTION BP 5000IU/ML,HEPANIR,INJECTION,5MLX10, GLS VIAL,Aculife Healthcare (Pvt) Ltd,INDIA,Hemas Pharmaceuticals (Pvt) Ltd
ROSUVASTATIN TABLETS USP 10MG,AURORA,TABLET,1X10'S,ALU LAU BLISTER,Ferozsons Laboratories Ltd,PAKISTAN,Emerchemie NB (Ceylon) Ltd
"NEOMYCIN (AS SULPHATE) 500000 IU, POLYMYXIN B (AS SULPHATE) 150000 IU AND BACITRACIN (AS ZINC) 40000 IU AEROSOL SPRAY",MULTISOL,AEROSOL SPRAY,150G,ALU.CANISTER,Middle East Pharmaceuticals & Chemical Industries & Medical Appliacnces Co.,JORDAN,M I Adamjee & Sons (Pvt) Ltd
SITAGLIPTIN TABLETS BP 50MG,SITAMAX,TABLET,"10X10'S, 1000'S","ALU ALU BLIS, HDPE J",CIC Lifesciences Ltd.,SRI LANKA,***
OSELTAMIVIR PHOSPHATE CAPSULES USP 30MG,OSELTA 30,CAPSULES,"3X10',100'S","ALU PVC BLS,HDPE JAR",Celogen Lanka (Pvt) Ltd,SRI LANKA,***
HYDROCORTISONE CREAM B.P 1% W/W,HYCOR,CREAM,15G,COLLAPSIBLE TUBE,Micro Labs Ltd,INDIA,Kamazu (Pvt) Ltd
CISPLATIN INJECTION BP 50MG/50ML,PLATICIN,SOLUTION FOR INJECTION,50ML,GLASS VIAL,Getwell Pharma India Private Limited,INDIA,The Esses Pharmacy (Pvt) Ltd
CEFALEXIN ORAL SUSPENSION BP 125MG/5ML,LECEF,ORAL SUSPENSION,100 ML,AMB GLASS BOTTLE,Micro Labs Limited,INDIA,Kamazu (Pvt) Ltd
AZACITIDINE FOR INJECTION 100MG,AZACITE,LYOPHILIZED POWDER FOR INJECTION,50ML,FLINT GLASS VIAL,Getwell Pharma India Private Limited,INDIA,The Esses Pharmacy (Pvt) Ltd
SEVELAMER HYDROCHLORIDE TABLETS 800MG,SELREN,TABLETS,1X10'S,ALU ALU STRIPS,Pondchy Pharmaceuticals,INDIA,Neon Pharmaceuticals (Pvt) Ltd
QUETIAPINE TABLETS USP 25MG,QVEX 25,TABLETS,3X10'S,ALU ALU BLISTER,West Coast Pharmaceurical works Ltd,INDIA,AV Global  Impex (Pvt) Ltd
BOSENTAN TABLETS 62.5MG,BOSENCARD 62.5,TABLET,"1X10'S, 3X10'S 5X10'",ALU ALU BLISTER,ZIM Laboratories Limited,INDIA,Tabrane Pharmaceuticals (Pvt) Ltd
TELMISARTAN TABLETS USP  20MG,TELDAY 20,TABLET,10X10'S,ALU ALU BLISTER,Torrent Pharmaceuticals Ltd,INDIA,Hemas Pharmaceuticals (Pvt) Ltd
SODIUM VALPROATE BP 333.33 MG+ VALPORIC ACID BP 144.60 MG CONTROLLED RELEASE TABLETS,VALOATE CR 500,TABLET,"30'S, 50'S",ALU ALU BLISTER,Square Pharmaceuticals Ltd,BANGLADESH,CIC Holdings PLC
OSELTAMIVIR PHOSPHATE CAPSULES USP 45MG,OSELTA 45,CAPSULES,"3X10'S,100'S","ALU PVC BLISTER,HDPE",Celogen Lanka (Pvt) Ltd,SRI LANKA,***
FLUTICASONE AND SALMETEROL PRESSURISED INHALATION SUSPENSION BP (250 MCG/25MCG),FLUMETOL,PRESSURIZED INHALATION,120 MTD,ALU CAN,Healthcare Pharmaceuticals Limited,BANGLADESH,Citihealth Imports (Pvt) Ltd
FLUTICASONE NASAL SPRAY BP 50MCG,FLUSORT,NASAL SPRAY,120 MTD/DOSE-50MCG,"HDPE BOT,120 METERED",Glenmark Pharmaceuticals Ltd,INDIA,Hemas Pharmaceuticals (Pvt) Ltd
QUETIAPINE TABLETS USP 100MG,QUTIPIN 100,TABLET,3X10'S,ALU PVC BLISTER,Sun Pharma Laboratories Ltd,INDIA,Emerchemie NB (Ceylon) Ltd
DOMPERIDONE TABLETS BP 10MG,DEFLUX,TABLETS,"10X10'S,10X15'S",ALU-PVC BLISTER,Beximco Pharmaceuticals Ltd,BANGLADESH,Emerchemie NB (Ceylon) Ltd
"SALMETEROL 50MCG ,FLUTICASONE PROPIONATE 500MCG DRY POWDER INHALATION CAPSULES BP",FLUTIVENT 500,DRY POWDER INHALATION CAPSULES,10X10'S,ALU PVC PVDC BLISTER,Lina Manufacturing (Pvt) Ltd,SRI LANKA,***
BETAHISTINE DIHYDROCHLORIDE TABLETS BP 16MG,CENVERT 16,TABLETS,"10X10'S,3X10'S",ALU ALU BLISTE/STRIP,Centurion Laboratories Pvt Ltd,INDIA,Yaden International (Pvt) Ltd
CISPLATIN INJECTION BP 10MG IN 10ML,PLATIFIRST,INJECTION,10 ML VIAL,AMBER COLOUR,VHB Medi Sciences Ltd,INDIA,Yaden International (Pvt) Ltd
CYCLOSPORINE CAPSULES USP 50MG,PICOSPORIN 50,CAPSULES,"5X6'S, 1X6'S",ALU ALU BLISTER,United Biotech (P) Limited,INDIA,Klintas (Pvt) Ltd
CYCLOSPORIN CAPSULES USP 25MG,PICOSPORIN 25,CAPSULES,"5X6'S, 1X6'S",ALU ALU BLISTER,United Biotech (P) Limited,INDIA,Klintas (Pvt) Ltd
ISOPHANE INSULIN HUMAN (rDNA) SUSPENSION FOR INJECTION 100IU/ML,HUMULIN N,INJECTION,3MLX5'S,3ML CARTRIDGE,LILLY FRANCE,FRANCE,Hemas Pharmaceuticals (Pvt) Ltd
KETOCONAZOLE SHAMPOO BP 2% W/V,CONAZ,LOTION,60 ML,PLASTIC BOTTLE,ATCO Laboratories (Pvt) Ltd,PAKISTAN,Morison Limited
FLUOXETINE CAPSULES USP 20MG,DAWNEX,CAPSULES,"3X10'S, 1X10'S",ALU PVC BLISTER,Micro Labs Limited,INDIA,Micro Mega Lanka (Pvt) Ltd
ETORICOXIB TABLETS 90MG,TORCOXIA BCD 90,TABLET,10X10'S,ALU PVC BLISTER,Torrent Pharmaceuticals Ltd,INDIA,Hemas Pharmaceuticals (Pvt) Ltd
SITAGLIPTIN TABLETS USP 100MG,SITAG 100,TABLET,"3X10'S, 10X10'S",ALU ALU BLISTER,Bafna Pharmaceuticals Ltd,INDIA,Pharma Associates
CETRIZINE ORAL SOLUTION BP 5MG/5ML,CETZAC,ORAL SOLUTION,60 ML,AMB PET BOTTLE,Agio Pharmaceuticals Ltd,INDIA,Citihealth Imports (Pvt) Ltd
MONTELUKAST TABLETS BP 10MG,MONTEK-10,TABLETS,10X10'S 3X10'S,ALU ALU BLISTER,SUN PHARMACEUTICAL INDUSTRIES LTD,INDIA,Emerchemie NB (Ceylon) Ltd
AZITHROMYCIN TABLET USP 250MG,TRIDOSIL 250,TABLETS,1X3'S 2X3'S,ALU BLISTER PVDC,Incepta Pharmaceuticals Ltd,BANGLADESH,Citihealth Imports (Pvt) Ltd
LEVOCETIRIZINE CAPSULES 5MG,LETRICET 5,HARD GELATINE CAPSULES,"3X10'S,10X10'S",ALU PVC BLISTER,Emergen Life Sciences (Pvt) Ltd,SRI LANKA,***
MUPIROCIN OINTMENT BP 2% W/W,TREGO,OINTMENT,10G,ALU COLLAP TUPE,Incepta Pharmaceuticals Ltd,BANGLADESH,Citihealth Imports (Pvt) Ltd
DOCETAXEL SOLUTION IN TPGS INFUSION 20MG/2ML,NOVOTAXEL 20,INJECTION,2ML,CLEAR GLS VIAL,Therdose Pharma (Pvt) Ltd,INDIA,VIV PHARMA (PVT) LTD
DOCETAXEL SOLUTION IN TPGS INFUSION 80MG/8ML,NOVOTAXEL 80,INJECTION,8ML/VIAL,GLASS VIAL,Therdose Pharma (Pvt) Ltd,INDIA,VIV PHARMA (PVT) LTD
LEVETIRACETAM TABLETS USP 250MG,LUMARK 250,TABLETS,3X10'S,ALU PVC BLISTER,The Searle Company Ltd,PAKISTAN,Emerchemie NB (Ceylon) Ltd
TRANEXAMIC ACID CAPSULES 250MG,HAEMIC,CAPSULES,10X10'S,ALU PVC BLISTER,Genix Pharma (Pvt ) Ltd,PAKISTAN,Emerchemie NB (Ceylon) Ltd
RABEPRAZOLE SODIUM  TABLETS 20MG,RAPEED 20,TABLETS,"30'S,(3X10'S)",ALU ALU BLISTER,Alkem Laboratories Ltd,INDIA,Emerchemie NB (Ceylon) Ltd
CETUXIMAB SOLUTION FOR INFUSION 5MG/ML,ERBITUX,SOLUTION FOR INFUSION,20ML  & 100ML,GLASS VIAL,Merck Healthcare KGaA,GERMANY,Emerchemie NB (Ceylon) Ltd
ARIPIPRAZOLE TABLETS USP 30 MG,ARIZOLE 30,TABLET,"5X10'S, 1X4'S",ALU ALU STRIPS,Atoz Pharmaceuticals (Pvt) Ltd,INDIA,Euro Asian Pharma (Pvt) Ltd
AZITHROMYCIN LIQUID ORAL SUSPENSION 200MG/5ML,ZITHROCIN,SUSPENSION,15ML GLASS BOT,AMBER COL GLA BOTTLE,Astron Limited,SRI LANKA,***
AZITHROMYCIN FOR ORAL SUSPENSION USP 200MG/5ML,ZIMAX SUSPENSION,SUSPENSION,"15ML, 30ML",HDPE BOTTLE,Square Pharmaceuticals Ltd,BANGLADESH,CIC Holdings PLC
ABACAVIR TABLETS USP 300MG,ABAVIR,TABLETS,60'S,HDPE CONTAINER,Hetero Labs Ltd,INDIA,Mansel (Ceylon) (Pvt) Ltd
IRINOTECAN HYDROCHLORIDE INJECTION USP 100MG,IRINOGEN 100,INJECTION,5ML /PACK,USP TYPE AMBERVIAL,Laboratoire Kemex S A Nazarre,ARGENTINA,Emerchemie NB (Ceylon) Ltd
ETHANOL 45G/100ML+PROPAN-1-LOL 18G/100ML CUTANEOUS SOLUTION,SOFTA-MAN,CUTANEOUS SOLUTION,"100ML,500ML,1L,5L","HDPE BOTTLE,CANISTER",B Braun Medical AG,GERMANY,B Braun Lanka (Pvt) Ltd
SALMETEROL & FLUTICASONE PROPIONATE INHALATION IP 25MCG/250 MCG,FORAIR 250 HFA INHALER,METERED DOSE INHALER,120 MTD,ALU CANISTER,ZYDUS LIFESCIENCES LIMITED,INDIA,Sunshine Healthcare lanka Ltd
FLUOROMETHOLONE ACETATE OPTHALMIC SUSPENSION 0.1%/WV,AFM,OPHTHALMIC SUSPENSION,5ML/BOTTLE,LDPE DROPPER BOTTLE,Aristopharma Ltd,BANGLADESH,Hemas Pharmaceuticals (Pvt) Ltd
DIPHENHYDRAMINE HYDROCHLORIDE CAPSULES USP 25MG,PHENYQ,CAPSULES,100'S /PACK,ALU PVDC BLISTER,"GAMMA INTERPHARM PVT LTD,",SRI LANKA,***
CEFIXIME CAPSULES 200MG,CEF 3 CAPSULE,CAPSULES,12'S,BLISTER,Square Pharmaceuticals Ltd,BANGLADESH,CIC Holdings PLC
WARFARIN SODIUM TABLETS USP  1MG,WARCLOT-1,TABLETS,100'S 1X5X10' 2X5X10,HDPE CONTAINER,Celogen Lanka (Pvt) Ltd,SRI LANKA,***
LEVETIRACETAM TABLETS USP 250MG,LACETAM 250,TABLETS,3x10's,ALU ALU BLISTER,Unison Laboratories Co Ltd,THAILAND,Sunshine Healthcare lanka Ltd
PREGABALIN CAPSULES 75MG,GABLO CAPSULES 75 MG,CAPSULES,2X7'S,ALU ALU BLISTER,Genix Pharma (Pvt ) Ltd,PAKISTAN,Ceyoka (Pvt) Ltd
DILTIAZEM HYDROCHLORIDE TABLETS USP 60MG,DILTRIT,TABLETS,"10X10'S,1000'S","ALU-PVDC BLIS, HDPE",Leben Laboratories (Pvt) Ltd,INDIA,Ceyoka (Pvt) Ltd
MORPHINE SULPHATE PROLONGED RELEASE TABLETS BP 60MG,VERMOR SR 60,PROLONGED RELEASE TABLETS,"10X10, 10X10X10'S",ALU PVC BLISTER,Verve Human Care Laboratories,INDIA,Leader Pharma Agency (Pvt) Ltd
NEBIVOLOL HYDROCHLORIDE TABLETS 5MG,NEBILOL 5,TABLET,3X10'S 10X10'S,ALU ALU BLISTER,J.B.Chemicals & Pharmaceuticals,INDIA,George Steuart Health Pvt Ltd
CEFTRIAXONE INJECTION 1G,ROCEPHIN,POWDER FOR INJECTION,1GVIAL+3.5 ML SOLVEN,GLASS VIAL,F Hoffman-La Roche Ltd,SWITZERLAND,A Baur & Co  (Pvt) Ltd
ASPIRIN DELAYED RELEASE TABLETS USP 75MG,XSPRIN,TABLETS,"140'S, 28'S",ALU ALU STRIP,EMIL PHARMACEUTICAL INDUSTRIES (PVT) LTD,INDIA,Emerchemie NB (Ceylon) Ltd
LINEZOLID TABLETS 600MG,LIZOMAC 600,TABLET,1X10'S,STRIP PACK,Macleods Pharmaceuticals Ltd,INDIA,Sunshine Healthcare lanka Ltd
MUPIROCIN OINTMENT USP 2% W/W,MUPIRAX,OINTMENT,5G,ALU  COLLAP TUBE,Micro Labs Limited,INDIA,Micro Mega Lanka (Pvt) Ltd
CETIRIZINE TABLETS BP 10MG,ZIN,TABLET,50X10'S,ALU PVC BLISTER,Laborate Pharmaceuticals India Ltd,INDIA,Pharma Associates
FLUOCINOLONE ACETONIDE CREAM USP 0.025% w/w,UNILONE CREAM,CREAM,15G,ALU COLLAP TUBE,Unijules Life Sciences Ltd,INDIA,Softlogic Pharmaceuticals (Pvt( Ltd
FLUCONAZOLE TABLETS USP 150MG,FLUZON 150,TABLET,10X2'S,BLISTER PACK,Cadila pharmaceuticals Ltd,INDIA,Sunshine Healthcare lanka Ltd
RABEPRAZOLE SODIUM  TABLETS 20MG,RABE 20,TABLETS,10x10'S,ALU ALU BLISTER,Aristopharma Ltd,BANGLADESH,Hemas Pharmaceuticals (Pvt) Ltd
TRASTUZUMAB  LYOPHILIZED POWDER FOR INJECTION 440 MG,HERCEPTIN,POWDER FOR INJECTION,1.5ML PEP,GLASS VIAL,Genentech Inc,SWITZERLAND,A Baur & Co  (Pvt) Ltd
CELECOXIB CAPSULES 100MG,CELEBEST 100,CAPSULES,"10X10'S, 250'S, 500'","ALU PVDC BLS,HDPE CO",ACE Healthcare (Pvt) Ltd,SRI LANKA,***
TRASTUZUMAB INJECTION (POWDER FOR CONSTITUTIONS FOR INFUSION) 440MG,HERCEPTIN 440 MG,INJECTION,1 VIAL,TY 1 GLASS VIAL,Genentech Inc,SWITZERLAND,A Baur & Co  (Pvt) Ltd
CELECOXIB CAPSULES 200MG,CELEBEST 200,CAPSULES,10X10'S 250'S 500'S,"ALU PVDC ,HDPE CONTA",ACE Healthcare (Pvt) Ltd,SRI LANKA,***
MOMETASONE FUROATE 0.1% W/W CREAM,ELOMET,CREAM,1'S(5G AND 15G),ALU TUBE,ORGANON HEIST BV,BELGIUM,A Baur & Co  (Pvt) Ltd
HYDRALAZINE HYDROCHLORIDE INJECTION USP 20MG/ML,***,SOLUTION FOR INJECTION,1MLX10'S,USP TY 1 GLS,Mercury Laboratories Ltd,INDIA,Yaden International (Pvt) Ltd
BACLOFEN TABLETS BP 10MG,BACLON 10,TABLET,10X10'S,ALU ALU BLISTER,Pharmafabrikon,INDIA,Novachem Lanka (Pvt) Ltd
DOMPERIDONE SUSPENSION 5MG/5ML,OMIDON,ORAL SUSPENSION,60ML,AMB PET BOTTLE,Incepta Pharmaceuticals Ltd,BANGLADESH,Citihealth Imports (Pvt) Ltd
LINAGLIPTIN TABLETS 5MG,LINAPTIN,TABLETS,2X15'S,ALU ALU BLISTER,General Pharmaceuticals Ltd,BANGLADESH,Harcourts (Pvt) Ltd
IFOSFAMIDE FOR INJECTION USP 1G WITH MESNA INJECTION 200MG/2ML,FOSFA,INJECTION,"1 VIAL,3X2ML AMP",GLASS VIAL& AMPOULE,Getwell Pharma India Private Limited,INDIA,The Esses Pharmacy (Pvt) Ltd
FUROSEMIDE TABLETS BP 40MG,AGOMIDE,TABLET,"10X10'S, 1000'S","ALU PVC BLISTER,JAR",Agog Pharma Ltd,INDIA,lifeServ (Pvt) Ltd
TOFACITINIB EXTENDED RELEASE TABLETS 11MG,TOFANIB-XR,EXTENDED RELEASE TABLETS,"1X10'S,3X10'S,5X10'",ALU-ALU BLISTER,Globe Pharmaceuticals Ltd,BANGLADESH,Tabrane Healthcare (Pvt) Ltd
PANTOPRAZOLE SODIUM DELAYED RELEASE TABLETS 40 MG,PANDEV 40,TABLET,28 'S,ALU ALU BLISTER,Deva holdings  A.S.,TURKEY,Sheishiki Pharma (Pvt) Ltd
KETOPROFEN GEL 2.5% W/W,SANBEFLAM,GEL,20G,AL COLLAPSIBLE TUBE,PT Caprifamindo Laboratories for PT sanbe farma,INDONESIA,Softlogic Pharmaceuticals (Pvt( Ltd
PALONOSETRON TABLETS 0.5MG,PALORON,TABLETS,"1X10'S, 3X10'S,5X10'",ALU-ALU BLISTER,Ziska Pharmaceuticals Ltd,BANGLADESH,Tabrane Pharmaceuticals (Pvt) Ltd
CETIRIZINE ORAL SOLUTION BP 5MG/5ML,AXEL CETIRIZINE,ORAL SOLUTION,60ML,PET Bottle,Kotra Pharma (M) SDN BHD,MALAYSIA,Sunshine Healthcare lanka Ltd
BETAHISTINE DIHYDROCHLORIDE TABLETS BP 8MG,MENARIL,TABLET,5X10'S,ALU ALU BLISTER,Incepta Pharmaceuticals Ltd,BANGLADESH,Citihealth Imports (Pvt) Ltd
NIFEDIPINE EXTENDED RELEASE TABLETS USP 30MG,NICARDIA XL 30,TABLETS,3x10' S,BLISTER,UNIQUE PHARMACEUTICAL LABORATORIES,INDIA,George Steuart Health Pvt Ltd
CEFIXIME DISPERSIBLE TABLETS 100MG,CIFATAZE DT 100,TABLETS,"10X10'S, 1X10'S",ALU ALU BLISTER,STERLING LAB,INDIA,Darley Butler  & Co Ltd
AMITRIPTYLINE TABLETS BP 10MG,AMILEB 10,TABLETS,"100S,250,500,1000'S","ALU PVC ,HDPE",Leben Laboratories (Pvt) Ltd,INDIA,Ceyoka (Pvt) Ltd
FUSIDIC ACID CREAM 2% W/W,STAFOBAN,CREAM,10 G,ALU COLLAP TUBE,Micro Labs Limited,INDIA,Micro Healthcare (Pvt) Ltd
CAPECITABINE TABLETS 500MG,XELODA,FILM COATED TABLETS,120 'S,ALU PVC BLISTER,Excella GmbH,GERMANY,A Baur & Co  (Pvt) Ltd
TRANEXAMIC ACID CAPSULES 500MG,XAMIC,CAPSULES,"10X10'S, 2X10'S",ALU PVC BLISTER,Renata Limited,BANGLADESH,Emerchemie NB (Ceylon) Ltd
BENZALKONIUM 0.1% W/W AND ZINC OXIDE 8.5% CREAM,HAPPYNAP,CREAM,15 MG,ALU TUBE,Apex Laboratories Ltd,INDIA,A Baur & Co  (Pvt) Ltd
TRASTUZUMAB INJECTION (POWDER FOR CONCENTRATE SOLUTION FOR INFUSION) 150MG,HERCEPTIN 150 MG,INJECTION,1 VIAL,TY 1 GLASS VI,Roche Diagnostics GmbH,SWITZERLAND,A Baur & Co  (Pvt) Ltd
SALBUTAMOL PRESSURISED INHALATION B.P 100MCG/ACTUAION,PULMOCARE INHALER,INHALER,200 MTD,ALU CANISTER,Healthcare Pharmaceuticals Limited,BANGLADESH,Citihealth Imports (Pvt) Ltd
AMOXICILLIN & CLAVULANATE POTASSIUM FOR ORAL SUSPENSION USP 156.25MG,CLANEKSI,ORAL SUSPENSION,100ML,AMB GLASS BOTTLE,PT Sanbe Farma,INDONESIA,Softlogic Pharmaceuticals (Pvt( Ltd
BASILIXIMAB POWDER FOR INJECTION 20 MG,SIMULECT 20,INJECTION,GLS VIAL+5ML AMP WFI,GLS VIAL+AMP WFI,Novartis Pharma Stein .AG,SWITZERLAND,A Baur & Co  (Pvt) Ltd
METFORMIN TABLETS BP 500MG,***,TABLETS,1000's,Jar,Medico Remedies  Ltd,INDIA,ABC Pharma Services Pvt. Ltd
TELMISARTAN TABLETS USP 80MG,ARBITEL 80,TABLET,3X10'S,ALU ALU BLISTER,Micro Labs Limited,INDIA,Micro Mega Lanka (Pvt) Ltd
MELOXICAM TABLETS USP 7.5MG,OSTELOX 7.5,TABLETS,2 x 10'S,STRIPS,P T Sanbe Farma,INDONESIA,Softlogic Pharmaceuticals (Pvt( Ltd
DONEPEZIL HYDROCHLORIDE TABLETS 5 MG,ELZER 5,TABLET,5X6'S,ALU PVC BLISTER,Square Pharmaceuticals Ltd,BANGLADESH,CIC Holdings PLC
METRONIDAZOLE TABLETS BP 400MG,METROGYL 400,TABLET,"10X10'S, 1000'S","ALU PVC ,HDPE PACK",Unique Pharmaceutical Laboratories,INDIA,George Steuart Health Pvt Ltd
POVIDONE IODINE CLEANSING SOLUTION USP 7.5% W/V,SETADINE,TOPICAL SOLUTION,500 ML,HDPE PLAS BOTTLE,Suraksa Pharma  (Pvt) Ltd,SRI LANKA,***
POVIDONE IODINE SOLUTION BP 10% W/V,SETADINE,TOPICAL SOLUTION,500 ML,HDPE PLASTIC BOTTLE,Suraksa Pharma  (Pvt) Ltd,SRI LANKA,***
EPIRUBICIN HYDROCHLORIDE FOR INJECTION 50MG/VIAL,EPIRUBITEC 50,POWDER FOR INJECTION,5 VIAL PACK,GLASS VIAL,United Biotech (P) Limited,INDIA,George Steuart Health Pvt Ltd
TOLTERODINE TARTARATE TABLETS 1MG,ROLITEN,TABLET,10'S,PVC/PVDC BLISTER,Sun Pharmaceutical industries,INDIA,Hemas Pharmaceuticals (Pvt) Ltd
SALBUTAMOL ORAL SOLUTION BP 2MG/5ML,SALMOR,ORAL SOLUTION,"750ML,100ML,60ML","PET BOTTLE,HDPE BOTT",Morison Limited,SRI LANKA,***
MESALAMINE DELAYED RELEASE TABLETS 400 MG,MESACOL,TABLET,5X10'S,ALU ALU STRIP PACK,"SUN PHARMA LABORATORIES LIMITED, INDIA FOR SUN PHARMACEUTICAL INDUSTRIES LIMITED, INDIA",INDIA,Hemas Pharmaceuticals (Pvt) Ltd
CHORIONIC GONADOTROPIN (HUMAN) FOR INJECTION USP 5000 IU/VIAL,PUBERGEN 5000,POWDER FOR INJECTION,2ML,GLS VIAL+AMP USP0.9%,Sanzyme (P) Ltd,INDIA,George Steuart Health Pvt Ltd
ACETAZOLAMIDE TABLETS BP 250MG,***,TABLET,"HDPE 1000',  10X10'","HDPE JAR,ALU PVC BLI",Centurion Laboratories Pvt Ltd,INDIA,Yaden International (Pvt) Ltd
ESOMEPRAZOLE DELAYED RELEASE CAPSULES USP 20MG,ES-LOPROT  20,CAPSULES,2X7'S,ALU ALU BLISTER,NABIQASIM LABORATORIES (PVT) LTD,PAKISTAN,George Steuart Health Pvt Ltd
ACETAZOLAMIDE TABLETS BP 250MG,ACEMIDE 250,TABLETS,"3X10', 10X10',500'S",ALU PVC PVDC HDPE JA,Celogen Lanka (Pvt) Ltd,SRI LANKA,***
CYCLOPHOSPHAMIDE INJECTION IP 500MG,UNIPHOS 500,POWDER FOR INJECTION,1'S,GLASS VIALS USP TY 1,United Biotech (Pvt) Ltd,INDIA,George Steuart Health Pvt Ltd
EPIRUBICIN HYDROCHLORIDE FOR INJECTION 10 MG,EPIRUBITEC 10,POWDER FOR INJECTION,10ML VIAL/PACK,GLASS VIAL,United Biotech (P) Limited,INDIA,George Steuart Health Pvt Ltd
INSULIN ASPART SOLUTION FOR INJECTION 100 U/ML,NOVORAPID PENFILL,SOLUTION FOR INJECTION,3ML X 5'S,PH.EU TY 1 GLAS CART,NOVO NORDISK PRODUCAO FARMACEUTICA DO BRASIL LTDA FOR NOVA NORDISK A/S,BRAZIL,Sunshine Healthcare lanka Ltd
CLOTRIMAZOLE VAGINAL CREAM U.S.P 2% W/W,GYNOSPORIN,VAGINAL CREAM,35 G,ALU TUBE,Nabiqasim Industries (Pvt) Ltd,PAKISTAN,George Steuart Health Pvt Ltd
DEFEROXAMINE MESYLATE FOR INJECTION USP 500MG,***,LYOPHILIZED POWDER FOR INJECTION,(10 ML)X10 VIALS /PA,USP TY 1 GLASS VIAL,Gland Pharma  Ltd,INDIA,ABC Pharma Services Pvt. Ltd
METFORMIN HYDROCHLORIDE TABLETS USP 500MG,PELLFORMIN 500,TABLET,10X10'S,ALU PVC BLISTER,Pell Tech Health Care (Pvt) Ltd,INDIA,Medstar Healthcare (Pvt) Ltd
AZACITIDINE FOR INJECTION 100MG / VIAL,AZAC,LYOPHILIZED POW INJECTION,30ML,CLEAR GLASS VIAL,Shilpa Medicar Ltd,INDIA,Slim Pharmaceuticals (Pvt) Ltd
OXYTETRACYCLINE HYDROCHLORIDE 3% & HYDROCORTISONE 1 % OINTMENT,TETRA-CORT,OINTMENT,15G,ALU.COLLAPSI.TUBE,Astron Limited,SRI LANKA,***
CLOPIDOGREL TABLETS USP 75MG,CLOPILET,TABLET,3X10'S,ALU-POLY FOIL STRIP,"SUN PHARMA LABORATORIES LIMITED, INDIA FOR SUN PHARMACEUTICAL INDUSTRIES LIMITED, INDIA",INDIA,Hemas Pharmaceuticals (Pvt) Ltd
MELOXICAM TABLETS USP 15MG,OSTELOX 15 MG,TABLETS,2x10'S,STRIPS,P T Sanbe Farma,INDONESIA,Softlogic Pharmaceuticals (Pvt( Ltd
AZITHROMYCIN TABLETS USP 500MG,SWILIDE 500,TABLETS,5X1X3'S,ALU-PVDC BLISTER,Swiss Garnier Life Scences,INDIA,George Steuart Health Pvt Ltd
KETAMINE INJECTION BP 500MG/10ML,***,SOLUTION FOR INJECTION,10ML,USP TY 1 GLS VIAL,"YADEN LABORATORIES PVT LTD ,",SRI LANKA,***
AMOXICILLIN CAPSULES  B.P  250MG,***,CAPSULES,"500,1000,10X10'S",PLASTIC JAR  ALU PVC,Medico Remedies (Pvt) Ltd,INDIA,ABC Pharma Services Pvt. Ltd
AMOXICILLIN ORAL SUSPENSION BP 125MG/5ML,MEDOMOX,POWDER FOR ORAL SUSPENSION,10ML BOTTLE,HDPE BOTTLE,Medopharm (PVT Ltd,INDIA,Alaris Lanka (Pvt) Ltd
PANTOPRAZOLE GASTRO RESISTANT TABLETS BP 20 MG,PANTOCID 20,GASTRO RESISTANT TABLET,5X10'S,ALU ALU BLISTER,SUN PHARMACEUTICAL INDUSTRIES LTD,INDIA,Hemas Pharmaceuticals (Pvt) Ltd
BUPIVACAINE HYDDROHLORIDE IN DEXTROSE INJECTION USP 0.5%,SAKAINE,INJECTION,10X4ML,CLEAR GLASS AMP/PACK,Sakar Healthcare Limited,INDIA,Ceyoka (Pvt) Ltd
GLIMEPIRIDE TABLETS USP 4MG,GLEMAZ,TABLET,3X10'S,ALU PVC BLISTER,Quimica Montpellier SA,ARGENTINA,Emerchemie NB (Ceylon) Ltd
ZOLPIDEM TARTRATE TABLETS 10MG,NITREST 10,TABLET,"3X10'S, 10X10'S",BLISTER,"SUN PHARMA LABORATORIES LIMITED, INDIA FOR SUN PHARMACEUTICAL INDUSTRIES LIMITED, INDIA",INDIA,Emerchemie NB (Ceylon) Ltd
PARACETAMOL SUPPOSITORIES BP 250 MG,ARFEN 250MG,SUPPOSITORIES,"10PACK,2PACK",ALU ALU BLISTER,Medochemie Ltd,CYPRUS,George Steuart Health Pvt Ltd
PANTOPRAZOLE GASTRO RESISTANT TABLETS BP 40MG,PANTOCID 40,GASTRO RESISTANT TABLET,5X10'S,ALU ALU BLISTER,SUN PHARMACEUTICAL INDUSTRIES LTD,INDIA,Hemas Pharmaceuticals (Pvt) Ltd
TRANEXAMIC ACID INJECTION BP 100MG/ML,TRANERIGHT,INJECTION,5X5ML,USP TY 1 AMPOULE,Samrudh Pharmaceutica (Pvt) Ltd,INDIA,Chamee Chemist
TOPIRAMATE TABLETS USP 25MG,TOMIGRANE,TABLETS,"6X10'S, 1X10'S",ALU PVC PVDC BLISTER,SEARLE PAKISTAN LIMITED,PAKISTAN,Emerchemie NB (Ceylon) Ltd
GABAPENTIN CAPSULES USP 300MG,GABASUN 300,CAPSULES,3X10'S,PVC PVDC BLISTER,Sun Pharmaceutical industries,INDIA,Emerchemie NB (Ceylon) Ltd
PARACETAMOL SUPPOSITORIES BP 500MG,ARFEN 500 MG,SUPPOSITORIES,"10PACK,2PACK",ALU ALU BLISTR,Medochemie Ltd,CYPRUS,George Steuart Health Pvt Ltd
ESCITALOPRAM TABLETS USP 20MG,NEXITO 20,TABLET,5X10'S,BLISTER,SUN PHARMACEUTICAL INDUSTRIES LTD,INDIA,Emerchemie NB (Ceylon) Ltd
CEPHALEXIN CAPSULES USP 250MG,CORFEX 250,CAPSULES,10X10'S,ALU PVC BLISTER,Akums Drugs & Pharmaceuticals Ltd,INDIA,Steriix Healthcare (Pvt) Ltd
HYDROCLOROTHIAZIDE TABLETS BP 50MG,***,TABLET,1000'S,HDPE CONTAINER,Morison Limited,SRI LANKA,***
DOMPERIDONE TABLETS BP 10MG,***,TABLET,"250', 1000', 10X10'","HDPE CONTAINER,ALU P",Morison Limited,SRI LANKA,***
DICLOFENAC DIETHYLAMINE TOPICAL SOLUTION 4.64% W/V,DYNAPAR QPS,TOPICAL,"15ML, 30ML",*,Troikaa Pharmaceuticals Ltd,INDIA,Slim Pharmaceuticals (Pvt) Ltd
LAMOTRIGINE DISPERSIBLE TABLETS 100MG,LAMOSYN OD 100,DISPERSIBLE TABLETS,3X10'S,BLISTER PACK,Sun Pharmaceutical industries,INDIA,Emerchemie NB (Ceylon) Ltd
FUSIDIC ACID CREAM BP 2%  W/W,FUTOP,CREAM,5G,ALU TUBE,Blossom Pharmaceuticals,INDIA,George Steuart Health Pvt Ltd
PREGABALIN CAPSULES 50MG,***,CAPSULES,3X10'S,ALU PVC BLISTER,SUN PHARMACEUTICAL INDUSTRIES LTD,INDIA,Emerchemie NB (Ceylon) Ltd
FLUCONAZOLE TABLETS 150MG,INGAZOLE 150,TABLET,10X1'S,BLISTER,Inga Laboraories (Pvt) Ltd,INDIA,George Steuart Health Pvt Ltd
SNAKE VENOM ANTISERUM I.P,***,LYOPHILIZED POWDER FOR INJECTION,1 VIAL/PACK,TYPE 1 GLS VIAL,Bharat Serums & Vaccine Ltd,INDIA,Ceyoka (Pvt) Ltd
SNAKE VENOM ANTISERUM I.P,***,LYOPHILIZED POWDER FOR INJECTION,1 VIAL/PACK,TYPE 1 GLS VIAL,Bharat Serums & Vaccine Ltd,INDIA,Ceyoka (Pvt) Ltd
SNAKE VENOM ANTISERUM I.P,***,LYOPHILIZED POWDER FOR INJECTION,1 VIAL/PACK,TYPE 1 GLS VIAL,Bharat Serums & Vaccine Ltd,INDIA,Ceyoka (Pvt) Ltd
IRBESARTAN TABLETS USP 75MG,IRBEZYD 75,TABLETS,10X10'S,BLISTER,ZYDUS LIFESCIENCES LIMITED,INDIA,Sunshine Healthcare lanka Ltd
METOPROLOL TARTRATE TABLETS BP 50MG,***,TABLETS,10X10'S,BLISTER,Centurion Laboratories Pvt Ltd,INDIA,Yaden International (Pvt) Ltd
SITAGLIPTIN TABLETS 100MG,SIGLITA 100,TABLET,10'S,BLISTER,Square Pharmaceuticals Ltd,BANGLADESH,CIC Holdings PLC
OLMESARTAN MEDOXOMIL 20MG & HYDROCHLOROTHIAZIDE 12.5MG TABLETS,OLMESAR H,TABLET,10X10'S,ALU ALU BLISTER,Macleods Pharmaceuticals Ltd,INDIA,Sunshine Healthcare lanka Ltd
ATORVASTATIN TABLETS 10MG,ANZITOR 10,TABLET,3X10'S,BLISTER,Square Pharmaceuticals Ltd,BANGLADESH,CIC Holdings PLC
TEICOPLANIN FOR INJECTION  200MG,TICPLAT 200,LYOPHILIZED POW INJECTION,1'S,GLASS VIAL,Gufic Biosciences Ltd,INDIA,Slim Pharmaceuticals (Pvt) Ltd
BUPROPION HYDROCHLORIDE EXTENDED RELEASE TABLETS USP 150 MG,BUPRON SR 150,TABLET,10X10'S,BLISTER,Sun Pharmaceutical industries,INDIA,Emerchemie NB (Ceylon) Ltd
IRBESARTAN TABLETS USP 300MG,IROVEL 300,TABLET,10X10'S,ALU ALU STRIP,"SUN PHARMA LABORATORIES LIMITED, INDIA FOR SUN PHARMACEUTICAL INDUSTRIES LIMITED, INDIA",INDIA,Hemas Pharmaceuticals (Pvt) Ltd
DICLOFENAC DIETHYLAMINE GEL BP 1.16% W/W ( EQUIVALENT TO DICLOFENAC SODIUM 1% W/V),SUBSYDE GEL,TOPICAL GEL,15 G,ALU COLLAP TUBE,Raptakos Brett & Company Ltd,INDIA,Pharma Associates
ENALAPRIL MALEATE TABLETS IP 5MG,***,TABLET,1000'S,HDPE CONTAINER,Unical Ceylon (Pvt) Ltd,SRI LANKA,***
LEVETIRACETAM TABLETS USP 500MG,LECETAM 500,TABLETS,6X10'S,ALU ALU BLISTER,Unison Laboratories Co Ltd,THAILAND,Sunshine Healthcare lanka Ltd
FEXOFENADINE HYDROCHLORIDE SUSPENSION 30MG/5ML,FEXONA,ORAL SUSPENSION,"50ML,60ML,100ML,200M",PET BOTTLE,Globe Pharmaceuticals Ltd,BANGLADESH,Tabrane Healthcare (Pvt) Ltd
MULTIVITAMIN AND MINERAL CAPSULES,FENZAL,SOFTGEL CAPSULES,3X10'S,PVC/PVDC BLISTER,Mega Lifesciences Public Company (Pvt) Ltd,THAILAND,A Baur & Co  (Pvt) Ltd
OLANZAPINE TABLETS USP 10MG,DEPREX 10,TABLET,"10X10'S, 5X10'S",BLISTER PACK,Square Pharmaceuticals Ltd,BANGLADESH,CIC Holdings PLC
CIPROFLOXACIN EYE/EAR DROPS 0.3% w/v,CIPLOX,EYE & EAR DROPS,20X1X5ML PACK,LDPE FFS VIAL,Cipla Ltd,INDIA,Breathe Free Lanka (Pvt) Ltd
KETOPROFEN GEL BP 2.5 % W/W,KETOGESIC gel,GEL,15 G,ALU COLLAP TUBE,Cipla Limited,INDIA,Breathe Free Lanka (Pvt) Ltd
BUDESONIDE INHALER 200MCG METERED DOSE INHALER,BUDECORT 200,METERED DOSE INHALER,200 MTD,ALU CANISTER,Medispray Laboatories (Pvt) Ltd,INDIA,Breathe Free Lanka (Pvt) Ltd
CLOPIDOGREL TABLETS USP 75MG,CLOPIDOWEL 75,TABLET,3X10'S,ALU ALU BLISTER,Akums Drugs & Pharmaceuticals Ltd,INDIA,Steriix Healthcare (Pvt) Ltd
FORMOTEROL FUMARATE 6MCG & BUDESONIDE 100 MCG METERED DOSE INHALER,FORB 100 HFA,METERED DOSE INHALER,120'DOSE,19CC CANISTER,Midascare Pharmaceuticals (Pvt) Ltd,INDIA,Softlogic Pharmaceuticals (Pvt( Ltd
AMLODIPINE BESYLATE TABLETS USP 10MG,AMLOSUN 10,TABLET,10X10'S,ALU STRIP PACK,"SUN PHARMA LABORATORIES LIMITED, INDIA FOR SUN PHARMACEUTICAL INDUSTRIES LIMITED, INDIA",INDIA,Hemas Pharmaceuticals (Pvt) Ltd
MELOXICAM TABLETS USP 15MG,MUVERA 15,TABLET,10X10'S,ALU ALU BLISTER,"SUN PHARMA LABORATORIES LIMITED, INDIA FOR SUN PHARMACEUTICAL INDUSTRIES LIMITED, INDIA",INDIA,Hemas Pharmaceuticals (Pvt) Ltd
MORPHINE SULPHATE INJECTION 15MG/ML,MORPHINE-HAMELN,SOLUTION FOR INJECTION,10X1 ML AMPOULE,AMB TY 1 AMPOU,Siegfred Hameln GmbH,GERMANY,Sukhee Pharma (Pvt) Ltd
GASTRO RESISTANT SODIUM VALPROATE TABLETS BP 200 MG,SOVALP 200,TABLETS,"BLS,STR(3X10'10X10')","ALU  BLS,ALU STRIPS",Celogen Lanka (Pvt) Ltd,SRI LANKA,***
AMIODARONE TABLETS BP 100MG,***,TABLET,"1000'S, 10X10'S","JAR,ALU ALU BLISTER",Centurion Laboratories Pvt Ltd,INDIA,Yaden International (Pvt) Ltd
IMATINIB CAPSULES IP 100MG,UNITINIB 100,CAPSULES,12X10'S,ALU PVC BLISTER,United Biotech (P) Limited,INDIA,George Steuart Health Pvt Ltd
AMLODIPINE BESILATE TABLETS USP 5MG,AMLOPRES 5,TABLETS,10X10'S 10X10X10'S,BLISTER,Cipla Limited,INDIA,Breathe Free Lanka (Pvt) Ltd
CEFUROXIME AXETIL ORAL SUSPENSION BP 125MG/5ML,STAXIM,POWDER FOR SUSPENSION,70 ML,GLASS BOTTLE,Delta Pharma Ltd,BANGLADESH,Kandana Food & Drugs (Pvt) Ltd
ROSUVASTATIN TABLETS IP 20MG,ROSVOR 20,TABLET,3X10'S,ALU ALU BLISTER,Pharmafabrikon,INDIA,Novachem Lanka (Pvt) Ltd
SODIUM CHLORIDE OPTHALMIC SOLUTION  BP 5%,HYPET,EYE DROPS,10ML,PLASTIC DROPPER BOTT,The Schazoo Pharmaceutucal Laboratories (Pvt) Ltd,PAKISTAN,Shaka Holdings (Pvt) Ltd
DESLORATADINE TABLETS 5MG,DESATROL TABLETS,TABLETS,"10x10'S,1X10'S,1X4'S",ALU PVC BLISTER,Navana Pharmaceuticals Ltd,BANGLADESH,Darley Butler  & Co Ltd
TOBRAMYCIN USP 0.3% W/V & DEXAMETHASONE USP 0.1% W/V OPHTHALMIC SUSPENSION,TOBRAD,OPHTHALMIC SUSPENSION,5ML,OPAQUE PLAS BOTTLE,The Schazoo Pharmaceutucal Laboratories (Pvt) Ltd,PAKISTAN,Shaka Holdings (Pvt) Ltd
LORATADINE CHEWABLE TABLETS USP 10MG,LORINOL 10,CHEWABLE TABLETS,10X10'S,ALU/ALU STRIP,Micro Labs Ltd,INDIA,Micro Mega Lanka (Pvt) Ltd
IMATINIB CAPSULES IP 400MG,UNITINIB 400,CAPSULES,3X10'S,BLISTER,United Biotech (Pvt) Ltd,INDIA,George Steuart Health Pvt Ltd
DUTASTERIDE CAPSULES 0.5MG,DUTAMAX,CAPSULES,14 CAPSULES, ALU ALU BLISTER,Drug International Ltd,BANGLADESH,Tropical Pharma (Pvt) Ltd
TOBRAMYCIN 0.3% W/V & DEXAMETHASONE 0.1% W/V EAR DROPS,TOBEC-D,EAR DROPS,5ML,LDPE BOTTLE,Remington pharmaceutical Industries (Pvt) Ltd,PAKISTAN,Sunshine Healthcare lanka Ltd
PERMETHRIN LOTION 5% W/V,SCABRID LOTION,LOTION,60ML,PLASTIC  BOTTLE,Tabros Pharma (Pvt) Ltd,PAKISTAN,Associated Laboratories (Pvt) Ltd
AMOXICILLIN & CLAVULANATE POTASSIUM FOR ORAL SUSPENSION USP 156MG/5ML,AVAM 156,POWDER FOR SUSPENSION,1'S(100ML),HDPE Bottle,AMN Life Science (Pvt) Ltd,INDIA,Pharma Associates
PIOGLITAZONE TABLETS USP 15MG,PIOTONE 15,TABLETS,5X10'S,ALU ALU BLISTER,The Madras Pharmaceuticals,INDIA,Pharma Associates
CLOPIDOGREL TABLETS USP 75MG,LIPOGREL,TABLET,10x10's,ALU ALU BLISTER,Centurion Laboratories Pvt Ltd,INDIA,Yaden International (Pvt) Ltd
CEFUROXIME AXETIL TABLETS USP 500MG,THEOROXIME 500,TABLET,3X10'S,"ALU ALU BLIS,STRIP",Theon Pharmaceuticals Ltd,INDIA,Slim Pharmaceuticals (Pvt) Ltd
MEMANTINE HYDROCHLORIDE TABLETS USP 5MG,DEMENTA 5,TABLETS,"10X10'S,3X10'S,1X10'",ALU-PVC BLISTER,Ziska Pharmaceuticals Ltd,BANGLADESH,Tabrane Pharmaceuticals (Pvt) Ltd
FAMOTIDINE TABLETS USP 40MG,FAMO-D 40,TABLET,10X10'S,BLISTER,Belco Pharma (Pvt) Ltd,INDIA,Pharmatec (Pvt) Ltd
METFORMIN HYDROCHLORIDE TABLETS USP 500MG,***,TABLET,"10X10'S, 1000'S",ALU PVC BLISTER,Scott Edil Pharmacia Ltd,INDIA,Hi Care Pharma (Pvt)Ltd
POVIDONE IODINE TOPICAL SOLUTION USP 10% W/V,APODIN,TOPICAL SOLUTION,"50ML,100ML,200ML,500",AMB PET BOTTLE,Globe Pharmaceuticals Ltd,BANGLADESH,Tabrane Healthcare (Pvt) Ltd
SITAGLIPTIN TABLETS USP 50MG,SITAGLU,TABLETS,2X7'S(4X7'S)(28'S),ALU ALU BLISTER,Hilton  Pharma (Pvt) Ltd,PAKISTAN,Sunshine Healthcare lanka Ltd
RABEPRAZOLE SODIUM FOR INJECTION 20MG,RABELOC IV,POWDER FOR INJECTION,5ML,FLINT GLASS VIAL,Cadila pharmaceuticals Ltd,INDIA,Sunshine Healthcare lanka Ltd
ALBENDAZOLE TABLETS 400MG,Al-DS,CHEWABLE TABLETS,"20X1'S, 50X1'S 60X1'",ALU PVC BLISTER,Globe Pharmaceuticals Ltd,BANGLADESH,Tabrane Healthcare (Pvt) Ltd
DESONIDE LOTION 0.05%,DESOWEN LOTION,TOPICAL LOTION,30ML,HDPE BOTTLE,Encube Ethicals (Pvt) Ltd,INDIA,Sunshine Healthcare lanka Ltd
CANDESARTAN CILEXETIL TABLETS USP 16 MG,ADVANT,TABLET,14'S,ALU ALU BLISTER,Getz Pharma (Pvt) Ltd,PAKISTAN,Hemas Pharmaceuticals (Pvt) Ltd
TELMISARTAN TABLETS USP 40MG,TASMI 40,TABLETS,14S PACK,ALU ALU BLISTER,Getz Pharma (Pvt) Ltd,PAKISTAN,Hemas Pharmaceuticals (Pvt) Ltd
LEVOFLOXACIN TABLETS USP 500MG,LEFEXY 500,TABLET,"2', 10', 30'",ALU ALU BLLISTER,Shrooq Pharmaceutical Pvt  Ltd,PAKISTAN,Tranz Pharma Hodlings (Pvt) Ltd
RECOMBINANT HUMAN ERYTHROPOIETIN INJECTION 2000 IU/ML PREFILLED SYRINGE,EPOSINO,INJECTION,01 PFS/PACK,TY 1 PFSY,Kexing Biopharm Co Ltd,CHINA,Slim Pharmaceuticals (Pvt) Ltd
ACECLOFENAC TABLETS 100MG,CELOFEN,TABLET,50'S,ALU PVC BLISTER,Advanced Chemical Industries,BANGLADESH,CIC Holdings PLC
CHLORPHENAMINE INJECTION BP 10MG/ML,***,SOLUTION FOR INJECTION,10X1 ML AMPOULE,AMB GLS AMPOUL,"YADEN LABORATORIES PVT LTD ,",SRI LANKA,***
BETAHISTINE DIHYDROCHLORIDE TABLETS BP 16MG,B HIST 16,TABLET,10X10'S,ALU ALU BLISTER,Windlas Biotech Limited,INDIA,Softlogic Pharmaceuticals (Pvt( Ltd
ASPIRIN DELAYED RELEASE TABLETS USP 75MG,ECORIN 75,TABLET,10X10'S,ALU ALU STRIP,REMIDEX PHARMA PVT LTD,INDIA,Hemas Pharmaceuticals (Pvt) Ltd
ENALAPRIL TABLETS USP 10MG,RENITEC,TABLET,5X10' 2X10'S,ALU ALU BLISTER,SEARLE PAKISTAN LIMITED,PAKISTAN,Morison Limited
FORMOTEROL FUMARATE 6 MCG & BUDESONIDE 200 MCG DRY POWDER INHALATION C APSULES,FORMOVENT 200,CAPSULES,10X10'S,BLISTER STRIP PACK,Lina Manufacturing (Pvt) Ltd,SRI LANKA,***
ROSUVASTATIN TABLETS IP 10MG,***,TABLETS,"3X10'S, 10X10'S",ALU ALU BLISTER,Celogen Lanka (Pvt) Ltd,SRI LANKA,***
PIPERACILLIN & TAZOBACTAM FOR INJECTION USP 4.5G,TAZIN 4.5G,POWDER FOR INJECTION,1 & 1X10'S,USP TY 1 GLS VIAL,United Biotech (P) Limited,INDIA,George Steuart Health Pvt Ltd
ACETAMINOPHEN(PARACETAMOL SUPPOSITORIES USP 250MG,ACT-250,SUPPOSITORIES,"1X5', 2X5'",PVC PE BLISTER,Celogen Lanka (Pvt) Ltd,SRI LANKA,***
TOBRAMYCIN EYE OINTMENT 0.3% W/W,NEBRA,OINTMENT,5 G,COLLAP ALU TUBE,Remington pharmaceutical Industries (Pvt) Ltd,PAKISTAN,Sunshine Healthcare lanka Ltd
LATANOPROST EYE DROPS 0.005% W/V,LACOMA,EYE DROPS,5ML & 2.5LM,LDPE EYE DROP,Ajanta Pharma Limited,INDIA,A Baur & Co  (Pvt) Ltd
POLIOMYELITIS VACCINE SUSPENSION FOR INJECTION 0.5ML SINGLE DOSE,***,SUSPENSION FOR INJECTION,SINGLE DOSE,TY 1 GLASS VIAL,Bilthoven Biological B V,NETHERLANDS,Citihealth Imports (Pvt) Ltd
MEBEVERINE HYDROCHLORIDE MODIFIED RELEASE CAP 200MG,MEBIZ SR,MODIFIED RELEASE CAPSULES,5X10'S,ALU POLY FOIL STRIP,"SUN PHARMA LABORATORIES LIMITED, INDIA FOR SUN PHARMACEUTICAL INDUSTRIES LIMITED, INDIA",INDIA,Hemas Pharmaceuticals (Pvt) Ltd
IRINOTECAN HYDROCHLORIDE INJECTION 40MG/2ML,IRITERO 40MG/2ML,INJECTION,01 VIAL,AMBER TUBULAR GLASS,Hetero Labs Ltd,INDIA,Mansel (Ceylon) (Pvt) Ltd
RABIES ANTISERUM(ENZYME REFINED EQUINE IMMUNOGLOBULIN) 200 IU/ML,PREMI-RIG,SOLUTION FOR INJECTION,5ML(1'S),USP TY 1 GLASS VIAL,"Premium Serms and Vaccines Private Limited,",INDIA,George Steuart Health Pvt Ltd
PNEUMOCOCCAL CONJUGATE VACCINE (10  VALENT)SINGLE DOSE 0.5ML,SYNFLORIX,SUSPENSION FOR INJECTION,1'S(SINGLE DOSE),PFSY+NEEDLE,Glaxo Smithkiline Biologicals S A,BELGIUM,A Baur & Co  (Pvt) Ltd
"COMBIPACK OF SNAKE VENOM ANTISERUM IP FOR INJECTION WITH STERILE WATER FOR INJECTION IP(LYOPHILIZED,POLYVALENT,ENZYME REFINED EQUINE IMMUNOGLOBULIN)",***,LYOPHILIZED POW INJECTION,"10ML,10ML INJEC/PACK","TY 1 GLASS VIAL,DILU","Premium Serms and Vaccines Private Limited,",INDIA,George Steuart Health Pvt Ltd
PARACETAMOL SOLUTION FOR IV INFUSION 10MG/ML,IFIMOL-IV,IV INFUSION,100ML/BOTTLE,FES BOTTLE,UNIQUE PHARMACEUTICAL LABORATORIES,INDIA,George Steuart Health Pvt Ltd
VINORELBINE INJECTION IP 10MG/ML,VINOTEC 10,SOLUTION FOR INJECTION,2ML,CLEAR MOUU GLS VIAL,United Biotech (P) Limited,INDIA,George Steuart Health Pvt Ltd
FLUOROURACIL INJECTION IP 250MG/5ML,ONCOFLUOR 250,INJECTION,5 AMPOULE,GLASS AMPOULE,United Biotech (P) Limited,INDIA,George Steuart Health Pvt Ltd
ROSUVASTATIN TABLETS 5MG,ROSEDAY 5,TABLET,3X10'S,ALU ALU BLISTER,USV Private Limited,INDIA,Hemas Pharmaceuticals (Pvt) Ltd
CHLORPHENIRAMINE MALEATE 2MG & DEXTROMETHORPHAN BROMIDE 15MG/5 ML SYRUP,COREX D,ORAL SYRUP,60ML/100ML,AMB PLASTIC BOTTLE,Astron Limited,SRI LANKA,***
FLUCONAZOLE POWDER FOR SUSPENSION 50MG/5ML,FLUGAL SUSPENSION,POWDER FOR SUSPENSION,35 ML,HDPE BOTTLE,Square Pharmaceuticals Ltd,BANGLADESH,CIC Holdings PLC
ATORVASTATIN TABLETS 10MG,ATORMAC 10,TABLET,"10X10'S, 1000'S","ALU STRIPS,HDPE CONT",Macleods Pharmaceuticals Ltd,INDIA,Sunshine Healthcare lanka Ltd
AMOXICILLIN AND CLAVULANATE POTASSIUM FOR ORAL SUSPENSION USP 156.25MG/5 ML,AMCLAV POWDER FR SUSPENSION,POWDER FOR ORAL SUSPENSION,"60ML, 100ML",HDPE BOTTLE,Square Pharmaceuticals Ltd,BANGLADESH,CIC Holdings PLC
ESCITALOPRAM TABLETS USP 10MG,ESITOPAM 10,TABLET,3X10'S,ALU ALU STRIP,Akums Drugs & Pharmaceuticals Ltd,INDIA,Steriix Healthcare (Pvt) Ltd
DORZOLAMIDE HYDROCHLORIDE OPTHALMIC SOLUTION USP 20MG/ML,***,OPHTHALMIC SOLUTION,1'S,"5ML ,LDPE PLAS BOTTL",Ciron Drugs & PharmaceuticalS (Pvt) Ltd,INDIA,Ceyoka (Pvt) Ltd
AMPHOTERICIN B FOR INJECTION USP 50MG,PHOTERICIN B,POWDER FOR INJECTION,1 VIAL/PACK,GLASS VIAL,Cipla Ltd,INDIA,Breathe Free Lanka (Pvt) Ltd
ESOMEPRAZOLE MAGNESIUM DLAYED RELEASE CAPSULES USP 20MG,ZOLERIC 20,CAPSULES,"1X14'S, 14X7'S",ALU ALU STRIP,Genix Pharma (Pvt ) Ltd,PAKISTAN,Ceyoka (Pvt) Ltd
VENLAFAXINE PROLONGED RELEASE CAPSULES BP 150 MG,VENIZ  XR 150,CAPSULES,3X10'S,BLISTER,SUN PHARMACEUTICAL INDUSTRIES LTD,INDIA,Emerchemie NB (Ceylon) Ltd
RIVAROXABAN TABLET 20MG,XALIA 20,FILM COA TABLETS,"1x10's,3x10's,10x10'",ALU ALU BLISTER,CCL Pharmaceuticals (Pvt) Ltd,PAKISTAN,CIC Holdings PLC
PREGABALIN CAPSULES 75MG,ZEEGAP,CAPSULES,1X14'S,ALU PVC BLISTER,Hilton  Pharma (Pvt) Ltd,PAKISTAN,Sunshine Healthcare lanka Ltd
METFORMIN TABLETS BP 500MG PROLONGED RELEASE,CELOMET SR,SUSTAINED RELEASE TABLETS,1000'S 10X10'S,"HDPE JAR,AL PVC PVDC",Celogen Lanka (Pvt) Ltd,SRI LANKA,***
MEMANTINE HYDROCHLORIDE TABLETS USP 5MG,ADMENTA 5,TABLET,3X10'S,ALU PVC BLISTER,"SUN PHARMA LABORATORIES LIMITED, INDIA FOR SUN PHARMACEUTICAL INDUSTRIES LIMITED, INDIA",INDIA,Emerchemie NB (Ceylon) Ltd
LINAGLIPTIN TABLETS 5MG,LINITA,TABLET,30'S,ALU ALU BLISTER,Square Pharmaceuticals Ltd,BANGLADESH,CIC Holdings PLC
MELOXICAM TABLETS BP 15MG,LOXICAM 15,TABLET,1X10' 3X10' 5X10',ALU PVC BLISTER,ZIM Laboratories Limited,INDIA,Tabrane Pharmaceuticals (Pvt) Ltd
SODIUM VALPROATE & VALPROIC ACID CONTROLLED RELEASE TABLETS 300MG,ENCORATE CHRONO 300,FILM COATED TABLETS,3X10'S,BLISTER,"SUN PHARMA LABORATORIES LIMITED, INDIA FOR SUN PHARMACEUTICAL INDUSTRIES LIMITED, INDIA",INDIA,Emerchemie NB (Ceylon) Ltd
GABAPENTIN CAPSULES USP 300MG,GABAFRED 300,HARD GELATINE CAPSULES,3x10's,ALU PVC BLISTER,Fredun Pharmaceuticals Ltd,INDIA,George Steuart Health Pvt Ltd
SODIUM VALPROATE & VALPROIC ACID BP CONTROLLED RELEASE TABLETS 200MG,VALOATE CR 200,TABLET,5X10'S,BLISTER,Square Pharmaceuticals Ltd,BANGLADESH,CIC Holdings PLC
DILTIAZEM HYDROCHLORIDE SUSTAINED RELEASE TABLETS  90MG,DILCARDIA SR 90,TABLET,"10X10'S, 1000'S","ALU ALU BLISTER,HDPE",J.B.Chemicals & Pharmaceuticals ltd,INDIA,George Steuart Health Pvt Ltd
TADALAFIL TABLETS USP 10MG,DURON 10,TABLET,1X4'S,ALU ALU BLISTER,Macleods Pharmaceuticals Ltd,INDIA,Sunshine Healthcare lanka Ltd
OXCARBAZEPINE TABLETS USP 300MG,OXETOL 300,TABLET,"5X10' , 3X10'S",ALU PVC PVDC BLISTER,"SUN PHARMA LABORATORIES LIMITED, INDIA FOR SUN PHARMACEUTICAL INDUSTRIES LIMITED, INDIA",INDIA,Emerchemie NB (Ceylon) Ltd
ROSUVASTATIN TABLETS 20MG,ROSEDAY 20,TABLET,3X10'S,ALU ALU BLISTER,USV Private Limited,INDIA,Hemas Pharmaceuticals (Pvt) Ltd
CIPROFLOXACIN INJECTION USP 200MG/100ML,AXACIP,INTRAVENOUS INFUSION,100 ML,LDPE BOTTLE,Axa Parenterals Ltd,INDIA,Chamee Chemist
DULOXETINE HYDROCHLORIDE DELAYED RELEASE CAPSULES USP 60MG,DUZELA 60,CAPSULES,3X10'S,BLISTER,Sun Pharma Laboratories Ltd,INDIA,Emerchemie NB (Ceylon) Ltd
RANITIDINE INJECTION USP 25MG/ML,ACILOC,SOLUTION FOR INJECTION,5'S (2ML),USP TY 1 GLS AMPOULE,Cadila pharmaceuticals Ltd,INDIA,Sunshine Healthcare lanka Ltd
IRBESARTAN TABLETS USP 150MG,IROVEL 150,TABLET,"10X10;S, 5X10'S",ALU STRIP PACK,"SUN PHARMA LABORATORIES LIMITED, INDIA FOR SUN PHARMACEUTICAL INDUSTRIES LIMITED, INDIA",INDIA,Hemas Pharmaceuticals (Pvt) Ltd
ASCORBIC ACID TABLETS BP 100MG,***,TABLET,"1000'S, 500'S",HDPE BOTTLES,"GAMMA INTERPHARM PVT LTD,",SRI LANKA,***
SOLUBLE INSULIN HUMAN (Rdna) SOLUTION FOR INJECTION 100 IU/ML,HUMULIN R,SOLUTION FOR INJECTION,3ML X 5'S,3ML CARTIRIGE,LILLY FRANCE,FRANCE,Hemas Pharmaceuticals (Pvt) Ltd
CETIRIZINE DIHYDROCHLORIDE TABLET 10MG,CETRINE,TABLETS,2x10's,ALU_ALU BLISTER,Dr Reddy's Laboratories Ltd,INDIA,Emerchemie NB (Ceylon) Ltd
CLOPIDOGREL TABLETS USP 75MG,CLOPIDA,TABLETS,10x10'S,BLISTER,XL Laboratories (Pvt) Ltd,INDIA,SMM Halcyon (Pvt) Ltd
CHOLECALCIFEROL TABLETS BP 1000IU,CAD D 1000,TABLETS,3X10'S,BLISTER,Finecure Pharmaceutical Ltd,INDIA,Biolife Pharmaceuticals (Pvt) Ltd
2-PROPANOL 45G+1-PROPANOL 30G+ MECETRONIUM ETHYLSULPHATE 0.2G/100 G SOLUTION,STERILLIUM,ANTISEPTIC SOLUTION,100ML & 500ML,HDPE BOTTLE,Raman & Weil (Pvt) Ltd,INDIA,Mamro (Pvt) Ltd
VITAMIN E CAPSULES USP 600MG,EWON 600,SOFT GELATIN CAPSULES,"3X10,6X10,10X10",ALU PVC BLISTER,Celogen Lanka (Pvt) Ltd,SRI LANKA,***
TEMOZOLOMIDE CAPSULES USP 250MG,TEMOREL 250,CAPSULES,5'S,AMB GLASS BOTTLE,Reliance Life Sciences (Pvt) Ltd,INDIA,ABC Pharma Services Pvt. Ltd
VITAMIN E CAPSULES USP 400MG,EVIROSE 400,CAPSULES,10X10'S,BLISTER,XL Laboratories (Pvt) Ltd,INDIA,SMM Halcyon (Pvt) Ltd
CLONAZEPAM TABLETS USP 2MG,***,TABLET,"500'S, 100'S","HDPE CONT,CAP",Morison Limited,SRI LANKA,***
INSULIN GLULISINE SOLUTION FOR INJECTION 100IU/ML,APIDRA SOLOSTAR,SOLUTION FOR INJECTION,5 PFS PACK,PRE FILLED PENS,Sanofi Aventis Deutschland Gmbh,GERMANY,A Baur & Co  (Pvt) Ltd
ESOMEPRAZOLE CAPSULES USP 20MG,ZUMIN,CAPSULES,"2X7'S, 14X7'S",ALU ALU BLISTER,Semos Pharmaceuticals (Pvt) Ltd,PAKISTAN,Bio Tech Pharma (Pvt) Ltd
MEFENAMIC ACID TABLETS BP 500MG,MEFALGIC FORTE,TABLET,10X10'S,ALU PVC BLISTER,Semos Pharmaceuticals (Pvt) Ltd,PAKISTAN,Bio Tech Pharma (Pvt) Ltd
CELECOXIB CAPSULES 200MG,SETMO 200,CAPSULES,10X10'S,ALU PVC BLISTER,Semos Pharmaceuticals (Pvt) Ltd,PAKISTAN,Bio Tech Pharma (Pvt) Ltd
FLUROMETHONOLONE OPHTHALMIC SUSPENSION USP 0.1% W/V,OPTIFLUR,OPHTHALMIC  SUSPENSION,5ML,LDPE PLASTIC BOTTLE,Sante (Private) Limited,PAKISTAN,Emerchemie NB (Ceylon) Ltd
FILGRASTIM SOLUTION FOR INJECTION 300MCG/ML,LEUCO PLUS 300,SOLUTION FOR INJECTION,TYPE 1 GLASS SYRINGE,1ML PFS&1ML PFSX6'S/,"Siam Bioscience Co Ltd,",THAILAND,Yaden International (Pvt) Ltd
TERBINAFINE HYDROCHLORIDE TABLETS USP 250MG,***,TABLETS,100'S,JAR JAR,Centurion Laboratories Pvt Ltd,INDIA,Yaden International (Pvt) Ltd
METHYLDOPA TABLETS BP 250MG,***,FILM COATED TABLETS,100'S,HDPE JAR,Celogen Lanka (Pvt) Ltd,SRI LANKA,***
DACARBAZINE FOR INJECTION USP  200MG,DACARB,POWDER FOR INJECTION,20ML,GLASS VIAL USP TYPE,Getwell Pharma India Private Limited,INDIA,The Esses Pharmacy (Pvt) Ltd
PREGABALIN CAPSULES 50MG,GABICA,CAPSULES,2X7'S 5X7'S (35'S),ALU ALU BLISTER,Getz Pharma (Pvt) Ltd,PAKISTAN,Hemas Pharmaceuticals (Pvt) Ltd
Valsartan 26 mg + Sacubitril 24 mg film coated Tablets,UPERIO 50MG,FILM COATED TABLETS,28'S,PVC PVDC ALU BLIST,Novartis Farma S.pA via Provinciale,ITALY,A Baur & Co  (Pvt) Ltd
VENLAFAXINE PROLONGED RELEASE CAPSULES BP 75MG,VENIZ XR 75,CAPSULES,3X10'S,PVC BLISTER,SUN PHARMACEUTICAL INDUSTRIES LTD,INDIA,Emerchemie NB (Ceylon) Ltd
GLICLAZIDE TABLETS BP  80MG,COMPRID,TABLET,6X10'S,ALU PVC BLISTER,Square Pharmaceuticals Ltd,BANGLADESH,CIC Holdings PLC
AMLODIPINE 5MG AND VALSARTAN 80MG TABLETS USP,AVSAR 5/80,TABLET,4X7'S,ALU ALU BLISTER,Pharm Evo (Pvt) Ltd,PAKISTAN,CIC Holdings PLC
ALPRAZOLAM TABLETS USP 0.5MG,ALZOLAM 0.5,TABLETS,10X10'S,BLISTER,"SUN PHARMA LABORATORIES LIMITED, INDIA FOR SUN PHARMACEUTICAL INDUSTRIES LIMITED, INDIA",INDIA,Emerchemie NB (Ceylon) Ltd
ISOTRETINOIN CAPSULES USP 20MG,ISOTRIN 20,SOFT GELATIN CAPSULES,"1X10', 3x10's,5x10'",Alu-PVC Blister,Gelnova laboratories (Pvt) Ltd,INDIA,Tabrane Pharmaceuticals (Pvt) Ltd
CEFUROXIME AXETIL TABLETS USP 500MG,CEFERO 500,TABLET,"1X10', 3X10',5X10'",ALU ALU BLISTER,ZIM Laboratories Limited,INDIA,Tabrane Pharmaceuticals (Pvt) Ltd
DONEPEZIL HYDROCHLORIDE TABLETS USP 5MG,ALZER 5,TABLET,3X10'S,"PVC,PVDC BLISTER",Hetero Labs Ltd,INDIA,Mansel (Ceylon) (Pvt) Ltd
FLUCONAZOLE INFUSION BP 2MG/1 ML,COZIL IV INFUSION,IV INFUSION,"1 VIAL/500ML, 100ML",GLASS VIAL,Shrooq Pharmaceutical (S) (Pvt) Ltd,PAKISTAN,Tranz Pharma Hodlings (Pvt) Ltd
CALCITRIOL CAPSULES BP 0.25MCG,CALCIGEN,CAPSULES,10X10'S,ALU PVC BLISTER,Celogen Lanka (Pvt) Ltd,SRI LANKA,***
NORETHISTERONE TABLETS BP 5MG,***,TABLET,"500'S, 150'S, 10X10'","PLASTIC,JAR,BLISTER",Belco Pharma (Pvt) Ltd,INDIA,Pharmatec (Pvt) Ltd
CEFUROXIME FOR INJECTION USP 750MG,XIOTIL 750,POWDER FOR INJECTION,1 VIAL/PACK,GLASS VIAL,INNOVA CAPTAB LIMITED,INDIA,Cliniqon Biotech Pvt. Ltd
ROSUVASTATIN TABLETS USP 10MG,ROLIP 10,TABLETS,"1X10'S,3X10'S",ALU ALU BLISTER,Hilton  Pharma (Pvt) Ltd,PAKISTAN,Sunshine Healthcare lanka Ltd
MOMETASONE FUROATE CREAM USP 0.1% W/W,MOMTAS,CREAM,10 G,AL COLLAP TUBE,Blossom Pharmaceuticals,INDIA,George Steuart Health Pvt Ltd
ESOMEPRAZOLE MAGNESIUM GASTRO RESISTANT TABLETS 40MG,SOMPRAZ,ENTERIC COATED TABLETS,3X10'S,ALU ALU BLISTER,SUN PHARMACEUTICAL INDUSTRIES LTD,INDIA,Hemas Pharmaceuticals (Pvt) Ltd
AMLODIPINE 5MG AND VALSARTAN 160MG TABLETS USP,AVSAR 5/160,TABLET,4X7'S,ALU ALU STRIPS,PharmEvo (Pvt) Ltd,PAKISTAN,CIC Holdings PLC
FLUCLOXACILLIN CAPSULES BP 500MG,FLUBIOTIC,CAPSULES,"5X4'S, 1X4'S",ALU ALU BLISTER,Navana Pharmaceuticals Ltd,BANGLADESH,Darley Butler  & Co Ltd
ESOMEPRAZOLE SODIUM FOR INJECTION 40MG,STULCER,POWDER FOR INJECTION,"5ML AMP,NACL INJ 0.9",GLS VIAL&GLS AMPOULE,Gufic Biosciences Ltd,INDIA,Slim Pharmaceuticals (Pvt) Ltd
MEBENDAZOLE TABLETS 100 MG,VERMOX,TABLET,6'S,BLISTER,LUSOMEDICAMENTA - SOCIEDADE TECIEDADE TECNICA FARMACEUTICA,BELGIUM,MULLER & PHIPPS (HEALTH CARE) LIMITED
OXYMETAZOLINE HYDROCHLORIDE NASAL SOLUTION USP 0.05%,NOCON 0.05%,NASAL SOLUTION,10 ML,PLASTIC CONTAINER,Square Pharmaceuticals Ltd,BANGLADESH,CIC Holdings PLC
LORATADINE ORAL SOLUTION USP 1MG/ML,LORIDIN,ORAL SOLUTION,100ML,AMB PET BOTTLE,ZYDUS LIFESCIENCES LIMITED,INDIA,Sunshine Healthcare lanka Ltd
OXYMETAZOLINE HYDROCHLORIDE NASAL SOLUTION USP 0.025% W/V,RYNEX 0.025%,NASAL DROPS,1'S (10ML),PLASTIC DROPPER BOTT,Incepta Pharmaceuticals Ltd,BANGLADESH,Citihealth Imports (Pvt) Ltd
PALBOCICLIB CAPSULES 125MG,PALBO 125,CAPSULES,21'S,HDPE JAR,Drug International Ltd,BANGLADESH,Tabrane Pharmaceuticals (Pvt) Ltd
ORLISTAT CAPSULES 120MG,ORSLIM 120,CAPSULES,30'S PACK,ALU ALU BLISTER,PharmEvo (Pvt) Ltd,PAKISTAN,CIC Holdings PLC
Co-Amoxiclav TABLETS BP 375mg,UNICLAV 375,TABLETS,2X10'S 10X10'S,ALU ALU BLISTER,Navesta Pharmaceuticals (Pvt) Ltd,SRI LANKA,***
FUSIDIC ACID CREAM BP 2%  W/W,FACIDO -C,CREAM,15 G,ALU COLLAP TUBE,Eskayef Pharmaceuticals Ltd,BANGLADESH,Truvic Private Ltd
LOTEPREDNOL ETABONATE OPTHALMIC SUSPENTION 0.5%W/V,L-PRED,OPHTHALMIC  SUSPENSION,5ML/PACK,PLASTIC DROP,Piramal Enterprises Ltd,INDIA,Hemas Pharmaceuticals (Pvt) Ltd
TOPIRAMATE TABLETS USP 100MG,TOPIROL 100,TABLET,5X10'S,BLISTER,SUN PHARMACEUTICAL INDUSTRIES LTD,INDIA,Emerchemie NB (Ceylon) Ltd
FOLLITROPIN ALFA INJECTION 75 IU(5.5 MCG),GONAL-F,INJECTION,1ML WFU+1 GLS INJECT,GLASS VIAL,Merck Serono SA,SWITZERLAND,A Baur & Co  (Pvt) Ltd
LEVOFLOXACIN INTRAVENOUS INFUSION 500MG/100ML,WARIOR INFUSION,INFUSION,100ML,GLASS VIAL,"Surge Laboratories (Pvt) Ltd, Pakistan for Nabiqasin Indu,s Pvt Ltd",PAKISTAN,George Steuart Health Pvt Ltd
CO-AMOXICLAV TABLETS BP 625MG,UNICLAV 625,TABLETS,2X10'S 10X10'S,ALU ALU BLISTER,Navesta Pharmaceuticals (Pvt) Ltd,SRI LANKA,***
ONDANSETRON TABLETS BP 8MG,ONSETT 8,TABLET,"1X10', 3X10' 10X10'S",BLISTER,Cadila pharmaceuticals Ltd,INDIA,Sunshine Healthcare lanka Ltd
METFORMIN HYDROCHLORIDE SUSTAINED RELEASE TABLETS 500MG,SRIMET SR 500,TABLET,5X20'S,ALU PVC BLISTER,Fredun Pharmaceuticals Ltd,INDIA,George Steuart Health Pvt Ltd
INFANT CARMINATIVE SYRUP OIL OF ANETHI BPC 0.1% W/V AND SODIUM BICARBONATE BP 1% W/V,MORISON GRIPE MIXTURE,SYRUP,200ML & 100ML,AMB COL PET BOTTLE,Morison Limited,SRI LANKA,***
LACTULOSE SOLUTION USP 10G/15ML,LACFOMAC,ORAL SOLUTION,"100ML,500ML",AMBER ET BOTTLE,Mc W Healthcare (P ) Ltd,INDIA,Innogen Lanka (Pvt) Ltd
DULOXETINE HYDROCHLORIDE DELAYED RELEASE CAPSULES USP 30MG,DUZELA 30,DELAYED RELEASE CAPSULES,3X10'S,ALU PVC BLISTER,"SUN PHARMA LABORATORIES LIMITED, INDIA FOR SUN PHARMACEUTICAL INDUSTRIES LIMITED, INDIA",INDIA,Emerchemie NB (Ceylon) Ltd
CIPROFLOXACIN INTRAVENOUS INFUSION BP 0.2% W/V,CIPROBAC,INTRAVENOUS INFUSION,100ML,PP BOTTLE,kelun lifesciences(Pvt) Ltd,SRI LANKA,***
SILDENAFIL CITRATE TABLETS 100MG,SILAGRA 100,FILM COA TABLETS,1X4'S 10X1X4'S,ALU PVC BLISTER,CIPLA LIMITED,INDIA,Breathe Free Lanka (Pvt) Ltd
CHRIOGONADOTROPIN ALFA SOLUTION FOR INJECTION 250MCG/0.5ML,OVIDREL,SOLUTION FOR INJECTION,PFS,GLASS VIAL(0.5ML),Merck Serono S P A,ITALY,A Baur & Co  (Pvt) Ltd
MONTELUKAST SODIUM TABLETS 10MG,LUXAT 10,TABLETS,28'S,ALU PVC BLISTER,Deva holdings  A.S.,TURKEY,Sheishiki Pharma (Pvt) Ltd
CERITINIB CAPSULES 150MG,CERINIB 150,HARD GELATINE CAPSULES,3X10 1X10 5X10 10X10,ALU ALU BLISTER,Drug International Ltd,BANGLADESH,Tabrane Pharmaceuticals (Pvt) Ltd
DESLORATADINE SYRUP 2.5MG/5ML,MOMENTO,ORAL SOLUTION,60ML,GLASS BOTTLE,Beximco Pharmaceuticals Ltd,BANGLADESH,Emerchemie NB (Ceylon) Ltd
ESOMEPRAZOLE TABLETS 40MG,ESOTAC 40,TABLETS,3X10'S 1X4'S 1X10'S,ALU ALU BLISTER,Navana Pharmaceuticals Ltd,BANGLADESH,Darley Butler  & Co Ltd
RIVAROXABAN TABLET 10MG,XALIA 10,TABLETS,"1X10'S,3X10'S,10X10'",ALU/ALU BLISTER,CCL Pharmaceuticals (Pvt) Ltd,PAKISTAN,CIC Holdings PLC
PIZOTIFEN TABLETS B.P 0.5MG,PIZOFEN,TABLETS,3X10'S 1X4' 1X10,BLISTER PACK,Navana Pharmaceuticals Ltd,BANGLADESH,Darley Butler  & Co Ltd
OXALIPLATIN INJECTION USP 50MG/10ML,OXIPLAT 50,SOLUTION FOR INJECTION,10ML,USP TY 1 CLEAR VIAL,Drug International Ltd,BANGLADESH,Tabrane Pharmaceuticals (Pvt) Ltd
DISODIUM HYDROGEN CITRATE LIQUID 1.37G/5ML,CITAL,ORAL LIQUID,100 ML,AMB .PET BOTTLE,Indoco Remedies India,INDIA,Hemas Pharmaceuticals (Pvt) Ltd
CIPROFLOXACIN INJECTION USP 200MG/100ML,IFICIPRO,INJECTION,100ML,PLASTIC BOTTLE,Unique Pharmaceutucal  Laboratories,INDIA,George Steuart Health Pvt Ltd
TERBINAFINE TABLETS BP 250MG,TERBISIL 250MG,TABLETS,10'S,ALU PVC BLISTER,Saffron Pharmaceutical (Pvt) Ltd,PAKISTAN,Truvic Private Ltd
MEFENAMIC ACID TABLETS BP 500MG,AGIMEF 500,TABLET,10x10's,ALU PVDC BLISTER,Agio Pharmaceuticals Ltd,INDIA,Citihealth Imports (Pvt) Ltd
SODIUM CHLORIDE 0.45% W/V & GLUCOSE 10% W/V  INTRAVENOUS INFUSION BP,***,INTRAVENOUS INFUSION,500 ML BOTTLE,PP INFUSION BOTTLE,kelun lifesciences(Pvt) Ltd,SRI LANKA,***
NEBIVOLOL HYDROCHLORIDE TABLETS 5MG,NEBICARD-5,TABLETS,1X5X10'S,AL PVC BLISTER,Torrent Pharmaceuticals Ltd,INDIA,Edna Medicals (Pvt) Ltd
LEVETIRACETAM EXTENDED RELEASE TABLETS USP 500MG,JULITAM XR 500,TABLET,"3X10'S, 10X10'S",ALU ALU BLISTER,Celogen Lanka (Pvt) Ltd,SRI LANKA,***
ACECLOFENAC TABLETS 100MG,MOBENAC 100,FILM COATED TABLETS,"1X10', 3X10' 10X10",ALU ALU BLISTER,Alkem Laboratories Ltd,INDIA,Emerchemie NB (Ceylon) Ltd
CHLORPHENAMINE TABLETS BP 4MG,CHOR-MOR,TABLET,"1000'S, 10X10'S","HDPE CONT,AL PVC BLI",Morison Limited,SRI LANKA,***
ASPIRIN GASTRO RESISTANT TABLETS BP 75MG,ASPILIN 75,TABLETS,"10x3'S, 10X10'S",ALU-ALU BLISTER,Lina Manufacturing (Pvt) Ltd,SRI LANKA,***
DEQUALINIUM CHLORIDE LOZENGES 0.25MG,AXCEL DEXXON,LOZENGES,10X10'S,ALU PVC BLISTER,Kotra pharma (M) Ltd,MALAYSIA,Sunshine Healthcare lanka Ltd
MEDROXYPROJESTERONE ACETATE INJECTABLE SUSPENSION USP 150MG/ML,DEPO PROGESTIN,INJECTABLE SUSPENSION,20X1ML VIALS,GLASS VIAL,P T Harsen Laboratories,INDONESIA,Mansel (Ceylon) (Pvt) Ltd
ETORICOXIB FAST DISINTEGRATING TABLETS 90MG,ETOSHINE 90,TABLETS,"10X10'S, 3X10'S",BLISTER,SUN PHARMACEUTICAL INDUSTRIES LTD,INDIA,Hemas Pharmaceuticals (Pvt) Ltd
CLOMIFENE TABLETS BP 100MG,OVULET 100,TABLETS, 5'S,BLISTER,Renata Limited,BANGLADESH,Emerchemie NB (Ceylon) Ltd
AMOXICILLIN AND CLAVULANATE POTASSIUM TABLETS USP 625MG,AMCLAV 625,TABLET,4X6'S,BLISTER,Square Pharmaceuticals Ltd,BANGLADESH,CIC Holdings PLC
FLUOROMETHOLONE 0.1% OPHTHALMIC SUSPENSION,FML LIQUIFILM,EYE DROP,LDPE BOTTLE,5ML,Allergan Pharmaceuticals Ireland,IRELAND,Hemas Pharmaceuticals (Pvt) Ltd
LEVETIRACETAM TABLETS 500MG,TORLEVA 500,TABLET,6X10'S,BLISTER,Torrent Pharmaceuticals Ltd,INDIA,Edna Medicals (Pvt) Ltd
DIVALPROEX SODIUM EXTENDED RELEASE TABLETS USP 250MG,DICORATE ER 250,TABLET,5X10'S,ALU ALU BLISTER,"SUN PHARMA LABORATORIES LIMITED, INDIA FOR SUN PHARMACEUTICAL INDUSTRIES LIMITED, INDIA",INDIA,Emerchemie NB (Ceylon) Ltd
CLOBETASOL CREAM BP 0.05% W/W,CLOBIT,CREAM,"15G, 12X15G",ALU COLLAP TUBE,Nem Laboretories (P) Ltd,INDIA,Softlogic Pharmaceuticals (Pvt( Ltd
MICONAZOLE NITRATE CREAM IP 2% W/W,EMZOLE,CREAM,15g,Collapsible Lami tub,Central drugs and Pharmaceutical,INDIA,Pharma Associates (Pvt) Ltd
ESOMEPRAZOLE TABLETS 20MG,ESOTAC 20,ENTERIC COATED TABLETS,3X10'S 1X4'S 1X10'S,ALU ALU BLISTER,Navana Pharmaceuticals Ltd,BANGLADESH,Darley Butler  & Co Ltd
CELECOXIB CAPSULES BP 100MG,PLENCOXIB 100,CAPSULES,6X10'S,ALU PVC BLISTER,Akums Drugs & Pharmaceuticals Ltd,INDIA,Darley Butler  & Co Ltd
BEVACIZUMAB CONCENTRATE FOR INJECTION 100MG/4ML & 400MG/16ML,AVASTIN,CONCENTRATE FOR SOLUTIONFOR IV  INFUSION,1 VIAL,GLASS VIAL,F Hoffman-La Roche Ltd,SWITZERLAND,A Baur & Co  (Pvt) Ltd
TIOTROPIUM DRY POWDER INHALATION CAPSULES 18MCG,TIOHALE 18,DRY POWDER INHALATION CAPSULES,10X10' 3X10',ALU PVC PVDC BLISTER,Emergen Life Sciences (Pvt) Ltd,SRI LANKA,***
AZITHROMYCIN TABLETS USP 500MG,AZIROX  500,TABLETS,7X3'S 1X3'S,ALU ALU BLISTER,Navana Pharmaceuticals Ltd,BANGLADESH,Darley Butler  & Co Ltd
DOCETAXEL INJECTION  40MG/1ML,DONATAXEL,INJECTION,SING.VIAL 20MG 0.5ML,USP TYPE I GL TRA. V,Bioprofarma SA Terrada,ARGENTINA,Emerchemie NB (Ceylon) Ltd
VITAMIN B COMPLEX INJECTION,ESTYPLEX 5,INJECTION,10ML,AMB GLASS VIAL,Tablets (India) Ltd,INDIA,George Steuart Health Pvt Ltd
BISOPROLOL FUMARATE TABLETS USP 2.5MG,BISOLOL 2.5,TABLETS,1X10'S 3x10 10x10,ALU ALU BLISTER,Celogen Lanka (Pvt) Ltd,SRI LANKA,***
GLICLAZIDE TABLETS BP  80MG,VEXGID 80,TABLET,10X10'S,ALU ALU BLISTER,West Coast Pharmaceutical works Ltd,INDIA,AV Global  Impex (Pvt) Ltd
VECURONIUM BROMIDE FOR INJECTION BP 10MG,GUFIVEC 10,POWDER FOR INJECTION,10ML /PACK,USP TY 1 GLS VIAL,Gufic Biosciences Ltd,INDIA,Slim Pharmaceuticals (Pvt) Ltd
UREA CREAM 12% W/W,COTARYL CREAM,CREAM,50 G,HDPE JAR,FDC LIMITED,INDIA,Sunshine Healthcare lanka Ltd
MODAFINIL TABLETS 100MG,ASPENDOS 100 MG,TABLET,"1X10'S, 3X10'S",ALU PVC BLISTER,Medochemie Ltd,CYPRUS,Associated Laboratories (Pvt) Ltd
ATORVASTATIN TABLETS 20MG,ANZITOR 20,TABLET,3X10'S,ALU ALU BLISTER,Square Pharmaceuticals Ltd,BANGLADESH,CIC Holdings PLC
DESLORATADINE SYRUP 2.5MG/5ML,SEDNO,SYRUP,60ML,TRANSPARENT PET BOTT,Square Pharmaceuticals Ltd,BANGLADESH,CIC Holdings PLC
DICLOFENAC SODIUM CONTROLLED RELEASE 100MG CAPSULES,SUBSYDE CR CAPSULE,CAPSULES,"1X10'S, 10X10'S",ALU PVC BLISTER,Raptakos Brett & Company Ltd,INDIA,Pharma Associates
GLUCOSE INTRAVENOUS INFUSION BP 25% W/V,25 D,IV INFUSION,25 ML AMPOULE,PP AMPOULE,kelun lifesciences(Pvt) Ltd,SRI LANKA,***
GLICLAZIDE CONTROLLED RELEASE CAPSULES 60MG,GLITROL CR 60,CAPSULES,"10'S, 100'S",PVC PVDC BLISTER,Inventia Healthcare (Pvt) Ltd,INDIA,Emerchemie NB (Ceylon) Ltd
SILDENAFIL TABLETS USP 50MG,KAMAGRA,TABLET,"4'S, 50'S",ALU PVC BLISTER,Ajantha Pharma Ltd,INDIA,A Baur & Co  (Pvt) Ltd
GLIMEPIRIDE TABLETS USP 1MG,GLIMITAB 1,TABLETS,10X10'S,ALU-PVDC BLISTER,Centaur Pharmaceutical (Pvt) Ltd,INDIA,George Steuart Health Pvt Ltd
HAEMOPHILUS INFLUENZA TYPE  B CONJEGATE VACCINE (FREEZ-DRIED) SINGLE DOSE,*******,LYOPHILIZED POW INJECTION,"50x0.5ml vial, ampl",0.5ml vials+0.5ml GA,Serum Institute of India (Pvt) Ltd,INDIA,Citihealth Imports (Pvt) Ltd
LEVODOPA 200MG+BENSERAZIDE 50MG,MADOPAR,TABLET,100'S,AMB GLS BOTTLE,Delpharm Milano S r l,ITALY,A Baur & Co  (Pvt) Ltd
ONDANSETRON  INJECTION USP 8 MG/4ML,VOMIZ,INJECTION,5X4ML,1 GLASS AMPOULES,ZYDUS LIFESCIENCES LIMITED,INDIA,Sunshine Healthcare lanka Ltd
LORATADINE TABLETS USP 10MG,PRETIN,TABLET,10X10'S,ALU PVC BLISTER,Beximco Pharmaceuticals Ltd,BANGLADESH,Emerchemie NB (Ceylon) Ltd
CEFUROXIME FOR INJECTION USP 750MG,***,POWDER FOR INJECTION,1 vial/50 vial,USP TY 1,Swiss Parenterals Ltd,INDIA,PTC MEDIACL (PVT) LTD
LETROZOLE TABLETS USP 2.5MG,LETOV 2.5,TABLETS,"100'S,10X10'S,3X10'S",ALU STRIP/HDPE CONTA,ZYDUS LIFESCIENCES LIMITED,INDIA,Hemas Pharmaceuticals (Pvt) Ltd
SILDENAFIL ORODISPERSIBLE 50MG TABLET,REGO,ORO DISPERSIBLE TABLETS,"1X2'S, 6X2'S",STRIP PACK,Inventia Healthcare (Pvt) Ltd,INDIA,Emerchemie NB (Ceylon) Ltd
GLICLAZIDE TABLETS BP  80MG,DIPLOZID 80,TABLET,10X10'S,ALU PVC BLISTER,G D Laboratories (India) Pvt Ltd,INDIA,Softlogic Pharmaceuticals (Pvt( Ltd
LACTULOSE ORAL SOLUTION  3.35G/5ML,***,ORAL SOLUTION,"1'S(100ML,120ML,500M",AMB PET BOTTLE,ACE Healthcare (Pvt) Ltd,SRI LANKA,***
PARACETAMOL SUPPOSITORIES BP 125 MG,ARFEN 125MG,SUPPOSITORIES,"10'S, 2'S",ALU ALU BLIS/10 PACK,Medochemie Ltd,CYPRUS,George Steuart Health Pvt Ltd
ACETAMINOPHEN(PARACETAMOL SUPPOSITORIES USP 500MG),ACT-500,SUPPOSITORIES,"1X5'S, 2X5'S",PVC PE BLISTER,Celogen Lanka (Pvt) Ltd,SRI LANKA,***
BACLOFEN TABLET BP 5MG,***,TABLETS,"30's, 10(5x10) Tab","ALU PVC BLISTER,HDPE",Celogen Lanka (Pvt) Ltd,SRI LANKA,***
CEFTRIAXONE FOR INJECTION USP 1G,UNITRAX 1,POWDER FOR INJECTION,1'S,GLASS VIAL,United Biotech (P) Limited,INDIA,Klintas (Pvt) Ltd
UROFOLLITROPIN FOR INJECTION BP 75 IU,FOSTINE 75,INJECTION,1'S,USP TY 1+2ML NACL IN,ZYDUS LIFESCIENCES LIMITED,INDIA,Hemas Pharmaceuticals (Pvt) Ltd
TADALAFIL TABLETS USP 20MG,EDSAVE 20,TABLET,"1X4', 1X10'",ALU PVDC BLISTER,Fourrts (India) Laboratories Ltd,INDIA,Sunshine Healthcare lanka Ltd
BECLOMETHASONE DIPROPIONATE & CLOTRIMAZOLE CREAM,BECLOGENTA-C,CREAM,20G,ALU TUBE,Yash Pharmaceuticals,INDIA,Pharmatec (Pvt) Ltd
CLOTRIMAZOLE CREAM USP 1% W/W,CLOB CREAM,CREAM,15 G,ALU COLLAP TUBE,Indoco Remedies Limited,INDIA,Hemas Pharmaceuticals (Pvt) Ltd
ALBENDAZOLE TABLETS 400MG,ENDWORM,TABLET,"30X1'S, 1'S",BLISTER,Bafna Pharmaceuticals Ltd,INDIA,Pharma Associates
FEXOFENADINE HYDROCHLORIDE TABLETS USP 180MG,FEGRA 180,TABLETS,"1X10'S, 10X6'S",BLISTER,Comed Chemical Ltd,INDIA,PTC MEDIACL (PVT) LTD
LENALIDOMIDE CAPSULES 15MG,LENANGIO 15,HARD GELATINE CAPSULES,"7,14,21,28,& 30'S",ALU ALU BLISTER,Dr Reddy's Laboratories Ltd,INDIA,Emerchemie NB (Ceylon) Ltd
MOMETASONE FUROATE CREAM 0.1% W/W,MOMADERM,CREAM,"15G, 30G",ALU COLLAP TUBE,Ajantha Pharma Ltd,INDIA,A Baur & Co  (Pvt) Ltd
LORATADINE TABLETS USP 10MG,LORAZIM 10,TABLET,"1X10'S, 3X10'S,5X10",ALU ALU BLISTER,ZIM Laboratories Limited,INDIA,Tabrane Pharmaceuticals (Pvt) Ltd
ESCITALOPRAM TABLETS USP 10MG,ESCIVEX 10,TABLETS,3X10'S,ALU ALU BLISTER,West Coast Pharmaceurical works Ltd,INDIA,AV Global  Impex (Pvt) Ltd
GASTRO RESISTANT SODIUM VALPROATE TABLETS BP 100MG,SOVALP 100,TABLETS,3X10'S  10X10'S,ALU ALU BLS/STRIPS,Celogen Lanka (Pvt) Ltd,SRI LANKA,***
BETAMETHASONE DIPROPIONATE LOTION USP 0.05% W/V,ROVATE,LOTION,30ML,PLASTIC DROP. BOTTLE,Blossom Pharmaceuticals,INDIA,George Steuart Health Pvt Ltd
MUPIROCIN OINTMENT USP 2% W/W,MUPIFEN,OINTMENT,5G TUBE,ALUMINIUM COLLAPSIBL,Fourrts (India) Laboratories Ltd,INDIA,Sunshine Healthcare lanka Ltd
Co-Amoxiclav TABLETS BP 375mg,MOXICLAV 375 MG,TABLETS,"8'S, 16'S, 20'S",BLISTER,MEDOCHEMIE LTD (FACTORY B) - CYPRUS FOR MEDOCHEMIE LTD- CYPRUS,CYPRUS,Associated Laboratories (Pvt) Ltd
DROSPIRENONE 3MG+ETHINYL ESTRADIOL 0.02MG TABLETS,DRONIS,TABLETS,24'S,ALU PVC BLISTER,SUN PHARMACEUTICAL INDUSTRIES LTD,INDIA,Hemas Pharmaceuticals (Pvt) Ltd
RIVAROXABAN TABLET 15MG,XALIA 15,TABLETS,"1X10'S,3X10'S,10X10'",ALU/ALU BLISTER,CCL Pharmaceuticals (Pvt) Ltd,PAKISTAN,CIC Holdings PLC
SALMETEROL 50MCG & FLUTICASONE PROPIONATE 500 MCG CAPSULES POWDER FOR INHALATION IP,ESIFLO 500 Transcap,POWDER FOR INHALATION CAPSULES,30'S,HDPE CONTAINER,Lupin Limited,INDIA,CIC Holdings PLC
DULOXETINE DELAYED RELEASE CAPSULES USP 30MG,C-YALTA,CAPSULES,"2'S, 10'S",ALU ALU BLISTER,SEARLE PAKISTAN LIMITED,PAKISTAN,Emerchemie NB (Ceylon) Ltd
HYDRALAZINE TABLETS BP 50MG,***,TABLETS,50'S,PLASTIC BOTTLE(HDPE),Celogen Lanka (Pvt) Ltd,SRI LANKA,***
ASCORBIC ACID TABLETS BP 100MG,CEEMOR,TABLET,"10X10'S, 100'S","ALU ALU BLS, HDPE CO",Morison Limited,SRI LANKA,***
TAMSULOSIN HYDROCHLORIDE CAPSULES USP 0.4MG,TAMVIC,CAPSULES,10'S 28'S,BLISTER,Highnoon Laboratories Ltd,PAKISTAN,Truvic Private Ltd
FLUNARIZINE HYDROCHLORIDE CAPSULES 5MG,FLUDAN,CAPSULES,10X10's,ALU-PVC BLISTER,Biolabs Co  Ltd,THAILAND,George Steuart Health Pvt Ltd
ABACAVIR TABLETS 300MG,ABAMUNE,TABLET,60'S,HDPE BOTTLE,Cipla Limited,INDIA,Breathe Free Lanka (Pvt) Ltd
SODIUM CHLORIDE INTRAVENOUS INFUSION BP 0.9% W/V,*****,INFUSION,500ML,PLASTIC INFUS BOTTLE,Hebei Tiancheng Pharmaceuticals Co Ltd,CHINA,Slim Pharmaceuticals (Pvt) Ltd
CO-AMOXICLAV TABLETS BP 375MG,CLEDOMOX 375,TABLETS,6'S & 6X50'S,ALU ALU BLISTER,Medopharm (PVT Ltd,INDIA,Sunshine Healthcare lanka Ltd
OXALIPLATIN INJECTION USP 100MG/20 ML,OXIPLAT 100,SOLUTION FOR INJECTION,20 ML,USP TY 1 GLS VIAL,Drug International Ltd,BANGLADESH,Tabrane Pharmaceuticals (Pvt) Ltd
CELECOXIB CAPSULES BP 200MG,UNICELIB 200,CAPSULES,10X10'S,BLISTER,Unichem Laboratories LTD,INDIA,A Baur & Co  (Pvt) Ltd
AZITHROMYCIN  TABLETS USP 500MG,TRIDOSIL,TABLETS,1X3'PACKS/4X3'/PACKS,ALU PVC BLISTER,Incepta Pharmaceuticals Ltd,BANGLADESH,Citihealth Imports (Pvt) Ltd
KETOROLAC TROMETHAMINE OPHTHALMIC SOLUTION 0.5% W/V,ORADOL,OPHTHALMIC SOLUTION,5ML,LDPE BOTTLE,Aristopharma Ltd,BANGLADESH,Hemas Pharmaceuticals (Pvt) Ltd
CLOMIFENE TABLETS BP 50MG,HOPE,TABLETS,3X10'S,ALU ALU BLISTER,Medicraft Pharmaceuticals (Pvt) Ltd,PAKISTAN,Vilorgen Pharma (Pvt) Ltd
FEXOFENADINE HYDROCHLORIDE TABLETS USP 180MG,FEXOFEN 180,TABLET,"1X10'S, 10X10'S",ALU PVC BLISTER,ARISTO PHARMACEUTICALS (PVT) LTD,INDIA,VIV PHARMA (PVT) LTD
CALCITRIOL CAPSULES BP 0.25MCG,CALTROX,CAPSULES,"3X10'S, 10X10'S",ALU PVC BLISTER,Renown Pharmaceuticals Pvt Ltd,INDIA,Yaden International (Pvt) Ltd
PREDNISOLONE TABLETS BP 5MG,***,TABLETS,1000'S,HDPE JAR PACK,Centurion Remedies Pvt Ltd,INDIA,Yaden International (Pvt) Ltd
NIFEDIPINE EXTENDED RELEASE TABLETS USP 20MG,NICARDIA RETARD 20,TABLETS,"5X10'S, 10X10'S",ALU PVC BLISTER,J.B.Chemicals & Pharmaceuticals ltd,INDIA,George Steuart Health Pvt Ltd
METFORMIN HYDROCHLORIDE SUSTAINED RELEASE TABLETS  500MG,CETAPIN XR 500,TABLETS,"5X20'S, 1X4'S",ALU PVC BLISTER,Sanofi India Ltd,INDIA,A Baur & Co  (Pvt) Ltd
LATANOPROST EYE DROPS 50MCG/ML,LATEP EYE DROPS,EYE DROPS,2.5 ML,LDPE CONTAINER,The Schazoo Pharmaceutucal Laboratories (Pvt) Ltd,PAKISTAN,Shaka Holdings (Pvt) Ltd
FLUOROMETHOLONE OPTHALMIC SUSPENSION USP 0.1%,FLOROM,OPHTHALMIC SUSPENSION,5ML,PLASTIC BOTTLE,The Schazoo Pharmaceutucal Laboratories (Pvt) Ltd,PAKISTAN,Shaka Holdings (Pvt) Ltd
ACICLOVIR TABLETS 800MG,ZOVIRAX,TABLETS,5X7'S,ALU PVC BLISTER,Glaxo Wellcome S A,SPAIN,A Baur & Co  (Pvt) Ltd
CLOBETASOL PROPIONATE OINTMENT 0.05% w/w,DERMOVATE,OINTMENT,"10G, 20G",ALUMINIUM TUBE,GLAXOSMITHKLINE PAKISTAN LTD,PAKISTAN,A Baur & Co  (Pvt) Ltd
CLINDAMYCIN PHOSPHATE GEL 1%W/W,T3 MYCIN GEL,GEL,25G,ALU COLLAPSIBLE TUBE,Hoe Pharmaceuticals SDN BHD,MALAYSIA,Indoscan (Pvt) Ltd
DICLOFENAC GEL B.P 1% W/W,COFENAC GEL,GEL,"20G, 10X20G",ALMINIUM COLL TUBE,Cipla Limited,INDIA,Breathe Free Lanka (Pvt) Ltd
CALCIUM & VITAMIN D3 CHEWABLE TABLES (500MG/400IU),KALZANA 500,CHEWABLE TABLETS,7X8'S 4X1X30'S,"ALU ALU BLISTER,BOTT",ZYDUS LIFESCIENCES LIMITED,INDIA,Hemas Pharmaceuticals (Pvt) Ltd
0.45% W/V SODIUM CHLORIDE AND 5% W/V GLUCOSE INTRAVENOUS INFUSION BP,***,SOLUTION FOR INFUSION,500ML,PE CONTAINER,Fresenius Kabi India Pvt Ltd,INDIA,Hemas Pharmaceuticals (Pvt) Ltd
METFORMIN HYDROCHLORIDE TABLETS USP 500MG,DIBETIN,TABLET,10X10'S,ALU PVC BLISTER,Akums Drugs & Pharmaceuticals Ltd,INDIA,Steriix Healthcare (Pvt) Ltd
LEVETIRACETAM TABLES 250mg,TORLEVA 250,TABLETS,6X10'S,ALU PVC BLISTER,Torrent Pharmaceuticals Ltd,INDIA,Edna Medicals (Pvt) Ltd
CIPROFLOXACIN TABLETS USP 250MG,CIPROBID 250,TABLETS,10X10'S,ALU PVC BLISTER,ZYDUS LIFESCIENCES LIMITED,INDIA,Sunshine Healthcare lanka Ltd
DOMPERIDONE SUPPOSITORIES 60MG,DOMIGEN 60,SUPPOSITORIES,"1X5'S, 2X5'S","PVC COAT,PE BLISTER",Celogen Lanka (Pvt) Ltd,SRI LANKA,***
SITAGLIPTIN TABLETS USP 50MG,TREVIA,TABLETS,"14's,5x7's, 7X10'S",Alu-Alu Blister,Getz Pharma (Pvt) Ltd,PAKISTAN,Hemas Pharmaceuticals (Pvt) Ltd
POVIDONE IODINE CREAM 5% W/W,BETADINE ANTISEPTIC CREAM,TOPICAL CREAM,20 G,POLYETHYLENE TUBE,G S Pharmabutor (Pvt) Ltd,INDIA,Robert Hall & Co Ltd
HYDROCORTISONE ACETATE CREAM BP 1%w/w,TOPICORT 1% CREAM,CREAM,10 G,LAMINATED TUBE,Square Pharmaceuticals Ltd,BANGLADESH,CIC Holdings PLC
LOSARTAN POTASSIUM TABLETS USP 50MG,LOSAWEL 50,TABLET,3X10'S,ALU ALU BLISTER,Akums Drugs & Pharmaceuticals Ltd,INDIA,Steriix Healthcare (Pvt) Ltd
CEFUROXIME AXETIL TABLETS 125 MG,AXET 125,TABLETS,2x10'S,ALU ALU BLISTER,Orion pharma Ltd,BANGLADESH,Darley Butler  & Co Ltd
BETAHISTINE DIHYDROCHLORIDE TABLETS BP 24MG,THEOHIST 24,TABLETS,10X10'S,ALU ALU BLISTER,Theon Pharmaceuticals Ltd,INDIA,Slim Pharmaceuticals (Pvt) Ltd
ISOSORBIDE MONONITRATE EXTENDED RELEASE TABLETS USP 60MG,***,TABLET,"12X10'S, 100'S","BLISTER,JAR",Centurion Laboratories Pvt Ltd,INDIA,Yaden International (Pvt) Ltd
THYROXINE SODIUM TABLETS IP 100 MCG,THYRONORM 100,TABLETS,"120'S, 30'S",PP BOTTLE,Acme Generics Private Limited,INDIA,Sunshine Healthcare lanka Ltd
PERINDOPRIL ARGININE 5MG+ INDAPAMIDE 1.25MG TABLETS,PRETERAX 5MG/1.25MG,TABLETS,30'S bottle,PLASTIC BOTTLE,Les Laboratories Servier Industries,FRANCE,Hemas Pharmaceuticals (Pvt) Ltd
BISOPROLOL TABLETS BP 2.5MG,***,TABLETS,250 TABS/PACK,HDPE CONTAINER,Morison Limited,SRI LANKA,***
PAEDIATRIC PARACETAMOL ORAL SOLUTION BP 120MG/5ML,***,ORAL SOLUTION,"60ML,100ML","AMB GLS BOTTLE,PET B",Morison Limited,SRI LANKA,***
GLIMEPIRIDE TABLETS 4MG,EVOPRIDE 4MG,TABLET,2X10'S,ALU ALU BLISTER,PharmEvo (Pvt) Ltd,PAKISTAN,CIC Holdings PLC
CEFOTAXIME FOR INJECTION USP 1G/VIAL,MAXCEF 1G,POWDER FOR INJECTION,1G +10ML AMPOULE,USP TY 1 GLASS VIAL,Square Pharmaceuticals Ltd,BANGLADESH,CIC Holdings PLC
HYDROQUINONE 2.0 % W/W + TRETINOIN 0.025% W/W CREAM,MELALONG,CREAM,"15G, 30G",COLLAPSIBLE TUBE,Mirza-Palashbari Roasd,INDIA,A Baur & Co  (Pvt) Ltd
CLOPIDOGREL TABLETS USP 75MG,CLOPI 75,TABLET,"10X10', 1X10' 1000'S",ALU STRIP & JAR,Macleods Pharmaceuticals Ltd,INDIA,Sunshine Healthcare lanka Ltd
sodium valproate & valproic acid controlled release tablets 200mg,ENCORATE CHRONO 200,FILM COATED CONTROLLED RELEASE TABLET,3X10'S,ALU ALU STRIP,"SUN PHARMA LABORATORIES LIMITED, INDIA FOR SUN PHARMACEUTICAL INDUSTRIES LIMITED, INDIA",INDIA,Emerchemie NB (Ceylon) Ltd
LEVODOPA 200MG + CARBIDOPA 50MG CONTROLLED RELEASE TABLETS,SYNDOPA CR,TABLET,5X10'S,ALU STRIP,"SUN PHARMA LABORATORIES LIMITED, INDIA FOR SUN PHARMACEUTICAL INDUSTRIES LIMITED, INDIA",INDIA,Emerchemie NB (Ceylon) Ltd
LOSARTAN POTASSIUM TABLETS USP 50MG,*****,TABLETS,7X10'S,ALU PVC PVDC BLISTER,ZYDUS LIFESCIENCES LIMITED,INDIA,Sunshine Healthcare Limited
LOPERAMIDE CAPSULES BP 2MG,ABYDIUM,CAPSULES,10X10'S,ALU PVC BLISTER,XL Laboratories (Pvt) Ltd,INDIA,SMM Halcyon (Pvt) Ltd
METFORMIN TABLETS BP 500MG,MINMOR,FILM COA TABLETS,10X10'S,ALU PVC BLISTER,Morison Limited,SRI LANKA,***
PREGABALIN CAPSULES 75MG,NEUROBALIN 75,CAPSULES,"3X10'S, 10X10'S",ALU ALU BLISTER,Sai Mirra Innopharm (Pvt) Ltd,INDIA,Sunshine Healthcare lanka Ltd
CIPROFLOXACIN EYE/EAR DROPS 0.3% w/v,CIPRO-CENT,EYE/EAR DROP,5 ML,LDPE VIALS,Centaur Pharmaceutical (Pvt) Ltd,INDIA,George Steuart Health Pvt Ltd
GLICLAZIDE TABLETS BP  80MG,GLUCOZIDE,TABLET,10X10'S,ALU PVC BLISTER,Unison Laboratories Co Ltd,THAILAND,Sunshine Healthcare lanka Ltd
PALBOCICLIB CAPSULES 125MG,PALBOCAP CAPSULES 125MG,CAPSULES,21 CAPSULES/PACK,PE BOTTLE,SOBHAN ONCOLOGY PHARMACEUTICAL COMPANY,IRAN,Cliniqon Biotech Pvt. Ltd
MONTELUKAST TABLETS USP 10MG,MONTELUK,TABLETS,10X10'S,ALU ALU BLISTER,CCL Pharmaceuticals (Pvt) Ltd,PAKISTAN,CIC Holdings PLC
ESOMEPRAZOLE TABLETS USP 20MG,OPTON 20,TABLETS,3X10'S,ALU ALU BLISTER,Beximco Pharmaceuticals Ltd,BANGLADESH,Emerchemie NB (Ceylon) Ltd
ETORICOXIB TABLETS 90MG,RIBOX 60,FILM COA TABLETS,"30'S, 1X10'S",ALU PVC BLISTER,Beximco Pharmaceuticals Ltd,BANGLADESH,Emerchemie NB (Ceylon) Ltd
CYCLOPHOSPHAMIDE FOR INJECTION IP 1000MG,UNIPHOS 1000MG,POWDER FOR INJECTION,01 VIAL,USP TY 1-GLA VIAL,United Biotech (P) Limited,INDIA,George Steuart Health Pvt Ltd
ERYTHROMYCIN STEARATE TABLETS USP 250MG,ERYTHROCIN,TABLETS,10X10'S 5x10'S,ALU PVC BLISTER,Indus Pharma (Pvt) Ltd,PAKISTAN,Sunshine Healthcare lanka Ltd
TOPIRAMATE TABLETS USP 50MG,TOMIGRAIN,TABLET,6X10'S,ALU PVC BLISTER,SEARLE PAKISTAN LIMITED,PAKISTAN,Emerchemie NB (Ceylon) Ltd
SALMETEROL 50MCG & FLUTICASONE PROPIONATE 250 MCG CAPSULES POWDER FOR INHALATION IP,ESIFLO 250 TRANSCAPS,POWDER FOR INHALATION,30'S,HDPE CONTAINER,Lupin Limited,INDIA,CIC Holdings PLC
PURE CRYSTALLINE ESSENTIAL AMINO ACID IV INFUSION,ASTYMIN-3,IV INFUSION,200ML,TY 11 GLS VIAL,Tablets (India) Ltd,INDIA,George Steuart Health Pvt Ltd
IMIDAPRIL HYDROCHLORIDE TABLETS 10MG,TANATRIL 10,TABLETS,10X10'S,ALU PVC BLISTER,PT MITSUBISHI TANABE Parma,INDONESIA,Hemas Pharmaceuticals (Pvt) Ltd
CO-AMOXICLAV FOR INJECTION BP 600MG,UNICLAV 600,POWDER FOR INJECTION,25ml 1vial & 20vial,USP type III glass v,Navesta Pharmaceuticals (Pvt) Ltd,SRI LANKA,***
CO-AMOXICLAV  FOR INJECTION  BP 1.2G,UNICLAV 1.2,INJECTION,1 VAIL /12 VAIL,POWDER FOR INJECTION,Navesta Pharmaceuticals (Pvt) Ltd,SRI LANKA,***
PAPAVERINE INJECTION BP 60MG/2ML,***,INJECTION,2MLX10'S,AMPOULE,Mercury Laboratories Ltd,INDIA,Yaden International (Pvt) Ltd
NIFEDIPINE PROLONGED RELEASE TABLETS BP 20MG,NIFEGARD-20,TABLETS,1000'S,HDPE JAR,Intermed Laboratories Private Limited,INDIA,P T C Medical (Pvt) Ltd
ANTIHEMOPHILIC FACTOR (FACTOR VIII) VON WILLBRAND FACOR COMPLEX -HUMAN INJETION 250IU IN 5ML,ALPHANATE 250IU,LYOPHILIZED POWDER FOR INJECTION,5ml PFSY+VIAL,USP TY 1GLS+PFSY+ACC,Grifols Biological LLC,UNITED STATES/AMERICA,Mansel (Ceylon) (Pvt) Ltd
MOMETASONE FUROATE MONOHYDRATE NASAL SPRAY 50mcg/SPRAY,MOMATE,NASAL SPRAY,120 MTD,"HDPE BOTTLE,PUMP",Glenmark Pharmaceuticals Ltd,INDIA,Hemas Pharmaceuticals (Pvt) Ltd
DAPOXETINE TABLET 30MG,LONGRIDE 30,TABLETS,3X10'S,PVC PVDC BLISTER,MSN Laboratories Private Limited,INDIA,Axia (Pvt) Ltd
DROSPIRENONE 3MG+ETHINYLESTRADIOL 0.03MG TABLETS,DELSIA,FILM COA TABLETS,21 TABLETS,ALU PVC BLISTER,SUN PHARMACEUTICAL INDUSTRIES LTD,INDIA,Hemas Pharmaceuticals (Pvt) Ltd
DOXYCYCLINE HYCLATE TABLETS USP 100 MG,REVIDOX,TABLET,10X10' 100'S,BLISTER,Macleods Pharmaceuticals Ltd,INDIA,Sunshine Healthcare lanka Ltd
DICLOFENAC GEL B.P 1% W/W,VOLTA,GEL,30 G TUBE/PACK,ALLUMINIUM TUBE,T Man Pharma Company Limited,THAILAND,IMPERIAL LIFE SCIENCE (PVT) LTD
LEVETIRACETAM TABLES 750MG,LERACE,TABLETS,10'S,BLISTER,Hilton  Pharma (Pvt) Ltd,PAKISTAN,Sunshine Healthcare lanka Ltd
PAEDIATRIC PARACETAMOL ORAL SOLUTION BP 120MG/5ML,ARCET,ORAL SOLUTION,"500ML, 100ML","AMB GLS BOTTLE,PET B",Central drugs and Pharmaceutical,INDIA,Pharma Associates (Pvt) Ltd
ESOMEPRAZOLE POWDER FOR INJECTION 40MG,EMEP,INJECTION,"1 VIAL,5ML NACL,0.9%",GLASS VIAL,Aristopharma Ltd,BANGLADESH,Hemas Pharmaceuticals (Pvt) Ltd
PEMETREXED FOR INJECTION 500MG/VIAL,PEMEX 500,POWDER FOR INJECTION,1X4'S,GLASS VIAL,United Biotech (P) Limited,INDIA,George Steuart Health Pvt Ltd
VITAMIN B COMPOUND TABLETS BPC (THIAMINE HCL BP 5MG +RIBOFLAVIN BP 2MG + PYRIDOXINE HCL BP 2 MG + NICOTINAMIDE BP 20 MG ),***,TABLETS,1000'S,HDPE BOTTLE,State Pharmaceuticals Manufacturer Corporation,SRI LANKA,***
AZITHROMYCIN TABLETS USP 500MG,ORTIZA 500,TABLETS,10X1X3'S,ALU PVC BLISTER,Medopharm,INDIA,Sunshine Healthcare lanka Ltd
CLOPIDOGREL TABLETS USP 75MG,CLOPIMED,TABLETS,"3X10'S,10X10'S,10'S",ALU ALU PVDC BLISTER,EMIL PHARMACEUTICAL INDUSTRIES (PVT) LTD,INDIA,Emerchemie NB (Ceylon) Ltd
FLUVOXAMINE MALEATE TABLETS 100MG,LUVOX 100,TABLET,3X10'S,BLISTER PACK,Mylan Laboratories S.A.S,FRANCE,CIC Holdings PLC
NITROGLYCERIN INJECTION USP 50MG/10ML,NITROGLYN 50,SOLUTION FOR INJECTION,5X10 ML AMPOULE,USP TY 1 GLS AMPOULE,United Biotech (P) Limited,INDIA,Klintas (Pvt) Ltd
CLARITHROMYCIN TABLETS USP 500MG,CLARION,TABLETS,10'S,ALU PVDC BLISTER,Ferozsons Laboratories Ltd,PAKISTAN,Emerchemie NB (Ceylon) Ltd
GLICLAZIDE MODIFIED RELEASE TABLETS 60MG,DIAMICRON MR 60MG,TABLET,30'S,ALU PVC BLISTER,Les Laboratories Servier Industries,FRANCE,Hemas Pharmaceuticals (Pvt) Ltd
SITAGLIPTIN TABLETS USP 50MG,SITAGEN 50 MG,TABLET,3X10'S,ALU ALU BLISTER,Ferozsons Laboratories Ltd,PAKISTAN,Emerchemie NB (Ceylon) Ltd
CETIRIZINE TABLETS BP 10MG,***,TABLET,250' 10X10' 1000'S,"HDPE CONT,BLISTER PA",Morison Limited,SRI LANKA,***
SITAGLIPTIN TABLETS USP 100MG,SITAGLU,TABLET,"2X7'S, 28'S",ALU ALU BLISTER,Hilton  Pharma (Pvt) Ltd,PAKISTAN,Sunshine Healthcare lanka Ltd
RAMUCIRUMAB INJECTION 10MG/ML,CYRAMZA,INJECTION,"50ML, 10ML",TYPE 1 GLS VIAL,Eli Lilly & Company,UNITED STATES OF AMERICA,Hemas Pharmaceuticals (Pvt) Ltd
FLUNARIZINE TABLETS 10MG,FLUMIGRA 10,TABLET,5X10'S,ALU PVC BLISTER,Square Pharmaceuticals Ltd,BANGLADESH,CIC Holdings PLC
DULOXETINE HYDROCHLORIDE TABLETS 30MG,DULOXINE 30,TABLET,5X10'S,ALU ALU BLISTER,Pharmafabrikon,INDIA,Novachem Lanka (Pvt) Ltd
TELMISARTAN 40MG & HYDROCHLOROTHIAZIDE 12.5MG TABLETS USP,TELI-H,TABLET,"1X10', 3X1X10'S",ALU ALU BLISTER,Cadila pharmaceuticals Ltd,INDIA,Sunshine Healthcare lanka Ltd
ATORVASTATIN CALCIUM TABLETS USP 10MG,ATOSTIN,TABLET,"10X10'S, 20'S",ALU ALU BLISTER,Pharmatec Pakistan (Pvt) Ltd,PAKISTAN,Tranz Pharma Hodlings (Pvt) Ltd
GASTRO RESISTANT OMEPRAZOLE CAPSULES BP 20MG,ZEMO 20,CAPSULES,10X10'S,ALU ALU STRIP,Agio Pharmaceuticals Ltd,INDIA,Citihealth Imports (Pvt) Ltd
GLICLAZIDE MODIFIED RELEASE TABLETS 30MG,VEXGID MR 30,TABLETS,10X10'S,ALU ALU BLISTER,West Coast Pharmaceurical works Ltd,INDIA,AV Global  Impex (Pvt) Ltd
CLOBETASOL PROPIONATE CREAM BP 0.05% W/W,CIROSOL,CREAM,15 G,ALU COLLAP TUBE,Ciron Drugs & PharmaceuticalS (Pvt) Ltd,INDIA,Ceyoka (Pvt) Ltd
METFORMIN HYDROCHLORIDE EXTE. RELE TABLETS USP 500MG,DIABETMIN  XR 500MG,TABLETS,10X10'S  100'S,BLISTER,Hovid BHD,MALAYSIA,Mansel (Ceylon) (Pvt) Ltd
ROSUVASTATIN TABLETS IP 20MG,***,TABLETS,"3X10'S, 10X10'S",ALU ALU BLISTER,Celogen Lanka (Pvt) Ltd,SRI LANKA,***
CARBAMAZEPINE EXTENDED RELEASE TABLETS USP 200MG,***,TABLETS,100'S,PLC JAR,Treffer Pharmaceuticals,INDIA,Yaden International (Pvt) Ltd
Co-Amoxiclav TABLETS BP 375mg,CLAVOMID 375,TABLETS,20'S,ALU ALU BLISTER,Remedica limited,CYPRUS,Kandana Food & Drugs (Pvt) Ltd
ROPINIROLE TABLETS 0.5MG,ROPARK 0.5,TABLET,5X10'S,STRIP,Sun Pharma Laboratories Ltd,INDIA,Emerchemie NB (Ceylon) Ltd
ALTEPLASE FOR INJECTION EP (RECOMBINANT HUMAN TISSUE TYPE PLASMINOGEN ACTIVATOR ) 20 MG,ACTILYSE 20MG,POWDER FOR SOLUTION FOR INJECTION,1VIAL+I GLASS FOR IN,GLASS VIAL,Boehringer Ingelheim Pharma gmBH & Co.Kg,GERMANY,Hemas Pharmaceuticals (Pvt) Ltd
IVABRADINE HYDROCHLORIDE 5MG TABLETS,IVADIN 5,TABLETS,14'S,ALU PVC BLISTER,PharmEvo (Pvt) Ltd,PAKISTAN,CIC Holdings PLC
METOCLOPRAMIDE INJECTION USP 10MG/2ML,METOCLORIGHT,INJECTION,10X2ML,GLASS AMP,Alvita Pharma (Pvt) Ltd,INDIA,Chamee Chemist
PAEDIATRIC PARACETAMOL ORAL SOLUTION BP 120MG/5ML,PARACETA,ORAL SOLUTION,"100ML,60ML,500ML",AMB COL PET BOTTLE,Sachitra Medicare Services (Pvt) Ltd,SRI LANKA,***
"2, 4-DICHLOROBENZYL 1.2MG + AMYLMETACRESOL BP  0.6MG LOZENGES",SUPERIL LOZENGES (ORANGE),LOZENGES,"2X12'S, 1X4'S",ALU PVC BLISTER,Unique Pharmaceutical Laboratories,INDIA,George Steuart Health Pvt Ltd
EZETIMIBE TABLETS USP 10MG,EZENTIA 10MG,TABLET,2X14'S,ALU PVC BLISTER,SUN PHARMACEUTICAL INDUSTRIES LTD,INDIA,Hemas Pharmaceuticals (Pvt) Ltd
DOMPERIDONE TABLETS BP 10MG,***,TABLET,10X10'S,ALU PVC BLISTER,Medico Remedies  Ltd,INDIA,ABC Pharma Services Pvt. Ltd
VANCOMYCIN HYDROCHLORIDE FOR INJECTION USP 500MG,VANKAR 500,LYOPHILIZED POWDER FOR INJECTION,(10 ML) 1 VIAL/PACK,USP TY 1 GLS VIAL,Sakar Healthcare Limited,INDIA,Ceyoka (Pvt) Ltd
HYDROCORTISONE CREAM USP 1% W/W,AXCEL HYDROCORTISONE,CREAM,15 G,ALU TUBE,Kotra pharma (M) Ltd,MALAYSIA,Sunshine Healthcare lanka Ltd
WARFARIN SODIUM TABLETS USP 2MG,ZOFARIN 2,TABLETS,"100 tablae,10X10'S",ALU ALU BLISTER,ZYDUS LIFESCIENCES LIMITED,INDIA,Hemas Pharmaceuticals (Pvt) Ltd
LEVOTHROXINE SODIUM TABLETS USP 100 MCG,THYROX 100,TABLETS,15X10'S,ALU ALU BLISTER,Macleods Pharmaceuticals Ltd,INDIA,Emerchemie NB (Ceylon) Ltd
CIPROFLOXACIN TABLETS BP 500MG,CIPROLEB 500,TABLETS,10X10'S,ALU PVC BLISTER,Leben Laboratories (Pvt) Ltd,INDIA,Ceyoka (Pvt) Ltd
ADALIMUMAB INJECTION 40MG/0.8ML,EXEMPTIA,INJECTION,0.8ML PFSY,SINGLE DOSE (PFS),ZYDUS LIFESCIENCES LIMITED,INDIA,Sunshine Healthcare lanka Ltd
GLIMEPIRIDE TABLETS USP 2MG,GIMETAB 2,TABLET,10X10'S,BLISTER PACK,MMC Healthcare Ltd,INDIA,Markss HLC (Pvt) Ltd
TACROLIMUS CAPSULES USP 1 MG,VINGRAF 1,CAPSULES,6X10'S,ALU ALU BLISTER,Emcure Pharmaceuticals Ltd,INDIA,Emerchemie NB (Ceylon) Ltd
OXCARBAZEPINE TABLETS USP 150MG,OXETOL 150,TABLET,3X10'S,ALU PVC BLISTER,"SUN PHARMA LABORATORIES LIMITED, INDIA FOR SUN PHARMACEUTICAL INDUSTRIES LIMITED, INDIA",INDIA,Emerchemie NB (Ceylon) Ltd
HYDROCHLOROTHIAZIDE TABLETS  BP 25MG,***,TABLET,1000'S,HDPE CONTAINER,Morison Limited,SRI LANKA,***
MONTELUKAST TABLETS 10MG,MONTENE 10,TABLET,3X10'S,ALU ALU BLISTER,Square Pharmaceuticals Ltd,BANGLADESH,CIC Holdings PLC
LEVETIRACETAM TABLETS USP 750MG,LEVIPIL 750,TABLET,3X10'S,ALU PVC BLISTER,"SUN PHARMA LABORATORIES LIMITED, INDIA FOR SUN PHARMACEUTICAL INDUSTRIES LIMITED, INDIA",INDIA,Emerchemie NB (Ceylon) Ltd
TAMSULOSIN HYDROCHLORIDE CAPSULES 0.4MG,MAXRIN 0.4,CAPSULES,20'S,ALU PVC BLISTER,Square Pharmaceuticals Ltd,BANGLADESH,CIC Holdings PLC
PIPERACILLIN 4G+TAZOBACTAM 0.5G POWDER FOR INJECTION,PIPER TAZ SANDOZ,POWDER FOR INJECTION,10'S /PACK,USP TY 1 GLASS VIAL,Sandoz GmbH,AUSTRIA,A Baur & Co  (Pvt) Ltd
IBANDRONIC ACID TABLETS 150MG,BONVIVA 150,TABLET,1'S,BLISTER TRANS DUPLEX,PENN PHARMACEUTICALS SERVICES LIMITED,UNITED KINGDOM,A Baur & Co  (Pvt) Ltd
LEVOFLOXACIN TABLETS USP 500MG,BEXUS 500,TABLETS,1X10'S,ALU PVC BLISTER,Shaigan Pharmaceuticals (Pvt) Ltd,PAKISTAN,Biolife Pharmaceuticals (Pvt) Ltd
CLOTRIMAZOLE 10MG/G & HYDROCORTISONE 10MG/G CREAM,CLOZOX H,CREAM,10 G,ALU.COLLAP TUBE,Shaigan Pharmaceuticals (Pvt) Ltd,PAKISTAN,Biolife Pharmaceuticals (Pvt) Ltd
FEXOFENADINE HYDROCHLORIDE TABLETS USP 60MG,FIFEX 60,TABLETS,1X10'S,BLISTER,Shaigan Pharmaceuticals (Pvt) Ltd,PAKISTAN,Biolife Pharmaceuticals (Pvt) Ltd
LEVOFLOXACIN TABLETS USP 250MG,BEXUS 250,TABLETS,1X10'S,ALU PVC BLISTER,Shaigan Pharmaceuticals (Pvt) Ltd,PAKISTAN,Biolife Pharmaceuticals (Pvt) Ltd
FINGOLIMOD CAPSULE 0.5MG,GILENYA,HARD GELATINE CAPSULES,2X14'S,BLISTER(PVC/PVDC-ALU,Novartis Pharma Stein .AG,SWITZERLAND,A Baur & Co  (Pvt) Ltd
FEXOFENADINE HYDROCHLORIDE TABLETS USP 120MG,FIFEX DS,TABLETS,"10'S, 2'S",BLISTER ALU ALU,Shaigan Pharmaceuticals (Pvt) Ltd,PAKISTAN,Biolife Pharmaceuticals (Pvt) Ltd
METFORMIN TABLETS BP 500MG,GENIMET 500,TABLETS,"10X10'S, 1X10'S",ALU PVC BLISTER,Sterling Lab,INDIA,Darley Butler  & Co Ltd
AMOXICILLIN CAPSULES 500MG,AMOXIL,CAPSULES,10X10'S,ALU PVC BLISTER,Glaxo Wellcome Production,FRANCE,A Baur & Co  (Pvt) Ltd
BISOPROLOL TABLETS BP 5 MG,***,TABLET,250 TAB/PACK,HDPE CONTAINER,Morison Limited,SRI LANKA,***
BENZOYL PEROXIDE GEL BP 5% W/W,PEMEX AC 5%,GEL,"20 G,5G",LAMINATED COLLAP TUB,Blossom Pharmaceuticals,INDIA,George Steuart Health Pvt Ltd
PARACETAMOL SOLUTION FOR IV INFUSION 10MG/ML,IFIMOL-IV,IV INFUSION,"50ML,100ML",GLASS VIAL,Unique Pharmaceutucal  Laboratories,INDIA,George Steuart Health Pvt Ltd
BETAHISTINE DIHYDROCHLORIDE TABLETS  BP 24MG,BE-STEDY 24,TABLETS,10X10'S,ALU ALU BLISTER,Aurobindo Pharam Ltd,INDIA,Alaris Lanka (Pvt) Ltd
DOCETAXEL CONCENTRATE IP 80MG/2ML,DOCETEC 80,INJECTION,1 VIAL+SOLVENT,VIAL+SOLVENT,United Biotech (P) Limited,INDIA,George Steuart Health Pvt Ltd
MONTELUKAST CHEWABLE TABLETS 5MG,GLEMONT CT 5,TABLETS,10X10'S,ALU ALU BLISTER,Glenmark Pharmaceuticals Ltd,INDIA,Hemas Pharmaceuticals (Pvt) Ltd
BISOPROLOL TABLETS BP 2.5MG,BISOMOR 2.5,TABLET,3x10'S,BLISTER(ALU-ALU),Morison Limited,SRI LANKA,***
DONEPEZIL HYDROCHIORIDE TABLETS USP 5MG,DONPEZ,TABLETS,"2X5X10, 10X5X10'S",ALU PVC PVDC BLISTER,Celogen Lanka (Pvt) Ltd,SRI LANKA,***
LATANOPROST 0.005 % +TIMOLOL MALEATE 0 5%  (PRESERVATIVE FREE) OPHTHALMIC SOLUTION,LATOCOM,OPHTHALMIC SOLUTION,2.5 ML,DROPPER BOTTLE,SUN PHARMACEUTICAL INDUSTRIES LTD,INDIA,Hemas Pharmaceuticals (Pvt) Ltd
TIZANIDINE TABLETS 4MG,TIZIGESIC 4,TABLET,3X10'S,BLISTER,Unichem Laboratories LTD,INDIA,A Baur & Co  (Pvt) Ltd
BISOPROLOL TABLETS BP 5 MG,BISOMOR 5,TABLET,3X10'S TABLETS,ALU ALU BLISTER,Morison Limited,SRI LANKA,***
ACECLOFENAC CONTROLLED RELEASE TABLETS 200MG,ZERODOL CR,CONTROLLED RELEASE TABLETS,3X10'S,ALU ALU BLISTER,"Ipca Laboratories Limited,",INDIA,Hemas Pharmaceuticals (Pvt) Ltd
AMINO ACID W/V 5% AND SORBITIOL 5%  W/V INJECTION,NIRMIN 5S,INJECTION,500ML,USP TY II GLS BOTTLE,Aculife Healthcare (Pvt) Ltd,INDIA,Hemas Pharmaceuticals (Pvt) Ltd
MONTELUKAST CHEWABLE TABLETS 4MG,GLEMONT CT 4,CHEWABLE TABLETS,10X10'S,ALU ALU BLISTER,Glenmark Pharmaceuticals Ltd,INDIA,Hemas Pharmaceuticals (Pvt) Ltd
EPHEDRINE INJECTION  BP 30MG/ML,VEREPHE,INJECTION,1MLX10X10'S,AMBER COLOUR GLASS A,Verve Human Care Laboratories,INDIA,Leader Pharma Agency (Pvt) Ltd
BECLOMETASONE PRESSURIZED INHALATION BP 250MCG,BCLOTIS 250,PRESSURIZED INHALATION SOLUTION,200 DOSES,"ALU CANISTER,ACTUATO",Jewim Pharmaceutical (Shandong) Co ltd,CHINA,Emerchemie NB (Ceylon) Ltd
HYDROQUINONE  2% +TRETINOIN 0.025% AND MOMETASONE  0.1% CREAM,COSMELITE,CREAM,15G,ALUMINUM COLL TUBE,Blossom Pharmaceuticals,INDIA,George Steuart Health Pvt Ltd
LEVONORGESTREL 0.15MG+ETHINYLESTRADIOL 0.03MG + FERROUS FUMARATE 75 MG TABLETS,FEMINYL,TABLET,"1X28'S, 20(1X28'S)",PVDC-ALUMINIUM,Ponds Chemicals ThailandR,THAILAND,Population Services Lanka
IMIQUIMOD 50MG/G CREAM SACHET,ALDARA,CREAM,12 SACHET/PACKS,LAMINATE TUBE,Ensign Laboratories Pty Ltd. For Innova Pharmaceuticals Australia (Pvt) Ltd,AUSTRALIA,A Baur & Co  (Pvt) Ltd
ESCITALOPRAM TABLETS USP 5MG,ESCIVEX 5,TABLET,3X10'S,ALU ALU BLISTER,West Coast Pharmaceurical works Ltd,INDIA,AV Global  Impex (Pvt) Ltd
TACROLIMUS OINTMENT 0.1% W/W,TALIMUS 0.1,OINTMENT,10 G,LAMINATED TUBE,Ajantha Pharma Ltd,INDIA,A Baur & Co  (Pvt) Ltd
ESOMEPRAZOLE DELAYED RELEASE CAPSULES USP 20MG,NEXPRAZOLE,CAPSULES,"2'S, 2X7'S",ALU ALU BLISTER,SEARLE PAKISTAN LIMITED,PAKISTAN,Emerchemie NB (Ceylon) Ltd
RUPATADINE TABLETS 10MG,RUPOMA,TABLETS,3x10's,Alu-PVDC Blister,General Pharmaceuticals Ltd,BANGLADESH,George Steuart Health Pvt Ltd
NALIDIXIC ACID TABLETS BP 250MG,NALIURIX,TABLETS,"100'S, 3x10's 10x10'","HDPE JAR,PVC,PVDC BL",Celogen Lanka (Pvt) Ltd,SRI LANKA,***
METHYLPREDNISOLONE TABLETS USP 4MG,HEXILON 4,TABLETS,5X10'S,STRIPS,P T Dankos Farma,INDONESIA,Hemas Pharmaceuticals (Pvt) Ltd
FACTOR VIII INHIBITOR BYPASSING FRACTION POWDER FOR SOLUTION FOR INFUSION 500 U/VIAL,FEIBA,POWDER AND SOLVENT FOR SOLUTION FOR INFUSION,25 IU/ML (VIAL),TY 1 GLASS VIAL,Takeda Manufacturing Austria AG,AUSTRIA,A J Medichem international Ltd
ROSUVASTATIN TABLETS 10MG,ROSEDAY 10,TABLETS,3X10'S,ALU ALU BLISTER,USV Private Limited,INDIA,Hemas Pharmaceuticals (Pvt) Ltd
ESTRADIOL 2 MG + DYDROGESTERONE 10 MG TABLETS,FEMOSTONE 2/10,TABLET,28'S,ALU PVC BLISTER,ABBVOTT BIOLOGICAL B.V,NETHERLANDS,CIC Holdings PLC
CABERGOLINE TABLETS USP 0.5MG,***,TABLETS,"2X5X10'S,10X5X10'S",ALU PVC PVDC BLISTER,Celogen Lanka (Pvt) Ltd,SRI LANKA,***
GENTAMICIN INJECTION BP 80MG IN 2ML,*****,INJECTION,2MLX10'S,GLASS AMPOULE,Belco Parma,INDIA,Pharmatec (Pvt) Ltd
URSODIOL CAPSULES USP 250MG,URSODIL 250,CAPSULES,10X10'S,BLISTER,ZYDUS LIFESCIENCES LIMITED,INDIA,Hemas Pharmaceuticals (Pvt) Ltd
CLINDAMYCIN CAPSULES BP 300MG,CLINGEN 300,CAPSULES,10X10'S 3X10'S 100'S,BLISTER HDPE JAR,Celogen Lanka (Pvt) Ltd,SRI LANKA,***
RITUXIMAB CONCENTRATE FOR SOLUTION FOR INFUSION 10MG/ML,MABTAS,INTRA INFUSION,1VIAL 100MG/10ML,GLASS VIAL,Intas Pharmaceuticals Ltd,INDIA,Markss HLC (Pvt) Ltd
HUMAN CHORIONIC GONADOTROPHIN INJECTION BP FREEZE DRIED (HIGHLY PURIFIED) 5000 IU,HUCOG,FREEZE DRIED POWDER FOR INJECTION,1 VIAL & 1 AMP/PACK,USP Ty I Gl Vial,Bharat Serums & Vaccine Ltd,INDIA,Ceyoka (Pvt) Ltd
TIZANIDINE TABLETS USP 2MG,TIZOREL 2,TABLET,1X10' 3X10' 1X2',BLISTER,MARTIN DOW MARKER LTD,PAKISTAN,Emerchemie NB (Ceylon) Ltd
CILNIDIPINE TABLETS 10MG,CILACAR 10,TABLET,"3X10', 10X10'",ALU ALU BLISTER,UNIQUE PHARMACEUTICAL LABORATORIES,INDIA,George Steuart Health Pvt Ltd
CLINDAMYCIN PHOSPHATE 1 % GEL USP,CLINDACIN GEL,GEL,10G,ALU PRINTED TUBE,Sante (Private) Limited,PAKISTAN,Emerchemie NB (Ceylon) Ltd
LEVOTHYROXINE SODIUM TABLETS 50MCG,EUTHYROX 50,TABLETS,100'S,ALU ALU BLISTER,Merck Healthcare KGaA,GERMANY,Emerchemie NB (Ceylon) Ltd
FUSIDIC ACID CREAM BP 20MG/G,FUSAC,CREAM,"15G ,5G",ALUMINIUM TUBE,Sanate (Private) Ltd,PAKISTAN,Emerchemie NB (Ceylon) Ltd
RANITIDINE HYDROCHLORIDE INJECTION BP 25MG/ML,DICIRAN,INJECTION,10X5X2 ML,AMB GLS AMPOULE,DCI Pharmaceutical (Pvt) Ltd,INDIA,Cloud Healthcare (Pvt) Ltd
METFORMIN TABLETS BP 500MG,METMAX 500,TABLETS,"1000'S & 10X10S,",HDPE JAR/ BLISTER,CIC Lifesciences Ltd.,SRI LANKA,***
IRON III HYDROXIDE POLYMALTOSE COMPLEX ORAL DROP (EQUIVALENT TO 50MG ELEMENTAL IRON IN 1ML ),OROFER,ORAL DROPS,15ML+DROPPER BOTTLE,AMB DROPPER BOTTLE,Emcure Pharmaceuticals Ltd,INDIA,Emerchemie NB (Ceylon) Ltd
LOTEPREDNOL OPTHALMIC SUSPENTION 0.5%W/V,LOTEPRED FORTE,EYE DROP,5ML,LDPE DROPPER BOTTLE,Sante (Private) Limited,PAKISTAN,Emerchemie NB (Ceylon) Ltd
GABAPENTIN CAPSULES 400MG,NEOGAB 400,CAPSULES,10'S,BLISTER,Hilton  Pharma (Pvt) Ltd,PAKISTAN,Sunshine Healthcare lanka Ltd
FEBUXOSTAT TABLETS 40MG,FEBULAS 40,TABLETS,3X10'S,ALU ALU BLISTER,Delta Pharma Ltd,BANGLADESH,Hyena Pharmaceuticals (Pvt) Ltd
ETORICOXIB TABLETS 60MG,ETO 60,TABLETS,10X10'S,ALU PVDC BLISTER,Delta Pharma Ltd,BANGLADESH,Hyena Pharmaceuticals (Pvt) Ltd
FLUOXETINE CAPSULES USP 20MG,ADEP-XL,CAPSULES,10X10'S,BLISTER,XL Laboratories (Pvt) Ltd,INDIA,SMM Halcyon (Pvt) Ltd
CYCLOSPORIN CAPSULE USP 50MG,PANIMUN BIORAL,CAPSULES,5X6'S,BLISTER,Panacea Biotech Pharma Ltd,INDIA,Markss HLC (Pvt) Ltd
FENOFIBRIC ACID TABLETS 35MG,LIPOMAX 35,TABLETS,30'S,PVC PVDC BLISTER,Laboratoires Bago S. A,ARGENTINA,Emerchemie NB (Ceylon) Ltd
PANTOPRAZOLE SODIUM DELAYED RELEASE TABLETS USP 40MG,PAN 40,TABLET,10X10'S,ALU PVC BLISTER,Alkem Laboratories Ltd,INDIA,Emerchemie NB (Ceylon) Ltd
CHLORPHENIRAMINE TABLETS BP 4MG,INOMIN 4,TABLETS,20X10'S,ALU/PVC BLISTER,Mc W Healthcare (P ) Ltd,INDIA,Innogen Lanka (Pvt) Ltd
DAPAGLIFLOZIN TABLETS 10MG,DAGIFLO 10,FILM COA TABLETS,2X7'S,ALU ALU BLISTER,Pharm Evo (Pvt) Ltd,PAKISTAN,CIC Holdings PLC
GLICLAZIDE MODIFIED RELEASE TABLETS 60MG,VEXGID MR 60,TABLET,10X10'S,ALU ALU BLISTER,West Coast Pharmaceurical works Ltd,INDIA,AV Global  Impex (Pvt) Ltd
PERTUZUMAB 600MG AND TRASTUZUMAB 600MG SOLUTION FOR INJECTION,PHESGO,SOLUTION FOR INJECTION,01 VIAL,TY 1 GLS VIAL,F Hoffman-La Roche Ltd,SWITZERLAND,A Baur & Co  (Pvt) Ltd
PARACETAMOL TABLETS BP 500MG,***,TABLET,1000'S,HDPE CONTAINER,Unical Ceylon (Pvt) Ltd,SRI LANKA,***
ESOMEPRAZOLE TABLETS 40MG,PROXUM 40,TABLET,3X10'S,ALU AL BLISTER,Square Pharmaceuticals Ltd,BANGLADESH,CIC Holdings PLC
FLUCLOXACILLIN CAPSULES BP 250MG,***,HARD GELATINE CAPSULES,100's 10X10'S,"HDPE BOTTLE, STRIPS",State Pharmaceuticals Manufacturer Corporation,SRI LANKA,***
PIVMECILLINAM HYDROCHLORIDE 200MG,SELEXID,TABLETS,100'S(10x10'),ALU ALU BLISTER,Recipharm Strangnas AB,SWEDEN,Hemas Pharmaceuticals (Pvt) Ltd
PANTOPRAZOLE SODIUM DELAYED RELEASE TABLETS USP 40MG,PANUM 40,DELAYED RELEASE TABLETS,"10'S, 10X10'S",ALU ALU BLISTER,J.B.Chemicals & Pharmaceuticals,INDIA,George Steuart Health Pvt Ltd
FLUNARIZINE TABLETS 5MG,FLUMIGRA 5,TABLET,5X10'S,ALU PVC BLISTER,Square Pharmaceuticals Ltd,BANGLADESH,CIC Holdings PLC
FEXOFENADINE HYDROCHLORIDE TABLETS USP 120MG,FEXORIL 120,TABLET,1X10'S 3X10' 5X10',ALU ALU BLISTER,ZIM Laboratories Limited,INDIA,Tabrane Pharmaceuticals (Pvt) Ltd
IOHEXOL SOLUTION FOR INJECTION 755MG/ML,IMAX,SOLUTION FOR INJECTION,100ML 50ML,TY 1 GLAS VIAL,Fresenius Kabi Austria Gmbh (Fab.Graz),AUSTRIA,Medigloal (Pvt) Ltd
ESCITALOPRAM TABLETS 5MG,EC-PRAM 5,TABLETS,3X10'S,BLISTER,Hetero Labs Ltd,INDIA,Mansel (Ceylon) (Pvt) Ltd
LEVETIRACETAM TABLETS USP 500MG,LUMARK 500,TABLETS,3X10'S,ALU PVC BLISTER,The Searle Company Ltd,PAKISTAN,Emerchemie NB (Ceylon) Ltd
METARAMINOL INJECTION BP 10MG/1ML,***,SOLUTION FOR INJECTION,10X1ML AMP/PACK,USP TY 1 GLS AMPOULE,"YADEN LABORATORIES PVT LTD ,",SRI LANKA,***
MICONAZOLE CREAM BP 2% W/W,FUNGIDAL,CREAM,"10G,15G,25G",ALU COLLAP TUBE,Square Pharmaceuticals Ltd,BANGLADESH,CIC Holdings PLC
AMISULPRIDE TABLETS 100MG,SULPITAC,TABLET,5X10'S,ALU PVC BLISTER,Sun Pharma Laboratories Ltd,INDIA,Emerchemie NB (Ceylon) Ltd
ROSUVASTATIN TABLETS 20MG,ROST 20,TABLETS,3X10'S,ALU ALU BLISTER,Hetero Labs Ltd,INDIA,Mansel (Ceylon) (Pvt) Ltd
CETRIZINE ORAL SOLUTION BP 5MG/5ML,CETZED,ORAL SOLUTION,60ML,AMB PET BOTTLE,G D Laboratories (India) Pvt Ltd,INDIA,Softlogic Pharmaceuticals (Pvt( Ltd
AZITHROMYCIN FOR ORAL SUSPENSION USP 200MG/5ML,AZIFRED DS,ORAL SOLUTION,15 ML,HDPE BOTTLE,Fredun Pharmaceuticals Ltd,INDIA,George Steuart Health Pvt Ltd
MELOXICAM TABLETS BP 7.5MG,AROXICAM 7.5,TABLETS,3X10'S,ALU PVC BLISTER,Aurobindo Pharam Ltd,INDIA,Alaris Lanka (Pvt) Ltd
TACROLIMUS CAPSULES 0.5MG,SEEGRAF 0.5,CAPSULES,6X10'S,ALU ALU STRIP,Micro Labs Limited,INDIA,Micro Healthcare (Pvt) Ltd
OLANZAPINE TABLETS USP 5MG,OLEANZ  5,FILM COA TABLETS,5X10'S,ALU ALU BLISTER,SUN PHARMACEUTICAL INDUSTRIES LTD,INDIA,Emerchemie NB (Ceylon) Ltd
TACROLIMUS OINTMENT 0.03% W/W,TALIMUS 0.03,OINTMENT,10G,LAMINATED TUBE,Ajanta Pharma Limited,INDIA,A Baur & Co  (Pvt) Ltd
FENOFIBRATE CAPSULES USP 67 MG,FENOCHOL 67,CAPSULES,6X10'S,ALU-PVC BLISTER,ZYDUS LIFESCIENCES LIMITED,INDIA,Sunshine Healthcare lanka Ltd
SODIUM VALPROATE & VALPROIC ACID CONTROLLED RELEASE TABLETS 500MG,ENCORATE CHRONO 500,TABLET,3X10'S,ALU ALU BLISTER,"SUN PHARMA LABORATORIES LIMITED, INDIA FOR SUN PHARMACEUTICAL INDUSTRIES LIMITED, INDIA",INDIA,Emerchemie NB (Ceylon) Ltd
BETAMETHASONE DIPROPIONATE 0.05% W/W & NEOMYCIN SULFATE 0.5% W/W CREAM,DIPROVATE-N,CREAM,ALU COLLAP TUBE,10 G,Sun Pharma Industrial Limited,INDIA,Emerchemie NB (Ceylon) Ltd
PANTOPRAZOLE SODIUM DELAYED RELEASE TABLET USP 40MG,PANFRED 40,ENTERIC COATED TABLETS,3X10'S,ALU ALU BLISTER,Fredun Pharmaceuticals Ltd,INDIA,George Steuart Health Pvt Ltd
SALBUTAMOL ORAL SOLUTION BP 2MG/5ML,***,ORAL SOLUTION,"750ML, 100ML,60ML","BGS,HDPE,PET BOTTLE",Morison Limited,SRI LANKA,***
ESOMEPRAZOLE DELAYED RELEASE TABLETS 20MG,ESONIX 20,DELAYED RELEASE TABLETS,"3X10'S, 2X14'S",ALU ALU BLISTER,Incepta Pharmaceuticals Ltd,BANGLADESH,Citihealth Imports (Pvt) Ltd
OSIMERTINIB MESYLATE TABLET 80MG,TAGRIX 80,TABLETS,30'S,ALU ALU BLISTER,Beacon Pharmaceuticals Ltd,BANGLADESH,Emerchemie NB (Ceylon) Ltd
LOSARTAN POTASSIUM TABLETS USP  25MG,CORDON 25,TABLETS,"30'S,10X10's",ALU ALU BLISTER,Eskayef Pharmaceuticals Ltd,BANGLADESH,Truvic Private Ltd
FOSAPREPITANT DIMEGLUMINE FOR INJECTION 150 MG,***,POWDER FOR INJECTION,1 VIAL/PACK(150 MG),NEUTRAL BOROSILICATE,Chia Tai Tianqing pharmaceutical group co ltd,CHINA,Gulf Pharma (Pvt) Ltd
EZETIMIBE TABLETS USP 10MG,EZITA,TABLET,10'S,ALU ALU BLISTER,Getz Pharma (Pvt) Ltd,PAKISTAN,Hemas Pharmaceuticals (Pvt) Ltd
TIZANIDINE TABLETS USP  4MG,TIZOREL 4,TABLETS,1X10'S,BLISTER PACK,MARTIN DOW MARKER LTD,PAKISTAN,Emerchemie NB (Ceylon) Ltd
ONDANSETRON ORAL SOLUTION USP 4MG/5ML,OFRAN,ORAL SOLUTION,*,PET BOTTLE,Square Pharmaceuticals Ltd,BANGLADESH,CIC Holdings PLC
MELOXICAM TABLETS USP 7.5MG,MUVERA 7.5,TABLETS,10X10'S,ALU ALU BLISTER,"SUN PHARMA LABORATORIES LIMITED, INDIA FOR SUN PHARMACEUTICAL INDUSTRIES LIMITED, INDIA",INDIA,Hemas Pharmaceuticals (Pvt) Ltd
ETORICOXIB TABLETS 60MG,ETRICIB 60,TABLETS,1X10' 3X10' 5X10',ALU ALU BLISTER,ZIM Laboratories Limited,INDIA,Tabrane Pharmaceuticals (Pvt) Ltd
BISACODYL TABLETS BP 5MG,LAXAFRED,TABLETS,10x10's,Blister,Fredun Pharmaceuticals Ltd,INDIA,George Steuart Health Pvt Ltd
GADOTERIC ACID INJECTION 0.5MMOL/ML,DOTAREM,CONTRAST,"1'S 5,10,15 ,20,60ML",GLASS VIAL,Guerbet 16-24 rue Jean Chaptal,FRANCE,DIMO Pvt Ltd
GLICLAZIDE MODIFIED REALEASE TABLETS 60MG,GLIVIC MR60,TABLETS,"3X10'S,10X10'S",BLISTER (ALU-ALU),Bio Pharma Limited,BANGLADESH,Truvic Private Ltd
METHYLPREDNISOLONE TABLETS USP 4MG,MEDIXON 4,TABLET,10X10'S,ALU PVC BLISTER,PT Dexa Medica,INDONESIA,A Baur & Co  (Pvt) Ltd
QUETIAPINE TABLETS USP 300 MG,QUTIPIN 300,TABLETS,3X10'S,ALU PVC BLISTER,"SUN PHARMA LABORATORIES LIMITED, INDIA FOR SUN PHARMACEUTICAL INDUSTRIES LIMITED, INDIA",INDIA,Emerchemie NB (Ceylon) Ltd
SERTRALINE HYDROCHLORIDE TABLETS USP 50MG,SERLIN 50,TABLET,10X10'S,ALU PVC BLISTER,ZYDUS LIFESCIENCES LIMITED,INDIA,Hemas Pharmaceuticals (Pvt) Ltd
METHYLPREDNISOLONE TABLETS 4MG,MEDROL,TABLET,10X10'S,"PVC,ALUMINIUM BLISTE",Pfizer Italia SRL,ITALY,Hemas Pharmaceuticals (Pvt) Ltd
LEVETIRACETAM TABLETS USP 250MG,VEXLEV 250,TABLET,3X10'S,ALU ALU BLISTER,West Coast Pharmaceurical works Ltd,INDIA,AV Global  Impex (Pvt) Ltd
POVIDONE IODINE SPRINKLIN POWDER USP 5% W/W,GERMIDINE SPRINKLING POWDER,POWDER,10G,HDPE BOTTLE,Nanz Med Science Pharma  (Pvt) Ltd,INDIA,SMM Halcyon (Pvt) Ltd
HYDROCHLOROTHIAZIDE TABLETS  BP 25MG,HIDREX,TABLETS,1000'S,HDPE JAR,Intermed Laboratories Private Limited,INDIA,P T C Medical (Pvt) Ltd
MEBENDAZOLE ORAL SUSPENSION 20MG/ML,VERMOX,ORAL SUSPENSION,30ML,AMB.GLASS BOTTLE,"JANSSEN PHARMACEUTICA NV,",BELGIUM,MULLER & PHIPPS (HEALTH CARE) LIMITED
EPHEDRINE INJECTION BP 30MG/ML,***,INJECTION,1ML,1 ML USP TY 1 GLS AM,"YADEN LABORATORIES PVT LTD ,",SRI LANKA,***
MYCOPHENOLATE MOFETIL CAPSULES USP 500 MG,MYCOLTE,HARD GELATINE CAPSULES,1X10'S,ALU-PVC BLISTER,Intermed Laboratories Private Limited,INDIA,P T C Medical (Pvt) Ltd
LAMOTRIGINE TABLETS 25MG,LAMOSYN 25,TABLET,"3X10'S, 5X10'S",STRIP PACK,"SUN PHARMA LABORATORIES LIMITED, INDIA FOR SUN PHARMACEUTICAL INDUSTRIES LIMITED, INDIA",INDIA,Emerchemie NB (Ceylon) Ltd
AMISULPRIDE TABLETS BP 200MG,AMIDE 200,TABLETS,"3X10'S,10X10,1X10'S,",ALU PVCBL/HDPE JAR,Celogen Lanka (Pvt) Ltd,SRI LANKA,***
TELMISARTAN & HYDROCHLOROTHIAZIDE TABLETS USP 40MG/12.5MG,ARISTO TELVAS-H 40/12.5,TABLET,"3X10'S, 10X10'S","ALU ALU STRIP,LDPE",ARISTO PHARMACEUTICALS (PVT) LTD,INDIA,VIV PHARMA (PVT) LTD
SODIUM CHLORIDE INTRAVENOUS INFUSION BP 0.9 % w/v,***,INTRAVENOUS INFUSION,"500ML,100ML",LDPE CONTAINER,Axa Parenterals Ltd,INDIA,Chamee Chemist
SORAFENIB TABLETS 200MG,NEXANIB,TABLETS,28'S 60'S 90'S,HDPE BOTTLE,Julphar Bangladesh Ltd,BANGLADESH,Tabrane Healthcare (Pvt) Ltd
CEPHALEXIN CAPSULES USP 500MG,CORFEX 500,CAPSULES,10 X 10'S,ALU PVC BLISTER,Akums Drugs & Pharmaceuticals Ltd,INDIA,Steriix Healthcare (Pvt) Ltd
ALENDRONATE SODIUM TABLETS USP 70MG,ALDREN 70,TABLETS,4'S,BLISTER ALU ALU,ZYDUS LIFESCIENCES LIMITED,INDIA,Hemas Pharmaceuticals (Pvt) Ltd
TAMSULOSIN HYDROCHLORIDE CAPSULES USP 0.4MG,TAMVEX 0.4,CAPSULES,3X10'S,ALU ALU BLISTER,Aeon Formulation Pvt Ltd,INDIA,AV Global  Impex (Pvt) Ltd
DEFERASIROX DISPERSIBLE TABLETS 400MG,CIOSYN 400,TABLETS,3X10'S 1X10'S,ALU ALU STRIP,Celogen Lanka (Pvt) Ltd,SRI LANKA,***
PANTOPRAZOLE FOR INJECTION 40MG,PAN IV,LYOPHILIZED POW INJECTION,10ML,CLEAR GLASS VIAL,East African (India) Overses for Alkem Laboratories Ltd,INDIA,Emerchemie NB (Ceylon) Ltd
KETOCONAZOLE CREAM 2% W/W,KETONEM Cream,CREAM,15G,ALU COLL TUBE,Nem Laboretories (Pvt) Ltd,INDIA,Softlogic Pharmaceuticals (Pvt( Ltd
AMOXICILLIN 1000MG+CLAVULANIC ACID 200MG POWDER FOR IV SOLUTION,CURAM,POWDER FOR INFUSION,",10VIAL/PACK",CLEAR GLS VIAL-TY 11,Sandoz GmbH,AUSTRIA,A Baur & Co  (Pvt) Ltd
MILK OF MAGNESIA I.P 11.25ML +LIQUID PARAFIN BP 3.75ML/15ML,MAGAFIN,SUSPENSION,170 ML,AMB  PLASTIC BOTTLE,Unijules Life Sciences Ltd,INDIA,Softlogic Pharmaceuticals (Pvt( Ltd
GLICLAZIDE TABLETS BP 40MG,GLICLACE,TABLET,10X10' 250' 500',ALU ALU BLISTER,ACE Healthcare (Pvt) Ltd,SRI LANKA,***
THIAMINE MORIONITRATE BP 100MG+PYRIDOXINE HYDROCHLORIDE BP 200MG+CYANOCOBALAMIN BP 200MCG TABLET,NUGESIC,TABLETS,3X10'S,ALU PVDC BLISTER,Orion pharma Ltd,BANGLADESH,Darley Butler  & Co Ltd
LEVOFLOXACIN TABLETS USP 500MG,LEVOCIN,TABLET,3X6'S,ALU ALU STRIP,PT Caprifamindo Laboratories for PT sanbe farma,INDONESIA,Softlogic Pharmaceuticals (Pvt( Ltd
ATENOLOL TABLETS BP 50MG,TENOL 50,TABLET,10X10'S & 1000'S,"ALU PVC BLISTER,HDPE",CIC Lifesciences Ltd.,SRI LANKA,***
APIXABAN TABLETS 5 MG,ZILERO 5MG,TABLET,30'S,ALU ALU BLISTER,Pharm Evo (Pvt) Ltd,PAKISTAN,CIC Holdings PLC
DULOXETINE HYDROCHLORIDE DELAYED RELEASE CAPSULES USP 20MG,DUZELA 20,CAPSULES,3X10'S,ALU PVC BLISTER,"SUN PHARMA LABORATORIES LIMITED, INDIA FOR SUN PHARMACEUTICAL INDUSTRIES LIMITED, INDIA",INDIA,Emerchemie NB (Ceylon) Ltd
PERMETHRIN CREAM 5% W/W,METHRIN CREAM,CREAM,15 G,ALU COLLAP TUBE,Unijules Life Sciences Ltd,INDIA,Softlogic Pharmaceuticals (Pvt( Ltd
MONTELUKAST SODIUM CHEWABLE TABLETS BP 4MG,MONTEK-4,TABLETS,10X10'S & 3X10'S,ALU ALU BLISTER,SUN PHARMACEUTICAL INDUSTRIES LTD,INDIA,Emerchemie NB (Ceylon) Ltd
DRIED FACTOR VIII FRACTION BP 250 IU,HEMOREL  A,POWDER FOR SOLUTION FOR INJECTION,20ML+WFI 10ML+2NEEDL,USP TY 1 GLASS VIAL,Reliance Life Sciences (Pvt) Ltd,INDIA,ABC Pharma Services Pvt. Ltd
CIPROFLOXACIN TABLETS USP  500MG,CIPTOCH 500,TABLETS,10X10'S,BLSTER,McCoy Pharma Pvt Ltd,INDIA,Pharmatec (Pvt) Ltd
CETIRIZINE TABLETS BP 10MG,ARIX,TABLETS,"1x10's, 1x4's",Alu-PVC Blister,Tabros Pharma (Pvt) Ltd,PAKISTAN,Associated Laboratories (Pvt) Ltd
CIPROFLOXACIN TABLETS USP 250MG,CIPTOCH 250,TABLETS,10X10'S,BLISTER,McCoy Pharma Pvt Ltd,INDIA,Pharmatec (Pvt) Ltd
WARFARIN TABLETS BP 5MG,WARF 5,TABLETS,10X10's,ALU PVC BLISTER,Cipla Ltd,INDIA,Breathe Free Lanka (Pvt) Ltd
CHLORPHENAMINE INJECTION BP 10MG/ML,***,INJECTION,1ML X 10'S,AMB GLASS AMPOULE,Belco Pharma (Pvt) Ltd,INDIA,Pharmatec (Pvt) Ltd
THALIDOMIDE CAPSULES USP 50MG,THALIJO 50,CAPSULES,"1X10,3X10,5X10'10X10",VC ALU BLISTER 20X10,Jodas Expoim Pvt Ltd,INDIA,Softcare International (Pvt) Ltd
MONTELUKAST CHEWABLE TABLETS 5MG,M KAST 5,TABLETS,3X10'S,ALU BLISTER,Aurobindo Pharam Ltd,INDIA,Alaris Lanka (Pvt) Ltd
LIQUID PARAFFIN AND MAGNESIUM HYDROXIDE ORAL EMULSION BP (EACH 5ML CONTAINS Magnesium Hydroxide BP 300 mg Liquid Paraffin BP 1.25ML),MEGALAX,EMULSION,"100ML,170ML",AMBER GLASS BOTTLE,Orion pharma Ltd,BANGLADESH,Darley Butler  & Co Ltd
AMITRIPTYLINE TABLETS BP 25MG,*****,TABLETS,1000 Tablets,GLASS/ AMBR,Morison Limited,SRI LANKA,***
LINEZOLID TABLETS 600MG,LINOSOBID 600,TABLET,5X4' 1X10' 2X10',ALU PVC BLISTER,ZIM Laboratories Limited,INDIA,Tabrane Pharmaceuticals (Pvt) Ltd
MONTELUKAST  TABLETS  10MG,M KAST 10,TABLETS,3X10'S,ALU BLISTER,Aurobindo Pharam Ltd,INDIA,Alaris Lanka (Pvt) Ltd
ENALAPRIL MALEATE TABLETS USP 5 MG,VASONORM 5,TABLETS,10X10'S,ALU-PVC BLISTER,Kopran Ltd,INDIA,Alaris Lanka (Pvt) Ltd
CALCIUM GLUCONATE INJECTION USP 10% W/V,***,INJECTION,50X10ML/PACK,PP AMPOULE,kelun lifesciences(Pvt) Ltd,SRI LANKA,***
FEXOFENADINE HYDROCHLORIDE TABLETS USP 120MG,ZEX 120,TABLET,10X10'S,ALU PVC BLISTER,Zee Laboratories,INDIA,ABC Pharma Services Pvt. Ltd
MONTELUKAST CHEWABLE TABLETS BP 5MG,LUNGAIR 5MG,CHEWABLE TABLETS,(2X7'S),ALU/ALU BLISTER,Nabiqasim Industries (Pvt) Ltd,PAKISTAN,George Steuart Health Pvt Ltd
PREDNISOLONE TABLETS BP 5MG,PREDNISOL 5,TABLET,10X10'S,ALU PVDC BLISTER,Agio Pharmaceuticals Ltd,INDIA,Citihealth Imports (Pvt) Ltd
MONTELUKAST CHEWABLE TABLETS 4MG,LUNGAIR 4,CHEWABLE TABLETS,2X7'S,ALU ALU BLISTER,Nabiqasim Industries (Pvt) Ltd,PAKISTAN,George Steuart Health Pvt Ltd
GASTRO RESISTANT ASPIRIN TABLETS BP 75 MG,CARVA 75,ENTERIC COATED TABLETS,10X10'S,STRIP (ALU/ALU),Square Pharmaceuticals Ltd,BANGLADESH,CIC Holdings PLC
PIZOTIFEN TABLETS B.P 0.5MG,PIZFEN,TABLETS,2X5X10'S 10X5X10'S,ALU PVC PVDC HDPE JA,Celogen Lanka (Pvt) Ltd,SRI LANKA,***
ZIN & VITAMIN B COMPLEX FORTIFIED WITH VITAMIN C CAPSULES,BECOZINC,CAPSULES,6X10'S,STRIP PACK,Dr Reddy's Laboratories Ltd,INDIA,Emerchemie NB (Ceylon) Ltd
BISOPROLOL FUMARATE TABLETS USP 2.5MG,BRISOTOL 2.5,TABLET,3X10'S,ALU ALU STRIP,Fredun Pharmaceuticals Ltd,INDIA,George Steuart Health Pvt Ltd
ALUMINA MAGNESIA AND SIMETHICONE ORAL SUSPENSION USP,GASTRIL MINT FLAVOURED,SUSPENSION,170ML,GLASS BOTTLE AMBER,"GAMMA INTERPHARM PVT LTD,",SRI LANKA,***
JAPANESE ENCEPHALITIS INACTIVATED VACCINE HUMAN PURIFIED INACTIVATED VACCINE ADSORBED 6 G/0.5ML,JEEV,SUSPENSION FOR INJECTION,0.5ML X48 PACK/SINGL,VIAL,Biological E Ltd,INDIA,Sunshine Healthcare lanka Ltd
AMOXICILLIN AND CLAVULANATE POTASSIUM TABLETS USP 625MG,UMOXIL CLAV 625,TABLET,2X7'S,BLISTER,Uni Medicolabs,INDIA,Cliniqon Biotech Pvt. Ltd
ESCITALOPRAM TABLETS USP 20MG,ESCIVEX 20,TABLET,3X10'S,ALU ALU BLISTER,West Coast Pharmaceurical works Ltd,INDIA,AV Global  Impex (Pvt) Ltd
DILTIAZEM HYDROCHLORIDES TABLET 90 MG SUSTAINED RELEASE,DILZEM SR,TABLETS,2 x 5 x 10'S,ALU-PVC BLISTER,Torrent Pharmaceuticals Ltd,INDIA,Edna Medicals (Pvt) Ltd
SOLIFENACIN SUCCINATE TABLETS 5MG,BLADITONE 5,TABLETS,3X10'S,ALU PVC BLISTER,SUN PHARMACEUTICAL INDUSTRIES LTD,INDIA,Hemas Pharmaceuticals (Pvt) Ltd
INTERFERON BETA 1 A SOLUTION FOR INJECTION 44MCG (12MIU)/0.5 ML,REBIF,SOLUTION FOR INJECTION,0.5ML PFSYX3'S,PFSY,Merck Serono S P A,ITALY,A Baur & Co  (Pvt) Ltd
TACROLIMUS CAPSULES 0.5MG,PANGRAF 0.5,CAPSULES,6X10'S,ALU STRIP,Panacea Biotech Pharma Ltd,INDIA,Markss HLC (Pvt) Ltd
IODIXANOL SOLUTION FOR INJECTION 320MG/ML,VISIPAQUE,INJECTION( X-RAY MEDIUM),"10X50ML, 10X100ML",PP BOTTLE/GLS BOTTLE,GE HEALTHCARE IRELAND LIMITED,IRELAND,Sunshine Healthcare lanka Ltd
DEFERASIROX DISPERSIBLE TABLETS 400MG,ASUNRA 400MG,DISPERSIBLE TABLETS,30'S/PACK,PA/AL/PVC(ALU),SANDOZ S.R.L,ROMANIA,A Baur & Co  (Pvt) Ltd
CARBOPLATIN INJECTION BP 10MG/1ML (450MG/45ML),CARBOLET,SOLUTION FOR INJECTION,50ml,USP ty 1 Amb Tubular,Jodas Expoim Pvt Ltd,INDIA,Softcare International (Pvt) Ltd
LEVODOPA 100MG + CARBIDOPA 25MG TABLETS BP,SYNDOPA PLUS,TABLET,5X10'S,ALU ALU STRIP PACK,"SUN PHARMA LABORATORIES LIMITED, INDIA FOR SUN PHARMACEUTICAL INDUSTRIES LIMITED, INDIA",INDIA,Emerchemie NB (Ceylon) Ltd
THYMOL & BENZOIC ACID ANTISEPTIC MOUTH WASH,KOOL N FRESH,MOUTH WASH,"100ML, 250ML",PET BOTTLE,"GAMMA INTERPHARM PVT LTD,",SRI LANKA,***
ACECLOFENAC TABLETS 100MG,ALGIC,TABLETS,3x10's,Alu-PVC Blister,MSN Laboratories Private Limited,INDIA,Axia (Pvt) Ltd
EMPAGLIFLOZIN TABLETS 25MG,EMPAMOR 25,TABLET,3X10'S,ALU AMB PVC/PVDC BLI,Morison Limited,SRI LANKA,***
SPIRONOLACTONE TABLETS USP 25MG,LACTONE,TABLETS,10X10'S,ALU PVC BLISTER,Unicure Ramadies (Pvt) Ltd,INDIA,Emar Pharma (Pvt) Ltd
SITAGLIPTIN TABLETS BP 100MG,SITAMAX,TABLET,10X10'S,ALU PVC BLISTER,CIC Lifesciences Ltd.,SRI LANKA,***
PANTOPRAZOLE GASTRO RESISTANT TABLETS BP 40MG,PANOVA 40,GASTRO RESISTANT TABLET,10X10'S,ALU ALU BLISTER,Pharmafabrikon,INDIA,Novachem Lanka (Pvt) Ltd
BECLOMETASONE CREAM BP 0.025% W/W,BEKOMETH,CREAM,15G(1'S),ALU COLL TUBE,"GAMMA INTERPHARM PVT LTD,",SRI LANKA,***
DILTIAZEM HYDROCHLORIDE  90MG CAPSULES EXTENDED RELEASE,ZEM XL90,CAPSULES,10X10'S,ALU PVC BLISTER,Inventia Healthcare (Pvt) Ltd,INDIA,Emerchemie NB (Ceylon) Ltd
OLMESARTAN TABLETS BP 20MG,ORION 20MG,TABLETS,1X10'S,ALU ALU BLISTER,Ferozsons Laboratories Ltd,PAKISTAN,Emerchemie NB (Ceylon) Ltd
RISPERIDONE TABLETS USP 1MG,RISPONZ 1,TABLET,30'S,ALU PVC PVDC BLISTER,ZYDUS LIFESCIENCES LIMITED,INDIA,Hemas Pharmaceuticals (Pvt) Ltd
CISPLATIN INJECTION BP 1MG/ML(10MG/10ML),JOCISTIN 10,SOLUTION FOR INFUSION,10ML VIAL/PACK,AMB.COL.USP TY I GL.,Jodas Expoim Pvt Ltd,INDIA,Softcare International (Pvt) Ltd
ROSUVASTATIN TABLETS 5MG,ROZALIP 5,TABLETS,3x10's,ALU ALU BLISTER,Sydler Remedies (Pvt) Ltd,INDIA,Alaris Lanka (Pvt) Ltd
PREGABALIN CAPSULES 150MG,NEUROKOP 150,CAPSULES,3X10'S,ALU PVC BLISTER,Kopran Ltd,INDIA,Alaris Lanka (Pvt) Ltd
GABAPENTIN CAPSULES USP 100MG,***,HARD GELATINE CAPSULES,100'S,PLASTIC JAR,Centurion Laboratories Pvt Ltd,INDIA,Yaden International (Pvt) Ltd
"2, 4-DICHLOROBENZYL ALCOHOL 1.2MG + AMYLMETACRESOL 0.6MG LOZENGES",SUPERIL LOZENGES (LEMON),LOZENGES,2X12'S,ALU PVC BLISTER,UNIQUE PHARMACEUTICAL LABORATORIES,INDIA,George Steuart Health Pvt Ltd
PALONOSETRON HYDROCHLORIDE INJECTION 0.25MG/5ML,PALOHALT,INJECTION,5ML VIAL,CLEAR GLASS V,MSN Laboratories Private Limited,INDIA,Axia (Pvt) Ltd
TACROLIMUS OINTMENT 0.03% W/W,ECZEMUS 0.03%,OINTMENT,10G,ALU. COLLPSIBLE TUBE,Brookes Pharma (Pvt) Ltd,PAKISTAN,Hemas Pharmaceuticals (Pvt) Ltd
TELMISARTAN TABLETS USP 80MG,T-SAR 80,TABLET,ALU ALU BLISTER,"10'S, 100'S",CCL Pharmaceuticals (Pvt) Ltd,PAKISTAN,CIC Holdings PLC
DOXORUBICIN HYDROCHLORIDE FOR INJECTION USP 50MG,XORUBIN 50,LYOPHILIZED POW INJECTION,50ML (50MG/VIAL,CLEAR GLASS VIAL,Beacon Pharmaceuticals Ltd,BANGLADESH,Emerchemie NB (Ceylon) Ltd
PACLITAXEL INJECTION USP 30MG/5ML,CELTAX 30,INJECTION,5ML,GLASS VIAL TY 1,Celon Laboratories Private Limited,INDIA,Medmart Pharma (Pvt) Ltd
CYCLOSPORIN CAPSULES USP 100MG,PANIMUM BIORAL,CAPSULES,5X6'S,BLISTER PACK,Panacea Biotech Pharma Ltd,INDIA,Markss HLC (Pvt) Ltd
CEFOPERAZONE AND SALBACTAM FOR INJECTION 1G,CEFSULASH 1000,INJECTION,10ML VIAL/PACK,GLASS VIAL,Shamshree Lifesciences Ltd,INDIA,Omacx Healthcare (Pvt) Ltd
PREDNISOLONE ACETATE OPHTHALMIC SUSPE.  USP 1% W/W,PREDNIN-A,EYE DROPS,5ML,OPAQUE PLA BOTT,Sunway Rohto Pharmaceutical Pvt Ltd,INDIA,Yaden International (Pvt) Ltd
CARBOXYMETHYLCELLULOSE SODIUM EYE DROPS 0.5%,REFRESH TEARS,EYE DROP,15 ML,LDPE BOTTLE,Allergan Sales LLC,UNITED STATES,Hemas Pharmaceuticals (Pvt) Ltd
MYCOPHENOLATE SODIUM TABLETS 360MG,MOFILET S 360,TABLETS,6X10'S 1X10'S,ALU ALU BLISTER,Emcure Pharmaceuticals Ltd,INDIA,Emerchemie NB (Ceylon) Ltd
CETRIZINE DIHYDROCHLORIDE SYRUP 5MG/5ML,CEZIN,SYRUP,60 ML,PET BOTTLE,Medicon Pharmaceuticals Ltd,BANGLADESH,Tranz Pharma Hodlings (Pvt) Ltd
LEVOFLOXACIN IV INFUSION 500MG/100ML,LEVOCIL,INFUSION,100ML,GLASS BOTTLE,CCL Pharmaceuticals (Pvt) Ltd,PAKISTAN,CIC Holdings PLC
LEVOFLOXACIN TABLETS USP 250MG,LEFEXY 250,TABLET,"2'S, 10'S, 30'S",ALU ALU BLISTER,Shrooq Pharmaceutical Pvt  Ltd,PAKISTAN,Tranz Pharma Hodlings (Pvt) Ltd
TACROLIMUS CAPSULES USP 1 MG,REGRAF 1,CAPSULES,"3X10', 6X10', 10'S",ALU ALU STRIP,MMC Healthcare Ltd,INDIA,Markss HLC (Pvt) Ltd
RITUXIMAB INJECTION 10mg/1ml,MABTHERA,CONCENTRATE FOR SOLUTION FOR INFUSION,500MG/50ML 100MG/10M,GLASS VIAL,Roche Diagnostics GmbH,SWITZERLAND,A Baur & Co  (Pvt) Ltd
PERTUZUMAB 1200 MG & TRASTUZUMAB 600 MG SOLUTION FOR INJECTION,PHESGO,SOLUTION FOR INJECTION,01 VIAL/PACK,TY 1 GLASS VIAL,F Hoffman-La Roche Ltd,SWITZERLAND,A Baur & Co  (Pvt) Ltd
LOSARTAN POTASSIUM TABLETS USP 50MG,EMTAN 50,TABLETS,10X10'S,BLISTER PACK,MMC Healthcare Ltd,INDIA,Markss HLC (Pvt) Ltd
CEFUROXIME AXETIL TABLETS BP 250MG,AUROXETIL 250,TABLETS,5X10'S,ALU ALU BLISTER,Aurobindo Pharam Ltd,INDIA,Alaris Lanka (Pvt) Ltd
FLUNARIZINE TABLETS 10MG,NORIUM 10,TABLET,"5X10'S, 50'S",BLISTER PACK,Eskayef Pharmaceuticals Ltd,BANGLADESH,Truvic Private Ltd
FAMOTIDINE TABLETS USP 20MG,FAMOTACK 20,TABLET,10X10'S,ALU PVC BLISTER,Square Pharmaceuticals Ltd,BANGLADESH,CIC Holdings PLC
CHLORPHENIRAMINE MALEATE ORAL SOLUTION USP 2MG/5ML,CHLODEX  M,ORAL SOLUTION,100L,AMBER COLOUR PET BOT,MMC Healthcare Ltd,INDIA,Hi Care Pharma (Pvt)Ltd
ITRACONAZOLE CAPSULES BP 100MG,FUNGIZAP 100,CAPSULES,3X10 10X10 10'S,ALU PVDC BLISTER,Emergen Life Sciences (Pvt) Ltd,SRI LANKA,***
FAMOTIDINE TABLETS USP 40MG,FAMOTACK 40,TABLET,10X10'S,ALU PVC BLISTER,Square Pharmaceuticals Ltd,BANGLADESH,CIC Holdings PLC
TACROLIMUS CAPSULES USP 1 MG,CROMUS,CAPSULES,3X10'S,ALU ALU BLISTER,Swiss Garnier Life Scences,INDIA,George Steuart Health Pvt Ltd
VENLAFAXINE PROLONGED RELEASE CAPSULES BP 37.5MG,VENIZ  XR 37.5,CAPSULES,3X10'S,BLISTER,Sun Pharmaceutical industries,INDIA,Emerchemie NB (Ceylon) Ltd
CLINDAMYCIN HYDROCHLORIDE CAPSULES USP 150MG,DALAGEN 150,CAPSULES,1X10'S 3X10'S 5X10,ALU PVDC BLISTER,NEWGEN LANKA HEALTHCARE (PVT) LTD,SRI LANKA,***
CEFEPIME FOR INJECTION USP 1G,IVIPIME,POWDER FOR INJECTION,1 GLS VIAL PACK,USP TY 111 GLASS VIA,VHB Medi Sciences Ltd,INDIA,Yaden International (Pvt) Ltd
PAZOPANIB TABLETS 200MG,VOTRIENT,FILM COA TABLETS,30'S,HDPE PLASTIC BOTTLE,"Siegfried Barbera SL,",SPAIN,A Baur & Co  (Pvt) Ltd
PREGABALIN CAPSULES 75MG,NEUROKOP 75,CAPSULES,3X10'S,ALU PVC PVDC BLISTER,Kopran Ltd,INDIA,Alaris Lanka (Pvt) Ltd
FEXOFENADINE HYDROCHLORIDE  TABLETS USP 120MG,FEXOFRED 120,FILM COA TABLETS,3X10'S,ALU ALU BLISTER,Fredun Pharmaceuticals Ltd,INDIA,George Steuart Health Pvt Ltd
DAPTOMYCIN FOR INJECTION 500MG,ANBITO,POWDER FOR INJECTION,500 MG VIAL/PACK,CLEAR GLASS VIAL,Anshi Pharmaceuticals (Zhongsn) Inc,CHINA,Slim Pharmaceuticals (Pvt) Ltd
DONEPEZIL HYDROCHIORIDE TABLETS USP 10MG,DOZIL 10,TABLETS,10X10'S & 1X4'S,ALU ALU BLISTER,Atoz Pharmaceuticals (Pvt) Ltd,INDIA,Euro Asian Pharma (Pvt) Ltd
FEXOFENADINE HYDROHLORIDE TABLETS USP 120MG,ALRIN,TABLETS,10'S 10X10'S,ALU ALU BLISTER,CCL Pharmaceuticals (Pvt) Ltd,PAKISTAN,CIC Holdings PLC
SALBUTAMOL ORAL SOLUTION BP 2MG/5ML,DIAMIC SOLUTION,ORAL SOLUTION,"100ML, 500ML",AMBER COLOUR PET BOT,Sachitra Medicare Services (Pvt) Ltd,SRI LANKA,***
POVIDONE IODINE OINTMENT USP 5% W/W,STERIDINE,OINTMENT,15 G,LAMINATED TUBE,STERLING LAB,INDIA,Darley Butler  & Co Ltd
ZINC SULPHATE 20MG & FOLIC ACID 1MG  TABLETS,FOLINZ-1,TABLETS,10X10'S,BLISTER,Apex Laboratories Ltd,INDIA,A Baur & Co  (Pvt) Ltd
LAPATINIB TABLETS 250MG,TYKERB 250,TABLET,70'S,HDPE BOTTLE,S.C Sandoz S.R.L,ROMANIA,A Baur & Co  (Pvt) Ltd
OLANZAPINE TABLETS USP 5MG,OLANDUS 5,TABLET,10X10'S,ALU ALU BLISTER,ZYDUS LIFESCIENCES LIMITED,INDIA,Hemas Pharmaceuticals (Pvt) Ltd
ALFACALCIDOL CAPSULES 0.25MCG,ALFAGEN,CAPSULES,3X10'S 10X10'S,ALU AMV PVC BLISTER,Celogen Lanka (Pvt) Ltd,SRI LANKA,***
CEFUROXIME FOR INJECTION USP 750MG,AUROXETIL 750,DRY POWDER INJECTION,15ML/PACK,CLEAR GLASS VIAL,Aurobindo Pharam Ltd,INDIA,Alaris Lanka (Pvt) Ltd
EMPAGLIFLOZIN TABLETS 10MG,EmpaMor 10,TABLET,3X10'S,ALU PVDV PVDC BLISTE,Morison Limited,SRI LANKA,***
CABERGOLINE TABLETS USP 0.5MG,CABERLIN 0.5,TABLETS,"1X10', 5X4', 1X4'",ALU-ALU BLISTER(COLD,SUN PHARMACEUTICAL INDUSTRIES LTD,INDIA,Hemas Pharmaceuticals (Pvt) Ltd
ROSUVASTATIN TABLETS USP 5MG,ROLIP,TABLETS,"10'S, 30'S",BLISTER,Hilton  Pharma (Pvt) Ltd,PAKISTAN,Sunshine Healthcare lanka Ltd
BUDESONIDE AQUEOUS NASAL SPRAY BP 100MCG,BUDICORT,NASAL SPRAY,120 MTD,AMB GLASS VIAL,Incepta Pharmaceuticals Ltd,BANGLADESH,Citihealth Imports (Pvt) Ltd
GLICLAZIDE TABLETS BP  80MG,RECLIDE,TABLETS,20'S,STRIP PACK,Dr Reddy's Laboratories Ltd,INDIA,Emerchemie NB (Ceylon) Ltd
MEDROXYPROGESTERONE INJECTION BP 150 MG/ML,TRICLOFEM,INJECTABLE SUSPENSION,20X1 ML,USP TY 1 GLS VIAL,P T Tunggal  Idaman Abdi,INDONESIA,Population Services Lanka
BOSENTAN TABLETS 62.5MG,BOSENTIN 62.5,FILM COA TABLETS,"50TAB/HDPE,1X10,3X10","HDPE CO,BL,PVC,PVDC",CELOGEN LANKA (PVT) LTD (MARKETED BY ZYDUS LANKA (PVT) LTD,SRI LANKA,***
TRANEXAMIC ACID INJECTION BP 500MG/5ML,TRANAMIC,INJECTION,5ML X 05 PACK,CLEAR GLASS,Gufic Biosciences Pvt Ltd,INDIA,Slim Pharmaceuticals (Pvt) Ltd
MENOTROPHIN FOR INJECTION BP 75IU(FSH 75IU & LH 75IU),MENODAC 75,INJECTION,VIAL POWD+AMP.DILUEN,VIAL POWDER+2ML AMP,ZYDUS LIFESCIENCES LIMITED,INDIA,Hemas Pharmaceuticals (Pvt) Ltd
GLICLAZIDE TABLETS BP 40MG,GLYCLAPAN 40,TABLETS,"1000'S, 10X10'S",HDPE JAR,"GAMMA INTERPHARM PVT LTD,",SRI LANKA,***
CEFALEXIN CAPSULES BP 250MG,CEPHAST 250,CAPSULES,"10X10'S, 1X10'S",BLISTER,Sterling Lab,INDIA,Darley Butler  & Co Ltd
BECLOMETHASONE PRESSURISED INHALATION BP 100MCG,BESONE 100-HFA,PRESSURIZED INHALATION,200 DOSES,19 CC CANISTER,Midascare Pharmaceuticals (Pvt) Ltd,INDIA,Softlogic Pharmaceuticals (Pvt( Ltd
BECLOMETHASONE PRESSURISED INHALATION BP 250MCG,BESONE 250 HFA,PRESSURIZED INHALATION,200 DOSES,19CC ANODIZED CANITE,Midascare Pharmaceuticals (Pvt) Ltd,INDIA,Softlogic Pharmaceuticals (Pvt( Ltd
HYOSCINE BUTYLBROMIDE TABLETS BP 10MG,***,TABLET,"500'S, 250'S,100'S","HDPE BOT,AMB GLS BOT",Morison Limited,SRI LANKA,***
PRAMOXINE HCL CREAM 1% W/W,TRONOLANE,CREAM,20G TUBE/PACK,ALU COLLAPSIBLE TUBE,Abbott Laboratories (Pakistan) Ltd For Amdipharm Ltd,PAKISTAN,Sunshine Healthcare lanka Ltd
CELECOXIB CAPSULES 100MG,CELOX- R 100,CAPSULES,"5X10'S, 1X4'S",ALU PVC BLISTER,Renata Limited,BANGLADESH,Emerchemie NB (Ceylon) Ltd
MOXIFLOXACIN HYDROCHLORIDE INFUSION 400MG/100ML,AXA-MOXIN,INFUSION,1X100ML,LDPE BOTTLE,Axa Parenterals Ltd,INDIA,Chamee Chemist
VILDAGLIPTIN TABLETS 50MG,GALVUS 50MG,TABLET,2X14'S,ALU ALU BLISTER,Novartis Pharmaceutical Manufacturing LLC,SWITZERLAND,A Baur & Co  (Pvt) Ltd
AMISULPRIDE TABLETS IP 300MG,SULPITAC 300,TABLET,10X5'S,ALU PVC BLISTER,"SUN PHARMA LABORATORIES LIMITED, INDIA FOR SUN PHARMACEUTICAL INDUSTRIES LIMITED, INDIA",INDIA,Emerchemie NB (Ceylon) Ltd
CLOZAPINE TABLETS USP 100MG,SIZOPIN 100,TABLETS,5X10'S,ALU ALU STRIP PACK,Sun Pharma Laboratories Ltd,INDIA,Emerchemie NB (Ceylon) Ltd
LEVOFLOXACIN TABLETS USP 500MG,HAWK 500,TABLETS,"5X5'S,3X10'S,1X5'S",ALU ALU BLISTER,Sterling Lab,INDIA,Darley Butler  & Co Ltd
DICLOFENAC GEL BP 1% W/W,JONAC  GEL,GEL,"30G,25G",ALU COLLAP.TUBE,ZYDUS LIFESCIENCES LIMITED,INDIA,Hemas Pharmaceuticals (Pvt) Ltd
AMPHOTERICIN B FOR INJECTION USP 50MG,AMPHOTRET 50MG,LYOPHILIZED POW INJECTION,1X10ml,USP Type I clear Gla,Bharat Serums & Vaccine Ltd,INDIA,Ceyoka (Pvt) Ltd
"POLYMIXIN B SULPHATE INJECTION USP (LYOPHILIZED) 500,000 UNITS","POLY MXB 500,000 UNITS",POWDER FOR INJECTION,1 VIAL/PACK,USP TY 1.AMB GLASS,Bharat Serums & Vaccine Ltd,INDIA,Ceyoka (Pvt) Ltd
MONTELUKAST TABLETS IP 5 MG,***,TABLET,"3X10'S, 250'S",BLISTER & HDPE JAR,State Pharmaceuticals Manufacturer Corporation,SRI LANKA,***
EMPAGLIFLOZIN TABLETS 10MG,EMFOGEN 25,TABLETS,3X10'S,ALU PVDC BLISTER,General Pharmaceuticals Ltd,BANGLADESH,Harcourts (Pvt) Ltd
EMPAGLIFLOZIN TABLETS INN 25MG,EMFOGEN 25,TABLETS,3X10'S,ALU PVDC BLISTER,General Pharmaceuticals Ltd,BANGLADESH,Harcourts (Pvt) Ltd
EMPAGLIFLOZIN TABLETS INN 10 MG,EMFOGEN 10,TABLET,3X10'S,ALU PVDC BLISTER,General Pharmaceuticals Ltd,BANGLADESH,Harcourts (Pvt) Ltd
ASPIRIN GASTRO RESISTANT TABLETS BP 75MG,***,TABLETS,10X10'S,ALU ALU BLISTER,Mercury Laboratories Ltd,INDIA,Yaden International (Pvt) Ltd
PROMETHAZINE INJECTION  BP 25MG./ML,***,INJECTION,10X2 ML,USP TY 1,"YADEN LABORATORIES PVT LTD ,",SRI LANKA,***
CO-CARELDOPA TABLETS BP 250/25MG (LEVODOPA BP 250MG &CARBIDOPA BP25MG),*****,TABLETS,"10X10'S, 100'S","JAR ,ALU BLISTER",Centurion Laboratories Pvt Ltd,INDIA,Yaden International (Pvt) Ltd
LACTULOSE SOLUTION USP 10G/15ML,LAXIRIGHT,SOLUTION,"100ML,120ML,500ML",AMB PET BOTTLE,Novagen Healthcare Pvt Ltd,INDIA,Chamee Chemist
CELECOXIB CAPSULES 200MG,***,CAPSULES,"500'S, 10X10'S","HDPE JAR, ALU PVDC B",State Pharmaceuticals Manufacturer Corporation,SRI LANKA,***
LEFLUNOMIDE TABLETS USP 10MG,LEFNA,FILM COA TABLETS,3X10'S 30'S,"BLISTER,ALU PVC",Alvita Pharma (Pvt) Ltd,INDIA,Chamee Chemist
CLINDAMYCIN HYDROCHLORIDE CAPSULES USP 300MG,DALAGEN 300,CAPSULES,1X10'3X10'5X10'6X10',ALU PVDC BLISTER,NEWGEN LANKA HEALTHCARE (PVT) LTD,SRI LANKA,***
METRONIDAZOLE TABLETS BP 400MG,ANABAC 400,TABLET,"100'S, 1000'S","ALU PVC BLIS,HDPE CA","GAMMA INTERPHARM PVT LTD,",SRI LANKA,***
AMLODIPINE BESYLATE TABLETS USP 5MG,AMLODEP 5,TABLET,"3X10'S, 10X10'S",ALU PVC BLISTER,ARISTO PHARMACEUTICALS (PVT) LTD,INDIA,VIV PHARMA (PVT) LTD
HYDROCORTISONE TABLETS USP 10MG,***,TABLET,"10X10', 3X10'S/100'S","ALU PVC,HDPE JAR",Alvita Pharma (Pvt) Ltd,INDIA,Chamee Chemist
SOTALOL TABLETS BP 80MG,SOTACARD,TABLET,3X10'S,PVC/AL STRIP,Amoun Pharmaceuticals Company,EGYPT,Avenier Pharma (Pvt) Ltd
GLUCOSE INTRAVENOUS INFUSION BP 50% W/V,50 D,IV INFUSION,50ML AMPX15/PACK,PP AMPOULE,kelun lifesciences(Pvt) Ltd,SRI LANKA,***
RECOMBINANT HUMAN ERYTHROPOIETIN INJECTION 10000 IU/ML,EPOSINO,INJECTION,1'S,PREFILLED SYRINGE,Kexing Biopharm Co Ltd,CHINA,Slim Pharmaceuticals (Pvt) Ltd
CLARITHROMYCIN ORAL SUSPENSION USP 125MG/5ML,CLARITEK,POWDER FOR ORAL SUSPENSION,"50ML, 60ML",HDPE PLASTIC BOTTLE,Getz Pharma (Pvt) Ltd,PAKISTAN,Hemas Pharmaceuticals (Pvt) Ltd
RITUXIMAB CONCENTRATE FOR SOLUTION FOR INFUSION 100MG/10ML,ZYTUX 100MG/10ML,CONCENTRATE FOR SOLUTION FOR INFUSION,2X10ML'S,VIALS -GLASS,AryoGen Pharmed,IRAN,Cliniqon Biotech Pvt. Ltd
CLARITHROMYCIN TABLETS USP 500MG,NEO-KLAR,TABLETS,1X10'S & 10X10'S,ALU ALU BLISTER,CCL Pharmaceuticals (Pvt) Ltd,PAKISTAN,CIC Holdings PLC
CETRORELIX ACETATE INJECTION 0.25MG,INDOTREX,LYOPHILIZED POW INJECTION,2ML,GLASS VIAL,Gufic Biosciences Ltd,INDIA,Slim Pharmaceuticals (Pvt) Ltd
AZITHROMYCIN TABLETS USP 500MG,AZITHROCIN 500,TABLETS,3X3'S,ALU ALU  BLISTER,Beximco Pharmaceuticals Ltd,BANGLADESH,Emerchemie NB (Ceylon) Ltd
OCTREOTIDE ACETATE LAR POWDER FOR SUSPENSION FOR INJECTION 20MG/2ML,SANDOSTATIN LAR 20,POWDER FOR SUSPENSION FOR INJECTION,1 VIAL+2ML PFS+1 NEE,POWDER FOR INJECTION,Novartis Pharmaceutical Manufacturing  GmbH,SWITZERLAND,A Baur & Co  (Pvt) Ltd
AMOXICILLIN TRIHYDRATE DISPERSIBLE TABLETS 125MG,EROX KID,TABLETS,10X10'S,ALU STRIP PACK,Micro Labs Ltd,INDIA,Kamazu (Pvt) Ltd
LINAGLIPTIN TABLETS 5MG,LINATAB,TABLETS,2X10'S,ALU ALU BLISTER,Incepta Pharmaceuticals Ltd,BANGLADESH,Citihealth Imports (Pvt) Ltd
LOSARTAN POTASSIUM TABLETS USP  25MG,***,TABLETS,10X10'S,ALU ALU  STRIPS,Unique Pharmaceutical Laboratories,INDIA,George Steuart Health Pvt Ltd
IRINOTECAN HYDROCHLORIDE INJECTION 20MG/ML,IRINOTEL,SOLUTION FOR INJECTION,2ML & 5ML,AMB GLS VIAL,Fresenius Kabi Oncology Ltd,INDIA,Markss HLC (Pvt) Ltd
ATOMOXETINE CAPSULES USP 10MG,***,CAPSULES,100'S & 10X10'S,PLASTIC JAR ALU ALU,Centurion Laboratories Pvt Ltd,INDIA,Yaden International (Pvt) Ltd
CEFIXIME TABLETS USP 200MG,FIXITIL-T,TABLETS,"1X10'S, 1X2'S",ALU ALU BLISTER,Tabros Pharma (Pvt) Ltd,PAKISTAN,Associated Laboratories (Pvt) Ltd
VINORELBINE INJECTION USP 10MG/ML,VINELBINE,INJECTION,01 VIAL/PACK,GLASS VIAL,Fresenius Kabi Oncology Ltd,INDIA,Markss HLC (Pvt) Ltd
THIAMINE INJECTION BP 50MG/ML,***,INJECTION,"10X2ML,5X2ML 20X2ML",AMBER COL GLASS VIAL,Ciron Drugs & PharmaceuticalS (Pvt) Ltd,INDIA,Ceyoka (Pvt) Ltd
ONDANSETRON ORAL SOLUTION USP 4MG/5ML,VOMIKIND,ORAL SOLUTION,50ML,AMB GLASS BOTTLE,Mankind Pharma Ltd,INDIA,Hemas Pharmaceuticals (Pvt) Ltd
PREDNISOLONE TABLETS  BP 5MG,PREDNITAB 5,TABLETS,3X10'S,BLISTER,Meyer Organics (Pvt) Ltd,INDIA,SMM Halcyon (Pvt) Ltd
PETHIDINE INJECTION BP 50MG/ML,VERPAT 50,INJECTION,1ML/AMPOULE,GLASS AMPOULE,Verve Human Care Laboratories,INDIA,Leader Pharma Agency (Pvt) Ltd
ROSUVASTATIN TABLETS 20MG,ROLIP 20,TABLETS,"10's, 30'S",ALU ALU BLISTER,Hilton  Pharma (Pvt) Ltd,PAKISTAN,Sunshine Healthcare lanka Ltd
ZOLMITRIPTAN TABLETS 2.5MG,ZOLAN 2.5,TABLETS,10X10'S,ALU ALU BLISTER,ZYDUS LIFESCIENCES LIMITED,INDIA,Hemas Pharmaceuticals (Pvt) Ltd
VITAMIN C 500MG & VITAMIN B COMPLEX TABLETS,ENERVON C,FILM COA TABLETS,"1X10'S,3X10'S",ALU ALU BLISTER,United International Pharma Co Ltd,VIETNAM,George Steuart Health Pvt Ltd
ARIPIPRAZOLE TABLETS 5MG,BISOZA 5,TABLETS,10x10's,Blister,ZYDUS LIFESCIENCES LIMITED,INDIA,Hemas Pharmaceuticals (Pvt) Ltd
ESCITALOPRAM TABLETS 10MG,BAGOCIT-S 10,TABLETS,28'S,ALU PVC BLISTER,Laboratoires Bago S. A,ARGENTINA,Emerchemie NB (Ceylon) Ltd
ETORICOXIB TABLETS 60MG,TORIXIB,TABLETS,3X10'S,ALU ALU BLISTER,Sava Healtheare Ltd,INDIA,Emerchemie NB (Ceylon) Ltd
LENVATINIB CAPSULES 4MG,LANIB 4,HARD GELATINE CAPSULES,3X10'S 6X10'S 9X10'S,ALU ALU BLISTER,Drug International Ltd,BANGLADESH,Tabrane Pharmaceuticals (Pvt) Ltd
PIRACETAM INJECTION 1G/5ML,CEREMIN,INJECTION,5ML/3X4'S,GLASS AMPOL,The Schazoo Pharmaceutucal Laboratories (Pvt) Ltd,PAKISTAN,A Baur & Co  (Pvt) Ltd
LINAGLIPTIN TABLETS 5MG,DIPLIN 5,TABLETS,"3X10'S,1X10'S",ALU ALU BLISTER,Navana Pharmaceuticals Ltd,BANGLADESH,Darley Butler  & Co Ltd
CAPECITABINE TABLETS 500MG,BAGOCAP,TABLETS,10X12'S,ALU PVDC  BLISTER,Laboratorio Varifarma S A,ARGENTINA,Emerchemie NB (Ceylon) Ltd
CEFIXIME CAPSULES 200MG,DURACEF,CAPSULES,"4X6'S,1X6'S",ALU ALU BLISTER,Nawana Pharmaceuticals Ltd,BANGLADESH,Darley Butler  & Co Ltd
MIDAZOLAM INJECTION 15MG/3ML,DORMICUM,INJECTION,5AMP/3ML,GLASE AMPOULES,Cenexi 52 Rue Marcel Et Jacques Gaucher,GERMANY,A Baur & Co  (Pvt) Ltd
DICLOFENAC SODIUM TABLETS 50MG,NEO PYRAZON,ENTERIC COATED TABLETS,4X25'S,ALU ALU STRIP,United International Pharma Co Ltd,VIETNAM,George Steuart Health Pvt Ltd
FLUTICASONE NASAL SPRAY BP 50MCG/SPRAY,FLONASPRAY,NASAL SPRAY,120 SPRAY,AMB GLASS  BOTTLE,Square Pharmaceuticals Ltd,BANGLADESH,CIC Holdings PLC
LEVOCETIRIZINE TABLETS 5MG,SWICET-L,TABLET,10X10'S,ALU ALU BLISTER,Swiss Garnier Life Scences,INDIA,George Steuart Health Pvt Ltd
DULOXETINE DELAYED RELEASE CAPSULES USP 20MG,DULOGEN DR 20,CAPSULES,1X10' 5X10' 3X10',"ALU ALU, BLIST",NEWGEN LANKA HEALTHCARE (PVT) LTD,SRI LANKA,***
STERILE MEDROXYPROGESTERONE ACETATE SUSPENSION USP 150MG/ML,DEPO-PROVERA,SUSPENSION FOR INJECTION,1 MLX25'S,USP TY 1 GLASS VIAL,Pfizer Manufacturing Belgium NV Belgium & Pfizer Health AB Sweden,BELGIUM,Hemas Pharmaceuticals (Pvt) Ltd
CEFALEXIN CAPSULES BP 500MG,FAXIN 500,HARD GELATINE CAPSULES,1X10' 3X10' 6X10',ALU PVC BLISTER,Sands Active Pvt Ltd,SRI LANKA,***
AZITHROMYCIN TABLETS USP 250MG,AZIGEN 250,TABLETS,1X10' 5X10' 3X10'S,ALU ALU BLISTER,NEWGEN LANKA HEALTHCARE (PVT) LTD,SRI LANKA,***
IPRATROPIUM PRESSURISED INHALATION BP 20MCG/ACTUATION,IPRAIR  HFA INHALATION,INHALATION,200 DOSE,19CC ALUM. CANISTER,Midascare Pharmaceuticals (Pvt) Ltd,INDIA,Softlogic Pharmaceuticals (Pvt( Ltd
CEFALEXIN CAPSULES BP 250MG,LECEF-250,CAPSULES,10X10'S,"ALU-PVC, PVDC BLISTE",Micro Labs Ltd,INDIA,Kamazu (Pvt) Ltd
THALIDOMIDE COASULES USP 100MG,THALIJO 100,CAPSULES,"1X10,10X10,3X10,5X10",PVC ALU BLISTER,Jodas Expoim Pvt Ltd,INDIA,Softcare International (Pvt) Ltd
TESTOSTERONE UNDECANOATE CAPSULES 40MG,ANDREX 40,SOFT GELATIN CAPSULES,3X10'S,ALU ALU STRIP,SEARLE PAKISTAN LIMITED,PAKISTAN,Emerchemie NB (Ceylon) Ltd
LOSARTAN POTASSIUM TABLETS BP 50MG,MORSARTAN 50,TABLET,10X10'S,ALU ALU BLISTER,Morison Limited,SRI LANKA,***
SITAGLIPTIN TABLETS USP 100MG,SITABEST 100,FILM COA TABLETS,3X10' 10X10' 50X10',"ALU-BLISTER,PVC PVDC",Celogen Lanka (Pvt) Ltd,SRI LANKA,***
APIXABAN TABLETS 2.5MG,THROMBAN 2.5,TABLETS,3X10'S,ALU PVC PVDC BLISTER,ZYDUS LIFESCIENCES LIMITED,INDIA,Sunshine Healthcare lanka Ltd
ANIDULAFUNGIN FOR INJECTIO 100MG,ANIDULA,LYOPHILIZED POW INJECTION,I VIAL 30ML,CLEAR GLASS,Gufic Biosciences Pvt Ltd,INDIA,Slim Pharmaceuticals (Pvt) Ltd
NEPAFENAC OPTHALMIC SUSPENSION 0.1% V/V,NEVANAC,OPHTHALMIC SUSPENSION,5ML, DROP BOTTLE,Alcon Research Ltd,UNITED STATES,A Baur & Co  (Pvt) Ltd
LEVOTHYROXINE TABLETS BP 50MCG,THYRIN 50,TABLET,90'S,ALU ALU BLISTER,Square Pharmaceuticals Ltd,BANGLADESH,CIC Holdings PLC
AZITHROMYCIN TABLETS USP 500MG,AZIM 500,TABLETS,"1000'S,10X10'S/1X3'S","BLISTER,HDPE BOTTLE",CIC LIFESCIENCES LTD.,SRI LANKA,***
FLUTICASONE PROPIONATE RESPIRATORY SUSPENSION 0.5MG/2ML RESPULES,AXAFLU RS,RESPULES,"1X5X2ML,4X5X2ML",LDPE RESPULES,Axa Parenterals Ltd,INDIA,Chamee Chemist
MULTIVITAMIN WITH ZINC TABLETS,SURBEX Z,TABLET,30'S,AMB GLASS BOTTLE,Abbott Laboratories (Pakistan) Ltd For Amdipharm Ltd,PAKISTAN,Sunshine Healthcare lanka Ltd
URSODEOXYCHOLIC ACID CAPSULES  BP 500MG,URSO,CAPSULES,1X10'S,ALU PVC BLISTER,AGP Limited,PAKISTAN,Emerchemie NB (Ceylon) Ltd
PRAMIPEXOLE DIHYDROCHLORIDE TABLETS BP 1MG,PRAMIPEX 1,TABLETS,5X10'S,ALU BLISTER,Sun Pharma Laboratories Ltd,INDIA,Emerchemie NB (Ceylon) Ltd
ZOLEDRONIC ACID SOLUTION FOR INFUSION 5MG/100ML,ACLASTA,SOLUTION FOR INFUSION,1VIAL PACK,GIASS VIAL,Fresenius Kabi Austria GmbH,SLOVENIA,A Baur & Co  (Pvt) Ltd
DICLOFENAC TABLETS BP 50MG,DICLORIGHT,TABLETS,10x10'S,BLISTER,Novagen Healthcare Pvt Ltd,INDIA,Chamee Chemist
CODEINE PHOSPHATE 8MG+PARACETAMOL TABTETS BP 500MG,VERCOD-P,TABLETS,"10X10'S ,100'S JAR",ALU PVC BLISTER,Verve Human Care Laboratories,INDIA,Leader Pharma Agency (Pvt) Ltd
CELECOXIB CAPSULES 200MG,CELOX R-200,CAPSULES,5X10'S,ALU PVC BLISTER,Renata Limited,BANGLADESH,Emerchemie NB (Ceylon) Ltd
ESOMEPRAZOLE MAGNESIUM DELAYED RELEASE CAPSULES USP 40MG,ESOMALT 40,CAPSULES,"2'S, 7'S 14'S 28'S",ALU ALU BLISTER,Shrooq Pharmaceutical Pvt  Ltd,PAKISTAN,Tranz Pharma Hodlings (Pvt) Ltd
ETORICOXIB TABLETS 60MG,VEROXIB 60,TABLETS,"3X10', 1X10'S",ALU ALU BLISTER,Akums Drugs & Pharmaceuticals Ltd,INDIA,Darley Butler  & Co Ltd
COMPOUND SODIUM LACTATE INTRAVENOUS INFUSION BP,***,INTRAVENOUS INFUSION,"1'S(500ML), 100ML",PP INFUSION BOTTLE,kelun lifesciences(Pvt) Ltd,SRI LANKA,***
ESCITALOPRAM TABLETS USP 20MG,NODEP 20,TABLETS,7 x2'S,BLISTER PACK,SEARLE PAKISTAN LIMITED,PAKISTAN,Emerchemie NB (Ceylon) Ltd
LINEZOLID INJECTION  2MG/ML,ARLIN IV,IV INFUSION,1'S,GLASS BOTTLE,Beximco Pharmaceuticals Ltd,BANGLADESH,Emerchemie NB (Ceylon) Ltd
FOLITROPIN ALFA SOLUTION FOR INJECTION 450IU/0.75ML (33MCG/0.75ML),GONAL -F,SOLUTION FOR INJECTION,"12INJ NEEDL,1 PF PEN",MULTI PRE FILLED PEN,Merck Serono S P A Vis Delle Magnolie,ITALY,A Baur & Co  (Pvt) Ltd
ROSUVASTATIN TABLETS USP 10MG,X-PLENDED,TABLETS,"10's, 6x10's",ALU-ALU BLISTER,PharmEvo (Pvt) Ltd,PAKISTAN,CIC Holdings PLC
ROSUVASTATIN TABLETS 10MG,ROVASTAT,TABLET,"3X10'S, 4'S, 10X10'S",ALU BLISTER PACK,EMIL PHARMACEUTICAL INDUSTRIES (PVT) LTD,INDIA,Emerchemie NB (Ceylon) Ltd
FLUCLOXACILLIN CAPSULES BP 250MG,PHYLOGEN 250,CAPSULES,3X10 10X10 1X10 5X10,ALU ALU BLISTER,NEWGEN LANKA HEALTHCARE (PVT) LTD,SRI LANKA,***
ETHAMBUTOL TABLETS BP  400MG,***,TABLETS,100'S 1X10'S,JAR /BLISTE,Mercury Laboratories Ltd,INDIA,Yaden International (Pvt) Ltd
TAMSULOSIN PROLONGED RELEASE CAPSULES BP 0.4MG,***,CAPSULES,1X10'S,ALU ALU BLISTER,Centurion Laboratories Pvt Ltd,INDIA,Yaden International (Pvt) Ltd
SERTRALINE TABLETS BP 50MG,***,TABLETS,5X10'S,ALU PVC BLISTER,Mercury Laboratories Ltd,INDIA,Yaden International (Pvt) Ltd
GLICLAZIDE MODIFIED REALEASE TABLETS 30MG,GLI MR 30,TABLETS,"3x10's,10x10's,1000'",ALU ALU BLIS/HDPE CO,Celogen Lanka (Pvt) Ltd,SRI LANKA,***
EMPAGLIFLOZIN 10MG+ LINAGLIPTIN 5 MG TABLET,GLYXAMBI 10MG/5MG,TABLETS,9X10'S,ALU PVC PVDC BLISTER,ROTTEndorf Pharma GmbH,GERMANY,Hemas Pharmaceuticals (Pvt) Ltd
MENOTROPHIN FOR INJECTION BP 150 IU,BSV-HUMOG-150 HP,LYOPHILIZED POW INJECTION,1 VIAL &1 AMPOULE,VIAL & AMPOULE,Bharat Serums & Vaccine Ltd,INDIA,Ceyoka (Pvt) Ltd
FERROUS FUMARATE 360MG+CYANOCOBALAMINE 15MCG+FOLIC ACID 400IU+CALSIUM CARBONATE 200MG+CHOLECALCIFEROL 400IU ASCORBIC ACID 75MG CAPSULES,ANEMIDOX,CAPSULES,3X10'S,ALU STRIP,R V LIFESCIENCE LIMITED,INDIA,Emerchemie NB (Ceylon) Ltd
CARBAMAZEPINE EXTENDED RELEASE TABLETS IP 200 MG,CARBATOL CR-200,EXTENDED RELEASE TABLETS,10X10'S,ALU PVC BLISTER,Torrent Pharmaceuticals Ltd,INDIA,Edna Medicals (Pvt) Ltd
FEXOFENADINE HYDROHLORIDE TABLETS USP 120MG,VIFAS,TABLETS,3X10'S,ALU PVDC BLISTER,Healthcare Pharmaceuticals Limited,BANGLADESH,Citihealth Imports (Pvt) Ltd
ATORVASTATIN TABLETS IP 10MG,LOWATO 10,TABLETS,"10X10'S ,1000'S 3X10","BLISTER/HDPE BOT,ALU","GAMMA INTERPHARM PVT LTD,",SRI LANKA,***
CEFALEXIN CAPSULES BP 500MG,CEPHAST 500,CAPSULES,"10X10'S, 500'S 1X10'","ALU,PVC BLISTER,HDPE",Sterling Lab,INDIA,Darley Butler  & Co Ltd
CIPROFLOXACIN OPHTHALMIC SOLUTION USP 0.3% W/V,CIPROCULA EYE/EAR DROP,OPHTHALMIC SOLUTION,5ML,"LDPE BOT, CAP& NOZZL",DCI Pharmaceutical (Pvt) Ltd,INDIA,Cloud Healthcare (Pvt) Ltd
LORAZEPAM TABLETS BP  1MG,***,TABLET,10X10'S,BLISTER,Bafna Pharmaceuticals Ltd,INDIA,Pharma Associates
(ALUMINIUM HYD. 200MG+MAGNESIUM HYD. 100MG+MAGNESIUM TRISILLICATE 200MG+SIMETHICONE 25MG+SODIUM ALGINATE 100MG)/ 5ML ORAL SUSPENSION,CATOXYMAG-N SUSPENSION,ORAL SUSPENSION,200 ML,AMB PET BOTTLE,Enicar Pharmaceuticals Pvt Ltd,INDIA,Pharma Associates
AZITHROMYCIN ORAL SUSPENSION 200MG/5ML,ATM 200,ORAL SUSPENSION,"15ML, 30ML",AMB PET BOTTLE,Indoco Remedies Limited,INDIA,Hemas Pharmaceuticals (Pvt) Ltd
MOXIFLOXACIN HYDROCHLORIDE EYE DROPS 0.5% W/V,APDROPS,EYE DROP,5ML,"LDPE DROPBOT,CAP",Ajantha Pharma Ltd,INDIA,A Baur & Co  (Pvt) Ltd
CEFUROXIME AXETIL TABLETS BP 500MG,STAXIM 500,TABLET,1X6'S,ALU ALU BLISTER,Delta Pharma Ltd,BANGLADESH,Kandana Food & Drugs (Pvt) Ltd
MEBEVERINE HYDROCHLORIDE BP 135MG & ISPAGHULA HUSK BP 3.5G SACHETS,COLOSPAS FIBRO SACHET,GRANULAR POWDER,10 SACHETS,ALU PAPER SACHETS,Nabiqasim Industries (Pvt) Ltd,PAKISTAN,George Steuart Health Pvt Ltd
ROSUVASTATIN TABLETS 10MG,ROZALIP 10,TABLETS,3X10'S,ALU ALU BLISTER,Sydler Remedies (Pvt) Ltd,INDIA,Alaris Lanka (Pvt) Ltd
MONTELUKAST TABLETS BP 10MG,MONTREX 10MG,TABLET,"10'S, 2X7'S",ALU ALU BLISTER,Pharmatec Pakistan (Pvt) Ltd,PAKISTAN,Tranz Pharma Hodlings (Pvt) Ltd
MONTELUKAST CHEWABLE TABLETS BP 5MG,MONTREX 5MG,CHEWABLE TABLETS,"2X7'S, 3X10'S",ALU ALU BLISTER,Pharmatec Pakistan (Pvt) Ltd,PAKISTAN,Tranz Pharma Hodlings (Pvt) Ltd
AMOXYCILLIN & CLAVULANATE POTASSIUM ORAL SUSPENSION USP 156.25mg/5ML,CLAVAM DS,POWDER FOR SUSPENSION,100ml,AMBER GLASS BOTTLE,East African (India) Overses,INDIA,Emerchemie NB (Ceylon) Ltd
PEGFILGRASTIM INJECTION 6MG,PEGEX,INJECTION,1'S(6MG/0.6ML PFSY),PRE FILLED SRYIN,Gennova Biopharmaceuticals Ltd,INDIA,Emerchemie NB (Ceylon) Ltd
DRIED FERROUS SULPHATE 150MG+FOLIC ACID 0.5MG CAP+ZINC SULPHATE 61.8MG,ZIFEF-TR,CAPSULES,3x10'S,BLISTER,Navana Pharmaceuticals Ltd,BANGLADESH,Darley Butler  & Co Ltd
NATAMYCIN OPTHALMIC SUSPENSION USP 5% W/V,NATASAN,OPHTHALMIC  SUSPENSION,5ML SINGLE BOTTLE,PLAS DROPPER BOTTLE,Sante (Private) Limited,PAKISTAN,Emerchemie NB (Ceylon) Ltd
METFORMIN HYDROCHLORIDE EXTE. RELE TABLETS USP 500MG,DIABX-XR,EXTENDED RELEASE TABLETS,500' 3X10' 10X10',"HDPE BOT, ALU PVBLIS","GAMMA INTERPHARM PVT LTD,",SRI LANKA,***
METFORMIN HYDROCHLORIDE TABLETS BP 500MG,NOVAMET,TABLET,10X10'S,ALU PVC BLISTER,Astron Limited,SRI LANKA,***
ATORVASTATIN TABLETS IP 10MG,LOLIP 10,TABLETS,"1000'S, 10X10'S","HDPE JAR,ALU PVC BLI",CIC Lifesciences Ltd.,SRI LANKA,***
POVIDONE IODINE GARGLE 2% W/V,BETADINE GARGLE (MINT),GARGLE,"50ML, 100ML",PET BOTTLE,G S Pharmabutor (Pvt) Ltd,INDIA,Robert Hall & Co Ltd
POTASSIUM CHLORIDE CONCENTRATE STERILE INTRAVENOUS INJECTION 14.9% W/V,***,INJECTION,20X10 ML,POLYTHYLENE AMPOULE,B BRAUN MEDICAL INDUSTRIES SDN BHD,MALAYSIA,B.BRAUN LANKA(PVT)LTD
"BETAMETHASONE SODIUM PHOSPHATE 0.1%+NEOMYCIN SULPHATE 0.5% EYE,EAR,NASAL DROP",BETNOR E2N,"EYE,EAR & NASAL DROPS",5ML,LDPE DROP BOTTLE,DCI Pharmaceutical (Pvt) Ltd,INDIA,Cloud Healthcare (Pvt) Ltd
TERBINAFINE HYDROCHLORIDE CREAM 1% W/W,XFIN CREAM 1%,CREAM,"5G, 10G,20G",ALU TUBE,Square Pharmaceuticals Ltd,BANGLADESH,CIC Holdings PLC
CEFUROXIME AXETIL TABLETS USP 250MG,THEOROXIME 250,TABLET,3X10'S,ALU ALU BLISTER,Theon Pharmaceuticals Ltd,INDIA,Slim Pharmaceuticals (Pvt) Ltd
DULOXETINE HYDROCHLORIDE DELAYED RELEASE CAPSULES 20MG,DUTIN 20,DELAYED RELEASE CAPSULES,4X7'S,ALU ALU BLISTER,Hetero Labs Ltd,INDIA,Mansel (Ceylon) (Pvt) Ltd
ATORVASTATIN TABLETS IP 10MG,***,TABLET,"1000'S,10x10's","HDPE CO,ALU PVC BLIS","GAMMA INTERPHARM PVT LTD,",SRI LANKA,***
CHLORDIAZEPOXIDE TABLETS USP 10MG,***,TABLETS,10x10'S,ALU-PVC BLISTER,Mercury Laboratories Ltd,INDIA,Yaden International (Pvt) Ltd
DOXORUBICIN HYDROCHLORIDE FOR INJECTION BP 10MG,ADROSAL 10MG,POWDER FOR INJECTION,10MG/5ML,5ML USP TY.I GL VIAL,VHB Medi Sciences Ltd,INDIA,Yaden International (Pvt) Ltd
QUETIAPINE TABLETS USP 200MG,QUTIPIN  200,TABLET,3X10'S,ALU PVC BLISTER,Sun Pharma Laboratories Ltd,INDIA,Emerchemie NB (Ceylon) Ltd
CHLORHEXIDINE GLUCONATE L 4% SURGICAL SCRUB,SANIQUAD M20,SURGICAL SCRUB,"500ML,100ML,1L",HDPE BOTTLE,Sirmaxo Chemicals Pvt Ltd,INDIA,ABC Pharma Services Pvt. Ltd
LEVOTHYROXINE SODIUM TABLETS 25MCG,EUTHYROX 25,TABLETS,4X25'S,ALU ALU  BLISTER,Merck Healthcare KGaA,GERMANY,Emerchemie NB (Ceylon) Ltd
NEOSTIGMINE  INJECTION BP 0.5MG /ML,TILSTIGMIN,INJECTION,60X1ML,TYPE 1 GLASS VIAL,Tablets (India) Ltd,INDIA,George Steuart Health Pvt Ltd
PARACETAMOL IV INFUSION 1000MG/100ML,FEVERAL,SOLUTION FOR INFUSION,100ML,USP TY 11 GLS VIAL,SURGE LABORATORIES PVT LTD,PAKISTAN,George Steuart Health Pvt Ltd
SITAGLIPTIN TABLETS USP 50MG,HYSIT 50,TABLET,"250',500' 1000'S,","HDE CONT,ALU ALU BLI",ACE Healthcare (Pvt) Ltd,SRI LANKA,***
SITAGLIPTIN TABLETS USP 100MG,HYSIT 100,TABLET,"250',500',1000'5X10'",HDPE CON.ALU ALU BLI,ACE Healthcare (Pvt) Ltd,SRI LANKA,***
DOMPERIDONE SUPPOSITORIES 30MG,DOMIDON 30,SUPPOSITORIES,"1X5'S, 2X5'S",PVC COATED  PE BLIST,Celogen Lanka (Pvt) Ltd,SRI LANKA,***
CETIRIZINE TABLETS BP 10MG,TRIZIN,TABLETS,"2X5X10'S,100'S /PACK",ALU PVC BLISTER,Celogen Lanka (Pvt) Ltd,SRI LANKA,***
VIGABATRIN TABLET BP 500MG,VIGBARIN,TABLETS,3x10's & 10x10's,ALU-PVC-PVDC BLISTER,Celogen Lanka (Pvt) Ltd,SRI LANKA,***
RUXOLITINIB TABLETS 5MG,RUXOVEON 5,TABLET,"2X14'S,60'S","ALU PVDC,HDPE CONTAI",Aeon Formulation Pvt Ltd,INDIA,Lanka Theraputics (Pvt) Ltd
CEFOTAXIME FOR INJECTION USP 1G,CEFON,POWDER FOR INJECTION,15ML+5ML GLS AMPOULE,USP TY 1+GLS AMPOULE,Tabros Pharma (Pvt) Ltd,PAKISTAN,Associated Laboratories (Pvt) Ltd
ESOMEPRAZOLE TABLETS 20MG,NEXIUM,TABLET,2X7'S,BLISTER PACK,Astra  Zeneca AB,UNITED KINGDOM,Hemas Pharmaceuticals (Pvt) Ltd
PANTOPRAZOLE SODIUM DELAYED RELEASE TABLETS USP 40MG,PANTONIX 40,TABLET,5X14'S,ALU ALU BLISTER,Incepta Pharmaceuticals Ltd,BANGLADESH,Citihealth Imports (Pvt) Ltd
GLUCAGON HYDROCHLORIDE INJECTION 1MG (Disposable Syr. Water for in),GLUCAGEN R HYPOKIT,POWDER FOR INJECTION,1ML/PACK,GLS VIAL+DISPOS SYRI,NOVO NORDISK A/S,DENMARK,Sunshine Healthcare lanka Ltd
GLICLAZIDE CONTROLLED RELEASE CAPSULES 30MG,GLITROL CR 30,CAPSULES,"100'S, & 10'S",BLISTER,Inventia Healthcare (Pvt) Ltd,INDIA,Emerchemie NB (Ceylon) Ltd
CALCIUM CARBONATE TABLETS USP 1.25g,ZECARB,TABLETS,"10X10'S,1000'S","ALU PVC,HDPE BLISTER",Celogen Lanka (Pvt) Ltd,SRI LANKA,***
CINNARIZINE TABLETS 25MG,STUGERON,TABLETS,10x5'S,AL/ PVC BLISTER,LUSOMEDICAMENTA - SOCIEDADE TECIEDADE TECNICA FARMACEUTICA,PORTUGAL,MULLER & PHIPPS (HEALTH CARE) LIMITED
FURAZOLIDONE TABLETS USP 100MG,***,TABLETS,"1000'S,500'S",HDPE CONTAINER,Morison Limited,SRI LANKA,***
AMLODIPINE BESYLATE TABLETS USP 10MG,AMCARDIA 10,TABLETS,10X10'S,ALU ALU BLISTER,Unique Pharmaceutucal  Laboratories,INDIA,George Steuart Health Pvt Ltd
FLUPHENAZINE DECANOATE INJECTION USP 25MG/ML,***,SOLUTION FOR INJECTION,10X1ML AMP,GLASS AMP USP TY 1,Mercury Laboratories Ltd,INDIA,Yaden International (Pvt) Ltd
DICLOFENAC SODIUM DELAYED RELEASE TABLETS USP 50MG,VOLTABID,TABLET,"10X10, 25X10, 50X10","ALU PVC BLISTER,HDPE",MAGBRO HEALTHCARE (PVT) LTD,INDIA,ABC Pharma Services Pvt. Ltd
DOBUTAMINE INJECTION USP 12.5MG/ML,***,SOLUTION FOR INFUSION,10'S(20ML),USP TY 1 AMPOULE,Ciron Drugs & PharmaceuticalS (Pvt) Ltd,INDIA,Ceyoka (Pvt) Ltd
AMBROXOL HYDROCHLORIDE SYRUP 15MG/5ML,AMBOTEN,SYRUP,100ML,PET BPTTLE,Eskayef Pharmaceuticals Ltd,BANGLADESH,Truvic Private Ltd
ORLISTAT CAPSULES USP 120MG,REESHAPE 120,CAPSULES,3X10'S,STRIP PACKS,Meyer Organics (Pvt) Ltd,INDIA,SMM Halcyon (Pvt) Ltd
DESOGESTREL & ETHINYLESTRADIOL TABLETS IP 0.15MG/0.02MG,FEMILON,TABLET,21'S,ALU PVC BLISTER,N V Organon Klopseteraat,NETHERLANDS,A Baur & Co  (Pvt) Ltd
CILNIDIPINE TABLETS IP 10MG,CILNIMOR 10,TABLET,3X10'S,ALU PVC PVDC BLIST,Morison Limited,SRI LANKA,***
PHENOBARBITAL TABLETS  BP 30MG,***,TABLETS,100'S,PLASTIC JAR,Mercury Laboratories Ltd,INDIA,Yaden International (Pvt) Ltd
FLUCLOXACILLIN CAPSULES BP 250MG,FLUX 250,CAPSULES,10X10'S 7X4'S,ALU ALU STRIP,Opsonin Pharma Ltd,INDIA,Yaden International (Pvt) Ltd
RUXOLITINIB TABLETS 15MG,RUXOVEON 15,TABLET,"2X14'S, 60'S","ALU PVDC ,HDPE CONTA",Aeon Formulation Pvt Ltd,INDIA,Lanka Theraputics (Pvt) Ltd
PANTOPRAZOLE SODIUM DELAYED RELEASE TABLETS USP 40MG,VEXPRAZOLE 40,TABLET,2X10'S,ALU ALU BLISTER,Aeon Formulation Pvt Ltd,INDIA,AV Global  Impex (Pvt) Ltd
LOSARTAN POTASSIUM TABLETS IP 25MG,ZAART 25,TABLETS,10X10'S,BLISTER,Cipla Limited,INDIA,Breathe Free Lanka (Pvt) Ltd
BETAHISTINE DIHYDROCHLORIDE TABLETS  BP 24MG,VERTIKO 24,TABLETS,1X10'S 10X10'S,ALU ALU BLISTER,ZYDUS LIFESCIENCES LIMITED,INDIA,Hemas Pharmaceuticals (Pvt) Ltd
ECONAZOLE NITRATE BP 1% W/W + TRIAMCINOLONE ACETONIDE BP 0.1%W/W CREAM,TRICODERMA CREAM,CREAM,10G,ALUMINIUM COLL,General Pharmaceuticals Ltd,BANGLADESH,George Steuart Health Pvt Ltd
ATORVASTATIN CALCIUM TABLETS USP 10MG,CHOLTROL 10,TABLETS,"10X10',10',10X1X10'S",ALU ALU BLISTER,Agio Pharmaceuticals Ltd,INDIA,Citihealth Imports (Pvt) Ltd
IRON (III) HYDROXIDE POLYMALTOSE COMPLEX SYRUP 50MG/5ML,AGIFER-X,SYRUP,150ML,AMBER COLOURED PET B,Agio Pharmaceuticals Ltd,INDIA,Citihealth Imports (Pvt) Ltd
MELOXICAM TABLETS BP 15MG,LOXINOL 15,TABLETS,10X10'S,BLISTER,Agio Pharmaceuticals Ltd,INDIA,Citihealth Imports (Pvt) Ltd
ORNIDAZOLE TABLETS 500MG,DAZOLIC,TABLETS,10x10'S,STRIP PACK,Sun Pharma Laboratories Ltd,INDIA,Emerchemie NB (Ceylon) Ltd
MOMETASONE AQUEOUS NASALSPRAY BP 0.05% W/V,MOMENAP,NASAL SPRAY,120METER-12ML.,AMBER COLOUR VIAL,Sava Healtheare Ltd,INDIA,Emerchemie NB (Ceylon) Ltd
SODIUM HYALURONATE OPTHALMIC SOLUTION 0.18%,HYLOSAN,OPHTHALMIC SOLUTION,5ML,PLASTIC DROPPER,Sante (Private) Limited,PAKISTAN,Emerchemie NB (Ceylon) Ltd
GLICLAZIDE TABLETS BP  80MG,GLIZIDE,TABLETS,10X10's,ALU ALU STRIPS PACK,Fredun Pharmaceuticals Ltd,INDIA,Hemas Pharmaceuticals (Pvt) Ltd
CARBOPROST TROMETHAMINE INJECTION USP 250MCG/ML,ENDOPROST 250MCG,INJECTION,2ML VIAL/PACK,USP TY 1 GLS VIAL,Bharat Serums & Vaccine Ltd,INDIA,Ceyoka (Pvt) Ltd
ORAL REHYDRATION SALT (ORS),JEEWANEE Orange Flavoured,ORAL POWDER,"25X1000ML, 50X200ML",ALU LAMI SACHETS,StatePharmaceuticals Corporation,SRI LANKA,***
ETORICOXIB TABLETS 90MG,ETOVEX 90,TABLETS,3X10'S,ALU ALU BLISTER,"Aeon Formulation Pvt Ltd ,at R.S.NO 515/1,515/2,514/1527 VINAYAGAR KOIL STREET",INDIA,AV Global  Impex (Pvt) Ltd
ESOMEPRAZOLE GASTRO RESISTANT TABLETS 20MG,VEXSO 20,TABLET,2X10'S,ALU ALU BLISTER,Aeon Formulation Pvt Ltd,INDIA,AV Global  Impex (Pvt) Ltd
ESOMEPRAZOLE GASTRO RESISTANT TABLETS 40MG,VEXSO 40,TABLET,2X10'S,ALU ALU BLISTER,Aeon Formulation Pvt Ltd,INDIA,AV Global  Impex (Pvt) Ltd
ADAPALENE CREAM BP 0.1% W/W,ACNE LENE,CREAM,15 G,LAMINATED TUBE,VALOR Pharmaceutical,PAKISTAN,Slim Pharmaceuticals (Pvt) Ltd
CLARITHROMYCIN TABLETS USP 500MG,PHARMATHROCIN,TABLETS,"10X14'S,2x14'S",BLISTER,Pharmaniaga Manufacturing berhand,MALAYSIA,Emerchemie NB (Ceylon) Ltd
SUNITINIB CAPSULES 50MG,RESINIB 50,CAPSULES,"30',60', 90',120'",BLISTER JAR,Julphar Bangladesh Ltd,BANGLADESH,Tabrane Healthcare (Pvt) Ltd
CLINIDIPINE TABLETS IP 5MG,CILNIMOR 5,TABLET,3X10'S,ALU PVC  PVDC BLIS,Morison Limited,SRI LANKA,***
DILTIAZEM HYDROCHLORIDE 120MG (EXTENDED RELEASE)CAPSULES USP,ZEM XL 120,CAPSULES,10x10's,Alu-PVC Blister,Inventia Healthcare (Pvt) Ltd,INDIA,Emerchemie NB (Ceylon) Ltd
SILDENAFIL TABLETS USP 100MG,THEOGRA 100,TABLETS,10X1X4',"10X1X4'S, 1X4'S",Theon Pharmaceuticals Ltd,INDIA,Slim Pharmaceuticals (Pvt) Ltd
DOMPERIDONE TABLETS BP 10MG,DOMLIN,TABLET,10X10'S,ALU CLEAR PVCBLISTER,Navana Pharmaceuticals Ltd,BANGLADESH,Darley Butler  & Co Ltd
CEFALEXIN ORAL SUSPENSION BP 125MG/5ML,CEPHAST DRY SYRUP,POWDER FOR SUSPENSION,100ML,PET BOTTLE,Sterling Lab,INDIA,Darley Butler  & Co Ltd
ESOMEPRAZOLE INJECTION 40MG/VIAL,ES-LOPROT 40MG,POWDER FOR INJECTION,I GLASS+I AMPOL/10ML,GLASS VIAL,Nabiqasim Industries (Pvt) Ltd,PAKISTAN,George Steuart Health Pvt Ltd
OXYMETAZOLINE HYDROCHLORIDE USP  0.025%  NASAL SOLUTION,SINAREST PD,NASAL DROPS,10ML,LDPE BOTTLE,Centaur Pharmaceutical (Pvt) Ltd,INDIA,George Steuart Health Pvt Ltd
PRAMIPEXOLE DIHYDROCHLORIDE MONOHYDRATE TABLETS 0.25MG,PRAMEXOL 0.25,TABLETS,3X10'S,BLISTER,Unison Laboratories Co Ltd,THAILAND,Sunshine Healthcare lanka Ltd
BAMBUTEROL HYDROCHLORIDE TABLETS 10MG,BUTEROL,TABLET,10X10'S,BLISTER,Advanced Chemical Industries(ACI) Limited,BANGLADESH,CIC Holdings PLC
CETRIZINE ORAL SOLUTION BP 5MG/5ML,CETKID,ORAL SOLUTION,60ML,AMB PET BOTTLE,Sachitra Medicare Services (Pvt) Ltd,SRI LANKA,***
GLICLAZIDE TABLETS BP  80MG,GLICAMED,TABLET,10X10'S,ALU PVC BLISTER,Medico Remedies  Ltd,INDIA,ABC Pharma Services Pvt. Ltd
MIDAZOLAM INJECTION 5MG/ML,DORMICUM,INJECTION,10X1ML,GLASS AMPOUL,Cenexi S.A.S 52 Rue Marcel Et Jacques Gaucher,SWITZERLAND,A Baur & Co  (Pvt) Ltd
LEVOTHYROXINE SODIUM TABLETS USP 50MCG,THYROX 50,TABLETS,15X10'S,ALU ALU BLISTER,Macleods Pharmaceuticals Ltd,INDIA,Emerchemie NB (Ceylon) Ltd
PETHIDINE INJECTION B.P 75MG/ 1.5ML,***,INJECTION,10X10'S,AMBER GLASS AMP,Belco Parma,INDIA,Pharmatec (Pvt) Ltd
FUROSEMIDE INJECTION BP 10MG/ML,FURASIX,INJECTION,2ML,AMBER GLASS AMPOULE,Belco Pharma (Pvt) Ltd,INDIA,Pharmatec (Pvt) Ltd
ETORICOXIB TABLETS 60MG,ETOVEX 60,TABLET,3X10'S,ALU ALU BLISTER,Aeon Formulation Pvt Ltd,INDIA,AV Global  Impex (Pvt) Ltd
AZITHROMYCIN TABLETS 250MG,AZICURE 250,TABLETS,1X6'S,ALU ALU BLISTER,Macleods Pharmaceuticals Ltd,INDIA,Sunshine Healthcare lanka Ltd
SALMETEROL 50MCG & FLUTICASONE PROPIONATE 100MCG DRY POWDER INHALATION CAPSULES,FLUTIHALE 100,DPI CAPSULES,"10X10',3X10'S CAPS/P",BLISTER PACK,Emergen Life Sciences (Pvt) Ltd,SRI LANKA,***
TOBRAMYCIN OPHTHALMIC SOLUTION  0.3% USP,TOBRA EYE DROPS,EYE DROP,5ML,PLASTIC BOTTLE,The Schazoo Pharmaceutucal Laboratories (Pvt) Ltd,PAKISTAN,Shaka Holdings (Pvt) Ltd
SACUBITRIL 49 MG + VALSARTAN 51 MG TABLETS,FORHEF 49/51,TABLETS,2X7' 4X7' 10X7'S,ALU ALU BLISTER,CCL Pharmaceuticals (Pvt) Ltd,PAKISTAN,CIC Holdings PLC
VITAMIN & MINERAL SUPPLEMENT CAPSULE,DIAVIC,CAPSULES,3X10'S,BLISTER,Astron Limited,SRI LANKA,***
ESOMEPRAZOLE TABLETS 40MG,NEXIUM,TABLETS,2X7'S,ALU ALU BLISTER,Astra  Zeneca AB,UNITED KINGDOM,Hemas Pharmaceuticals (Pvt) Ltd
LENVATINIB CAPSULES IP 10MG,LENVIMA,CAPSULES,2X10'S,BLISTER,Esai Co Ltd,JAPAN,A Baur & Co  (Pvt) Ltd
VITAMIN E CAPSULES USP 200MG,EWON 200,CAPSULES,"3X10'S, 6X10'S10X10'",ALU PVC BLISTER,Celogen Lanka (Pvt) Ltd,SRI LANKA,***
TROPICAMIDE OPTHALMIC SOLUTION USP 1% W/V,TROPICACYL,EYE DROPS,5ML,Opaque Plastic Bottl,Sunway Rohto Pharmaceutical Pvt Ltd,INDIA,Yaden International (Pvt) Ltd
MYCOPHENOLATE MOFETIL TABLETS USP  500MG,***,TABLETS,"1X10'S,3X10'S",ALU ALU BLISTER,Mercury Laboratories Ltd,INDIA,Yaden International (Pvt) Ltd
FERROUS SULFATE TABLETS BP 200 MG,FEROS,TABLET,"10X10'S, 100X10'S",ALU PVC BLISTER,Treffer Pharmaceuticals,INDIA,Yaden International (Pvt) Ltd
FLUCONAZOLE TABLETS USP 200MG,***,TABLETS,100'S,PLASTIC JAR,Mercury Laboratories Ltd,INDIA,Yaden International (Pvt) Ltd
CALCIUM 400MG & COLECALCIFEROL 400 IU TABLETS BP,CALCINA,TABLET,"10X10'S, 3X10'S",ALU PVC BLISTER,MMC Healthcare Ltd,INDIA,Markss HLC (Pvt) Ltd
LACTULOSE SOLUTION USP 10MG/15ML,LACLOS,ORAL SOLUTION,"120ML, 500ML",AMBER COL PET BOTTLE,Mercury Laboratories Ltd,INDIA,Yaden International (Pvt) Ltd
HYDROCORTISONE TABLETS USP 10MG,***,TABLETS,100'S,HDPE JAR,Mercury Laboratories Ltd,INDIA,Yaden International (Pvt) Ltd
ALBUMIN (HUMAN) SOLUTION FOR INFUSION USP 20%,ALBUTEIN 20%,SOLUTION FOR INFUSION,"50ML, 100ML",GLASS BOTTLE,Grifols Biological LLC,UNITED STATES,Mansel (Ceylon) (Pvt) Ltd
"CHLORDIAZEPOXIDE 5MG, CLIDINIUM BROMIDE 2.5MG",LIBRAX,TABLETS,"30'S, 100'S",AMB GLS BOTTLE,"ICN Polfa Rzeszow SA,U.I .Przemyslowa 2,35-959, Rzeszow,Poland for MEDA  Pharmaceuticals Switzerland",SWITZERLAND,A Baur & Co  (Pvt) Ltd
CELECOXIB CAPSULES 200MG,CELENTA 200,CAPSULES,"2X10'S, 10X10'S",ALU PVC BLISTER,Incepta Pharmaceuticals Ltd,BANGLADESH,Citihealth Imports (Pvt) Ltd
MOMETASONE FUROATE CREAM USP 0.1% W/W,MEZO CREAM,CREAM,15G,ALU COLL TUBE,Agio Pharmaceuticals Ltd,INDIA,Citihealth Imports (Pvt) Ltd
DICLOFENAC POTASSIUM TABLETS 50MG,MAXIT 50MG,TABLET,20'S,BLISTER,Hilton  Pharma (Pvt) Ltd,PAKISTAN,Sunshine Healthcare lanka Ltd
AMINOPHYLLINE INJECTION BP 250MG/10ML,***,INJECTION,10ML AMPOULE/PACK,CLEAR GLA USP TYPE I,Mercury Laboratories Ltd,INDIA,Yaden International (Pvt) Ltd
ROSUVASTATIN TABLETS USP 5MG,X-PLENDED,TABLET,"3X10'S, 1X10'S",ALU ALU BLISTER,PharmEvo (Pvt) Ltd,PAKISTAN,CIC Holdings PLC
PAZOPANIB TABLETS 200MG,PAZONIB 200,TABLETS,1X10 2X10 3X10 5X10,ALU ALU BLISTER,Drug International Ltd,BANGLADESH,Tabrane Pharmaceuticals (Pvt) Ltd
KETOTIFEN SYRUP 1MG/5ml,AMITONE,SYRUP,100ML,HDPE BOTTLE,Unison Laboratories Co Ltd,THAILAND,Sunshine Healthcare lanka Ltd
ATORVASTATIN TABLETS 20MG,ATORMAC 20,TABLET,10X10'S,ALU ALU STRIP,Macleods Pharmaceuticals Ltd,INDIA,Sunshine Healthcare lanka Ltd
ETORICOXIB TABLETS 60MG,TORY 60,TABLET,6X5'S,BLISTER,Square Pharmaceuticals Ltd,BANGLADESH,CIC Holdings PLC
SALBUTAMOL PRESSURIZED INHALATION BP 100 MCG/DOSE,MAXIFLO,METERED DOSE INHALATION,200 DOSES/PACK,ALU CANISTER,Midascare Pharmaceuticals (Pvt) Ltd,INDIA,Softlogic Pharmaceuticals (Pvt( Ltd
PROPARACAINE STERILE OPTHALMIC SOLUTION 0.5W/V,ALCAINE 0.5,OPHTHALMIC SOLUTION,15ML,LDPE PLASTIC BOTTLE,Alcon Couvreur N V,BELGIUM,A Baur & Co  (Pvt) Ltd
SODIUM CHLORIDE INFUSION BP 0.9% W/V,***,SOLUTION,1X5ML 5X5ML,USP TY 1 GLS AMP,"YADEN LABORATORIES PVT LTD ,",SRI LANKA,***
OLOPATADINE HYDROCHLORIDE OPHTHALMIC SOLUTION USP 0.1% W/V,XEPAT,EYE DROPS,5ML,LDPE DROPPER BOTTLE,Sante (Private) Limited,PAKISTAN,Emerchemie NB (Ceylon) Ltd
GLYCOPYRROLATE INJECTION USP 0.2mg/ml,PYROLATE,INJECTION,2X5 AMPOUL 1ML,USP TYPE I,Neon Laboratories Ltd,INDIA,Yaden International (Pvt) Ltd
DESMOPRESSIN ACETATE TABLETS 0.1MG,***,TABLET,"10'S, 100'S, 10X10'S","HDPE JAR,ALU ALU BLI",Mercury Laboratories Ltd,INDIA,Yaden International (Pvt) Ltd
LACTULOSE SOLUTION USP 3.35G/5ML,AGILAX,ORAL SOLUTION,100ML,AMB PET BOTTLE,Agio Pharmaceuticals Ltd,INDIA,Citihealth Imports (Pvt) Ltd
HEPARIN SODIUM INJECTION 5000 IU/ML,HEPARIN-INDAR,INJECTION,5 ML,USP TYPE1 GLASS VIAL,"PRIVATE JOINT-STOCK COMPANY ""ON THE PRODUCTION OF INSULIN ""INDAR""",UKRAINE,MAPS Pharma (Pvt) Ltd
CLOBAZAM TABLETS BP 5MG,***,TABLETS,10X10'S,ALU PVC BLISTE,Mercury Laboratories Ltd,INDIA,Yaden International (Pvt) Ltd
VERAPAMIL TABLETS B.P 40MG,***,TABLETS,500'S 1000'S,HDPE CONTAINER,State Pharmaceuticals Manufacturer Corporation,SRI LANKA,***
ERIBULIN MESYLATE SOLUTION FOR INJECTION 0.5MG/ML,HALAVEN,SOLUTION FOR INJECTION,2ML VIAL /PACK,TY 1 GLS VIAL,BSP Pharmaceuticals SPA.,UNITED KINGDOM,A Baur & Co  (Pvt) Ltd
FLUDROCORTISONE ACETATE TABLETS USP 100MCG,FLUDRICORT,TABLETS,100'S,JAR PACK,Mercury Laboratories Ltd,INDIA,Yaden International (Pvt) Ltd
ALBUMIN (HUMAN) USP 5% SOLUTION FOR INFUSION,ALBUTEIN 5%,SOLUTION FOR INFUSION,"12.5/250ML, 25G/500M",TY 11 GLS VIAL,Grifols Biological LLC,UNITED STATES,Mansel (Ceylon) (Pvt) Ltd
VILDAGLIPTIN TABLETS 50MG,MAXIGLIP,FILM COA TABLETS,"3X10'S, 10X10'S 250'",ALU ALU BLISTER HDPE,ACE Healthcare (Pvt) Ltd,SRI LANKA,***
TELMISARTAN TABLETS USP 40MG,T-SAR,TABLET,"1X10'S, 10X10'S",ALU ALU BLISTER,CCL Pharmaceuticals (Pvt) Ltd,PAKISTAN,CIC Holdings PLC
TROPICAMIDE 0.8% W/V WITH PHENYLEPHRINE 5% W/V EYE DROPS,AUROMIDE PLUS,EYE DROPS,5ML BOTTLE PACK,LDPE DROPPER BOTTLE,Aurolab,INDIA,Lenstech Innovations Pvt Ltd
THEOPHYLLINE SUSTAINED RELEASE TABLETS 250MG,NUELIN SR-250,TABLET,5X20'S,ALU PVC PVDC BLISTER,Adcock Ingram Ltd for Inova  Pharmaceutical ltd,INDIA,A Baur & Co  (Pvt) Ltd
CETIRIZINE TABLETS BP 10MG,CETZAC 10,TABLETS,10X10'S,ALU PVC BLISTER,Agio Pharmaceuticals Ltd,INDIA,Citihealth Imports (Pvt) Ltd
LORATADINE ORAL SOLUTION USP 5MG/5ML,LORITEX SYRUP,ORAL SOLUTION,60ML,GLASS BOTTLE,Agio Pharmaceuticals Ltd,INDIA,Citihealth Imports (Pvt) Ltd
COLCHICINE TABLETS BP 0.5MG,GOUTNIL,TABLETS,"15 X10'S,3X10'S",ALU PVC BLISTER,Inga Laboraories (Pvt) Ltd,INDIA,George Steuart Health Pvt Ltd
BUDESONIDE NASAL SPRAY BP 64 MCG,BUDEHALE NS 64,NASAL SPRAY,120 SPRAYS,BROWN GLASS BOTTLE,Emergen Life Sciences (Pvt) Ltd,SRI LANKA,***
CARBOCISTEINE ORAL SUSPENSION 500MG/5ML,SOLMUX FORTE,ORAL SUSPENSION,60ML,AMBER GLASS BOTTLE,Amherst Laboratories Inc Unilab Pharma Cabpus,PHILIPPINES,George Steuart Health Pvt Ltd
BROMHEXINE HYDROCHLORIDE ELIXIR 4MG/5ML,SOLVIN,ELIXIR,120ML,AMB GLS BOTTLE,"Ipca Laboratories Limited,",INDIA,Emar Pharma (Pvt) Ltd
DORZOLAMIDE 2% +TIMOLOL 0.5% OPHTHALMIC SOLUTION BP,DOZYPRESS T,OPHTHALMIC SOLUTION,5ML,PLASTIC DROPPER,Remington pharmaceutical Industries (Pvt) Ltd,PAKISTAN,Sunshine Healthcare lanka Ltd
DULOXETINE DELAYED RELEASE CAPSULES USP 20MG,CYALTA 20,CAPSULES,"1X10'S, 2'S",ALU ALU BLISTER,SEARLE PAKISTAN LIMITED,PAKISTAN,Emerchemie NB (Ceylon) Ltd
CAPTOPRIL TABLETS B.P 25MG,CAPTO 25,TABLETS,1X10' 3X10' 5X0',"ALU ALU  BLIS,PVC BL",NEWGEN LANKA HEALTHCARE (PVT) LTD,SRI LANKA,***
ERYTHROPOIETIN INJECTION BP 2000IU/0.5ML,REPOITIN,INJECTION,"0.5ML PFSYX6'S,0.5ML",PREFILLED SYRINGE,Serum Institute of India (Pvt) Ltd,INDIA,Citihealth Imports (Pvt) Ltd
QUETIAPINE TABLETS USP 25MG,QUETIACEPT 25,TABLETS,"1X10'3X10,10X10,5X10",ALU PVC BLISTER,Concept Pharmaceuticals Ltd,INDIA,Softcare International (Pvt) Ltd
ATENOLOL TABLETS BP 50MG,AGITEN 50,TABLETS,10X10'S 30'S 1000'S,ALU PVC HDPE JAR BLI,Agio Pharmaceuticals Ltd,INDIA,Citihealth Imports (Pvt) Ltd
ANTITHYMOCYTE GLOBULIN EQUINE INJECTION 250MG/5ML,THYMOGAM,INJECTION,1ML OF 5ML PACK,GLASS VIAL,Bharat Serums & Vaccine Ltd,INDIA,Ceyoka (Pvt) Ltd
TOLTERODINE TARTRATE TABLETS 1MG,***,TABLETS,100'S,PLASTIC JAR,Centurion Laboratories Pvt Ltd,INDIA,Yaden International (Pvt) Ltd
METHYLPREDNISOLONE TABLETS USP 4MG,***,TABLET,"10X10'S, 500'S,1000'","ALU PVC BLIS, HDPE B",State Pharmaceuticals Manufacturer Corporation,SRI LANKA,***
METFORMIN HYDROCHLORIDE TABLETS USP 500MG,BIGSENS 500,TABLETS,10X10'S,ALU PVC BLISTER,ZYDUS LIFESCIENCES LIMITED,INDIA,Sunshine Healthcare lanka Ltd
TOBRAMYCIN 0.3%W/W & DEXAMETHASONE 0.1% W/W OPHTHALMIC SOLUTION,TOBRASONE,OPHTHALMIC SOLUTION,5ML DROPPER BOT/PACK,PLS DROPP BOTTLE,Cadila pharmaceuticals Ltd,INDIA,Sunshine Healthcare lanka Ltd
QUETIAPINE EXTENDED RELEASE TABLETS USP 200MG,OUETA ER 200,TABLET,"3X10'S, 10X10'S",ALU PVC PVDC BLISTER,Celogen Lanka (Pvt) Ltd,SRI LANKA,***
DICLOFENAC GEL B.P 1% W/W,DICLOKARE GEL,GEL,"30G, 20G",AL COLLAPSIBLE TUBE,Medizest Pharmaceuticals (Pvt) Ltd,INDIA,Pharmatec (Pvt) Ltd
MEBENDAZOLE TABLETS USP 100MG,***,TABLET,"1000'S, 10X6'S","JAR,BLISTER",Medopharm,INDIA,Alaris Lanka (Pvt) Ltd
PANTOPRAZOLE SODIUM DELAYED RELEASE TABLETS USP 20MG,PANTONIX 20,TABLET,5X14'S,ALU ALU BLISTER,Incepta Pharmaceuticals Ltd,BANGLADESH,Citihealth Imports (Pvt) Ltd
ATORVASTATIN CALCIUM TABLETS USP 10MG,ACESTAT 10,TABLET,10X10' 250' 500',"ALU ALU BLIS,HDPE CO",ACE Healthcare (Pvt) Ltd,SRI LANKA,***
ATORVASTATIN CALCIUM TABLETS USP 20MG,ACESTAT 20,TABLET,10X10' 250' 500',"ALU ALU BLIS,HDPE CO",ACE Healthcare (Pvt) Ltd,SRI LANKA,***
IRBESARTAN TABLETS USP 150MG,IRESART 150,TABLET,1X10' 3X10' 5X10,ALU ALU BLISTER,ZIM Laboratories Limited,INDIA,Tabrane Pharmaceuticals (Pvt) Ltd
CHOLINE SALICYLATE 8.7% W/W+BENZALKONIUM CHLORIDE SOLUTION 0.01% W/W+LIDOCAINE HYDROCHLORIDE 2.0%W/W GEL,DENTOGEL,ORAL GEL,1'S (10G),LAMINATED TUBES,Indoco Remedies Limited,INDIA,Hemas Pharmaceuticals (Pvt) Ltd
METFORMIN HYDROCHLORIDE EXTENDED RELEASE TABLETS USP 500 MG,NOVAMET SR,TABLET,10X10'S,ALU ALU BLIS,Astron Limited,SRI LANKA,***
FLUOCINOLONE ACETONIDE BP 0.025% W/W+ NEOMYCIN SULPHATE BP 0.5%W/W,SUPRICORT N CREAM,CREAM,5G&15G,ALUMINIUM TUBE,Glenmark Pharmaceuticals Ltd,INDIA,Sunshine Healthcare lanka Ltd
BISACODYL DELAYED RELEASE TABLETS USP 10MG,ZYCOLAX FORTE,TABLETS,10X10'S,"ALU PVC,PVDC BLISTER",ZYDUS LIFESCIENCES LIMITED,INDIA,Hemas Pharmaceuticals (Pvt) Ltd
SITAGLIPTIN TABLETS BP 50MG,TAZCIP 50,TABLETS,"3X10'S, 1000'S,200'S",BLISTER PACK/HDPE B.,Morison Limited.,SRI LANKA,***
PEMETREXED POWDER FOR INJECTION 500MG,BAGOXED,LYOPHILIZED POW INJECTION,50ML,USP TY 1 GLS VIALS V,Bioprofarma Bago S.A,ARGENTINA,Emerchemie NB (Ceylon) Ltd
BISOPROLOL FUMARATE TABLETS USP 2.5MG,BISOCOR 2.5,TABLET,3X10'S,BLISTER,Square Pharmaceuticals Ltd,BANGLADESH,CIC Holdings PLC
PEGFILGRASTIM INJECTION 6MG/0.6ML,PEGSTIM,INJECTION,0.6ml PFS,Single dose PFS,ZYDUS LIFESCIENCES LIMITED,INDIA,Hemas Pharmaceuticals (Pvt) Ltd
"QUADRIVALENT HUMAN PAPILOMAVIRUS( TYPES 6,11,16,18) RECOMBINANT VACCINE",GARDASIL,SUSPENSION FOR INJECTION,"06 /0.5ML,10/0.5ML",PFSY,Merck Sharp & Dohme LLC,NETHERLANDS,A Baur & Co  (Pvt) Ltd
ACECLOFENAC SODIUM TABLETS 100MG,AC-100,TABLET,10X10'S,ALU ALU BLISTER,Semos Pharmaceuticals (Pvt) Ltd,PAKISTAN,Bio Tech Pharma (Pvt) Ltd
BUPIVACAINE HYDROCHLORIDE WITH DEXTROSE INJECTION USP(BUPIVACAINE HYDROCHLORIDE 5MG+DEXTROSE ANHYDROUS 80MG),BUPICAINE HEAVY,INJECTION,"1X4ML,5X4ML",CLE GLA AMP/USP TYP,Themis Medicare Ltd,INDIA,Sunshine Healthcare lanka Ltd
FLUNARIZINE HYDROCHLORIDE CAPSULES 10MG,IMIGRA 10,CAPSULES,"3X10'S 1X10'S,1X4'S",ALU PVC BLISTR,Navana Pharmaceuticals Ltd,BANGLADESH,Darley Butler  & Co Ltd
POVIDONE IODINE GARGLE 1% W/V,BETADINE GERMICIDE GARGLE,GARGLE,"50ML , 100 ML",AMB COL PET BOTTLE,G S Pharmabutor (Pvt) Ltd,INDIA,Robert Hall & Co Ltd
SIMVASTATIN TABLETS USP 10MG,ZOSTA 10,TABLETS,5X10'S,ALU PVC PVDC BLISTER,EMIL PHARMACEUTICAL INDUSTRIES (PVT) LTD,INDIA,Hemas Pharmaceuticals (Pvt) Ltd
ONDANSETRON TABLETS BP 4MG,ONSETT 4,FILM COA TABLETS,"1X10,10X1X10'S",ALU ALU BLISTER,Cadila pharmaceuticals Ltd,INDIA,Sunshine Healthcare lanka Ltd
CETIRIZINE HYDROCHLORIDE SYRUP 5MG/5ML,TRIZ SYRUP,SYRUP,30ML & 60ML  plactic,AMBER COLOUR BOTTLE,Indoco Remedies Limited,INDIA,Hemas Pharmaceuticals (Pvt) Ltd
LORATADINE ORAL SOLUTION USP 5MG/5ML,LORID,ORAL SOLUTION,60ML BOTTLE,AMB COL GLS BOTTLE,Unique Pharmaceutical Laboratories,INDIA,George Steuart Health Pvt Ltd
PHYTOMENADIONE INJECTION BP 10MG/1ML,K-WIN 10,INJECTION,10X1ML AMP/PACK,AMBER COL GLD BOTTLE,Mercury Laboratories Ltd,INDIA,Yaden International (Pvt) Ltd
SALBUTAMOL TABLET B.P 4MG,DILASAL 4,TABLETS,"500'S ,10X10'S","ALU BLISTER,HDPE CON",MMC Healthcare Ltd,INDIA,Hi Care Pharma (Pvt)Ltd
CEFIXIME DISPERSIBLE TABLETS 100MG,TAXIM-O DT,TABLETS,1X10'S,ALU ALU BLISTER,East African (India) Overses,INDIA,Emerchemie NB (Ceylon) Ltd
CETRIZINE HYDROCHLORIDE TABLETS 10 MG,CETRIZET,TABLET,10X10'S,ALU STRIP,Sun Pharma Laboratories Ltd,INDIA,Emerchemie NB (Ceylon) Ltd
ATORVASTATIN TABLETS IP 10MG,***,TABLETS,"500's, 1000's, 250's",HDPE Container,Morison Limited,SRI LANKA,***
CEFUROXIME AXETIL FOR ORAL SUSPENSION USP 125MG/5ML,ZOCEF DS,POWDER FOR ORAL SUSPENSION,70ML,HDPE BOTTLE,East African (India) Overses,INDIA,Emerchemie NB (Ceylon) Ltd
RUXOLITINIB TABLETS 20MG,RUXOVEON 20,TABLET,"2X14'S, 60'S","ALU PVDC BLIS,HDPE C",Aeon Formulation Pvt Ltd,INDIA,Lanka Theraputics (Pvt) Ltd
CLOPIDOGREL TABLETS USP 75MG,CLOPIDEC,TABLET,3X10'S,ALU ALU BLISTER,Coral Laboratories Ltd,INDIA,HEMKA PHARMA (PVT) LTD
ROSUVASTATIN CALCIUM TABLETS 5MG,ROSADAM 5,TABLET,3X10'S,AL ALU  BLISTER,Coral Laboratories Ltd,INDIA,HEMKA PHARMA (PVT) LTD
NAPROXEN ENTERIC COATED TABLETS USP 250MG,NAPROX 250,ENTERIC COATED TABLETS,"10 X 10's,5x10's",ALU-PVC BLISTER,Eskayef Pharmaceuticals Ltd,BANGLADESH,Truvic Private Ltd
LOSARTAN POTASSIUM TABLETS USP 50MG,CARDON 50,TABLET,"10X10', 3X10'S",ALU ALU BLISTER,Eskayef Pharmaceuticals Ltd,BANGLADESH,Truvic Private Ltd
AZITHROMYCIN TABLETS USP 250MG,AZILEB 250,TABLETS,"6'SX1X10, 6'SX10",ALU PVC BLISTER,Leben Laboratories (Pvt) Ltd,INDIA,Ceyoka (Pvt) Ltd
DIAZEPAM INJECTION BP 10MG/2ML,***,SOLUTION FOR INJECTION,10X2ML,USP TY 1 GLS AMPOULE,"YADEN LABORATORIES PVT LTD ,",SRI LANKA,***
BUDESONIDE 400MCG + FORMOTEROL FUMARATE DIHYDRATE 12MCG DRY POWDER INHALER CAPSULE,FORTIDE,DRY POWDER INHALATION CAPSULES,3X10'S,ALU ALU BLISTER,Getz Pharma (Pvt) Ltd,PAKISTAN,Hemas Pharmaceuticals (Pvt) Ltd
MULTI VITAMIN WITH MINERAL CAPSULES,PEDIVIT FORTE,CAPSULES,"1X3'S, 3X7'S",ALU PVC BLISTER,Unique Pharmaceutical Laboratories,INDIA,George Steuart Health Pvt Ltd
CLOXACILLIN CAPSULES USP 500MG,***,CAPSULES,"100'S,1000'S ,500'S",HDPE BOTTLE,Astron Limited,SRI LANKA,***
METFORMIN TABLETS BP 850MG,GENIMET 850,FILM COA TABLETS,"10X10'S, 1X10'S",BLISTER PACK,Sterling Lab,INDIA,Darley Butler  & Co Ltd
PANTOPRAZOLE SODIUM  DELAYED RELEASE TABLETS USP 40MG,PANTAC 40,TABLETS,3X10' 5X10' 10X10',ALU ALU BLISTER,Navana Pharmaceuticals Ltd,BANGLADESH,Darley Butler  & Co Ltd
FLUNARIZINE CAPSULES BP 5MG,IMIGRA 5,CAPSULES,"5X10'S 1X10'S,1X4'S",ALU PVC BLISTER,Navana Pharmaceuticals Ltd,BANGLADESH,Darley Butler  & Co Ltd
CARBOXYMETHYLCELLULOSE SODIUM OPTHALMIC SOLUTION 1% W/V (10MG/ML),DRYLIEF,OPHTHALMIC SOLUTION,10ML,LDPE DROPPER BOTTLE,Aristopharma Ltd,BANGLADESH,Hemas Pharmaceuticals (Pvt) Ltd
CHOLECALCIFEROL TABLETS BP 1000IU,D-TABS,TABLETS,3X10'S,ALU ALU BLUSTER,EMIL PHARMACEUTICAL INDUSTRIES (PVT) LTD,INDIA,Emerchemie NB (Ceylon) Ltd
MIDAZOLAM INJECTION BP 1MG/ML,MEDZOL,INJECTION,SINGLE VIAL 5ML 10ML,GLASS VIAL,Themis Medicare Ltd,INDIA,Sunshine Healthcare lanka Ltd
ISOTRETIONIN CAPSULES USP 10MG,ACNETREX 10,CAPSULES,3X10'S,ALU ALU BLISTER,Mega Lifesciences Public Company (Pvt) Ltd,THAILAND,A Baur & Co  (Pvt) Ltd
OXALIPLATIN INJECTION USP 100MG/50ML,OPLATIN 100,INJECTION,1'S,USP TYPE 1GLS VIALS,United Biotech (P) Limited,INDIA,George Steuart Health Pvt Ltd
SITAGLIPTIN TABLETS BP 100MG,TAZCIP 100,TABLETS,3X10'S,ALU PVDC HDPE BOTTLE,Morison Limited,SRI LANKA,***
HEPATITIS B VACCINE (R DNA) (PAEDIATRIC) 10 MCG/0.5ML (10 DOSES VIAL-5ML),***,SUSPENSION FOR INJECTION,"50X10'S, 6X50X10'S",TY 1 GLS VIAL,Serum Institute of India (Pvt) Ltd,INDIA,Citihealth Imports (Pvt) Ltd
DICLOFENAC GEL BP 1% W/W,DELBITOL GEL,GEL,30 G,LAMI TUBE,Coral Laboratories Ltd,INDIA,HEMKA PHARMA (PVT) LTD
GABAPENTIN CAPSULES USP 100MG,GABANIN 100,CAPSULES,"1X4'S,3X10'S,10X10'S","ALU ALU BLIS,HDPE JA",The Madras Pharmaceuticals,INDIA,Pharma Associates (Pvt) Ltd
DICLOFENAC GEL BP 1% W/W,LOFEN,GEL,"30G, 20G",ALU COLLAP TUBE,Bal Pharma Ltd,INDIA,Yaden International (Pvt) Ltd
DICLOFENAC GEL BP 1%,ARNIL,GEL,20g,Al Collapsible Tube,Brookes Pharma (Pvt) Ltd,PAKISTAN,Hemas Pharmaceuticals (Pvt) Ltd
CETRIZINE DIHYDROCHLORIDE USP 5MG/5ML SYRUP,RONEX,SYRUP,60ML,AMB GLS BOTTLE,Hilton  Pharma (Pvt) Ltd,PAKISTAN,Sunshine Healthcare lanka Ltd
FOLIC ACID TABLETS BP 1MG,INGAFOL-1,TABLETS,"10X30'S, 3x10'S",ALU PVC BLISTER,Inga Laboraories (Pvt) Ltd,INDIA,George Steuart Health Pvt Ltd
MICONAZOLE NITRATE CREAM USP  2% W/W,MICOSON,CREAM,15G,AUMINIU COLL TUBE,Agio Pharmaceuticals Ltd,INDIA,Citihealth Imports (Pvt) Ltd
MONTELUKAST TABLETS BP 10MG,LUKOT 10,TABLETS,"10X10'S 500'S,3X10'S","PVDC BLISTER, HDPE B","GAMMA INTERPHARM PVT LTD,",SRI LANKA,***
FRAMYCETIN SKIN CREAM,SOFRAMYCIN,CREAM,20G,COLLAP.ALU TUBE,Encube Ethicals (Pvt) Ltd,INDIA,A Baur & Co  (Pvt) Ltd
BROMAZEPAM TABLETS 3MG,LEXOTANIL 3MG,TABLETS,30'S,PVC BLISTER,Delpharm Milano S r l,ITALY,A Baur & Co  (Pvt) Ltd
CETIRIZINE SYRUP IP 5MG/5ML,ALERID SYRUP,ORAL SOLUTION,60ML,AMB PET BOTTLE,Cipla Ltd,INDIA,Breathe Free Lanka (Pvt) Ltd
TIOTROPIUM DRY POWDER INHALATION CAPSULES 18MCG,TIOVENT 18,DRY POWDER INHALATION CAPSULES,10X10'S,ALU PVC PVDC BLISTER,Lina Manufacturing (Pvt) Ltd,SRI LANKA,***
GATIFLOXACIN EYE DROPS 0.3%,LOXIGET,EYE DROPS,5ML,"LDP BOT,HDPE CAP",Remington pharmaceutical Industries (Pvt) Ltd,PAKISTAN,Sunshine Healthcare lanka Ltd
SALBUTAMOL SULPHATE AEROSOL INHALAER 100MCG,VENTOLIN EVOHALER,INHALER,200 MTD,METAL CANISTER,Glaxo Wellcome S A,SPAIN,A Baur & Co  (Pvt) Ltd
KETOROLAC TROMETHAMINE OPHTHALMIC SOLUTION 0.4%,ACULAR LS,EYE DROPS,5ML BOTTLES,LDPE BOTTLES,Allergan Sales LLC,UNITED STATES,Hemas Pharmaceuticals (Pvt) Ltd
"STREPTOKINASE FOR INJECTION BP 15,00,000 IU",THROMBOFLUX,LYOPHILIZED INJECTION,5ML,GLASS VIAL,Bharat Serums & Vaccine Ltd,INDIA,Ceyoka (Pvt) Ltd
CO-TRIMOXAZOLE ORAL SUSPENSION BP 240MG/5ML PEADIATRIC,L-TRIM ORAL SUSPENSION,ORAL SUSPENSION,50ML,AMB PET BOTTLE,Leben Laboratories (Pvt) Ltd,INDIA,Ceyoka (Pvt) Ltd
ACITRETIN CAPSULES BP 10MG,SORITEC 10,CAPSULES,3X10'S,ALU PVC BLISTER,ACI LIMITED,BANGLADESH,Pharma Associates (Pvt) Ltd
PREGABALIN CAPSULES BP 50MG,LYRIGAB,TABLET,10X10'S,BLISTER,Baader Schulz Laboratories (pvt) lLtd,INDIA,Radiant Health Care (Pvt) Ltd
ACECLOFENAC TABLETS 100MG,CECLOF,TABLETS,10X10'S,BLISTER,Baader Schulz Laboratories (pvt) lLtd,INDIA,Radiant Health Care (Pvt) Ltd
BORTEZOMIB FOR INJECTION 2MG VIAL,BORTETHER 2,LYOPHILIZED POW INJECTION,10MLVIAL,TYPE 1GLASS VIAL,Therdose Pharma (Pvt) Ltd,INDIA,VIV PHARMA (PVT) LTD
DEXTROMETHORPHAN HYDROBROMIDE BP 15MG+CHLORPHENAMINE MALEATE BP 2MG PHENYLEPHRINE HCL BP 5MG/5ML SYRUP,TUSQ-DX LIQUID,SYRUP,100ML,AMBER PET BOTTLE,Blue Cross Laboratories Pvt Ltd,INDIA,Sunshine Healthcare lanka Ltd
ACECLOFENAC SUSTAINED RELEASE TABLETS 200MG,RIHA SR 200,TABLET,1X10' 1X10'X20 3X10',ALU ALU BLISTER,Leben Laboratories (Pvt) Ltd,INDIA,Ceyoka (Pvt) Ltd
CHORIONIC GONADOTROPHIN INJECTION IP (HUMAN) 5000 IU,OVIDAC 5K,LYOPHILIZED POWDER FOR INJECTION,5000IU VIAL+2ML DILU,USP TY 1GLS VIAL,ZYDUS LIFESCIENCES LIMITED,INDIA,Hemas Pharmaceuticals (Pvt) Ltd
"POWDER AND SOLVENT FOR FIBRIN SEALANT, HUMAN FIBRINOGEN 72-110 MG/ML, APROTININ SOLUTION 300KIU/ML, THROMBIN 500IU, CALCIUM CHLORIDE 40MMOL/ML",TISSEEL LYO,POWDER AND SOLVENT FOR SEALANT,2X2ML/4ML,"PFSY,STERILE DEVICE",Takeda Manufacturing Austria AG,AUSTRIA,CIC Holdings PLC
AMLODIPINE BESYLATE TABLETS USP 10MG,AMLODEP 10,TABLETS,3X10'S,ALU PVC BLISTER,ARISTO PHARMACEUTICALS (PVT) LTD,INDIA,VIV PHARMA (PVT) LTD
GLICLAZIDE TABLETS B.P 80MG,GLICAD 80,TABLETS,10X10'S,ALU PVC BLISTER,ARISTO PHARMACEUTICALS (PVT) LTD,INDIA,VIV PHARMA (PVT) LTD
METRONIDAZOLE TABLETS BP 400MG,METROLEB 400,TABLET,10X10'S,AL PVC BLISTER,Leben Laboratories (Pvt) Ltd,INDIA,Ceyoka (Pvt) Ltd
ENALAPRIL MALEATE TABLETS USP 5 MG,SANPRIL-5,TABLET,1X10 3X10' 6X10',"HDPE BULK,ALU ALU BL",Sands Active Pvt Ltd,SRI LANKA,***
FEXOFENADINE HYDROCHLORIDE TABLETS USP 120MG,FEXOFEN 120,TABLET,10X10'S,ALU.BLISTER,ARISTO PHARMACEUTICALS (PVT) LTD,INDIA,VIV PHARMA (PVT) LTD
ESOMEPRAZOLE MAGNESIUM DELAYED RELEASE CAPSULES USP 40MG,ESOACE,CAPSULES,3X10 10X10 250'S 500,"ALU BLIS,ALU PVC BLI",ACE Healthcare (Pvt) Ltd,SRI LANKA,***
EMPAGLIFLOZIN TABLETS 25MG,EMPIGET,TABLET,14'S,ALU ALU BLISTER,Getz Pharma (Pvt) Ltd,PAKISTAN,Hemas Pharmaceuticals (Pvt) Ltd
DAPAGLIFLOZIN 5 MG AND METFORMIN HYDROCHLORIDE 850 MG TABLETS,DAPAMET 5/850,TABLET,2X7' 4X7' 10X7',ALU ALU BLISTER,CCL Pharmaceuticals (Pvt) Ltd,PAKISTAN,CIC Holdings PLC
FEXOFENADINE TABLETS BP 180MG,FEXET,TABLET,2X10'S,ALU ALU BLISTER,Getz Pharma (Pvt) Ltd,PAKISTAN,Hemas Pharmaceuticals (Pvt) Ltd
DONEPEZIL HYDROCHIORIDE TABLETS USP 5MG,DONEPAGEN 5,TABLETS,1X10 3X10 10X10 6X10,ALU PVC BLISTER,New Gen Lanka Healthcare (Pvt) Ltd,SRI LANKA,***
METRONIDAZOLE TABLETS BP 200MG,ANABAC 200,TABLET,500' 1000' 10X10',"HDPE, ALU PVC BLISTE","GAMMA INTERPHARM PVT LTD,",SRI LANKA,***
MEFENAMIC ACID TABLETS BP 250MG,***,TABLET,1000'S,HDPE,"GAMMA INTERPHARM PVT LTD,",SRI LANKA,***
CEFUROXIME AXETIL TABLETS USP 500MG,AXET 500,TABLET,3X4'S,ALU ALU BLISTER,Orion pharma Ltd,BANGLADESH,Darley Butler  & Co Ltd
"GLYCERINE  0.5% w/v, CARBOXYMETHYLCELLULOSE SODIUM  0.5% W/V EYE DROP",SOFTDROPS,EYE DROPS,10ML,LDPE VIAL/PACK,Ajantha Pharma Ltd,INDIA,A Baur & Co  (Pvt) Ltd
BOTULINUM TOXIN TYPE A POWDER FOR SOLUTION FOR INJECTION 100 ALLERGAN UNITS PER VIAL,BOTOX 100,POWDER FOR INJECTION,1'S,USP TY 1 GLS VIAL,Allergan Pharmaceuticals,IRELAND,Hemas Pharmaceuticals (Pvt) Ltd
PREGABALIN CAPSULES 150MG,PREGAB 150,CAPSULES,10X10'S,AL-PVDC/PVC BLISTER,The Madras Pharmaceuticals,INDIA,Pharma Associates (Pvt) Ltd
METHYLDOPA TABLETS BP 250MG,***,TABLETS,1X10'S,ALU ALU BLISTER,Mercury Laboratories Ltd,INDIA,Yaden International (Pvt) Ltd
FLUCLOXACILLIN ORAL SOLUTION BP 125MG/5ML,UNIFLOX 125,POWDER FOR ORAL SOLUTION,100ML,HDPE BOTTLE WITH CAP,Navesta Pharmaceuticals (Pvt) Ltd,SRI LANKA,***
ESTRADIOL TABLETS IMG,FEMOSTON MONO 1,FILM COA TABLETS,28'S,BLISTER,Abbott Biological BV,UNITED KINGDOM,CIC Holdings PLC
ESTRADIOL TABLETS 2MG,FEMOSTON MONO 2,TABLETS,28'S,BLISTER,Abbott Biological BV,UNITED KINGDOM,CIC Holdings PLC
DACTINOMYCIN FOR INJECTION USP 500MCG  (0.5MG),TINOWEL,POWDER FOR INJECTION,1'S,AMBER GLASS VIAL,Getwell Pharma India Private Limited,INDIA,The Esses Pharmacy (Pvt) Ltd
AZITHROMYCIN TABLETS USP 500MG,AZILEB 500,TABLETS,"10X3'S, 20X3'S",ALU PVC BLISTER,Leben Laboratories (Pvt) Ltd,INDIA,Ceyoka (Pvt) Ltd
NICORANDIL TABLETS BP 10MG,NICO 10,TABLET,"5X10', 10X10'S",ALU ALU BLSISTER,Ferozsons Laboratories Ltd,PAKISTAN,Emerchemie NB (Ceylon) Ltd
"BIPHASIC ISOPHANE INSULIN INJECTION BP, RECOMBINANT DNA ORIGIN,MONOCOMPONENT INSULIN 30/70 IU/ML",WOSULIN 30/70,SUSPENSION FOR INJECTION,3ML CARTRIDGE,CARTRIDGE,Wockhardt Ltd,INDIA,Emerchemie NB (Ceylon) Ltd
VITAMIN E CAPSULES USP 400MG,VITA E 400,CAPSULES,"1X10,3X10,5X10,10X10",ALU PVC BLISTER,Renown Pharmaceuticals Pvt Ltd,INDIA,Softlogic Pharmaceuticals (Pvt( Ltd
EVEROLIMUS TABLETS 10MG,EVEMUS 10,TABLETS,1X10'S,ALU PVC BLISTER,Aeon Formulation Pvt Ltd,INDIA,Lanka Theraputics (Pvt) Ltd
FLUCONAZOLE CAPSULES BP 150MG,FLUGEN 150,CAPSULES,1X10' 5X10' 3X10',ALU ALU BLISTER,NEWGEN LANKA HEALTHCARE (PVT) LTD,SRI LANKA,***
METFORMIN HYDROCHLORIDE EXTENDED RELEASE TABLETS USP 500 MG,GENIMET SR 500,TABLET,"10X10', 1X10'",BLISTER,Sterling Lab,INDIA,Darley Butler  & Co Ltd
ATROPINE EYE DROPS BP 1% W/V,ATROSUN,EYE DROPS,5ML,5ML STERILE BOTTLE,Sunway Rohto Pharmaceutical Pvt Ltd,INDIA,Yaden International (Pvt) Ltd
LACTULOSE SOLUTION USP 3.34 G/5ML,ECOLAC,ORAL SOLUTION,100ML,AMB GLS BOTTLE,Sterling Lab,INDIA,Darley Butler  & Co Ltd
TESTOSTERONE ENANTHATE INJECTION USP 250MG/ML,TESTA,INJECTION,1MLX3'S,USP TY 1 GLS AMP,Hansel Pharmaceuticals Pvt Ltd,PAKISTAN,Klintas (Pvt) Ltd
AMPHOTERICIN B LIPOSOME FOR INJECTION 50MG (LYOPHILIZED),AMPHIJO L,POWDER FOR INFUSION,1'S,TY 1 GLS VIAL,Jodas Expoim Pvt Ltd,INDIA,Softcare International (Pvt) Ltd
ESOMEPRAZOLE MAGNESIUM DELAYED RELEASE CAPSULES USP 40MG,ZUMIN,CAPSULES,14'sx7'S,ALU ALU BLISTER,Semos Pharmaceuticals (Pvt) Ltd,PAKISTAN,Bio Tech Pharma (Pvt) Ltd
CO-AMOXICLAV TABLETS BP 625MG,CLEDOMOX 625,TABLETS,"6'S,50X6'S,2'S,10X10","ALU ALU BLIS,STRIP",Medopharm (PVT Ltd,INDIA,Sunshine Healthcare lanka Ltd
FEXOFENADINE HYDROCHLORIDE TABLETS USP 180MG,XADINE,TABLET,1X10'S,ALU PVC BLISTER,The Searle Company Ltd,PAKISTAN,Morison Limited
OLMESARTAN MEDOXOMIL TABLETS 10MG,ORION,TABLETS,1X10'S,ALU ALU BLISTER,Ferozsons Laboratories Ltd,PAKISTAN,Emerchemie NB (Ceylon) Ltd
BISOPROLOL FUMARATE TABLETS USP 2.5MG,BISOGEN 2.5,TABLETS,1X10'S 3X10'S 5X10'S,ALU ALU BLISTER,NEWGEN LANKA HEALTHCARE (PVT) LTD,SRI LANKA,***
METFORMIN TABLETS BP 500MG,METAFOR 500,TABLET,10X10'S,ALU ALU BLISTER,Windlas Biotech Limited,INDIA,Softlogic Pharmaceuticals (Pvt( Ltd
GEMCITABINE FOR INJECTION USP 200MG,BIOGEM 200,LYOPHILIZED POWDER FOR INJECTION,"1'S, 1X5'S",GLASS VIAL,United Biotech (P) Limited,INDIA,George Steuart Health Pvt Ltd
LOPERAMIDE HYDROCHLORIDE CAPSULES 2MG,LORAMIDE,CAPSULES,10X10'S,BLISTER,Y S P INDUSTRIES (M) SDN BHD,MALAYSIA,Indoscan (Pvt) Ltd
PERINDOPRIL ARGININE 10MG+ INDAPAMIDE 2.5MG TABLETS,PRETERAX,TABLET,30'S,OPAQUE CONTAINER,Servier (Ireland) Industries Ltd,IRELAND,Hemas Pharmaceuticals (Pvt) Ltd
TERBINAFINE HYDROCHLORIDE CREAM 1% W/W,TERBIZED,CREAM,10G,ALU.COLLAPSIBLE TUBE,Agio Pharmaceuticals Ltd,INDIA,Citihealth Imports (Pvt) Ltd
FUSIDIC ACID CREAM BP 2%  W/W,FUSON CREAM,CREAM,5G,ALU COLL TUBE,Agio Pharmaceuticals Ltd,INDIA,Citihealth Imports (Pvt) Ltd
FUROSEMIDE TABLETS BP 40MG,SPIRACT-40,TABLET,1X10' 3X10' 6X10',"ALU PVC,PVDC,HDPE JA",Sands Active Pvt Ltd,SRI LANKA,***
FUROSEMIDE TABLETS BP 20MG,SPIRACT-20,TABLET,1X10 3X10 6X10 10X10,"ALU PVC PVDC BLIS,HD",Sands Active Pvt Ltd,SRI LANKA,***
FUROSEMIDE TABLETS BP 20MG,***,TABLET,1X10 3X10 6X10 10X10,"ALU PVC PVDC BLIS,HD",Sands Active Pvt Ltd,SRI LANKA,***
CLARITHROMYCIN ORAL SUSPENSION 125MG/5ML,CLARIVIC,ORAL SUSPENSION,"60ml, 100ml","Amber GLS BO,HDPE BO",Biopharma Limited,BANGLADESH,Truvic Private Ltd
NIFEDIPINE PROLONGED RELEASE TABLETSB BP 20MG,***,TABLETS,"100'S, 1000'S",PLASTIC JAR,Mercury Laboratories Ltd,INDIA,Yaden International (Pvt) Ltd
CEFUROXIME AXETIL TABLETS USP 500MG,CEROXIM,TABLET,1X10'S,ALU PVC BLISTER,SUN PHARMACEUTICAL INDUSTRIES LTD,INDIA,Hemas Pharmaceuticals (Pvt) Ltd
ETORICOXIB TABLETS 90MG,ETOGET,TABLETS,3X10'S,ALU ALU BLISTER,Getz Pharma (Pvt) Ltd,PAKISTAN,Hemas Pharmaceuticals (Pvt) Ltd
CCO-AMOXICLAV ORAL SUSPENSION BP 156.25MG/5ML,UNICLAV 156.25,POWDER FOR ORAL SUSPENSION,1'S,100ML AMB GLS BOTTLE,Navesta Pharmaceuticals (Pvt) Ltd,SRI LANKA,***
CLINDAMYCIN HYDROCHLORIDE CAPSULES USP 300MG,***,CAPSULES,30'S,HDPE JAR,"GAMMA INTERPHARM PVT LTD,",SRI LANKA,***
ENALAPRIL MALEATE TABLETS USP 5MG,AMPRIL 5,TABLETS,"10X10'S , 1000'S","ALU PVDC BLISTER,JAR",Agio Pharmaceuticals Ltd,INDIA,Citihealth Imports (Pvt) Ltd
LORATADINE TABLETS USP 10MG,LORITEX 10,TABLETS,10X10'S 2X10'S,ALU ALU BLISTER,Agio Pharmaceuticals Ltd,INDIA,Citihealth Imports (Pvt) Ltd
ACICLOVIR TABLETS BP 400MG,ACIHERPIN 400,TABLETS,"1X4'S,5X10'S",ALU PVC BLISTER,Agio Pharmaceuticals Ltd,INDIA,Citihealth Imports (Pvt) Ltd
ROSUVASTATIN CALCIUM TABLETS USP 10 MG,ROSUVAS 10,TABLETS,"1X10',3X10',5X10'",ALU ALU BLISTER,SUN PHARMACEUTICAL INDUSTRIES LTD,INDIA,Emerchemie NB (Ceylon) Ltd
ATORVASTATIN TABLETS 20MG,ATOCOR 20,TABLETS,1X10'S 10X10'S,ALU PVC BLISTER,Dr Reddy's Laboratories Ltd,INDIA,Emerchemie NB (Ceylon) Ltd
ROSUVASTATIN CALCIUM TABLETS USP 5MG,ROSUVAS 5,TABLETS,"10'S, 3X10',5X10'",COLD FORM BLISTER,SUN PHARMACEUTICAL INDUSTRIES LTD,INDIA,Emerchemie NB (Ceylon) Ltd
ATORVASTATIN TABLETS IP 20MG,ATORVA 20,TABLETS,10X10'S,BLISTER,Zydus Healthcare Ltd,INDIA,Sunshine Healthcare lanka Ltd
CHOLECALCIFEROL SOFT GELATIN CAPSULES 25MCG (1000 D),1000D,SOFT GELATIN CAPSULES,"10X10' 5X20',3X20'S",BLISTER,Contract Manufacuring & Packging Services pty Ltd,AUSTRALIA,Alaris Lanka (Pvt) Ltd
METFORMIN TABLETS BP 850MG,BIGMET 850,TABLET,"10X10'S, 4'S",ALU PVC BLISTER,Renata Limited,BANGLADESH,Emerchemie NB (Ceylon) Ltd
HYDROXYPROPYL METHYLCELLULOSE OPHTHALMIC SOLUTION USP 0.5% W/V,HICEL,OPHTHALMIC SOLUTION,10ML,LDPE BOTTLE,Ramington Pharmaceutical Industries (Pvt) Ltd,PAKISTAN,Sunshine Healthcare lanka Ltd
OLAPARIB TABLETS 100MG,JUPARIB 100,TABLETS,30'S 60'S 90'S 120'S,HDPE JAR,Julphar Bangladesh Ltd,BANGLADESH,Tabrane Healthcare (Pvt) Ltd
ESOMEPRAZOLE TABLETS 20MG,MAXPRO 20,TABLET,3X10'S,ALU ALU BLISTER,Renata Limited,BANGLADESH,Emerchemie NB (Ceylon) Ltd
SITAGLIPTIN TABLETS USP 100MG,SWIZGLIPT 100,TABLET,5X1X10'S,ALU ALU BLISTER,Swiss Garnier Life Scences,INDIA,George Steuart Health Pvt Ltd
ISOPHANE INSULIN HUMAN SUSPENSION USP(r DNA) 100IU/ML,WOSULIN N,SUSPENSION,10ML,1 GLS VIAL PACK,Wockhardt Ltd,INDIA,Emerchemie NB (Ceylon) Ltd
TELMISARTAN TABLETS USP 20MG,TELSURE 20,TABLET,10X10'S,ALU ALU BLISTER,Swiss Garnier Life Scences,INDIA,George Steuart Health Pvt Ltd
OMEPRAZOLE DELAYED RELEASE CAPSULES USP 20MG,ZOSEC,CAPSULES,10X10'S,ALU ALU STRIPS PACK,Emcure Pharmaceuticals Ltd,INDIA,Emerchemie NB (Ceylon) Ltd
ESCITALOPRAM FILM COATED TABLETS  20MG,BAGOCIT-S 20,TABLETS,2X14'S,BLISTER PACK,Laboratoires Bago S. A,ARGENTINA,Emerchemie NB (Ceylon) Ltd
TOBRAMYCIN 3MG + DEXAMETHASONE 1MG OPHTHALMIC SUSPENSION USP,SANTODEX,OPHTHALMIC SUSPENSION,5ML,PLAS DROP BOTTLE,Sante (Private) Limited,PAKISTAN,Emerchemie NB (Ceylon) Ltd
NEOSTIGMINE BROMIDE TABLETS USP 15MG,***,TABLET,"100'S, 1000'S","AMB GLS BOT,HDPE CON",Morison Limited,SRI LANKA,***
ATORVASTATIN TABLET USP 20MG,ATOVIC 20,TABLETS,"1000'S, 3X10'S, 100'","HDPE JAR,ALU ALU BLI",Astron Limited,SRI LANKA,***
BETAMETHASONE DIPROPIONATE OINMENT USP 0.05%,BETA-D,OINTMENT,15G TUBE/PACK,ALU.COLLAPSIBLE TUBE,Agio Pharmaceuticals Ltd,INDIA,Citihealth Imports (Pvt) Ltd
CALCITRIOL CAPSULES BP 0.25MCG,CALCIT SG,SOFT GELATIN CAPSULES,8x10'S,ALU-PVC BLISTER,ZYDUS LIFESCIENCES LIMITED,INDIA,Hemas Pharmaceuticals (Pvt) Ltd
TENOFOVIR DISOPROXIL FUMARATE TABLETS IP 300MG,TENOHEP,TABLETS,10X10'S,BLISTER,ZYDUS LIFESCIENCES LIMITED,INDIA,Hemas Pharmaceuticals (Pvt) Ltd
CLOMIFENE CITRATE TABLETS BP 50MG,FOLISTIM 50,TABLETS,10'S,ALU PVC BLISTER,ZYDUS LIFESCIENCES LIMITED,INDIA,Hemas Pharmaceuticals (Pvt) Ltd
DICLOFENAC SODIUM SUPPOSITORIES 100MG,JONAC,SUPPOSITORIES,"1X5'S, 3X5'S",STRIP PACK,ZYDUS LIFESCIENCES LIMITED,INDIA,Hemas Pharmaceuticals (Pvt) Ltd
FEXOFENADINE TABLETS BP 60MG,FEXET,TABLET,10'S,ALU ALU BLISTER,Getz Pharma (Pvt) Ltd,PAKISTAN,Hemas Pharmaceuticals (Pvt) Ltd
BOTULINUM TOXIN TYPE A POWDER FOR SOLUTION FOR INJECTION 50 AU,BOTOX-50,INJECTION,50 AU 1 VIAL/PACK,USP TY 1 GLS VIAL,Allergan Pharmaceuticals Ireland,IRELAND,Hemas Pharmaceuticals (Pvt) Ltd
DICLOFENAC GEL BP 1% W/W,DICLORAN,GEL,"10G, 20G, 30G, 50G",LAMINATED TUBE,Unique Pharmaceutical Laboratories,INDIA,George Steuart Health Pvt Ltd
ETORICOXIB TABLETS 120MG,ETOGET,TABLETS,3X10'S,ALU ALU BLISTER,Getz Pharma (Pvt) Ltd,PAKISTAN,Hemas Pharmaceuticals (Pvt) Ltd
ACiCLOVIR TABLETS BP 800MG,CLOVIREX,TABLET,"2X10'S, 10X10'S",BLISTER,Brookes Pharma (Pvt) Ltd,PAKISTAN,Hemas Pharmaceuticals (Pvt) Ltd
BUDESONIDE 200MCG+FORMOTEROL FUMARATE DIHYDRATE 6MCG CAPSULE,FORTIDE,DRY POWDER INHALATION CAPSULES,3X10'S,ALU ALU BLISTER,Getz Pharma (Pvt) Ltd,PAKISTAN,Hemas Pharmaceuticals (Pvt) Ltd
NEOSTIGMINE  INJECTION BP 0.5MG /ML,***,INJECTION,10x1ml,Gla Clear Amp USP T1,Mercury Laboratories Ltd,INDIA,Yaden International (Pvt) Ltd
CELECOXIB CAPSULES 100MG,COX B 100,CAPSULES,"5X10'S, 10X10'S",BLISTER,Beximco Pharmaceuticals Ltd,BANGLADESH,Emerchemie NB (Ceylon) Ltd
ATORVASTATIN CALCIUM TABLETS USP 40MG,ASTAT 40,TABLETS,3X10'S,ALU ALU BLUSTER,Micro Labs Ltd,INDIA,Micro Mega Lanka (Pvt) Ltd
PREDNISOLONE ACETATE OPHTHALMIC SUSPENSION USP 1% W/V,PREDFLAM,OPHTHALMIC  SUSPENSION,5ML,PLASTIC DROPPER BOTT,General Pharmaceuticals Ltd,BANGLADESH,George Steuart Health Pvt Ltd
EMPAGLIFLOZIN TABLETS 10MG,EMPIGET,TABLET,2X7'S,ALU ALU BLISTER,Getz Pharma (Pvt) Ltd,PAKISTAN,Hemas Pharmaceuticals (Pvt) Ltd
PHENOBARBITAL INJECTION BP 200MG/ML,***,SOLUTION FOR INJECTION,10X1 ML,USP TY 1 GLS AMPOULE,Ciron Drugs & PharmaceuticalS (Pvt) Ltd,INDIA,Ceyoka (Pvt) Ltd
NITROGLYCERINE SUBLINGUAL TABLETS USP  0.5MG,GLYMERC,TABLETS,"10'S, 50'S, 100'S/PA",AMBER COLOUR GLASS,Mercury Laboratories Ltd,INDIA,Yaden International (Pvt) Ltd
"EMULSION FOR INTRAVENOUS INFUSION OF GLUCOSE SOLUTION ,FAT EMULSION AND AMINO ACID SOLUTION",NUTRIFLEX OMEGA PERI,EMULSION FOR INFUSION,"1250MLX5 ,1875MLX5",FLEXIBLE CHAMBER BAG,B Braun Melsungen A G,GERMANY,B Braun Lanka (Pvt) Ltd
IOHEXOL INJECTION USP 350MG,CONTRAPAQUE 350,INJECTION,"50ML, 100ML",USP TY1  GLS,UNIQUE PHARMACEUTICAL LABORATORIES,INDIA,George Steuart Health Pvt Ltd
FERROUS ASCORBATE INN 350.78MG EQ TO  ELEMENTAL IRON 48MG+FOLIC ACID BP 0.5MG& ZINC SULPHATE MONOHYDRATE USP 61.8MG EQ TO ELEMENTAL ZINC 22.5MG TABLET,FEONA FZ,TABLETS,3X10'S(30'S),ALU ALU STRIP,Delta Pharma Ltd,BANGLADESH,Accorria Pharmaceuticals
NICOTINE POLACRILEX LOZENGES 2MG,NOSMOK 2,LOZENGES,2X12'S,PVC PE PVDC BLISTER,Unique Pharmaceutical Laboratories,INDIA,George Steuart Health Pvt Ltd
ONDANSETRON TABLETS USP 4MG,EMESET 4,TABLET,20X10'S,ALU ALU STRIP PACK,Cipla Limited,INDIA,Breathe Free Lanka (Pvt) Ltd
MYCOPHENOLIC ACID DELAYED RELEASE TABLETS USP 360MG,MYCEPT S 360,TABLET,3X10' 6X10' 12X10',"BLISTER,HDPE BOTTLE",Panacea Biotech Pharma Ltd,INDIA,Markss HLC (Pvt) Ltd
BENDAMUSTIN HYDROCHLORIDE FOR INJECTION 100MG VIAL,BEMUSTIN,INJECTION,20ML,GLS VIAL,Panacea Biotech Pharma Ltd,INDIA,Markss HLC (Pvt) Ltd
TERBINAFINE TABLETS USP 250MG,CUTIS,TABLET,"1X10'S, 1X2'S",ALU PVC BLISTER,Tabros Pharma (Pvt) Ltd,PAKISTAN,Associated Laboratories (Pvt) Ltd
SACUBITRIL 24MG +VALSARTAN 26MG TABLETS,SACVIN 50,TABLETS,3X10'S,ALU ALU BLISTER,Pharm Evo (Pvt) Ltd,PAKISTAN,CIC Holdings PLC
ISOPHANE INSULIN HUMAN SUSPENSION USP(r DNA) 100IU/ML,WOSULIN N,INJECTION,3ML,1 CARTRIDGE PACK,Wockhardt Ltd,INDIA,Emerchemie NB (Ceylon) Ltd
INSULIN HUMAN INJECTION USP (r DNA) 100IU/ML,WOSULIN R,INJECTION,10ML & 3ML,"1 GLS VIAL,CARTRIDGE",Wockhardt Ltd,INDIA,Emerchemie NB (Ceylon) Ltd
BIPHASIC ISOPHANE INSULIN INJECTION BP (r DNA) 30/70 IU/ML,WOSULIN 30/70,INJECTION,10ML,1 GLS PER  PACK,Wockhardt Ltd,INDIA,Emerchemie NB (Ceylon) Ltd
AMOXICILLIN AND CLAVULANATE POTASSIUM TABLETS USP 375 MG,NUMOLAV 375,TABLET,2X10'S,BLISTER PACK,Saitech Mediccare (Pvt) Ltd,INDIA,Cliniqon Biotech Pvt. Ltd
NORADRENALINE INJECTION BP 2MG/ML,*****,INJECTION,2MLX10'S,USP TY1 GLS AMPOULE,Sterile Gena Life Sciences (Pvt) Ltd,INDIA,Unity Pharma Lanka (Pvt) Ltd
ESOMEPRAZOLE TABLETS 20MG,ESOM 20,TABLETS,3X10'S,ALU STRIP,Steril Gene Life Sciences (Pvt) Ltd,INDIA,Unity Pharma Lanka (Pvt) Ltd
OXYTOCIN INJECTION BP 5IU/ML,***,INJECTION,10X1ML,CLEAR GLASS AMPO,Steril Gene Life Sciences (Pvt) Ltd,INDIA,Unity Pharma Lanka (Pvt) Ltd
ESOMEPRAZOLE TABLETS 40MG,ESOM 40,TABLETS,3x10'S,Alu-Alu Blister,Steril Gene Life Sciences (Pvt) Ltd,INDIA,Unity Pharma Lanka (Pvt) Ltd
LEVOFLOXACIN TABLETS USP 500MG,LEVOKOP 500,TABLETS,"1x10'S, 3x10'S",ALU ALU BLISTER,Kopran Ltd,INDIA,Alaris Lanka (Pvt) Ltd
SALBUTAMOL SULPHATE RESPIRATOR SOLUTION 5MG/ML (0.5% W/V),VENTOLIN RESPIRATOR SOLUTION,INHALATION SOLUTION,10ML,TY 1 GLS BOTTLE,Glaxo Operations UK Ltd,UNITED KINGDOM,A Baur & Co  (Pvt) Ltd
BETAMETHASONE VALERATE CREAM USP 0.1% W/W,***,CREAM,"5G ,15G",ALU COLLAPSIBLE TUBE,Astron Limited,SRI LANKA,***
CLARITHROMYCIN FOR ORAL SUSPENSION USP 125MG/5ML,CLARIMATE,POWDER FOR ORAL SUSPENSION,"60ML, 100ML",AMB GLS BOTTLE,EMIL PHARMACEUTICAL INDUSTRIES (PVT) LTD,INDIA,Emerchemie NB (Ceylon) Ltd
SITAGLIPTIN TABLETS USP 50MG,SWIZGLIPT 50,TABLET,"1X10'S, 5X1X10'S",ALU ALU BLISTER,Swiss Garnier Life Scences,INDIA,George Steuart Health Pvt Ltd
AMOXICILLIN ORAL SUSPENSION BP 125MG/5ML,MOXILEB,ORAL SUSPENSION,100ML,HDPE BOTTLE,Leben Laboratories (Pvt) Ltd,INDIA,Ceyoka (Pvt) Ltd
ADAPALENE GEL BP  0.1% W/W,DERIVA AUEOUS GEL,GEL,10X15G,ALU.COLL.TUBE,Glenmark Pharmaceuticals Ltd,INDIA,Sunshine Healthcare lanka Ltd
PREGABALIN CAPSULES 75MG,GABLIN 75,CAPSULES,"14x7'S, 1X7'S",ALU ALU Blister,CCL Pharmaceuticals (Pvt) Ltd,PAKISTAN,CIC Holdings PLC
ENOXAPARIN SODIUM SOLUTION FOR INJECTION 6000 IU(60MG)/ 0.6ML,CRUSIA 60MG,SOLUTION FOR INJECTION,"2 PFS ,6 PFS/PACK",TY 1 GLASS PFSY,"Rovi Parma Industrial Services,",SPAIN,VIV PHARMA (PVT) LTD
BETAMETHASONE VALERATE CREAM USP 0.1% W/W,***,CREAM,15G,ALUMINIUM TUBE,Flexus Pharma (Pvt) Ltd,SRI LANKA,***
HYDROCORTISONE OINTMENT BP  1% W/W,***,OINTMENT,5G & 15G,ALUMINIUM TUBE,Flexus Pharma (Pvt) Ltd,SRI LANKA,***
TOLVAPTAN TABLETS 30MG,TOLVAT 30,TABLETS,1X4'S,ALU ALU BLISTER,MSN Laboratories Private Limited,INDIA,Axia (Pvt) Ltd
PACLITAXEL FOR INJECTION 100MG/16.67ML,CELTAX 100,INJECTION,01 vial,GLASS VIAL,Celon Laboratories Private Limited,INDIA,Medmart Pharma (Pvt) Ltd
METFORMIN HYDROCHLORIDE TABLETS USP 850MG,ALPHAGE 850,TABLET,250' 500' 1000'/HDPE,"HDPE JR,ALU PVC BLIS",ACE Healthcare (Pvt) Ltd,SRI LANKA,***
FUSIDIC ACID CREAM BP 2%  W/W,FUSIDACE,CREAM,"5G,10G,15G","ALU TUBE,LAMI TUBE",ACE Healthcare (Pvt) Ltd,SRI LANKA,***
"ROTAVIRUS VACCINE ( LIVE ,ORAL) BP",ROTAVAC-5D,ORAL ADMINISTRATION ONLY,"0.5ML,2.5ML(2ML)",USP TY 1 GLASS VIAL,Bharat Biotech International Ltd,INDIA,Gulf Pharma (Pvt) Ltd
ACiCLOVIR TABLETS BP 800MG,X-VIR 800,TABLETS,"10X10'S, 3X10'S, 500","HDPE JAR, ALU PVC BL",Celogen Lanka (Pvt) Ltd,SRI LANKA,***
CELECOXIB CAPSULES 200MG,CELEKOP 200,CAPSULES,10X10'S,ALU PVC BLISTER,Kopran Ltd,INDIA,Alaris Lanka (Pvt) Ltd
CO-AMOXICLAV TABLETS BP 375MG,KOACT 375,TABLETS,4X5'S,BLISTER ALU ALU,Aurobindo Pharam Ltd,INDIA,Alaris Lanka (Pvt) Ltd
ZINC SULPHATE TABLETS USP 20MG,***,TABLETS,2X10'S,ALU ALU STRIP,Celogen Lanka (Pvt) Ltd,SRI LANKA,***
PROMETHAZINE HYDROCHLORIDE ORAL SOLUTION BP 5MG/5ML,***,ORAL SOLUTION,"100ML,500ML",AMB PET BOTTLE,MMC Healthcare Ltd,INDIA,Hi Care Pharma (Pvt)Ltd
CLOTRIMAZOLE CREAM BP 1% W/W,***,CREAM,15G,ALUMINIUM TUBE,Flexus Pharma (Pvt) Ltd,SRI LANKA,***
CIPROFLOXACIN TABLETS USP 250MG,CIPRODEX 250,TABLET,"10'X 10'S, 1000'S","AL PVC BLS,HDPE BOT",CIC Lifesciences Ltd.,SRI LANKA,***
TELMISARTAN TABLETS USP 40MG,ARISTO TELVAS 40,TABLETS,3X10'S 10X10'S,ALU ALU STRIP (LDPE),ARISTO PHARMACEUTICALS (PVT) LTD,INDIA,VIV PHARMA (PVT) LTD
ACECLOFENAC TABLETS 100MG,ACLOFRE,TABLETS,3X10'S,ALU ALU BLISTER,Fredun Pharmaceuticals Ltd,INDIA,George Steuart Health Pvt Ltd
AMLODIPINE BESYLATE TABLETS USP 10MG,AMLODAC 10,TABLET,10X10'S,ALU PVC BLISTER,ZYDUS LIFESCIENCES LIMITED,INDIA,Sunshine Healthcare lanka Ltd
CHOLINE SALICYLATE 8.714% W/W + CETALKONIUM CHLORIDE 0.01% W/W GEL,ORALEEZ,ORAL GEL,10 G,ALU COLLAP TUBE,Astron Limited,SRI LANKA,***
COLECALCIFEROL TABLETS BP 2000 IU,D-FEROL,TABLET,3X10'S,ALU PVC BLISTER,Mc W Healthcare (P ) Ltd,INDIA,Innogen Lanka (Pvt) Ltd
LOSARTAN POTASSIUM TABLETS USP 50MG,LOSAR 50,TABLET,10X10'S,BLISTER,Unichem Laboratories LTD,INDIA,A Baur & Co  (Pvt) Ltd
"ANTIHEMOPHILIC FACTOR (HUMAN), METHOD M, MONOCLONAAL PURIFIED (AHFFVIII),NANOFILTERED 220 TO 2000 IU PER VIAL",HEMOFIL  M,LYOPHILIZED POWDER FOR SOLUTION FOR INJECTION,10ML TY1 WATER INJEC,TYPE 1 GLASS VIAL,Baxalta  US Inc,UNITED STATES,A J Medichem international Ltd
LINAGLIPTIN TABLETS 5MG,LINAZEE 5,TABLET,2X10'S,ALU ALU BLISTER,Zee Laboratories,INDIA,ABC Pharma Services Pvt. Ltd
BROMFENAC OPHTHALMIC SOLUTION 0.09%,BFENAC,OPHTHALMIC SOLUTION,5ML,LDPE DROP BOTTLE,Popular Pharmaceuticals Ltd,BANGLADESH,ABC Pharma Services Pvt. Ltd
AMOXICILLIN CAPSULES USP 500MG,***,CAPSULES,"100'S, 500'S",HDPE BOTTLE,Astron Limited,SRI LANKA,***
OLANZAPINE ORALLY DISINTEGRATING TABLETS USP 10MG,OLEANZ RAPITAB 10,ORALLY DISINTEGRATING TABLETS,5X10'S,BLISTER,SUN PHARMACEUTICAL INDUSTRIES LTD,INDIA,Emerchemie NB (Ceylon) Ltd
DONEPEZIL HYDROCHIORIDE TABLETS USP 10MG,DOPEZIL,TABLETS,3X10'S,PVC PVDC BLISTER,SUN PHARMACEUTICAL INDUSTRIES LTD,INDIA,Emerchemie NB (Ceylon) Ltd
DIPHTHERIA TETANUS AND PERTUSSIS (ACELLULAR) VACCINE,BOOSTRIX,SUSPENSION FOR INJECTION,0.5ML(1DOSE)/2NEEDLE,0.5ML(1DOSE)/2NEEDLE,Glaxo Smithkiline Biologicals S A,BELGIUM,A Baur & Co  (Pvt) Ltd
SILVER SULFADIAZINE CREAM USP 1 % W/W,***,CREAM,15G  & 500G,"ALU TUBE,HDPE CONT",Flexus Pharma (Pvt) Ltd,SRI LANKA,***
ETOPOSIDE CAPSULES USP 100MG,TOPOSAR 100,CAPSULES,1X10' 3X10' 20X10',ALU ALU BLISTER,Drug International Ltd,BANGLADESH,Tabrane Pharmaceuticals (Pvt) Ltd
MEROPENEM FOR INJECTION USP 1G,MEROSAN'R 1,POWDER FOR INJECTION,20ML VIAL/PACK,USP TY 1 GLS VIAL,P T Sanbe Farma,INDONESIA,Softlogoc Pharmaceuticals (pvt)Ltd
MULTIVITAMIN AND MINERAL TABLETS,ZINCOVIT,TABLET,"2X15'S , 1X15'S",ALU ALU BLISTER,Apex Laboratories Ltd,INDIA,A Baur & Co  (Pvt) Ltd
DICLOFENAC GASTRO RESISTANT TABLETS BP 50MG,HIFENAC 50,TABLET,10X10' 3X10' 5X10',"ALU ALU BLIS,HDPE JA",ACE Healthcare (Pvt) Ltd,SRI LANKA,***
VINCRISTINE SULPHATE INJECTION USP 2MG,VINSTIN,INJECTION,3ML VIAL,GLASS VIAL,Drug International Ltd,BANGLADESH,Tabrane Pharmaceuticals (Pvt) Ltd
SILDENAFIL TABLETS USP 100MG,GIAGRA 100,TABLET,"1X4'S, 100'S",ALU PVC BLISTER,G D Laboratories (India) Pvt Ltd,INDIA,Softlogic Pharmaceuticals (Pvt( Ltd
ONDANSETRON TABLETS USP 8MG,ONDENMAX 8,TABLET,3X10' 10X10',"ALU BLIS,HDPE CONT",ACE Healthcare (Pvt) Ltd,SRI LANKA,***
METFORMIN HYDROCHLORIDE TABLETS USP 500MG,ALPHAGE 500,TABLET,"250'S,500'S,1000'S","HDPE JAR,ALU PVC BLI",ACE Healthcare (Pvt) Ltd,SRI LANKA,***
TELMISARTAN TABLETS USP 40MG,ALMITAN 40,TABLET,3X10' 10X10' 250'S,"ALU BLIS,HDPE CONTA",ACE Healthcare (Pvt) Ltd,SRI LANKA,***
ENOXAPARIN SODIUM SOLUTION FOR INJECTION 4000 IU(40MG)/0.4ML,CRUSIA 40MG,SOLUTION FOR INJECTION,"2 PFS ,6 PFS/PACK",TY 1 GLASS PFSY,"Rovi Parma Industrial Services,",SPAIN,VIV PHARMA (PVT) LTD
BETAHISTINE DIHYDROCHLORIDE TABLETS BP 8MG,THEOHIST 8,TABLET,"10X10'S, 3X10'S",ALU ALU BLISTER,Theon Pharmaceuticals Ltd,INDIA,Slim Pharmaceuticals (Pvt) Ltd
"COLISTIMETHATE SODIUM FOR INJECTION BP 10,00000 MIU (MILLION I.U)",COLISIN -RD,INJECTION,1'S,USP TY 1GLS VIAL,VHB Medi Sciences Ltd,INDIA,Yaden International (Pvt) Ltd
OSIMERTINIB TABLETS 80MG,TASSO 80,FILM COATED TABLETS,"30'S,60'S,90'S",HDPE BOTTLE,Julphar Bangladesh Ltd,BANGLADESH,Tabrane Healthcare (Pvt) Ltd
CARBIMAZOLE TABLETS BP 5MG,***,TABLETS,100'S,AMB COL.GLASS BOTTLE,Novagen Healthcare Pvt Ltd,INDIA,Chamee Chemist
ETORICOXIB TABLETS 60MG,RIBOX 60,TABLETS,30'S,ALU PVC BLISTER,Beximco Pharmaceuticals Ltd,BANGLADESH,Emerchemie NB (Ceylon) Ltd
CLARITHROMYCIN INJECTION 500MG,KLARICID I V,POWDER FOR INJECTION,1X1'S,SINGLE GLASS VAIL,Abbott Laboratories (Pakistan) Ltd For Amdipharm Ltd,PAKISTAN,Sunshine Healthcare lanka Ltd
OSELTAMIVIR PHOSPHATE CAPSULES USP 75 MG,***,HARD GELATINE CAPSULES,10X10'S,PVC PE PVDC BLISTER,Sands Active Pvt Ltd,SRI LANKA,***
RIVAROXABAN TABLETS 10MG,RIVOMOR 10,TABLET,3X10'S,ALU PVC PVDC BLISTER,Morison Limited,SRI LANKA,***
RIVAROXABAN TABLETS 20MG,RIVOMOR 20,TABLET,3X10'S,ALU PVC PVDC BLISTER,Morison Limited,SRI LANKA,***
CHLORPHENIRAMINE MALEATE TABLETS USP 4MG,HYMINE,TABLET,3X10' 6X10' 10X10',"ALU BLIS, HDPE CONT",ACE Healthcare (Pvt) Ltd,SRI LANKA,***
MULTIVITAMIN & MINERALS TABLETS,OBIMIN,TABLETS,"3x10's,1x10's&10x10'",BLISTER,United International Pharma Co Ltd,VIETNAM,George Steuart Health Pvt Ltd
FEXOFENADINE HYDROCHLORIDE TABLETS USP 60MG,XADINE,TABLET,1X10'S,BLISTER,The Searle Company Ltd,PAKISTAN,Morison Limited
CLOTRIMAZOLE CREAM USP 1% W/W,CLOMYZOL,CREAM,15 G/TUBE,ALUMINIUM COLL TUBE,"GAMMA INTERPHARM PVT LTD,",SRI LANKA,***
CEFUROXIME AXETIL TABLETS BP 125MG,SANDSCEF 125,TABLET,"1X10', 3X10' 6X10'",ALU ALU BLISTER,Sands Active Pvt Ltd,SRI LANKA,***
TUBERCULIN PURIFIED PROTEIN DERIVATIVE FOR HUMAN USE 5TU/0.1ML,PPD TUBERCULIN MAMMALIAN,SOLUTION FOR INJECTION,20'S,VIALS,"BB-NCTPD Ltd,",BUlGARIA,Henlleys Group (Pvt) Ltd
CO-AMOXICLAV TABLETS BP 625MG,RAPICLAV 625,TABLET,7X3'S /PACK,ALU ALU STRIP,"Ipca Laboratories Limited,",INDIA,Hemas Pharmaceuticals (Pvt) Ltd
CHLORTHALIDONE TABLETS USP 25MG,DICHLOR 25,TABLET,3X10'S,PVDC PVC BLISTER,"Ipca Laboratories Limited,",INDIA,Hemas Pharmaceuticals (Pvt) Ltd
EXEMESTANE  TABLETS 25MG,AROMASIN,TABLET,2X15'S,ALU PVDC PVC BLISTER,Pfizer Italia SRL,ITALY,Hemas Pharmaceuticals (Pvt) Ltd
COLECALCIFEROL TABLETS BP 1000IU,D-FEROL,TABLET,3X10'S,ALU PVC BLISTER,Mc W Healthcare (P ) Ltd,INDIA,Innogen Lanka (Pvt) Ltd
ALFACALCIDOL CAPSULES 0.25MCG,ONE-ALPHA 0.25MCG,CAPSULES,10X10'S,ALU PVC BLISTER,LEO Pharma  A S,GERMANY,Hemas Pharmaceuticals (Pvt) Ltd
LOSARTAN POTASSIUM TABLETS BP 50MG,INOZART 50,TABLETS,10X10'S,BLISTER,Mc W Healthcare (P ) Ltd,INDIA,Innogen Lanka (Pvt) Ltd
ADENOSINE INJECTION USP 6MG/2ML,***,SOLUTION FOR INJECTION,"2MLX10'S, 2MLX5'S",USP TY  GLS AMPOULE,Mercury Laboratories Ltd,INDIA,Yaden International (Pvt) Ltd
DILTIAZEM HYDROCHLORIDE TABLETS USP 60MG,DILCARDIA 60,TABLET,10X10'S,ALU AMB PVC BLISTER,J.B.Chemicals & Pharmaceuticals ltd,INDIA,George Steuart Health Pvt Ltd
CLOXACILLIN SODIUM CAPSULES USP 500MG,***,CAPSULES,500'S,HDPE JAR,Medico Remedies  Ltd,INDIA,ABC Pharma Services Pvt. Ltd
DILTIAZEM HYDROCHLORIDE TABLETS USP 30MG,DILCARDIA 30,TABLET,10X10'S,ALU PVC BLISTER,J.B.Chemicals & Pharmaceuticals ltd,INDIA,George Steuart Health Pvt Ltd
MESNA INJECTION 400MG,MES-D,SOLUTION FOR INJECTION,4ML,USP TY 1 GLS VIAL,Drug International Ltd,BANGLADESH,Tabrane Pharmaceuticals (Pvt) Ltd
LEVOFLOXACIN TABLETS 500MG,LEVOMAC 500,TABLET,"20X5'S, 20X1X5'S",ALU ALU BLISTER,Macleods Pharmaceuticals Ltd,INDIA,Sunshine Healthcare lanka Ltd
PIOGLITAZONE TABLETS USP 30MG,PIOTONE 30,TABLETS,"5x10'S, 10X10'S",ALU-ALU BLISTER,The Madras Pharmaceuticals,INDIA,Pharma Associates
FOLIC ACID TABLETS BP 1MG,FOLIGEN,TABLETS,1X10' 5X10' 3X10',"ALU PVDC BLIS,HDPE",NEWGEN LANKA HEALTHCARE (PVT) LTD,SRI LANKA,***
PREGABALIN CAPSULES 50MG,VEXER 50,CAPSULES,2X10'S,ALU ALU BLISTER,West Coast Pharmaceurical works Ltd,INDIA,AV Global  Impex (Pvt) Ltd
DIAZEPAM TABLETS BP 5MG,***,TABLETS,1000's,HDPE Bottle,Morison Limited,SRI LANKA,***
EMPAGLIFLOZIN TABLETS 10MG,EMGLIT 10,TABLET,5X10'S,ALU ALU BLISTER,Medicon Pharmaceuticals Ltd,BANGLADESH,Tranz Pharma Hodlings (Pvt) Ltd
DEGARELIX FOR INJECTION 80MG,FIRMAGON 80MG,INJECTION,GLS VIAL+PFSY+NEEDLE,GLS VIAL+PFSY+NEEDLE,Ferring GMBH,GERMANY,Sunshine Healthcare lanka Ltd
CEFALEXIN CAPSULES BP 250MG,NOVALEXIN 250,CAPSULES,10X10'S,ALU PVC BLISTER,INNOVA CAPTAB LIMITED,INDIA,Cliniqon Biotech Pvt. Ltd
LETROZOLE TABLETS USP 2.5MG,IDELARA,TABLET,3X10'S,ALU PVC BLISTER,Craveri S A I C,ARGENTINA,Emerchemie NB (Ceylon) Ltd
BETAHISTINE DIHYDROCHLORIDE TABLETS BP 24MG,ALFINOR 24MG,TABLET,"10'S, 20'S, 50'S",PVC PE PVDC ALU BLIS,Farmaceutisch Analytisch Laboratories,CYPRUS,Associated Laboratories (Pvt) Ltd
DEFERASIROX DISPERSIBLE TABLETS 250MG,CHELOVA 250,TABLET,1X10' 3X10' 10X10',ALU ALU BLISTER,JENPHAR BAGLADESH LTD,BANGLADESH,Tabrane Healthcare (Pvt) Ltd
CIPROFLOXACIN TABLETS USP 500MG,CIPRODEX 500,TABLET,"10X10'S, 1000'S","ALU PVC BLS,HDPE BOT",CIC Lifesciences Ltd.,SRI LANKA,***
AZITHROMYCIN TABLETS USP 250MG,ORTIZA 250,TABLET,10 X1 X 6'S,ALU PVC BLISTER,Medopharm,INDIA,Sunshine Healthcare lanka Ltd
CEFALEXIN CAPSULES BP 500MG,NOVALEXIN 500,CAPSULES,10X10'S,ALU PVC BLISTER,INNOVA CAPTAB LIMITED,INDIA,Cliniqon Biotech Pvt. Ltd
"FORMETEROL FUMARATE BP 6MCG, BUDESONIDE BP 400MCG DRY POWDER INHALATION CAPSULE",FORMOVIC 400,DRY POWDER INHALATION CAPSULES,10X10'S,ALU PVDC BLISTER,Lina Manufacturing (Pvt) Ltd,SRI LANKA,***
BIPHASIC ISOPHANE INSULIN  30/70 HUMAN INJECTION 100IU IN 1ML,MIXTARD 30 PENFILL,INJECTION,5X3ML CARTRIDGE,3ML CARTRIDGE,NOVO NORDISK A/S,DENMARK,Sunshine Healthcare lanka Ltd
CALCIUM CARBONATE 1500MG+ COLECALCITEROL (VITAMIN D3) 500 IU TABLETS,VITRACAL,TABLETS,3X10'S,AL PVC PVDC BLISTER,Contract Manufacuring & Packging Services pty Ltd,AUSTRALIA,Alaris Lanka (Pvt) Ltd
GLIMEPIRIDE TABLETS USP 4MG,ORINASE 4,TABLETS,"10x10'S, 1X10'S",ALU PVC BLISTER,CCL Pharmaceuticals (Pvt) Ltd,PAKISTAN,CIC Holdings PLC
EMPAGLIFLOZIN TABLETS 25MG,JARDY 25,TABLETS,"7x14'S 14'S, 1X7'S",ALU ALU BLISTER,CCL Pharmaceuticals (Pvt) Ltd,PAKISTAN,CIC Holdings PLC
LEUPROLIDE ACETATE FOR INJECTION 3.75MG(DEPOT),LUPRODEX 3.75 MG(DEPOT),LYOPHILIZED POW INJECTION,5ML 2ML VIAL SWAB,"USPTY 1,GLS VIAL,DIL",Bharat Serums & Vaccine Ltd,INDIA,Ceyoka (Pvt) Ltd
BECLOMETASONE PRESSURIZED INHALATION BP 250MCG/DOSE,***,AEROSOL FOR ORAL INHALATION,1'Inhalre(200 Doses),ALU CANIS.VALVE SYST,Heilongjiang province Fulekang Pharmaceutical Co Ltd,CHINA,Ceyoka (Pvt) Ltd
DICLOFENAC SODIUM SUPPOSITORIES 25MG,VOLTAREN,SUPPOSITORIES,10'S,PVC/LDPE FOIL,Delpharm Huningue S A S,SWITZERLAND,A Baur & Co  (Pvt) Ltd
ERYTHROPOIETIN INJECTION BP 10000 IU/1ML,REPOITIN 10000,PRE-FILLED SYRINGES,ONE PFSY,PFSY,Serum Institute of India (Pvt) Ltd,INDIA,Citihealth Imports (Pvt) Ltd
"Diphtheria,Tetanus,Pertussis (whole cell) Hepatitis B (rDNA) and Heamophilus Influenza Type B Conjugate Vaccine (Adsorbed) IP paediatric single 0.5ml",EASY FIVE TT,SOLUTION FOR INJECTION PREFILLED SYRINGE,"0.5MLX1'S, 0.5MLX10'",USP TY 1GLASS VIAL,Panacea Biotec  Ltd,INDIA,A Baur & Co  (Pvt) Ltd
VENLAFAXINE HYDROCHLORIDE EXTENDED RELEASE CAPSULES USP 37.5MG,VENFAX 37.5,CAPSULES,"3X10'S, 10X10'S",ALU PVC PVDC BLISTER,Celogen Lanka (Pvt) Ltd,SRI LANKA,***
COLISTIMETHATE FOR INJECTION USP 1 MILLION IU,COLISTUO MIU,POWDER FOR INJECTION,1 MIU/VIAL,GLASS VIAL TY 1,Jodas Expoim Pvt Ltd,INDIA,Softcare International (Pvt) Ltd
RABIES VACCINE BP,ABHAYRAB,LYOPHILIZED POWDER FOR INFUSION,"0.5ML SINGLE,0.9NACL",AMP & 0.5ML DILUENT,Human biologicals Institite,INDIA,New Arumed (Pvt) Ltd
METHYLDOPA TABLETS USP 250MG,ALDOMET 250,TABLETS,"10X10'S,2'S",ALU PVC BLISTER,SEARLE PAKISTAN LIMITED,PAKISTAN,Morison Limited
AZITHROMYCIN TABLETS  IP 250MG,AZEE 250,TABLETS,3X6'S,ALU-PVC / PVDC BLIST,Cipla Ltd,INDIA,Breathe Free Lanka (Pvt) Ltd
OLANZAPINE TABLETS USP 5MG,OLAPINE 5,TABLETS,5X10'S,ALU ALU BLISTER,Celogen Lanka (Pvt) Ltd,SRI LANKA,***
DEFERIPRONE CAPSULES 500MG,***,CAPSULES,"50'S, 5X10'S","JAR BLISTER,ALU ALU",Centurion Laboratories Pvt Ltd,INDIA,Yaden International (Pvt) Ltd
AMOXICILLIN AND CLAVULANATE POTASSIUM TABLETS USP 375 MG,MYCLAVE 375,TABLET,"1X6'S, 10X6'S",ALU STRIPS,Unichem Laboratories LTD,INDIA,A Baur & Co  (Pvt) Ltd
HYDROXYCHLOROQUINE SULFATE TABLETS USP 200MG,H-KLOR,FILM COA TABLETS,1X10' 3X10' 5X10',ALU PVC BLISTER,Bafna Pharmaceuticals Ltd,INDIA,Pharma Associates
CEFUROXIME AXETIL TABLETS USP 500MG,MILCEF 500,TABLET,3X10'S,ALU ALU BLISTER,The Madras Pharmaceuticals,INDIA,Pharma Associates
CLOBETASOL CREAM BP 0.05% W/W,MEDODERMONE CREAM 0.05% W/W,CREAM,"15G, 25G","ALU TUBE ,CAP",Medochemie Ltd,CYPRUS,Associated Laboratories (Pvt) Ltd
WATER SOLUBLE VITAMINS WITH MINERALS CAPSULES USP,BECOPLUS,CAPSULES,"10X10'S, 5X10'S","ALU PVDC BLS,ALU ALU","GAMMA INTERPHARM PVT LTD,",SRI LANKA,***
BETAHISTINE DIHYDROCHLORIDE TABLETS BP 8MG,BETAHIST,TABLETS,"10X10'S, 1X10'S",ALU ALU STRIP,Geno Pharmaceuticals Pvt Ltd,INDIA,Mansel (Ceylon) (Pvt) Ltd
LORATADINE TABLETS USP 10MG,LORYT,TABLETS,"10X10'S, 1000' 1X10'","ALUALU PVC BLIS,HDPE","GAMMA INTERPHARM PVT LTD,",SRI LANKA,***
SULFASALAZINE DELAYED RELEASE 500MG TABLETS  USP,SALAZ,TABLETS,"500'S,1000'S,10X10'S","HDPE JAR,ALU BLISTER",Alvita Pharma (Pvt) Ltd,INDIA,Hemas Pharmaceuticals (Pvt) Ltd
CLOBETASOL PROPIONATE OINTMENT USP 0.05% w/w,BELTAPRO OINTMENT,OINTMENT,"30G, 5G",ALU COLLAP TUBE,Tabros Pharma (Pvt) Ltd,PAKISTAN,Associated Laboratories (Pvt) Ltd
TELMISARTAN TABLETS USP 40MG,ARBITEL 40,TABLETS,"1x10's,3x10's",Alu-Alu Blister,Micro Labs Ltd,INDIA,Micro Mega Lanka (Pvt) Ltd
OLANZAPINE TABLETS USP 5MG,OLAN 5,TABLETS,"10X10 ,1x10',3X10'",BLISTER ALU ALU,Micro Labs Ltd,INDIA,Micro Mega Lanka (Pvt) Ltd
AMOXICILLIN CAPSULES BP 250MG,MOXOL 250,CAPSULES,10X10'S,ALU PVC BLISTER,Sterling Lab,INDIA,Darley Butler  & Co Ltd
TORSEMIDE TABLETS USP 20MG,DYTOR 20,TABLET,2X10'S TABLETS,ALU ALU BLISTER,Cipla Limited,INDIA,Breathe Free Lanka (Pvt) Ltd
ESCITALOPRAM TABLETS USP 5MG,CITANEW 5,TABLETS,1X14'S,ALU PVC BLISTER,Hilton  Pharma (Pvt) Ltd,PAKISTAN,Sunshine Healthcare lanka Ltd
DAPOXETINE TABLET 30MG,DAPON 30,TABLETS,10X10'S,ALU ALU BLISTER,West Coast Pharmaceurical works Ltd,INDIA,Innogen Lanka (Pvt) Ltd
PHENOBARBITAL INJECTION BP 200MG/ML,VERBITAL,INJECTION,1ML AMPOULE,GLASS VIAL,Verve Human Care Laboratories,INDIA,Leader Pharma Agency (Pvt) Ltd
METFORMIN TABLETS BP 500MG,OBMET,TABLET,"10X10'S, 1000'S","BLISTER,JAR",Fourrts (India) Laboratories Ltd,INDIA,Sunshine Healthcare lanka Ltd
INSULIN DEGLUDEC 70% INSULIN ASPART 30% SOLUTION FOR INJECTION 100 UNITS/ML,RYZODEG PENFILL,SOLUTION FOR INJECTION,5X3ML CARTIDGE,GLASS CARTRIDGE,NOVO NORDISK A/S,DENMARK,Sunshine Healthcare lanka Ltd
IBANDRONIC ACID TABLETS 150MG,BONCARE,FILM COA TABLETS,1'S,ALU ALU BLISTER,Orion pharma Ltd,BANGLADESH,Darley Butler  & Co Ltd
TERBINAFINE TABLETS USP 250MG,TERBIDERM FORTE,TABLETS,1x10'S,ALU-ALU BLISTER,ATCO Laboratories Limited,PAKISTAN,Morison Limited
CEFALEXIN CAPSULES BP 250MG,ORIPHEX 250,CAPSULES,"10X10'S, 1000'S",HDPE JAR/BLISTER,ZYDUS LIFESCIENCES LIMITED,INDIA,Sunshine Healthcare lanka Ltd
COLISTIMETHATE FOR INJECTION USP 2 MILLION IU,COLISTIJO 2 MIU,POWDER FOR INJECTION,2MIU,TYPE 1-GLASS VIAL,Jodas Expoim Pvt Ltd,INDIA,Softcare International (Pvt) Ltd
MEBENDAZOLE TABLETS USP 500MG,WORMIN 500,CHEWABLE TABLETS,1'S,ALU STRIP,Cadila pharmaceuticals Ltd,INDIA,Sunshine Healthcare lanka Ltd
ESOMEPRAZOLE MAGNESIUM DELAYED RELEASE CAPSULES USP 20MG,EZIUM 20MG,CAPSULES,2X7'S,ALU ALU BLISTER,The Searle Company Ltd,PAKISTAN,Morison Limited
ACICLOVIR TABLETS BP 200MG,CYCLOVIR 200,TABLET,10X10'S,ALU ALU STRIP,ZYDUS LIFESCIENCES LIMITED,INDIA,Sunshine Healthcare lanka Ltd
MEMANTINE HYDROCHLORIDE TABLETS USP 10MG,DEMENTA 10,TABLETS,"10X10'S,1X10'S,3X10'",ALU-ALU BLISTER,Ziska Pharmaceuticals Ltd,BANGLADESH,Tabrane Pharmaceuticals (Pvt) Ltd
NORMAL IMMUNOGLOBULIN FOR INTRAVENOUS USE BP 5% (50G/1000ML) (HUMAN),GAMMA IV,SOLUTION FOR IV ADMINISTRATION,"2.5G/50ML,0.5G/10ML",GLASS VIAL,Bharat Serums & Vaccine Ltd,INDIA,Ceyoka (Pvt) Ltd
CO-CORELDOPA TABLETS BP 125MG(LEVEDOPA BP 100MG+CARBIDOPA BP 25MG),***,TABLET,"100'S, 10X10'S,","ALU BLISTER,PLAS JAR",Centurion Laboratories Pvt Ltd,INDIA,Yaden International (Pvt) Ltd
ERLOTINIB TABLETS 150MG,ERLOTAZ,TABLETS,10'S,HDPE JAR,Khandelwal Laboratories Ltd,INDIA,Ceyoka (Pvt) Ltd
COLECALCIFEROL CAPSULES 1000IU,NU-D3 1K,CAPSULES,3X10' 6X10' 10X10',ALU PVC BLIS/HDPE JA,Celogen Lanka (Pvt) Ltd,SRI LANKA,***
FLUCLOXACILLIN CAPSULES BP 500MG,FLUX 500,CAPSULES,10X10'S 7X4,ALU ALU STRIPS,Opsonin Pharma Ltd,BANGLADESH,Yaden International (Pvt) Ltd
TIZANIDINE TABLETS USP 2MG,MAXLAX,TABLET,1X10'S,ALU ALU BLISTER,Genix Pharma (Pvt ) Ltd,PAKISTAN,Ceyoka (Pvt) Ltd
BACLOFEN TABLET BP 10MG,***,TABLETS,1X30 10X5X10 2X5X10,ALU PVDC BLISTER,Celogen Lanka (Pvt) Ltd,SRI LANKA,***
VITAMIN C CHEWABLE TABLETS 500MG,CEE PINCAPPLE,CHEWABLE TABLETS,50X2' TAB/PACK,STRIP PACK,Contract Manufacuring & Packging Services pty Ltd,AUSTRALIA,Alaris Lanka (Pvt) Ltd
IBUPROFEN TABLETS BP 200MG,PROMED  200,TABLET,"1000'S, 10X10'S","HDPE JAR,ALU PVC BL",Medopharm,INDIA,Alaris Lanka (Pvt) Ltd
FERROUS SULPHATE TABLETS BP 200MG,FEROSAL,TABLETS,"1X30'S,25X30'S","DARK AMB,ALU PVC",Celogen Lanka (Pvt) Ltd,SRI LANKA,***
SORAFENIB TOSYLATE TABLETS 200MG,SORANIX,TABLETS,5X6'S,ALU ALU BLISTER,Beacon Pharmaceuticals Ltd,BANGLADESH,Emerchemie NB (Ceylon) Ltd
CLOPIDOGREL TABLETS USP 75MG,PURIL,TABLETS,4X7'S,ALU ALU BLISTER,USV Private Limited,INDIA,Hemas Pharmaceuticals (Pvt) Ltd
DICLOFENAC SODIUM SUPPOSITORIES 12.5MG,CELONAC-S12.5,SUPPOSITORIES,1X5'S 2X5'S,"PVC,PE BLISTER PACK",Celogen Lanka (Pvt) Ltd,SRI LANKA,***
PROLONGED RELEASE DICLOFENAC TABLETS BP 100 MG,ADIFLAM SR,TABLET,"10X1', 10X1X20'",AL PVC BLISTER,Leben Laboratories (Pvt) Ltd,INDIA,Ceyoka (Pvt) Ltd
METRONIDAZOLE TABLETS BP 200MG,***,TABLET,"10X10;S, 1000'S","ALU PVC BLIS,JAR",Medopharm,INDIA,Alaris Lanka (Pvt) Ltd
ZOLEDRONIC ACID FOR INJECTION 4 MG,CEL DRON,LYOPHILIZED POWDER FOR INJECTION,1'S (5ML),USP TY 1 MOULDED VIA,Celon Laboratories Private Limited,INDIA,Medmart Pharma (Pvt) Ltd
VENLAFAXINE HYDROCHLORIDE EXTENDED RELEASE CAPSULES USP 75MG,***,HARD GELATINE CAPSULES,"10X10',6X10',3X10,",PVDC PVC ALU BLISTER,Sands Active Pvt Ltd,SRI LANKA,***
SITAGLIPTIN TABLETS BP 100MG,INGLIP,TABLETS,3X10'S 5X30'S 1000'S,"ALU PVDC BLIS,HDPE","GAMMA INTERPHARM PVT LTD,",SRI LANKA,***
DEFERASIROX DISPERSIBLE TABLETS 100MG,CIOSYN 100,TABLETS,3X10'S 1X10'S,ALU ALU STRIP,Celogen Lanka (Pvt) Ltd,SRI LANKA,***
PROGESTERONE SOFT GELATIN CAPSULES 200MG,SUSTEN 200,SOFT GELATIN CAPSULES,3x10'S,ALU PVC  BLISTER,SUN PHARMACEUTICAL INDUSTRIES LTD,INDIA,Hemas Pharmaceuticals (Pvt) Ltd
ALPRAZOLAM TABLETS USP 0.5MG,MANOREST 0.5,TABLET,"1X4'S, 10X10'S",AL PVC BLISTER,Synmedic Laboratories (Pvt) Ltd,INDIA,Euro Asian Pharma (Pvt) Ltd
LULICONAZOLE CREAM 1% W/W,LANALOK,CREAM,"30G, 5G",LAMI TUBE,Blossom Pharmaceuticals,INDIA,George Steuart Health Pvt Ltd
BETAHISTINE DIHYDROCHLORIDE TABLETS BP 16MG,THEOHIST 16,TABLET,10X10'S,ALU ALU BLISTER,Theon Pharmaceuticals Ltd,INDIA,Slim Pharmaceuticals (Pvt) Ltd
CEFALEXIN CAPSULES BP 500MG,ORIPHEX 500,CAPSULES,10X10'S,ALU PVC BLISTER,ZYDUS LIFESCIENCES LIMITED,INDIA,Sunshine Healthcare lanka Ltd
VANCOMYCIN HYDROCHLORIDE FOR INJECTION USP 500MG,VANMYCIN,INJECTION,1'S,TY 1 GLS VIAL,Incepta Pharmaceuticals Ltd,BANGLADESH,Citihealth Imports (Pvt) Ltd
IBRUTINIB CAPSULES 140MG,IBRUTON,CAPSULES,30' 60' 90' 120',HDPE JAR,JENPHAR BAGLADESH LTD,BANGLADESH,Tabrane Healthcare (Pvt) Ltd
SEVELAMER CARBONATE TABLETS 800MG,LAMSEV 800,TABLET,"30'S, 180'S",HDPE BOTTLE,Aurobindo Pharam Ltd,INDIA,Alaris Lanka (Pvt) Ltd
POTASSIUM CHLORIDE STERILE CONCENTRATE BP 15 % w/v,ELECTRO K 15,CONCENTRATE SOLUTION,50X10ML,PP AMPOULE,kelun lifesciences(Pvt) Ltd,SRI LANKA,***
BACLOFEN TABLETS BP 10MG,FENBACK,TABLET,"3X10'S, 1X10'S",ALU PVC BLISTER,Orion pharma Ltd,BANGLADESH,Darley Butler  & Co Ltd
FLUNARIZINE TABLETS 5MG,DONARIZINE 5,TABLET,"2X5X10'S, 1X10'S",BLISTER PACK,Geno Pharmaceuticals Ltd,INDIA,Mansel (Ceylon) (Pvt) Ltd
BETAMETHASONE VALERATE OINTMENT USP 0.1% W/W,***,OINTMENT,15G,ALU COLLP TUBE,Flexus Pharma (Pvt) Ltd,SRI LANKA,***
ERLOTINIB HYDROCHLORIDE TABLETS 150MG,ERLONIX 150,TABLET,5X6'S,ALU ALU BLISTER,Beacon Pharmaceuticals Ltd,BANGLADESH,Emerchemie NB (Ceylon) Ltd
CLOTRIMAZOLE PESSARIES BP 200MG,VAGID 200,PESSARY,3'S,PVC/PE FILM,Bliss GVS Pharma Ltd,INDIA,Sunshine Healthcare lanka Ltd
MONTELUKAST CHEWABLETABLETS BP 4MG,VENTELUCAST 4,TABLETS,"1x10 ,3X10'S",ALU ALU BLISTER,Incepta Pharmaceuticals Ltd,BANGLADESH,Citihealth Imports (Pvt) Ltd
ASCORBIC ACID TABLETS BP 100MG,ASZAC 100,UNCOATED TABLETS,"100,500',1000',3X10'","HDPE JAR,ALU PVC PVD",Celogen Lanka (Pvt) Ltd,SRI LANKA,***
TICAGRELOR TABLETS 90MG,TIGLOR,TABLET,3X10'S,BLISTER PACK,The Madras Pharmaceuticals,INDIA,Pharma Associates
CLOBAZAM TABLETS BP 5MG,CLOBAS 5,UNCOATED TABLETS,"3X10'S,10X10'S",ALU PVDC BLISTER,The Madras Pharmaceuticals,INDIA,Pharma Associates
ISOPRENALINE INJECTION BP 2MG/2ML,***,INJECTION,"10X2ML, 5X2ML",AMPOULES,Mercury Laboratories Ltd,INDIA,Yaden International (Pvt) Ltd
ENOXAPARIN SODIUM INJECTION USP 40MG/0.4ML(4000IU/0.4ML),***,INJECTION,2 PFS/BOX,PREFILLED SYRINGE,"Changzhou Qianhong, Bio Pharma Co Ltd",CHINA,Gulf Pharma (Pvt) Ltd
ENOXAPARIN SODIUM INJECTION USP 60MG/0.6ML(6000IU/0.6ML),***,INJECTION,02 PFSY/BOX,PRE FILLED INJECTION,"Changzhou Qianhong, Bio Pharma Co Ltd",CHINA,Gulf Pharma (Pvt) Ltd
PREGABALIN CAPSULES 75MG,XIL 75,CAPSULES,"3X10'S, 1X10'S",ALU PVDC BLISTER,Orion pharma Ltd,BANGLADESH,Darley Butler  & Co Ltd
GRISEOFULVIN TABLETS BP 500MG,GRISEOFRED 500,TABLET,1X20'S,ALU PVC BLISTER,Fredun Pharmaceuticals Ltd,INDIA,George Steuart Health Pvt Ltd
ESOMEPRAZOLE GASTRO RESISTANT TABLETS IP 40MG,ESOMIVIN,TABLETS,"3x10'S, 10X10'S",ALU ALU STRIPS,Zee Laboratories,INDIA,ABC Pharma Services Pvt. Ltd
AZITHROMYCIN TABLETS USP 500MG,PUZICIL 500,TABLET,2X3'S,ALU PVC BLISTER,UNIQUE PHARMACEUTICAL LABORATORIES,INDIA,George Steuart Health Pvt Ltd
MAGNESIUM SULFATE INJECTION BP 50% W/V,MAGSULPH,INJECTION,10MLX50'S,PP AMPOULE,kelun lifesciences(Pvt) Ltd,SRI LANKA,***
OSELTAMIVIR PHOSPHATE CAPSULES USP 75 MG,OSELTA 75,CAPSULES,"3x10's , 100's","ALU/PVC BL ,HDPE JAR",Celogen Lanka (Pvt) Ltd,SRI LANKA,***
FERROUS FUMARATE 182.4MG+ FOLIC ACID 0.4MG BP TABLETS,FERROGEN,TABLETS,"5X6,24,25X24,25X30'S",ALU PVC BLISTER,Celogen Lanka (Pvt) Ltd,SRI LANKA,***
ATORVASTATIN TABLETS IP 5MG,ATORLIP 5,TABLET,"3X10'S, 10X10'S",ALU ALU BLISTER,Cipla Ltd,INDIA,Breathe Free Lanka (Pvt) Ltd
SILODOSIN CAPSULES 4MG,SILOSURE 4,CAPSULES,1X10' 3X10' 5X10',ALU ALU BLISTER,ZIM Laboratories Limited,INDIA,Tabrane Pharmaceuticals (Pvt) Ltd
DOMPERIDONE SUPPOSITORIES 10MG,DOMIGEN 10,SUPPOSITORIES,"1X5'S, 2X5'S",PVC COATED PE BLISTE,Celogen Lanka (Pvt) Ltd,SRI LANKA,***
FUROSEMIDE INJECTION BP 10MG/ML,***,INJECTION,"1X10ML, 10X2ML",GLAS AMP. USP TYPE1,Mercury Laboratories Ltd,INDIA,Yaden International (Pvt) Ltd
RISPERIDONE TABLETS USP 1MG,RESGEN 1,TABLET,"500'S, 2X5X10'S,","HDPE JAR,PVC PVDC BL",Celogen Lanka (Pvt) Ltd,SRI LANKA,***
BOSENTAN TABLETS 125MG,***,TABLETS,"200TAB/HDPE CON,1X10","HDPE CON,ALU ALU PVC",CELOGEN LANKA (PVT) LTD (MARKETED BY ZYDUS LANKA (PVT) LTD,SRI LANKA,N/A
METRONIDAZOLE TABLETS USP 400MG,***,TABLETS,"HDPE BOT-500'S,10X10","HDPE BOT,BLISTER PAC",State Pharmaceuticals Manufacturer Corporation,SRI LANKA,***
MYCOPHENOLIC ACID DELAYED RELEASE TABLETS USP 180 MG,MYCEPT-S 180,TABLET,3X10' 6X10' 12X10',"BLISTER,HDPE BOTTLE",Panacea Biotech Pharma Ltd,INDIA,Markss HLC (Pvt) Ltd
LEVAMISOLE HYDROCHLORIDE TABLETS USP 40MG,ETRAX 40,TABLET,100'S,ALU FOIL STRIP,Advanced Chemical Industries Limited,BANGLADESH,CIC Holdings PLC
CLOTRIMAZOLE CREAM BP 1% W/W,CLOTRIVIN,CREAM,15 G,ALLUMINIUN COL CREAM,Yash Medicare (Pvt) Ltd,INDIA,Himan Group (Pvt) Ltd
BETAMETHASONE VALERAE 0.1% W/W  WITH NEOMYCIN SULPHATE 0.5% W/W  CREAM,NEO-BETASONE CREAM,CREAM,15G,ALUMINIUM  TUBE,Hovid Berhard,MALAYSIA,Mansel (Ceylon) (Pvt) Ltd
ENALAPRIL MALEATE TABLETS USP 10MG,MYOPRIL 10,TABLET,10X10'S,ALU ALU STRIP,UNIQUE PHARMACEUTICAL LABORATORIES,INDIA,George Steuart Health Pvt Ltd
"FORMETEROL FUMARATE BP 6MCG, BUDESONIDE BP 200 MCG DRY POWDER INHALATION CAPSULES",FORMOVIC 200,DRY POWDER INHALATION CAPSULES,10X10'S,ALU PVDC BLISTER,Lina Manufacturing (Pvt) Ltd,SRI LANKA,***
SALBUTAMOL DRY POWDER INHALATION CAPSULES BP 400MG,SALBUVIC 400,DRY POWDER CAPSULES,10X10'S,ALU PVDC BLISTER,Lina Manufacturing (Pvt) Ltd,SRI LANKA,***
SODIUM CHLORIDE 0.45 % W/V AND GLUCOSE 5% W/V INTRAVENOUS INFUSION BP,***,IV INFUSION,500ML,PP INFUSION BOTTLE,kelun lifesciences(Pvt) Ltd,SRI LANKA,***
CHLORPROMAZINE TABLETS BP 50MG,KLORPRO 50,TABLETS,"2X5X10'S,10X5X10'S",ALU PVC PVDC HDPE BA,Celogen Lanka (Pvt) Ltd,SRI LANKA,***
PRAZOSIN TABLLETS BP IMG,***,TABLETS,500'S 1000'S 2X5X10',"HDPE JAR,ALU PVCPVDC",Celogen Lanka (Pvt) Ltd,SRI LANKA,***
LOSARTAN POTASSIUM TABLETS BP 50MG,LOWPRES 50,TABLETS,"3X10',5X30'S,1000'S","ALU PVC BLISTER,HDPE","GAMMA INTERPHARM PVT LTD,",SRI LANKA,***
CARBOPLATIN INJECTION BP 150MG/15ML & 450 MG/45ML,CARBOPLAT 150 & CARBOPLAT 450,INJECTION,15ML & 45ML,AMB GLS USP TY 1,Beacon Pharmaceuticals Ltd,BANGLADESH,Emerchemie NB (Ceylon) Ltd
MEROPENEM FOR INJECTION USP 500MG,OLVER 500,POWDER FOR INJECTION,01 GLS VIAL+10L AMP,GLASS VIAL.GLS AMPOU,Genix Pharma (Pvt ) Ltd,PAKISTAN,Ceyoka (Pvt) Ltd
ACICLOVIR TABLETS BP 400MG,VIREST 400,TABLET,5X5'S (25 tablets),ALU PVC BLISTER,Hovid Berhard,MALAYSIA,Mansel (Ceylon) (Pvt) Ltd
SALBUTAMOL INHALATION POWDER PRE METERED BP 400MCG/CAPSULE,SALBUTOL 400,DRY POWDER CAPSULES,10X10'S,ALU PVDC BLISTER,Lina Manufacturing (Pvt) Ltd,SRI LANKA,***
GLICLAZIDE TABLETS BP  80MG,GLYCLAPAN,TABLETS,500'S 1000'S 10X10'S,"HDPE CONT,ALU PVC BL","GAMMA INTERPHARM PVT LTD,",SRI LANKA,***
CLOMIFENE TABLETS BP 50MG,OVAFIN,TABLET,1X10'S,ALU PVC BLISTER,SEARLE PAKISTAN LIMITED,PAKISTAN,Emerchemie NB (Ceylon) Ltd
AMLODIPINE BESYLATE TABLETS USP 2.5MG,AMLOZAC 2.5,TABLETS,"50'S,500'S, 1X5X10'S","HDPE JAR,ALU PVC BLI",Celogen Lanka (Pvt) Ltd,SRI LANKA,***
TRANEXAMIC ACID INJECTION BP 500MG/5ML,TRANSIC INJECTION,INJECTION,5MLX2X5,GLASS AMPOULE,"Surage Laboratories Pvt. Ltd,",PAKISTAN,George Steuart Health Pvt Ltd
NICORANDIL TABLETS BP 5MG,NICOVEX 5,TABLET,3X10'S,ALU ALU BLISTER,West Coast Pharmaceurical works Ltd,INDIA,AV Global  Impex (Pvt) Ltd
ANASTROZOLE TABLETS IP 1MG,ANZUCIA,TABLET,3X10'S,ALU ALU STRIP,United Biotech (P) Limited,INDIA,George Steuart Health Pvt Ltd
SIMVASTATIN TABLETS USP 10MG,SIMVAS 10,TABLET,"1X10'S, 10X10'S",ALU ALU BLISTER,Micro Labs Limited,INDIA,Micro Mega Lanka (Pvt) Ltd
TELMISARTAN TABLETS USP 40MG,TELSURE 40,TABLET,10X10'S,ALU ALU BLISTER,Swiss Garnier Life Scences,INDIA,George Steuart Health Pvt Ltd
CARBAMAZEPINE PROLONGED RELEASE TABLETS BP 200MG,***,TABLETS,10X10'S,ALU PVC,Mercury Laboratories Ltd,INDIA,Yaden International (Pvt) Ltd
ACICLOVIR CREAM BP 5%W/W,VIREST,CREAM,5G,ALUMINIUM TUBE,Hovid Berhard,MALAYSIA,Mansel (Ceylon) (Pvt) Ltd
TRAMADOL HYDROCHLORIDE INJECTION 50MG/ML,E-DOL,INJECTION,2X5X2ML GLS AMPOULE/,GLASS AMPOULE,Sakar Healthcare Limited,INDIA,Ceyoka (Pvt) Ltd
MEROPENEM FOR INJECTION USP 1000MG,OLVER 1000,POWDER FOR INJECTION,01 GLASS VIAL+10 ML,GLASS VIAL+WFI AMPOU,Genix Pharma (Pvt ) Ltd,PAKISTAN,Ceyoka (Pvt) Ltd
LOSARTAN POTASSIUM TABLETS BP 25MG,INOZART 25,TABLETS,10X10'S,ALU ALU BLISTER,Mc W Healthcare (P ) Ltd,INDIA,Innogen Lanka (Pvt) Ltd
PREGABALIN CAPSULES 150MG,LYRICA,CAPSULES,"4X14'S, 56'S",ALU PVC BLISTER,Pfizer Manufacturing Deutschland GmbH,GERMANY,Hemas Pharmaceuticals (Pvt) Ltd
VITAMIN E CAPSULE USP 400MG,EWON,SOFT GELATIN CAPSULES,10X10'S,ALU PVC BLISTER,Celogen Lanka (Pvt) Ltd,SRI LANKA,***
ATORVASTATIN TABLETS IP 20MG,ATOGEN 20,TABLETS,"1000'S, 10X10'S","HDPE JAR,ALU ALU BLI",Celogen Lanka (Pvt) Ltd,SRI LANKA,***
HYDROXYCHLOROQUINE SULPHATE TABLETS BP 200MG,CHLOGEN 200,TABLETS,1X10' 3X10' 4X10',ALU PVC BLISTER,NEWGEN LANKA HEALTHCARE (PVT) LTD,SRI LANKA,***
ZINC SULPHATE ORAL SOLUTION 20mg/5ml,ZINKO SOLUTION,ORAL SOLUTION,70ML,AMBER PET BOTTLE,Sachitra Medicare Services (Pvt) Ltd,SRI LANKA,***
CHLORPHENIRAMINE MALEATE ORAL SOLUTION USP 2MG/5ML,ALPHEN,ORAL SOLUTION,"60ML, 100ML",PET AMB BOTTLE,Sachitra Medicare Services (Pvt) Ltd,SRI LANKA,***
NAPROXEN TABLETS BP 250MG,NAPROGEN 250,TABLETS,10X10'S 5X10'S,"ALU AMBER,PVC BLISTE",Celogen Lanka (Pvt) Ltd,SRI LANKA,***
CARBAMAZEPINE TABLETS BP 100MG,***,TABLET,100'S,PLASTER JAR,Mercury Laboratories Ltd,INDIA,Yaden International (Pvt) Ltd
RUXOLITINIB TABLETS 5MG,RUTINIB 5,TABLETS,1X14' 4X14' 1X10',ALU ALU BLISTER,Drug International Ltd,BANGLADESH,Tabrane Pharmaceuticals (Pvt) Ltd
DOXYCYCLINE CAPSULES B.P 100MG,MEDOMYCIN 100MG,CAPSULES,"1X10'S, 10X10'S",ALU PVC BLISTER,Medochemie Ltd,CYPRUS,Associated Laboratories (Pvt) Ltd
OLAPARIB FILM COATED TABLETS 150MG,LYNPARZA 150MG,TABLETS,7X8'S,ALU ALU BLISTER,ABBVIE LTD,SWEDEN,Hemas Pharmaceuticals (Pvt) Ltd
ROSUVASTATIN TABLETS IP 5MG,ROSVOR 5,TABLET,10X10'S,ALU ALU BLISTER,Pharmafabrikon,INDIA,Novachem Lanka (Pvt) Ltd
DOXORUBICIN HYDROCHLORIDE INJECTION USP 10MG,JOXORUB 10,POWDER FOR INJECTION,5ML,USP TYPE 1 GLA VIAL,Jodas Expoim Pvt Ltd,INDIA,Softcare International (Pvt) Ltd
DOXORUBICIN HYDRICGLORIDE FOR INJECTION USP 50MG,JOXORUB 50,LYOPHILIZED POWDER FOR INJECTION,1'S(30ML),USP Ty I Gl vial,Jodas Expoim Pvt Ltd,INDIA,Softcare International (Pvt) Ltd
CISATRACURIUM BESYLATE INJECTION USP 20MG/10ML,CISATRA,SOLUTION FOR INJECTION,10ML,USP TY 1 GLS VIAL,Themis Medicare Ltd,INDIA,Sunshine Healthcare lanka Ltd
PARACETAMOL SYRUP BP 120MG/5ML (Cherry),AXCEL PARACETAMOL 120,SYRUP,"100ML,60ML",PET BOTTLE,Kotra Pharma (M) SDN BHD,MALAYSIA,Sunshine Healthcare lanka Ltd
TELMISARTAN TABLETS BP 40MG,INTESART,TABLETS,"10X10' ,500'S","ALU PVC BLS,HDPE","GAMMA INTERPHARM PVT LTD,",SRI LANKA,***
MEFENAMIC ACID TABLETS BP 500MG,MEFTAL 500,TABLET,5X2X10'S,AMB PVC ALU BLISTER,Blue Cross Laboratories Pvt Ltd,INDIA,Sunshine Healthcare lanka Ltd
USTEKINUMAB SOLUTION FOR INJECTION 90MG/ML,STELARA,SOLUTION FOR INJECTION,1's (PFS),PREFILLED OF INJECTI,Cilag AG Hechstrase,SWITZERLAND,A Baur & Co  (Pvt) Ltd
KETOCONAZOLE CREAM BP 2% W/W,KETOLOZ,CREAM,15G,COLLAPSIBLE TUBE,"GAMMA INTERPHARM PVT LTD,",SRI LANKA,***
MEBENDAZOLE ORAL SUSPENSION USP 100MG/5ML,WORMIN,POWDER FOR ORAL SUSPENSION,30ML,AMB GLS BOTTLE,Cadila pharmaceuticals Ltd,INDIA,Sunshine Healthcare lanka Ltd
DILTIAZEM PROLONGED RELEASE TABLETS BP 90MG,***,TABLETS,"50's,100's",HDPE Jar,Celogen Lanka (Pvt) Ltd,SRI LANKA,***
COLISTIMETHATE SODIUM FOR INJECTION BP 1 MIU (MILLION I.U),COLICRAFT 1 MIU,POWDER FOR INJECTION,1X1'S,GLASS VIAL,United Biotech (P) Limited,INDIA,Klintas (Pvt) Ltd
METFORMIN HYDROCHLORIDE BP 500MG,BIGMET 500,TABLETS,10X10'S,ALU PVC BLISTER,Renata Limited,BANGLADESH,Emerchemie NB (Ceylon) Ltd
KETOTIFEN TABLETS 1MG,AMITONE,TABLET,10X10'S,ALU PVC BLISTER,Unison Laboratories Co Ltd,THAILAND,Sunshine Healthcare lanka Ltd
ZINC SULPHATE ORAL SOLUTION 20mg/5ml,ZINKUP OD SYRUP,ORAL SOLUTION,60ML BOTTLE,AMB GLASS BOTTLE,Indus Pharma (Pvt) Ltd,PAKISTAN,Sunshine Healthcare lanka Ltd
PHENYTOIN TABLETS B.P   100MG,*****,TABLETS,"1000'S & 100'S,10X10","HDPE JAR,ALU STRIPS",Centurion Remedies Pvt Ltd,INDIA,Yaden International (Pvt) Ltd
ADRENALINE INJECTION BP 1MG IN IML,ADRIN,INJECTION,"5X1ML, 10X1ML",AMB GLASS AMPOULE,kelun lifesciences(Pvt) Ltd,SRI LANKA,***
LACTULOSE SOLUTION USP 3.33G/5ML,LACACE,ORAL SOLUTION,"120ML,100ML,500ML","AMB COL PET BOTTLE,",ACE Healthcare (Pvt) Ltd,SRI LANKA,***
FUSIDIC ACID CREAM BP 2%  W/W,AXCEL,CREAM,"5G, 15G",ALUMINIUM TUBE,Kotra Pharma (M) SDN BHD,MALAYSIA,Sunshine Healthcare lanka Ltd
KETOTIFEN OPTHALMIC SOLUTION 0.025%,EYTOFEN,OPHTHALMIC SOLUTION,5ML,LDPE PLASTIC VIAL,Remington pharmaceutical Industries (Pvt) Ltd,PAKISTAN,Sunshine Healthcare lanka Ltd
NEPAFENAC OPTHALMIC SUSPENSION 0.1%,NEPAC,OPHTHALMIC  SUSPENSION,5ML,PLASTIC DROPPER BOTT,Sante (Private) Limited,PAKISTAN,Emerchemie NB (Ceylon) Ltd
LENVATINIB CAPSULES 10MG,LANIB 10,CAPSULES,"3X10'S,6X10'S,9X10'S",ALU/ALU BLISTER,Drug International Ltd,BANGLADESH,Tabrane Pharmaceuticals (Pvt) Ltd
ISONIAZID TABLETS BP 100MG,SOLONEX 100,TABLET,"10X10'S, 1000'S","ALU PVC PVDC,HDPE JA",Macleods Pharmaceuticals Ltd,INDIA,Sunshine Healthcare lanka Ltd
LOSARTAN POTASSIUM TABLETS BP 25MG,***,TABLETS,500'S,HDPE JAR,State Pharmaceuticals Manufacturer Corporation,SRI LANKA,***
CEFUROXIME AXETIL TABLETS BP 250MG,STAXIM 250 MG,FILM COA TABLETS,2X6'S,ALU ALU  BLISTER,Delta Pharma Ltd,BANGLADESH,Kandana Food & Drugs (Pvt) Ltd
AMOXICILLIN CAPSULES BP 250MG,AMOGEN 250,CAPSULES,1X10' 3X10' 4X10',ALU PVDC BLISTER,NEWGEN LANKA HEALTHCARE (PVT) LTD,SRI LANKA,***
BIMATOPROST OPHTHALMIC SOLUTION 0.03% W/V,BIMAT,OPHTHALMIC SOLUTION,3ML LDPE VIAL/PACK,USP TY 1 GLS VIAL,Ajantha Pharma Ltd,INDIA,A Baur & Co  (Pvt) Ltd
SALBUTAMOL 100MCG & IPRATROPIUM BROMIDE 20MCG INHALER,DUOLIN INHALER,INHALER,200 DOSES,ALU. CANISTER,CIPLA LIMITED,INDIA,Breathe Free Lanka (Pvt) Ltd
PARACETAMOL SOLUTION FOR INJECTION 10MG/ML,PARAFUSIV,SOLUTION FOR INJECTION,100ML,TYPE 11 GLS VIAL,SM Farmaceutici SRL (fab.tito),PORTUGAL,Emerchemie NB (Ceylon) Ltd
MESALAZINE GASTRO-RESISTANT TABLETS  BP 400MG,***,TABLETS,100'S,PLASTIC JAR,Mercury Laboratories Ltd,INDIA,Yaden International (Pvt) Ltd
LORATADINE TABLETS USP 10MG,***,TABLETS,"500'SBULK,10X10'S","HDPE BOT,PVC,BLISTE",State Pharmaceuticals Manufacturer Corporation,SRI LANKA,***
FUSIDIC ACID 2% W/W + BETAMETHASONE 0.1%  VAERATE CREAM,AXCEL FUSIDIC ACID-B,CREAM,15g & 5g,ALUMINIUM TUBE,Kotra Pharma (M) SDN BHD,MALAYSIA,Sunshine Healthcare lanka Ltd
AMOXICILLIN AND CLAVULANATE POTASSIUM TABLETS USP 625MG,JOYCLAV 625,TABLET,1X10'S,ALU ALU BLISTER,Akums Drugs & Pharmaceuticals Ltd,INDIA,Darley Butler  & Co Ltd
GLICLAZIDE TABLETS BP  80MG,GLUCOFRED 80,TABLET,10X10'S,ALU ALU STRIP,Fredun Pharmaceuticals Ltd,INDIA,George Steuart Health Pvt Ltd
CHLORAMPHENICOL OPHTHALMIC SOLUTION USP 0.5% W/V,CLOZE,EYE DROP,5ML,WHITE LDPE BOTTLE,Megasys Biotek (Pvt) Ltd,INDIA,Pharmatec (Pvt) Ltd
ALPRAZOLAM TABLETS USP 0.25MG,MANOREST 0.25,TABLET,"10X10'S, 1X4'S",BLISTER,Synmedic Laboratories,INDIA,Euro Asian Pharma (Pvt) Ltd
DEXAMETHASONE INTRAVITREAL IMPLANT 0.7MG,OZURDEX,INTRAVITREAL IMPLANT,One Pack,one implant with app,Allergan Pharmaceuticals Ireland,IRELAND,Hemas Pharmaceuticals (Pvt) Ltd
DEXAMETHASONE INTRAVITREAL IMPLANT 0.7MG,OZURDEX,INTRAVITREAL IMPLANT,One Pack,one implant with app,Allergan Pharmaceuticals Ireland,IRELAND,Hemas Pharmaceuticals (Pvt) Ltd
INFLIXIMAB POWDER FOR CONCENTRATE FOR SOLUTION FOR INFUSION 100MG/VIAL,REMICADE 100MG,LYOPHILLISED POWDER FOR CONCENTRATE FOR I SOLUTION FOR INFUSION,100MG VIAL/PACK,TY 1 BOROSILICATE GL,Cilag AG Hochstrasse,SWITZERLAND,A Baur & Co  (Pvt) Ltd
ASCORBIC ACID TABLETS BP 100MG,C TABS,TABLETS,"1000'S , 500'S",HDPE CONTAINER,Unical Ceylon (Pvt) Ltd,SRI LANKA,***
FORMOTEROL FUMARATE DIHYDRATE 6MCG AND BUDESONIDE 400MCG INHALER,FORACORT 400 INHALER,CFC FREE INHALER,120 MTD,"ALU CCANIS,DOSE INHA",Cipla Ltd,INDIA,Breathe Free Lanka (Pvt) Ltd
MICONAZOLE CREAM USP 2% W/W,AXCEL,CREAM,15G,ALU COLA TUBE,Kotra Pharma (M) SDN BHD,MALAYSIA,Sunshine Healthcare lanka Ltd
ISOSORBIDE MONONITRATE TABLETS BP 20MG,MONICOR,TABLET,"5X5 BLIS10'S,1000'S",BLISTER & HDPE CONTA,Wallace Pharmaceuticals Ltd,INDIA,Emar Pharma (Pvt) Ltd
OLANZAPINE TABLETS USP 10MG,ZAPINE 10,TABLET,1X10' 3X10 5X10,ALU ALU BLISTER,ZIM Laboratories Limited,INDIA,Tabrane Healthcare (Pvt) Ltd
TACROLIMUS CAPSULES USP 1 MG,TACGRAF,CAPSULES,3X10'S,ALU ALU BLISTER,CCL Pharmaceuticals (Pvt) Ltd,PAKISTAN,CIC Holdings PLC
LOSARTAN POTASSIUM 50MG+HYDROCHLOROTHIAZIDE TABLTS USP 12.5MG,ANGIZAAR-H,TABLETS,3X10'S 1X10'S,ALU ALU BLISTER,Micro Labs Ltd,INDIA,Micro Mega Lanka (Pvt) Ltd
FLUTICASONE PROPIONATE 250MCG + SALMETEROL 50MCG DRY POWDER INHALATION CAPSULES BP,FLUTIVIC 250,DRY POWDER CAPSULES,10X10'S,ALU PVDC BLISTER,Lina Manufacturing (Pvt) Ltd,SRI LANKA,***
DULAGLUTIDE 1.5MG /0.5ML SOLUTION FOR INJECTION,TRULICITY 1.5MG,SOLUTION FOR INJECTION,4 PF PENS/0.5ML PACK,PF PEN,Eli Lilly & Company,UNITED STATES,Hemas Pharmaceuticals (Pvt) Ltd
DOMPERIDONE TABLETS 10MG,DOMSTAL,UNCOATED TABLETS,2X5X10'S,ALU PVC BLISTER,Torrent Pharmaceuticals Ltd,INDIA,Edna Medicals (Pvt) Ltd
ROSUVASTATIN CALCIUM TABLETS USP 20MG,ROSUVAS 20,TABLETS,1X10' 3X10' 5X10',COLD FORM BLISTER,SUN PHARMACEUTICAL INDUSTRIES LTD,INDIA,Emerchemie NB (Ceylon) Ltd
ATORVASTATIN TABLETS 10MG,ATOCOR 10,TABLETS,"1X10'S,2X10'S, 3X10'",ALU PVC BLISTER,Dr Reddy's Laboratories Ltd,INDIA,Emerchemie NB (Ceylon) Ltd
EVEROLIMUS TABLETS 0.25mg,EVEMUS 0.25,TABLETS,1X10X10'S,ALU ALU BLISTER,Aeon Formulation Pvt Ltd,INDIA,Lanka Theraputics (Pvt) Ltd
DASATINIB TABLETS 20MG,***,TABLETS,30'S,HDPE BOTTLE,Aeon Formulation Pvt Ltd,INDIA,Lanka Theraputics (Pvt) Ltd
METHOTREXATE TABLETS USP 2.5MG,METHOREX 2.5,TABLET,"10X10'S, 100'S","ALU ALU BLIS,HDPE BO",ZYDUS LIFESCIENCES LIMITED,INDIA,Hemas Pharmaceuticals (Pvt) Ltd
DASATINIB TABLETS 50MG,***,TABLETS,30'S/PACK,HDPE BOTLE,Aeon Formulation Pvt Ltd,INDIA,Lanka Theraputics (Pvt) Ltd
CLOMIFENE TABLETS BP 50MG,FULFYL,TABLETS,3x10's  BLISTER,ALU PVDC BLISTER,Micro Labs Ltd,INDIA,Micro Healthcare (Pvt) Ltd
SORAFENIB TABLETS 200MG,SOFENIB 200,TABLETS,30'S,HDPE BOTTLE,Aeon Formulation Pvt Ltd,INDIA,Lanka Theraputics (Pvt) Ltd
RABEPRAZOLE SODIUM ENTERIC COATED TABLETS 20MG,VELOZ 20,TABLETS,15x7'S,ALU ALU BLISTER,Torrent Pharmaceuticals Ltd,INDIA,Hemas Pharmaceuticals (Pvt) Ltd
BEVACIZUMAB INJECTION (r-DNA Origin ) 100mg/4ml,ABEVMY,CONTRAST INTRAVENOUS INFUSION,1 VIAL/100MG/4ML,USP TY 1 VIAL,Biocon Biologics Limited,INDIA,Markss HLC (Pvt) Ltd
USTEKINUMAB CONCENTRATE FOR SOLUTION FOR INTRAVENOUS INFUSION 130MG/26ML,STELARA,CONCENTRATE FOR SOLUTION FOR INFUSION,1 VIAL PER PACK,TY 1 CLEAR GLS VIAL,Cilaga AG,SWITZERLAND,A Baur & Co  (Pvt) Ltd
TELMISARTAN TABLETS USP 80MG,TELSART 80,TABLET,5X10'S,ALU ALU BLISTER,Atoz Pharmaceuticals (Pvt) Ltd,INDIA,Euro Asian Pharma (Pvt) Ltd
REGORAFENIB TABLETS 40MG,REGONIX,TABLET,28'S,HDPE BOTTLE,Beacon Pharmaceuticals Ltd,BANGLADESH,Emerchemie NB (Ceylon) Ltd
ZOLEDRONIC ACID FOR INJECTION 4MG/VIAL,ZOLDONAT,INJECTION,01 VIAL/PACK,GLASS VIAL,Natco Pharma Ltd,INDIA,Sunshine Healthcare lanka Ltd
CEFIXIME ORAL SUSPENSION USP 100MG/5ML,FIXITIL,ORAL SUSPENSION,30ML,AMBER GLASS BOTTLE,Tabros Pharma (Pvt) Ltd,PAKISTAN,Associated Laboratories (Pvt) Ltd
CHOLINE SALICYLATE AND BENZALKONIUM CHLORIDE GEL (9% W/V AND 0.02% W/V),ZYTEE RB,GEL,10ML,ALUMINIUM COLLA TUBE,Raptakos Brett & Company Ltd,INDIA,Pharma Associates
ACECLOFENAC TABLETS 100MG,GDFENAC,TABLET,10X10'S,ALU ALU BLISTER,G.D Laboratories (India) Pvt .Limited,INDIA,Softlogic Pharmaceuticals (Pvt( Ltd
GEFITINIB TABLET IP 250MG,GEFTINAT 250,TABLETS,30's,BLISTER PACK,Natco Pharma Ltd,INDIA,Sunshine Healthcare lanka Ltd
DULOXETINE DELAYED RELEASE CAPSULES USP 60MG,C-YALTA,CAPSULES,10'S,ALU ALU BLISTER,SEARLE PAKISTAN LIMITED,PAKISTAN,Emerchemie NB (Ceylon) Ltd
COLCHICINE TABLETS BP 0.5MG,COLCIN,TABLETS,10X10' 3X10' 100',"ALU ALU BLIS,HDPE",Celogen Lanka (Pvt) Ltd,SRI LANKA,***
THIAMINE (B1) 100MG + PYRIDOXINE (B6) 200MG + CYANOCOBALAMIN (B12) 200MCG FILM COATED TABLETS,NEUROTONE,TABLET,10X10'S,ALU PVDC BLISTER,Renata Limited,BANGLADESH,Emerchemie NB (Ceylon) Ltd
WARFARIN SODIUM TABLETS USP 0.50MG,WARCLOT 0.5,TABLETS,"100'S,1X5X10'",HDPE CONTAINER,Celogen Lanka (Pvt) Ltd,SRI LANKA,***
DAPAGLIFLOZIN TABLETS 10MG,DAPAZIN 10,TABLETS,"7X14'S 14'S, 7'S",ALU ALU BLISTER,CCL Pharmaceuticals (Pvt) Ltd,PAKISTAN,CIC Holdings PLC
MEBEVERINE HYDROCHLORIDE PROLONGED RELEASE CAPSULES 200MG,DUSPATALIN RETARD 200,CAPSULES,3X10'S,ALU ALU BLISTER,Mylan Laboratories S.A.S,FRANCE,CIC Holdings PLC
RABIES VACCINE BP 2.5IU (PURIFIED CHICK EMBRYO CELL CULTURE RABIES VACCINE- INACTIVATED RABIES VIRUS),VAXIRAB N,LYOPHILIZED POW INJECTION,USP GLASSVIAL TYPE 1,USP GLASSVIAL TYPE 1,ZYDUS LIFESCIENCES LIMITED,INDIA,Hemas Pharmaceuticals (Pvt) Ltd
ACECLOFENAC TABLETS 100MG,ACEFLEX,TABLET,"5X10'S, 1X10'S",ALU ALU BLISTER,Navana Pharmaceuticals Ltd,BANGLADESH,Darley Butler  & Co Ltd
CLOBETASOL PROPIONATE CREAM USP 0.05% W/W,COBINT,CREAM,15G,ALU COLL TUBE,"GAMMA INTERPHARM PVT LTD,",SRI LANKA,***
ITRACONAZOLE CAPSULES 100MG,SPORANOX,CAPSULES,5X3'S,ALU PVC BLISTER,"Janssen Cilag Spa ,Italy for Janssen Pharmaceutica Lda NV Belgium",BELGIUM,MULLER & PHIPPS (HEALTH CARE) LIMITED
TELMISARTAN TABLETS USP 20MG,T-SAR,TABLET,"10', 10X10'S",ALU ALU BLISTER,CCL Pharmaceuticals (Pvt) Ltd,PAKISTAN,CIC Holdings PLC
SIMETHICONE CAPSULES 200MG,GAZGO,SOFT GELATIN CAPSULES,3X10'S,ALU PVC PVDC BLISTER,Mega Lifesciences Public Company (Pvt) Ltd,THAILAND,A Baur & Co  (Pvt) Ltd
ESTRADIOL 1MG + DYDROGESTERONE 5MG TABLETS,FEMOSTON CONTI  1/5 MG,TABLET,28 TYABLETS,PVC PVDC BLISTER,Abbott Biological BV,NETHERLANDS,CIC Holdings PLC
SALBUTAMOL INJECTION BP 1MG/ML,***,INJECTION,5ML & 5ML X10'S,AMB GLS AMPOULE,Mercury Laboratories Ltd,INDIA,Yaden International (Pvt) Ltd
HYDROCORTISONE ACETATE CREAM BP 1%w/w,DROCORT 1%,CREAM,15G,ALU COLLAPSIBLE TUBE,Agio Pharmaceuticals Ltd,INDIA,Citihealth Imports (Pvt) Ltd
METOCLOPRAMIDE INJECTION USP 10MG/2ML,MICIVIN,INJECTION,2ML X10'S,AMB GLS AMPOULLE,Steril Gene Life Sciences (Pvt) Ltd,INDIA,Unity Pharma Lanka (Pvt) Ltd
DEFERASIROX DISPERSIBLE TABLETS 500MG,CHELOVA 500,TABLET,3X10' 10X10' 1X10,ALU ALU BLISTER,JENPHAR BANGLADESH LTD,BANGLADESH,Tabrane Healthcare (Pvt) Ltd
ADAPALENE GEL USP 0.1% W/W,AKNIZOL 0.1%,GEL,15G,PRINTED LAMI TUBE,Agio Pharmaceuticals Ltd,INDIA,Citihealth Imports (Pvt) Ltd
PROPOFOL EMULSION FOR INJECTION OR INFUSION 1%  10mg/ml,FRESOFOL 1% MCT/LCT,EMULSION FOR INTRAVENOUS INJECTION OR INFUSION,"50ML , 10X50ML",GLASS VIAL,Fresenius Kabi Austria GmbH,AUSTRIA,Hemas Pharmaceuticals (Pvt) Ltd
CIPROFLOXACIN TABLETS BP 500MG,QUINOCIP 500,TABLETS,10x10'S,ALU PVC BLISTER,Agio Pharmaceuticals Ltd,INDIA,Citihealth Imports (Pvt) Ltd
ACICLOVIR TABLETS BP 800MG,ACIHERPIN 800,UNCOATED TABLETS,"1X5'S, 500'S","ALU PVC BLI,PLAS JAR",Agio Pharmaceuticals Ltd,INDIA,Citihealth Imports (Pvt) Ltd
ATORVASTATIN TABLETS IP 20MG,***,TABLETS,500' 1000' 100'  60',"ALU ALU,HDPE CONTAI",Sands Active Pvt Ltd,SRI LANKA,***
FEXOFENADINE HYDROHLORIDE TABLETS USP 120MG,ODIFEX 120,TABLETS,1x10'S & 3x10'S,ALU PVC BLISTER,Agio Pharmaceuticals Ltd,INDIA,Citihealth Imports (Pvt) Ltd
CLOTRIMAZOLE CREAM USP 1%,CANISON 1%,CREAM,"15G,20G",ALU.COLLAPSIBLE TUBE,Agio Pharmaceuticals Ltd,INDIA,Citihealth Imports (Pvt) Ltd
PREDNISOLONE ACETATE OPHTHALMIC SUSPENSION USP 1%,FORTIPRED,OPHTHALMIC SUSPENSION,5ML LDPE BOTTLE,LDPE BOTTLE/HDPE CAP,Remington pharmaceutical Industries (Pvt) Ltd,PAKISTAN,Sunshine Healthcare lanka Ltd
METHYL PREDNISOLONE SODIUM SUCCINATE FOR INJECTION USP 1G,SUCCIMED,POWDER FOR INJECTION,1 VIAL,GLASS VIAL,VHB Medi Sciences Ltd,INDIA,Yaden International (Pvt) Ltd
ANTI RHO-D IMMUNOGLOBULIN INJECTION 300MCG (MONOCLONAL Freezed Dried),RHOCLONE 300,POWDER FOR INJECTION,1 VIAL+2 ML INJECTIO,"GLASS VIAL,AMP INJEC",Bharat Serums & Vaccine Ltd,INDIA,Ceyoka (Pvt) Ltd
RABIES ANTISERUM EQUINE INJECTION 1000IU/5ML,EQUIRAB,INJECTION,5ML VIAL PER PACK,USP TY 1 GLS VIAL,Bharat Serums & Vaccine Ltd,INDIA,Ceyoka (Pvt) Ltd
FLUCLOXACILLIN CAPSULES BP 500MG,UNIFLOX 500,CAPSULES,2X10'S 10X10'S,ALU ALU BLISTER,Navesta Pharmaceuticals (Pvt) Ltd,SRI LANKA,***
MEROPENEM FOR INJECTION USP 500MG,MONEM 500MG,POWDER FOR INJECTION,1X10'S,TYPE 1 GLS VIAL,BIOLAB CO. LTD,THAILAND,George Steuart Health Pvt Ltd
MEROPENEM FOR INJECTION USP 1G,MONEM 1G,POWDER FOR INJECTION,1X10'S,TY 1 GLASS V IAL,BIOLAB CO. LTD,THAILAND,George Steuart Health Pvt Ltd
CELECOXIB CAPSULES 100MG,CELEKOP 100,CAPSULES,10X10'S,ALU PVC BLISTER,Kopran Ltd,INDIA,Alaris Lanka (Pvt) Ltd
GLUCOSE INTRAVENOUS INFUSION BP 5% (50G/L),GLUCOSE 5%,INFUSION,500ML,PE CONTAINER,Fresenius Kabi India Pvt Ltd,INDIA,Hemas Pharmaceuticals (Pvt) Ltd
ACECLOFENAC TABLETS 100MG,FECK,TABLET,3X10' 1X10' 5X10',ALU ALU BLISTER,ZIM Laboratories Limited,INDIA,Tabrane Pharmaceuticals (Pvt) Ltd
IOHEXOLE INJECTION  USP 300MG IODINE/ML,CONTRAPAQUE 300,INJECTION,"50ML, 100ML",GLASS VIAL,Unique Pharmaceutical Laboratories,INDIA,George Steuart Health Pvt Ltd
CLOPIDOGREL TABLETS USP 75MG,ANCLOG,TABLET,3X10'S,ALU ALU BLISTER,Square Pharmaceuticals Ltd,BANGLADESH,CIC Holdings PLC
OLAPARIB FILM COATED TABLETS 100MG,LYNPARZA 100MG,TABLETS,7X8'S,ALU ALU BLISTER,ABBVIE LTD,SWEDEN,Hemas Pharmaceuticals (Pvt) Ltd
ESOMEPRAZOLE MAGNESIUM DELAYED RELEASE CAPSULES USP 40MG,ESOME 40MG,CAPSULES,2X7'S,ALU ALU BLISTER,Getz Pharma (Pvt) Ltd,PAKISTAN,Hemas Pharmaceuticals (Pvt) Ltd
PROGESTERONE CAPSULES 200MG,U-PROGEST,SOFT GELATIN CAPSULES,"10'S, 2'S",ALU PVC PVDC BLISTER,SEARLE PAKISTAN LIMITED,PAKISTAN,Emerchemie NB (Ceylon) Ltd
OMEPRAZOLE DELAYED RELEASE CAPSULES USP 20MG,LOMAC 20,CAPSULES,10X10'S,ALU ALU STRIP PACK,CIPLA LIMITED,INDIA,Breathe Free Lanka (Pvt) Ltd
LORATADINE ORAL SOLUTION USP 5MG/5ML,ATCO-LOR,SYRUP,60ML,AMBER COLOUR BOTTLE,ATCO Laboratories Limited,PAKISTAN,Morison Limited.
FUROSEMIDE TABLETS BP 40MG,FRUSIDE 40,TABLETS,2X5X10' 10X5X10' 500,ALU PVC BLIST .HDPE,Celogen Lanka (Pvt) Ltd,SRI LANKA,***
WARFARIN SODIUM TABLETS USP 3MG,WARCLOT-3,TABLETS,"100'S,1X5X10' 2X5X10","HDPE,ALU PVC PVDC BL",Celogen Lanka (Pvt) Ltd,SRI LANKA,***
LOSARTAN POTASSIUM TABLETS USP 50MG,***,TABLETS,"1x10,'3x10',10x10","ALU ALU BLS,HDPE",Sands Active Pvt Ltd,SRI LANKA,***
RISPERIDONE TABLETS USP 2MG,RESGEN 2,TABLETS,2X5X10'S 500'S,"HDPE,BLISTER JAR",Celogen Lanka (Pvt) Ltd,SRI LANKA,***
BORTEZOMIB FOR INJECTION IP 2 MG/VIAL,BORTENAT 2,LYOPHILIZED POWDER FOR INJECTION,1 VIAL/PACK,TY 1 GLASS VIAL,Natco Pharma Ltd,INDIA,Sunshine Healthcare lanka Ltd
FLUTICASONE PRESSURIZED INHALATION BP 125MCG/DOSE (120 DOSES),***,AEROSOL FOR ORAL INHALATION,1'S /(120 Doses),"ALU CANIS,VALVE SYST",Heilongjiang province Fulekang Pharmaceutical Co Ltd,CHINA,Ceyoka (Pvt) Ltd
LETROZOLE TABLETS USP 2.5MG,STIMU-LET,TABLETS,6X5'S 2X5X10'S,ALU PVC BLISTER,Corona Remedics (Pvt) Ltd,INDIA,Sunshine Healthcare lanka Ltd
SITAGLIPTIN TABLETS USP 100MG,SITA-K,TABLET,10X10'S,ALU ALU BLISTER,The Schazoo Pharmaceutucal Laboratories (Pvt) Ltd,PAKISTAN,Biolife Pharmaceuticals (Pvt) Ltd
"COLISTIMETHATE SODIUM LYOPHILIZED POWDER FOR INJECTION USP 100,000 IU (1 MILLION IU/VIAL)",NOGOTEX,POWDER FOR SOLUTION FOR INJECTION,01 VIAL/10ML AMP FOR,VIAL+USP TY 1 GLA AM,Nabiqasim Industries (Pvt) Ltd,PAKISTAN,George Steuart Health Pvt Ltd
DICLOFENAC SODIUM DELAYED RELEASE TABLETS USP 25MG,DICLOSAN-DR 25,TABLETS,"10X10,6X10,3X10,1X10","PVDC,PVC,BLIS,HDPE C",Sands Active Pvt Ltd,SRI LANKA,***
KETOROLAC TROMETHAMINE INJECTION USP 30MG IN 1ML (3%),ROLAC 30,INJECTION,1ML(6AMPX6 SYRINGE),GLASS,Renata Limited,BANGLADESH,Emerchemie NB (Ceylon) Ltd
BRINZOLAMIDE OPHTHALMIC SUSPENSION USP 1% W/V -5ML,BRIO,OPHTHALMIC SUSPENSION,5ML,LDPE BOTTLE,Sunway Rohto Pharmaceutical Pvt Ltd,INDIA,Yaden International (Pvt) Ltd
TRASTUZUMAB POWDER FOR CONCENTRATE FOR SOLUTION FOR IV INFUSION 150MG,ARYO TRUST,POWDER FOR CONCENTRATE FOR SOLUTION FOR IV INFUSION,1 CLEAR GLS VIAL,CLEAR GLS VIAL,AryoGen Pharmed,IRAN,Cliniqon Biotech Pvt. Ltd
CETIRIZINE HYDROCHLORIDE ORAL SOLUTION USP 5MG/5ML,COPE,ORAL SOLUTION,60ML PET,AMBER PET BOTTLE,Akums Drugs & Pharmaceuticals Ltd,INDIA,Hemas Pharmaceuticals (Pvt) Ltd
ACICLOVIR TABLETS BP 200MG,HERPERAX,TABLETS,"1X10'S, 10X10'S",ALU  PVC BLISTER,Micro Labs Limited,INDIA,Micro Mega Lanka (Pvt) Ltd
PREGABALIN SUSTAINED RELEASE TABLETS 300MG,SEGABIN SR 300,SUSTAINED RELEASE TABLETS,10X10'S,ALU PVC BLISTER,Inventia Healthcare (Pvt) Ltd,INDIA,Emerchemie NB (Ceylon) Ltd
THEOPHILLINE ORAL SOLUTION USP 26.67MG/5ML,THEOFIN,ORAL SOLUTION,"100ML, 60ML",AMB GLS BOTTLE,"GAMMA INTERPHARM PVT LTD,",SRI LANKA,***
LOSARTAN POTASSIUM TABLETS USP  25MG,LARA 25,TABLET,10X10'S,BLISTER PACK,Alkem Laboratories Ltd,INDIA,Emerchemie NB (Ceylon) Ltd
ELTROMBOPAG TABLETS 50MG,ELBONIX 50,TABLET,28'S,ALU ALU BLISTER,Beacon Pharmaceuticals Ltd,BANGLADESH,Emerchemie NB (Ceylon) Ltd
DOMPERIDONE ORAL SUSPENSION 5MG/5ML,DPERON,ORAL SUSPENSION,60ML BOTTLE,"GLS BOTTL,PET BOTTLE","GAMMA INTERPHARM PVT LTD,",SRI LANKA,***
VALSARTAN TABLETS USP 160MG,NUVAL 160,TABLET,2X7'S,ALU ALU BLISTER,Pharm Evo (Pvt) Ltd,PAKISTAN,CIC Holdings PLC
SALBUTAMOL ORAL SOLUTION BP 2MG/5ML,BRONCODIL,ORAL SOLUTION,"60ML, 100ML, 450ML","GLS BOTTLE,PET BOTTL","GAMMA INTERPHARM PVT LTD,",SRI LANKA,***
AZITHROMYCIN FOR ORAL SUSPENSION USP 200MG/5ML,ZITHRIN,POWDER FOR SUSPENSION,35ML & 15ML,AMB GLS BOTTLE,Renata Limited,BANGLADESH,Emerchemie NB (Ceylon) Ltd
RIVAROXABAN TABLET 10MG,XCEPT 10,TABLETS,1X10'S,ALU ALU BLISTER,PharmEvo (Pvt) Ltd,PAKISTAN,CIC Holdings PLC
CIPROFLOXACIN EYE/EAR DROPS 0.3% w/v,CIPROCIDAL,EYE & EAR DROPS,5ML,LDPE BOTTLE,Megasys Biotek (Pvt) Ltd,INDIA,Pharmatec (Pvt) Ltd
FEXOFENADINE HYDROCHLORIDE TABLETS USP 60MG,FENADIN 60,TABLET,3X10'S,BLISTER PACK,Renata Limited,BANGLADESH,Emerchemie NB (Ceylon) Ltd
TIBOLONE TABLETS 2.5MG,TIBION,TABLET,1X28'S,BLISTER,Renata Limited,BANGLADESH,Emerchemie NB (Ceylon) Ltd
SILODOSIN CAPSULES 8MG,SILOSURE 8,CAPSULES,3X10' 1X10' 10X10',ALU ALU BLISTER,ZIM Laboratories Limited,INDIA,Tabrane Pharmaceuticals (Pvt) Ltd
TAMSULOSIN HYDROCHLORIDE CAPSULES USP 0.4MG,TAMSIN 0.4,CAPSULES,1X10' 3X10' 5X10',ALU ALU BLISTER,ZIM Laboratories Limited,INDIA,Tabrane Pharmaceuticals (Pvt) Ltd
"SODIUM CHLORIDE 1.75G,POTASSIUM CHLORIDE 0.75MG,TRISODIUM CITRATE DIHYDRATE 1.45G,GLUCOSE ANHYDRAOUS 10.G (ORANGE FLAVOURED)",PEDITRAL LIQUID,ORAL SOLUTION,500ML,HDPE BOTTLE,The Searle Company Ltd,PAKISTAN,Morison Limited
TAMSULOSIN PROLONGED RELEASE CAPSULES BP 0.4MG,TAMSOL 0.4,CAPSULES,10X10' 3X10' 100'S`,ALU PVC PVDC/HDPE JA,Celogen Lanka (Pvt) Ltd,SRI LANKA,***
IRBESARTAN TABLETS BP 150MG,IRZART,TABLETS,5X10'S,ALU AMBER PVC PVDC B,Celogen Lanka (Pvt) Ltd,SRI LANKA,***
TAMSULOSIN PROLONGED RELEASE CAPSULES BP 0.2 MG,TAMSOL 0.2,PROLONGED RELEASE CAPSULES,10X10; 3X10' 100'S,ALU PVC PVDC HDPE,Celogen Lanka (Pvt) Ltd,SRI LANKA,***
ALPRAZOLAM TABLETS USP 0.5MG,TRANQUINAL 0.5,TABLETS,30'S,ALU PVC PVDC BLISTER,Laboratories Bago S A,ARGENTINA,Emerchemie NB (Ceylon) Ltd
LEUPROLIDE ACETATE FOR INJECTION(DEPOT) 3.75MG,BDSURE,INJECTION,Combipack,TUBULAR RUBBER,BDR Pharmaceuticals International (Pvt) Ltd,INDIA,Pharma Associates (Pvt) Ltd
CLOBAZAM TABLETS BP 10MG,CLOBAS 10,TABLET,"10X10'S, 100'S","ALU PVC ,HDPE JAR",The Madras Pharmaceuticals,INDIA,Pharma Associates
PANTOPRAZOLE SODIUM DELAYED RELEASE TABLETS USP 20MG,GENOCID 20,TABLETS,"3x10'S,10X10'S",ALU ALU BLISTER,Sydler Remedies (Pvt) Ltd,INDIA,Alaris Lanka (Pvt) Ltd
MONTELUKAST CHEWABLE TABLETS 4MG,MONTEZYD 4,TABLETS,3X10'S,ALU ALU BLISTER,ZYDUS LIFESCIENCES LIMITED,INDIA,Sunshine Healthcare lanka Ltd
SERTRALINE HYDROCHLORIDE TABLETS 50MG,SERT,TABLETS,"1X5X10,2X5X10,100'S","ALU PVC BLS,HDPE JAR",Celogen Lanka (Pvt) Ltd,SRI LANKA,***
MEBENDAZOLE TABLETS USP 100MG,***,CHEWABLE TABLETS,"500'S, 1000'S",HDPE BOTTLE,State Pharmaceuticals Manufacturer Corporation,SRI LANKA,***
"ELEMENTAL IRON 24MG+ELEMENTAL ZINC 12MG,ELEMENTAL COPPER 2MG,PYRIDOXINE HCL  BP 5MG,CYANOCOBALAMIN BP 10MCG & FOLIC ACID BP 500MCG CAPSULES",FEROGLOBIN,CAPSULES,5X6'S,ALU ALU STRIP,Meyer Organics (Pvt) Ltd,INDIA,SMM Halcyon (Pvt) Ltd
PRAMIPEXOLE DIHYDROCHLORIDE TABLETS BP 0.5MG,PRAMIPEX 0.5,TABLETS,"10 'S , 30'S",BLISTER,Sun Pharma Laboratories Ltd,INDIA,Emerchemie NB (Ceylon) Ltd
CALCITRIOL CAPSULES 0.25MCG,MEDITROL,SOFT GELATIN CAPSULES,3X10'S,ALU PVC BLISTER,Mega Lifesciences Public Company (Pvt) Ltd,THAILAND,A Baur & Co  (Pvt) Ltd
ADSORBED TETANUS VACCINE BP,B ETT,SUSPENSION FOR INJECTION,Multi Dose,USP TY 1 GLS VIAL,Biological E Ltd,INDIA,Sunshine Healthcare lanka Ltd
VENLAFAXINE HYDROCHLORIDE EXTENDED RELEASE CAPSULES USP 75MG,VENAFAX-XR 75,HARD GELATIN CAPSULE,3X10 6X10 10X10 1X10,"PVDC,PVC,ALU BLISTER",Sands Active Pvt Ltd,SRI LANKA,***
DULOXETINE HYDROCHLORIDE CAPSULES 30MG,DILINER DR 30,CAPSULES,5X6'S,BLISTER,Square Pharmaceuticals Ltd,BANGLADESH,CIC Holdings PLC
VILDAGLIPTIN TABLETS 50MG,VILDA,TABLET,6X10'S,ALU ALU BLISTR,Aristopharma Ltd,BANGLADESH,Hemas Pharmaceuticals (Pvt) Ltd
RIFAXIMIN TABLETS 550MG,RIFAXA 550,TABLET,10'S,ALU ALU BLISTER,Ferozsons Laboratories Ltd,PAKISTAN,Emerchemie NB (Ceylon) Ltd
ASCORBIC ACID CHEWABLE TABLES BP 500 MG,MAC-CEF 500,CHEWABLE TABLETS,10X10 TABLETS,ALU ALU BLISTER,Mc W Healthcare (P ) Ltd,INDIA,Innogen Lanka (Pvt) Ltd
"MENTHOL 4G+METHYL SALICYLATE 1.6G ,CAMPHOR 1.6G+GLYCOL SALYCILATE 0.6G+EUCALIPTUS OIL 0.4G+GLYCYRMETHNIC ACID 0.06G PAIN RELEAVING AEROSOL SPRAY",SALONPAS SPRAY,AEROSOL SPRAY,80ML PER PACK,ALUMINIUM CAN,Daizo Corporation for Hisamitsu Pharmaceuticals Co Inc,JAPAN,Sunshine Healthcare lanka Ltd
TRANEXAMIC ACID INJECTION JP 500MG/5ML,TRANSAMIN,INJECTION,10X5ML,GLASS AMP,Hilton  Pharma (Pvt) Ltd,PAKISTAN,Sunshine Healthcare lanka Ltd
CEFUROXIME FOR INJECTION USP 750MG,*****,POWDER INJECTION,10  VIALS/PACK,TYPE 111 GLASS VIAL,Karnataka Antibiotic & Pharmaceuticals Ltd,INDIA,A Baur & Co  (Pvt) Ltd
IRON+ VITAMIN B 12+FOLIC ACID+ VITAMIN C + VITAMIN B 6+COPPER CAPSULES,SIDERFOL PM,CAPSULES,10X10'S,BLISTER,Raptakos Brett & Company Ltd,INDIA,Pharma Associates
METOPROLOL TARTRATE TABLETS USP 50MG,METOLOL,TABLETS,"30's, 10X10'S","HDPE JAR,ALU ALU BLI",Celogen Lanka (Pvt) Ltd,SRI LANKA,***
BENZOYL PEROXIDE GEL BP 2.5% W/W,BENOX 2.5,GEL,20G,LAMINATED TUBE,East African (India) Overses,INDIA,Mega Pharma (Pvt) Ltd
PREDNISOLONE ORAL SOLUTION USP 5MG/5ML,MAXPRED,ORAL SOLUTION,"60ML,500ML",AMB COL PET BOTTLE,ACE Healthcare (Pvt) Ltd,SRI LANKA,***
PYRIDOSTIGMINE TABLETS BP 60MG,PYRIDOS,TABLETS,"3X10'S,5X10'S,10X10'",ALU APVS BLISTER,Celogen Lanka (Pvt) Ltd,SRI LANKA,***
NITROGLYCERIN SUBLINGUAL TABLETS USP 0.5MG,MYONIT,TABLETS,10X5X30 1X50'S,GLASS BOTTLE,Troikaa Pharmaceuticals Ltd,INDIA,Slim Pharmaceuticals (Pvt) Ltd
MEDROXYPROGESTERONE INJECTION BP 150 MG/ML,MEDOGEN INJECTION,INJECTION,1'S,VIAL,Incepta Pharmaceuticals Ltd,BANGLADESH,Citihealth Imports (Pvt) Ltd
CEFTRIAXONE FOR INJECTION USP 1G,VAXCEL,POWDER FOR INJECTION,1 VIAL/PACK,GLASS VIAL,Kotra Pharma (M) SDN BHD,MALAYSIA,Sunshine Healthcare lanka Ltd
AZITHROMYCIN TABLETS 500MG,AZICURE 500,TABLET,"1X3'S, 5X3'S",ALU ALU BLISTER,Macleods Pharmaceuticals Ltd,INDIA,Sunshine Healthcare lanka Ltd
AMITRIPTYLINE TABLETS BP 25MG,AMILEB 25,TABLET,"10X10', 10X2X10'S",ALU PVC HDPE JAR,Leben Laboratories (Pvt) Ltd,INDIA,Ceyoka (Pvt) Ltd
AZITHROMYCIN ORAL SUSPENSION IP 200MG/5ML,AZILEB 200,SUSPENSION,"15ML, 30ML",PET BOTTLE,Leben Laboratories (Pvt) Ltd,INDIA,Ceyoka (Pvt) Ltd
AMOXICILLIN & CLAVULANATE POTASSIUM TABLETS USP 375 MG,CLANEKSI 375,TABLET,"5X6'S, 10X10'S",ALU STRIP PACK,PT Sanbe Farma,INDONESIA,Softlogic Pharmaceuticals (Pvt( Ltd
METHYLPREDNISOLONE TABLETS USP 16MG,SANEXON 16,TABLETS,5X6'S,ALU ALU STRIP PACK,P T Sanbe Farma,INDONESIA,Softlogic Pharmaceuticals (Pvt( Ltd
CASPOFUNGIN ACETATE POWDER FOR CONCENTRATE FOR SOLUTION FOR INFUSION 50MG,CASGLO 50,POWDER FOR CONCENTRATE FOR SOLUTION FOR INFUSION,1 VIAL/PACK,TY 1 GLASS VIAL,Anfarn Hellas S A,GREECE,Sunshine Healthcare lanka Ltd
CETIRIZINE HYDROCHLORIDE ORAL SOLUTION USP 5MG/5ML,ZECET,ORAL SOLUTION,60ML,Amber PET Bottle,Zee Laboratories,INDIA,ABC Pharma Services Pvt. Ltd
TELMISARTAN TABLETS USP 80MG,CRESAR 80,TABLET,3X10'S,ALU ALU BLISTER,CIPLA LIMITED,INDIA,Breathe Free Lanka (Pvt) Ltd
SODIUM CHLORIDE INTRAVENOUS INFUSION BP 0.9 % w/v,STERIPORT NS,IV INFUSION,"500 ml/, 250ml,100ml",POLYPROPYLENE BOTTLE,kelun lifesciences(Pvt) Ltd,SRI LANKA,***
"AMINOCAIDS 10% W/V INJECTION WITH ELECTROLYTES, GLUCOSE INTRAVENOUS INFUSION BP 300G/I ,INTRAVENOUS FAT EMULSION WITH MEDIUM,LONG TRIGLYCERIDES(20%W/V",TNA,INJECTION,1000ML BAG,COMBI PACK CHAMBER B,Otsuka Pharmaceutical India Private Limited,INDIA,Slim Pharmaceuticals (Pvt) Ltd
MEMANTINE HYDROCHLORIDE TABLETS 5MG,MENDIN 5,TABLETS,5X10'S,ALU ALU BLISTER,Pharmafabrikon,INDIA,Novachem Lanka (Pvt) Ltd
SALBUTAMOL INHALATION POWDER PRE METERED BP 200MCG/CAPSULE,SALBUTOL 200,DRY POWDER CAPSULES,10X10'S,ALU PVDC BLISTER,Lina Manufacturing (Pvt) Ltd,SRI LANKA,***
CARBAMAZEPINE TABLETS BP 200MG,SANMAZE 200,TABLET,1X10' 3X10' 6X10,"ALU PVC,PE,PVDC HDPE",Sands Active Pvt Ltd,SRI LANKA,***
DISULFIRAM TABLETS BP 250mg,***,TABLETS,100'S,HDPE JAR,Mercury Laboratories Ltd,INDIA,Yaden International (Pvt) Ltd
MUPIROCIN OINTMENT USP 2% W/W,B-Bact,OINTMENT,5G,COLLAPSIBLE TUBE,Indi Pharma (Pvt) Ltd,INDIA,Emar Pharma (Pvt) Ltd
AMOXICILLIN TABLETS FOR ORAL SUSPENSION USP 250MG,BLUMOX 250 DT,TABLETS FOR ORAL SUSPENSION,"1X10'S, 10X10'S",ALU ALU STRIP,Twenty Fist Century Pharmaceutical Pvt Ltd,INDIA,Sunshine Healthcare lanka Ltd
THIAMINE INJECTION BP 100MG/2ML,***,SOLUTION FOR INJECTION,2MLX10/2ML/1 PACK,USP TY 1 GLS VIAL,"YADEN LABORATORIES PVT LTD ,",SRI LANKA,***
ESTRADIOL VALERATE TABLETS 2MG,PROGYNOVA 2,TABLETS,1X28'S,PVC/AL BLISTER,Bayer Weiner GmbH & Co. KC  Germany for Bayer Pharma AG Germany,GERMANY,Hemas Pharmaceuticals (Pvt) Ltd
ROSUVASTATIN TABLETS IP 10MG,INTEROS,TABLETS,"10x10',3X10' 1000's","ALU PVDC,HDPE BOTTLE","GAMMA INTERPHARM PVT LTD,",SRI LANKA,***
ATORVASTATIN CALCIUM TABLETS USP 10MG,XELPID,TABLETS,3x10's,Alu-PVC  Blister pac,Healthcare Pharmaceuticals Limited,BANGLADESH,Citihealth Imports (Pvt) Ltd
ACECLOFENAC TABLETS 100MG,ZERODOL,TABLETS,3X10'S,ALU ALU BLISTER,"Ipca Laboratories Limited,",INDIA,Emar Pharma (Pvt) Ltd
NALTREXONE HYDROCHLORIDE 50MG USP TABLETS,NALDICT,TABLETS,1X10'S,ALU ALU BLISTER,Pharmafabrikon,INDIA,Novachem Lanka (Pvt) Ltd
KETOTIFEN FUMARATE SYRUP 1MG/5ML,ALTIFEN,ORAL SOLUTION,"500ML,100ML,60ML",AMB PET BOTTLE,ACE Healthcare (Pvt) Ltd,SRI LANKA,***
ISOPHANE INSULIN HUMAN INJECTION 100IU IN 1ML,INSULATARD,SUSPENSION FOR INJECTION,10ML,GLASS VIAL,NOVO NORDIC A/S,DENMARK,Sunshine Healthcare lanka Ltd
MOXIFLOXACIN OPHTHALMIC SOLUTION USP 0.5% W/V,MOXICIN EYE DROP,OPHTHALMIC  SUSPENSION,1'S,5ML DROPPER TIP BOT.,The Schazoo Pharmaceutucal Laboratories (Pvt) Ltd,PAKISTAN,Shaka Holdings (Pvt) Ltd
CEFTRIAXONE FOR INJECTION USP 1G,CEFTIROL 1G,INJECTION,1G VIAL/PACK,USP TY 111 GLS,INNOVA CAPTAB LIMITED,INDIA,Cliniqon Biotech Pvt. Ltd
TICAGRELOR TABLETS 90MG,ANPLAG 90,TABLETS,"30'S, 60'S",ALU ALU BLISTER,PharmEvo (Pvt) Ltd,PAKISTAN,CIC Holdings PLC
FLUTICASONE FUROATE NASAL SPRAY 27.5 MCG/SPRAY,AVAMYS NASAL SPRAY,NASAL SPRAY SUSPENSION,120 SPRAYS,AMB GLS SPRAY,Glaxo Wellcom S.A Aranda Spain /Glacosmithkline Australia Pty Ltd,SPAIN,A Baur & Co  (Pvt) Ltd
VITAMIN E CAPSULES USP 400MG,TOCOSULES,CAPSULES,"3X10'S, 10X10'S",ALU PVC BLISTER,Asoj Soft Caps (Pvt) Ltd,INDIA,George Steuart Health Pvt Ltd
sodium valproate & valproic acid controlled release tablets 200mg,VALSURE 200,TABLET,10X10'S,ALU STRIP PACK,Swiss Garnier Life Scences,INDIA,George Steuart Health Pvt Ltd
KETOCONAZOLE CREAM 20MG/G,NIZORAL,CREAM,15G,ALUMINIUM TUBE,Janasen Pharmaceuticals N V,BELGIUM,MULLER & PHIPPS (HEALTH CARE) LIMITED
NORETHISTERONE TABLETS BP 5MG,NORGEST 5,UNCOATED TABLETS,10x10's,ALU-ALU BLISTER,Micro Labs Ltd,INDIA,Micro Healthcare (Pvt) Ltd
LENALIDOMIDE CAPSULES 10MG,LINADEX 10,CAPSULES,"28 CAPS/, 6X10 CAPS/","HDPE CONT,ALU ALU BL",Hetero Labs Ltd,INDIA,Mansel (Ceylon) (Pvt) Ltd
LENALIDOMIDE CAPSULES 15MG,LINADEX 15,CAPSULES,"21 CAPS/, 6X10 CAPS","HDPE CONT,ALU ALU BL",Hetero Labs Ltd,INDIA,Mansel (Ceylon) (Pvt) Ltd
TOLTERODINE TARTRATE EXTENDED RELEASE CAPSULES 2MG,***,CAPSULES,100'S,HDPE JAR,Centurion Laboratories Pvt Ltd,INDIA,Yaden International (Pvt) Ltd
MUPIROCIN CREAM USP 2% W/W,MUPIBAN CREAM,CREAM,5G,ALU COLLAPSIBLE TUBE,Agio Pharmaceuticals Ltd,INDIA,Citihealth Imports (Pvt) Ltd
ENALAPRIL MALEATE TABLETS USP 10MG,AMPRIL 10,TABLETS,"10X10'S, 1000'S","ALU PVC BLISTER,JAR",Agio Pharmaceuticals Ltd,INDIA,Citihealth Imports (Pvt) Ltd
SILVER SULFADIAZINE CREAM USP 1 % W/W,SILVEX 1%,CREAM,"20G, 25G 50G/500G",ALUMINIUM TUBE/JAR,Agio Pharmaceuticals Ltd,INDIA,Citihealth Imports (Pvt) Ltd
CLOTRIMAZOLE TOPICAL SOLUTION USP 1%,CANISON 1%,TOPICAL SOLUTION,20ML,PLASTIC BOTTLE,Agio Pharmaceuticals Ltd,INDIA,Citihealth Imports (Pvt) Ltd
FOLLITROPIN ALFA INJECTION 300 IU/0.5ML  (22MCG/0.5ML),GONAL -F,SOLUTION FOR INJECTION,1 PRE FILLED PEN,MUL DOSE PRE FILLED,Merck Serono S P A,NETHERLANDS,A Baur & Co  (Pvt) Ltd
ASCORBIC ACID TABLETS BP 100MG,***,TABLETS,500'S 1000'S,HDPE CONTAINER,Morison Limited,SRI LANKA,***
FEXOFENADINE HYDROHLORIDE TABLETS USP 180MG,FIFEX 180,TABLETS,1X10'S,ALU PVC  BLISTER,Shaigan Pharmaceuticals (Pvt) Ltd,PAKISTAN,Biolife Pharmaceuticals (Pvt) Ltd
DULOXETINE DELAYED RELEASE CAPSULES USP 30MG,DULOGEN DR 30,CAPSULES,1X10'S 5X10'S 3X10'S,ALU ALU BLISTER,NEWGEN LANKA HEALTHCARE (PVT) LTD,SRI LANKA,***
ROPINIROLE TABLETS USP 1MG,ROPARK-1,TABLETS,5X10'S,ALU ALU STRIP,Sun Pharma Laboratories Ltd,INDIA,Emerchemie NB (Ceylon) Ltd
CO-TENIDONE TABLETS BP (ATENOLOL100MG +CHLORTALIDONE 25MG),TENORIC 100,TABLETS,2X14'S, BLISTER,"Ipca Laboratories Limited,",INDIA,Emar Pharma (Pvt) Ltd
RABIES VACCINE FOR HUMAN USE (VERO CELL) FREEZE DRIED 2.5IU/0.5ML,SPEEDA 2.5IU/0.5ML,FREEZE DRIED POWDER FOR INJECTION,"01 VIAL,+01 AMPOULE",FREEZE DRIED POWDER,Lianing cheng daBiotechnology Co Ltd,CHINA,ABC Pharma Services Pvt. Ltd
CETIRIZINE ORAL SOLUTION 5MG/5ML,HI-SET,ORAL SOLUTION,"60ML,100ML,500ML","PET BOT,MEASURING CU",ACE Healthcare (Pvt) Ltd,SRI LANKA,***
PROMETHAZINE HYDROCHLORIDE TABLETS USP 10MG,***,TABLET,"500'S, 1000'S",HDPE JAR,Alvita Pharma (Pvt) Ltd,INDIA,Chamee Chemist
MITOMYCIN FOR INJECTION USP 2MG,JOMITO,POWDER FOR INJECTION,1'S,USP TY 1 GLASS VIAL,Jodas Expoim Pvt Ltd,INDIA,Softcare International (Pvt) Ltd
LEVODOPA AND CARBIDOPA TABLETS BP 250MG/25MG,VEXDOPA 275,TABLET,"3X10'S, 5X10'S,10X10",ALU ALU BLISTER,West Coast Pharmaceurical works Ltd,INDIA,AV Global  Impex (Pvt) Ltd
MEBENDAZOLE TABLETS 500MG,VERMOX,TABLETS,1'S,ALU/PVC BLISTER,LUSOMEDICAMENTA - SOCIEDADE TECIEDADE TECNICA FARMACEUTICA,PORTUGAL,MULLER & PHIPPS (HEALTH CARE) LIMITED
LEVODOPA AND CARBIDOPA TABLETS BP 100MG/25MG,VEXDOPA PLUS,TABLET,"3X10'S,5X10'S,10X10'",ALU ALU BLISTER,West Coast Pharmaceurical works Ltd,INDIA,AV Global  Impex (Pvt) Ltd
CALCIUM 500MG & CHOLECALCIFEROL 200IU TABLET,BONI-D,TABLET,"3X10'S, 10X10'S",ALU PVDC BLISTER,Delta Pharma Ltd,BANGLADESH,Hyena Pharmaceuticals (Pvt) Ltd
LEVOFLOXACIN TABLETS USP 500MG,EVOXIN 500,TABLETS,"1X10'S, 3X10' 6X10'S",PVDC PVC BLISTER,Sands Active Pvt Ltd,SRI LANKA,***
LEVOFLOXACIN TABLETS USP 500MG,***,TABLET,1X10' 3X10' 6X10,PVC PVDC BLISTER,Sands Active Pvt Ltd,SRI LANKA,***
CEFOTAXIME FOR INJECTION USP 1G,***,POWDER FOR INJECTION,10ML VIAL(50VIAL/BOX,TY 11 GLASS VIAL,Reyoung Pharmaceuticals Co. Ltd,CHINA,Pharma Associates (Pvt) Ltd
OFLOXACIN TABLETS USP 200 MG,***,TABLET,100'S,HDPE JAR,Treffer Pharmaceuticals,INDIA,Yaden International (Pvt) Ltd
BETAHISTINE DIHYDROCHLORIDE TABLETS BP 16MG,VERTIKO 16,TABLETS,"1X10'S, 10X10'S",ALU ALU BLISTER,ZYDUS LIFESCIENCES LIMITED,INDIA,Hemas Pharmaceuticals (Pvt) Ltd
"MAGNESIUM HYDROXIDE 185 SIMETHICONE 50MG,DRIED ALU.HYD GEL 830MG +CARBOXYMETHYLCELLULOSE 100MG+10ML ORAL SOLUTION",DIGENE GEL MINT FLAVOUR,ORAL LIQUID,"200ML, 170ML","PET BOTTLE, GLASS BO",Abbott India Ltd,INDIA,Sunshine Healthcare lanka Ltd
FOLIC ACID TABLETS BP 400 MCG,***,TABLETS,1000'S,HDPE JAR,State Pharmaceuticals Manufacturer Corporation,SRI LANKA,***
TELMISARTAN TABLETS IP 40MG,TELMISAR 40,TABLETS,3X10'S,STRIP,Unichem Laboratories LTD,INDIA,A Baur & Co  (Pvt) Ltd
COLECALCIFEROL TABLETS BP 60000 IU,D-FEROL 6000 IU,TABLET,3X10'S,PVC ALU BLISTER,Mc W Healthcare (P ) Ltd,INDIA,Innogen Lanka (Pvt) Ltd
BETAMETHASONE OINTMENT 01% W/W,BETNOVATE,OINTMENT,50 g,ALU COLL TUBE,Glaxo Smithklin Pakistan Ltd,PAKISTAN,A Baur & Co  (Pvt) Ltd
HYOSCINE BUTYLBROMIDE TABLETS BP 10MG,***,TABLET,"10X10' 100'S, 500'S","HDPE CONT,BLISTER",Micro Labs Limited,INDIA,Kamazu (Pvt) Ltd
MONTELUKAST SODIUM PAEDIATRIC GRANULES  4MG SACHET,MONTIGET,PAEDIATRIC GRANULES,"4MG, 14 SACHETS",ALUMINIUM SACHET,Getz Pharma (Pvt) Ltd,PAKISTAN,Hemas Pharmaceuticals (Pvt) Ltd
RIBAVIRIN CAPSULES USP 200MG,RIBACEE 200,CAPSULES,3X10'1X10'5X10'20X10,BLISTER ALU ALU,JENPHAR BANGLADESH LTD,BANGLADESH,Tabrane Healthcare (Pvt) Ltd
FLUCONAZOLE FOR ORAL SUSPENSION USP 50MG/5ML,CANDINIL,ORAL SUSPENSION,35 ML,AMB GLASS BOTTLE,Healthcare Pharmaceuticals Limited,BANGLADESH,Citihealth Imports (Pvt) Ltd
PENICILLAMINE CAPSULES USP 250MG,***,CAPSULES,"100'S/50'S, 3X10'S","HDPE CONT,ALU ALU ST",Celogen Lanka (Pvt) Ltd,SRI LANKA,***
OXCARBAZEPINE TABLETS USP 150MG,OXCARB 150,FILM COA TABLETS,2X5X10'S,ALU PVC PVDC BLISTER,Celogen Lanka (Pvt) Ltd,SRI LANKA,***
RIBOCICLIB TABLETS 200MG,RIBOXAN 200,TABLET,"7'S, 14'S, 21'S",HDPE JAR,JENPHAR BAGLADESH LTD,BANGLADESH,Tabrane Pharmaceuticals (Pvt) Ltd
FEXOFENADINE HYDROCHLORIDE SUSPENSION 30MG/5ML,ASFEX,SUSPENSION,60ML (1'S),AMB.GLASS BOTTTLE,Astron Limited,SRI LANKA,***
FUSIDIC ACID CREAM BP 2%  W/W,FUSID,CREAM,"5G, 10G, 15G",COLLAP TUBE,Astron Limited,SRI LANKA,***
FOLIC ACID TABLETS USP 1MG,***,TABLET,"3X10'S, 250'S, 500'S","ALU ALU BLIS,HDPE JA",ACE Healthcare (Pvt) Ltd,SRI LANKA,***
LOSARTAN POTASSIUM TABLETS USP  25MG,LOSATACE 25,TABLET,"10X10'S,1000',250'","ALU ALU BLIS,HDPE BO",ACE Healthcare (Pvt) Ltd,SRI LANKA,***
DULOXETINE HYDROCHLORIDE DELAYED RELEASE CAPSULES 30MG,DUTIN 30,DELAYED RELEASE TABLETS,4X7'S,ALU ALU BLISTER,Hetero Labs Ltd,INDIA,Mansel (Ceylon) (Pvt) Ltd
FOLIC ACID TABLETS USP 1MG,FOLICIT 1,TABLET,3X10' 250' 500' 1000,"ALU ALU BLIS,HDPE CO",ACE Healthcare (Pvt) Ltd,SRI LANKA,***
RANITIDINE TABLETS USP 300MG,ACILOC 300,TABLET,10X10'S,STRIP,Cadila pharmaceuticals Ltd,INDIA,Sunshine Healthcare lanka Ltd
TELMISARTAN TABLETS USP 40MG,TELSAR 40,TABLETS,3X10'S,ALU ALU BLISTER,Hetero Labs Ltd,INDIA,Mansel (Ceylon) (Pvt) Ltd
PARACETAMOL (PAEDRIATIC) ORAL SUSPENSION B.P 120MG/5ML,**,ORAL SOLUTION,100ML,AMBER PET BOTTLE,Novagen Healthcare Pvt Ltd,INDIA,Chamee Chemist
PANTOPRAZOLE SODIUM DELAYED RELEASE TABLETS USP 20MG,PANZEL 20,TABLET,10X10'S TABLETS,ALU ALU BLISTER,Zee Laboratories,INDIA,ABC Pharma Services Pvt. Ltd
HUMAN ALBUMIN SOLUTION BP 20%,VI-ALB,SOLUTION FOR INJECTION,100ML/PACK & 50ML,USP TY 1 GLASS VIAL,Virchow Biotech Private Limited,INDIA,George Steuart Health Pvt Ltd
ENOXAPARIN SODIUM INJECTION 40MG/0.4ML,LOMOH 40,INJECTION,1 PFSY,USP TY 1 SYRINGE,Emcure Pharmaceuticals Ltd,INDIA,Emerchemie NB (Ceylon) Ltd
ENOXAPARIN SODIUM INJECTION 60MG/0.6ML,LOMOH 60,INJECTION,1 PFS,USP TY 1 SYRINGE,Emcure Pharmaceuticals Ltd,INDIA,Emerchemie NB (Ceylon) Ltd
TELMISARTAN 40MG & HYDROCHLOROTHIAZIDE 12.5MG TABLETS,MISAR H,TABLET,"2X7'S, 10X7'S,/PACK",ALU ALU BLISTER,Highnoon Laboratories Ltd,PAKISTAN,Truvic Private Ltd
RANOLAZINE EXTENDED RELEASE TABLTES 500MG,RANOLA 500,TABLETS,2X7'S,BLISTER PACK,Highnoon Laboratories Ltd,PAKISTAN,Truvic Private Ltd
LINEZOLID INTRAVENOUS INJECTION 2MG/ML,***,INJECTION,300ML,PP BOTTLE,kelun lifesciences(Pvt) Ltd,SRI LANKA,***
SODIUM CHLORIDE 0.45% W/V & GLUCOSE 5% INTRAVENOUS INFUSION BP,***,INTRAVENOUS INFUSION,500 ML,LDPE BOTTLE,B BRAUN MEDICAL INDUSTRIES SDN BHD,MALAYSIA,B Braun Lanka (Pvt) Ltd
"VITAMIN B COMPLEX , VITAMIN C WITH CoQ 10 CAPSULES",BECOSULES,CAPSULES,30X10'S,BLISTER,Astron Limited,SRI LANKA,***
TEICOPLANIN FOR INJECTION  400MG/VIAL,TEICOBIOTIC 400,LYOPHILIZED INJECTION,1 GLASS VIAL,GLASS VIAL,Neon Laboratories Ltd,INDIA,Yaden International (Pvt) Ltd
IRINOTECAN HYDROCHLORIDE INJECTION 100MG/5ML,IRINOL,SOLUTION FOR INFLUSION,1'S (5ML),TY 1 GLASS VIAL,VENUS Remedies Limited,INDIA,Yaden International (Pvt) Ltd
PANTOPRAZOLE GASTRO-RESISTANT TABLETS BP 20 MG,PANTOGEN 20,TABLETS,"3X10'S,100'S,10X10'S","ALU ALU BLIS,HDPE JA",Celogen Lanka (Pvt) Ltd,SRI LANKA,***
CHOLECALCIFEROL CAPSULES 4000 IU,DEUP 4K,SOFT GELATIN CAPSULES,10X10' 3X10' 60' 30',"ALU PVC BLIS,HDPE CO",Celogen Lanka (Pvt) Ltd,SRI LANKA,***
IVABRADINE HYDROCHLORIDE 5MG TABLETS,IVATAB 5,TABLET,2X14'S TAB/PACK,ALU ALU BLISTER,Nabiqasim Industries (Pvt) Ltd,PAKISTAN,George Steuart Health Pvt Ltd
CEFIXIME TABLETS USP 200MG,MAHACEF 200,TABLET,6X10'S,ALU ALU BLISTER,Unimax Laboratories,INDIA,Hemas Pharmaceuticals (Pvt) Ltd
TAMSULOSIN HYDROCHLORIDE AND DUTASTERIDE CAPSULES 0.4MG/0.5MG,ALFATAM-D,CAPSULES,30'S,HDPE ROUND BOTTLE,ZYDUS LIFESCIENCES LIMITED,INDIA,Hemas Pharmaceuticals (Pvt) Ltd
CHLORTHALIDONE TABLETS USP 12.5MG,DICHLOR 12.5,TABLET,3X10'S,PVDC/PVC BLISTER,"Ipca Laboratories Limited,",INDIA,Hemas Pharmaceuticals (Pvt) Ltd
ESOMEPRAZOLE MAGNESIUM TABLETS I P 40MG,ESOPEL-40,TABLET,"10', 10X1X10'S",ALU ALU BLISTER,Medopharm,INDIA,Sunshine Healthcare lanka Ltd
APIXABAN TABLETS 5 MG,THROMBAN 5,TABLETS,3X10'S,ALU PVC PVDC BLISTER,ZYDUS LIFESCIENCES LIMITED,INDIA,Sunshine Healthcare lanka Ltd
ESCITALOPRAM TABLETS USP 20MG,CITANEW 20,TABLETS,1X14'S,ALU PVC BLISTER,Hilton  Pharma (Pvt) Ltd,PAKISTAN,Sunshine Healthcare lanka Ltd
CETRORELIX ACETATE FOR INJECTION 0.25MG,ASPORELIX 0.25,LYOPHILIZED POWDER FOR INJECTION,One vial diluent pac,USP TY 1 GLASS VIAL,Bharat Serums & Vaccine Ltd,INDIA,Ceyoka (Pvt) Ltd
TORASEMIDE TABLETS 5 MG,TORAS DENK 5,TABLETS,3X10'S,PVC PE PCTFE ALU BLI,Denk Pharma GmbH & Co.,GERMANY,Sunshine Healthcare lanka Ltd
FEBUXOSTAT TABLETS 40MG,FEBUXIP,TABLET,10X10'S,ALU ALU BLISTER,Scott Edil Pharmacia Ltd,INDIA,Novachem Lanka (Pvt) Ltd
CASPOFUNGIN ACETATE FOR INJECTION 70MG,CASDIN 70MG,LYOPHILIZED POW INJECTION,10ML,GLASS VIAL,Gufic Biosciences Pvt Ltd,INDIA,Slim Pharmaceuticals (Pvt) Ltd
PANTOPRAZOLE SODIUM DELAYED RELEASE TABLETS USP 20MG,PANSOS 20 TABLET,TABLET,5X10'S,ALU ALU BLISTER,NIPRO JMI Pharma Ltd,BANGLADESH,Imedra Healthcare (Pvt) Ltd
TAMSULOSIN HYDROCHLORIDE CAPSULES USP 0.4MG,ALFATAM 0.4MG,CAPSULES,"3X10'S,100'S 8X10'S","ALU PVC BLIST, HDPE",ZYDUS LIFESCIENCES LIMITED,INDIA,Hemas Pharmaceuticals (Pvt) Ltd
PARACETAMOL TABLETS BP 500MG,PACIDOL,TABLET,10X10'S,ALU PVC BLISTER,State Pharmaceuticals Manufacturer Corporation,SRI LANKA,***
PREDNISOLONE TABLETS BP 5MG,***,TABLET,"1000'S, 2000'S",HDPE BOTTLE,State Pharmaceuticals Manufacturer Corporation,SRI LANKA,***
ITRACONAZOLE CAPSULES USP 100MG,ITRAGEN 100,CAPSULES,1X10' 5X10' 6X10',ALU ALU BLISTER,NEWGEN LANKA HEALTHCARE (PVT) LTD,SRI LANKA,***
HYOSCINE BUTYLBROMIDE TABLETS BP 10MG,ZYCOPAN 10,TABLETS,20X10'S,ALU ALU STRIP,ZYDUS LIFESCIENCES LIMITED,INDIA,Hemas Pharmaceuticals (Pvt) Ltd
FOLIC ACID TABLETS BP 1MG,FOLIMOR,TABLETS,"1000'S , 3X10'","HDPE ,ALU PVC BLISTE",Morison Limited,SRI LANKA,***
DOCUSATE SODIUM EAR DROPS 0.5% W/V,WAXSOL,EAR DROPS,10ML,AMN COL.GLASS BOTTLE,"MEDICAL AND COSMETIC PRODUCT COMPANY LTD (RIYADH PHARMA)-KSA 2ND INDUSTRIAL ZONE,",SAUDI ARABIA,Hemas Pharmaceuticals (Pvt) Ltd
OLANZAPINE TABLETS USP 10MG,OLANZ 10,TABLET,"10X10'S, 1000'S","BLISTER,HDPE BOTTLE",Windlas Biotech Limited,INDIA,Softlogic Pharmaceuticals (Pvt( Ltd
BETAMETHASONE DIPROPIONATE CREAM USP 0.05% W/W,BETA-D,CREAM,15G,ALU.TUBE,Agio Pharmaceuticals Ltd,INDIA,Citihealth Imports (Pvt) Ltd
ETORICOXIB TABLETS 90MG,BRUTAFLAM 90,TABLETS,3X10'S,ALU ALU BLISTER,Mankind Pharma Ltd,INDIA,Hemas Pharmaceuticals (Pvt) Ltd
GLIMEPIRIDE TABLETS USP 2MG,ORINASE 2,TABLETS,"10x10'S, 1X10'S",ALU PVC BLISTER,CCL Pharmaceuticals (Pvt) Ltd,PAKISTAN,CIC Holdings PLC
POVIDONE IODINE OINTMENT USP 5% W/W,BETADINE,OINTMENT,"15G, 125G, 250G","ALU COLLAP TUBE,HDPE",G S Pharmabutor (Pvt) Ltd,INDIA,Robert Hall & Co Ltd
EMPAGLIFLOZIN TABLETS 10MG,JARDY 10,TABLETS,7X14'S & 14'S 1X7'S,ALU ALU BLISTER,CCL Pharmaceuticals (Pvt) Ltd,PAKISTAN,CIC Holdings PLC
TOLFENAMIC ACID TABLETS 200MG,TUFNIL,TABLETS,4X10'S,ALU ALU BLISTER,Eskayef Pharmaceuticals Ltd,BANGLADESH,Truvic Private Ltd
ANHYDROUS FUSIDIC ACID 2% W/W & BECLOMETHASONE DIPROPIONATE 0.025% W/W CREAM,FUSIWAL B,CREAM,10G,COLLAPSIBLE ALU TUBE,Indi Pharma (Pvt) Ltd,INDIA,Emar Pharma (Pvt) Ltd
BAMBUTEROL HYDROCHLORIDE SYRUP 5MG/5ML,BUTEROL,SYRUP,100ML,GLS BOTTLE,ACI LIMITED,BANGLADESH,CIC Holdings PLC
IRINOTECAN HYDROCHLORIDE INJECTION USP 20MG/ML (100MG / 5ML),IRONOMAX,SOLUTION FOR INJECTION,5ML,AMBER COLOUR GLASS V,Jodas Expoim Pvt Ltd,INDIA,Softcare International (Pvt) Ltd
RUXOLITINIB TABLETS 20MG,RUTINIB 20,TABLETS,1X10' 3X10' 20X10',"ALU BLISTER,HDPE CON",Drug International Ltd,BANGLADESH,Tabrane Pharmaceuticals (Pvt) Ltd
ESCITALOPRAM OXALATE TABLETS 5MG,NEXITO 5,TABLETS,5X10'S,BLISTER,"SUN PHARMA LABORATORIES LIMITED, INDIA FOR SUN PHARMACEUTICAL INDUSTRIES LIMITED, INDIA",INDIA,Emerchemie NB (Ceylon) Ltd
ESCITALOPRAM OXALATE TABLETS 10MG,NEXITO 10,TABLET,5X10'S,ALU PVC BLISTER,"SUN PHARMA LABORATORIES LIMITED, INDIA FOR SUN PHARMACEUTICAL INDUSTRIES LIMITED, INDIA",INDIA,Emerchemie NB (Ceylon) Ltd
GASTRO RESISTANT OMEPRAZOLE TABLETS BP 10MG,OMEROC -T,GASTRO RESISTANT TABLET,"25*30,10*5*10',3*10",ALU/PVC/PVDC/HDPE JA,Celogen Lanka (Pvt) Ltd,SRI LANKA,***
RECOMBINANT HUMAN FOLLITROPIN SOLUTION FOR INJECTION 75IU/0.15ML,FOLLITROPE Ini Prefilled Syringe,SOLUTION FOR INJECTION,"75IU/0.15ML,150IU/3O",PREFILLED Syringe,"LG Chem Ltd, 129 Seogam-ro,",KOREA,ABC Pharma Services Pvt. Ltd
BIPHASIC ISOPHANE HUMAN INSULIN  30/70 INJECTION 100 IU IN 1ML(30% AS SOLUBLE INSULIN & 70% AS ISOPHANE INSULIN),MIXTARD 30,SUSPENSION FOR INJECTION,10ML VIAL,10ML VIAL,NOVO NORDISK A/S,DENMARK,Sunshine Healthcare lanka Ltd
PRIMIDONE TABLETS USP 250MG,PRIME,TABLET,"3X10',10X10',1000'S","BLISTER,HDPE JAR",Celogen Lanka (Pvt) Ltd,SRI LANKA,***
FLUCLOXACILLIN CAPSULES BP 500MG,PHYLOGEN 500,CAPSULES,1X10' 3X10' 5X10',ALU ALU BLISTER,NEWGEN LANKA HEALTHCARE (PVT) LTD,SRI LANKA,***
TRANEXAMIC ACID CAPSULES 500MG,INTRAX,CAPSULES,2X10'S,ALU PVC BLISTER,Incepta Pharmaceuticals Ltd,BANGLADESH,Citihealth Imports (Pvt) Ltd
TENECTEPLASE LYOPHILIZED POWDER FOR SOLUTION FOR INJECTION 40MG,TENECTEREL 40MG,POWDER FOR SOLUTION FOR INJECTION,"01 VIAL,10ML,2NEEDLE","USP TY 1VIAL,CONTAIN",Reliance Life Sciences (Pvt) Ltd,INDIA,ABC Pharma Services Pvt. Ltd
CEFTAZIDIME FOR INJECTION 1G,VAXCEL,POWDER FOR INJECTION,"1'S, 10'S",CLEAR GLASS VIAL,Kotra Pharma (M) SDN BHD,MALAYSIA,Sunshine Healthcare lanka Ltd
DOMPERIDONE TABLETS BP 10MG,DPERON 10,TABLETS,10X10'S 1000'S,"ALU PVC BLIST, HDPE","GAMMA INTERPHARM PVT LTD,",SRI LANKA,***
DAPAGLIFLOZIN TABLETS 5MG,DAPAZIN,TABLETS,"7X14'S ,14'S 7'S",ALU ALU BLISTER,CCL Pharmaceuticals (Pvt) Ltd,PAKISTAN,CIC Holdings PLC
DAPAGLIFLOZIN TABLETS 5MG,DAPAZIN,TABLETS,"7X14'S ,14'S 7'S",ALU ALU BLISTER,CCL Pharmaceuticals (Pvt) Ltd,PAKISTAN,CIC Holdings PLC
FINASTERIDE TABLETS USP 5MG,BENPROPHY 5,TABLET,1X10'S,ALU ALU BLISTER,Akums Drugs & Pharmaceuticals Ltd,INDIA,Darley Butler  & Co Ltd
BUDESONIDE 160mCG+FORMOTEROL FUMARATE 4.5MCG/ inhalation powder,SYMBICORT TURBUHALER,INHALATION POWDER,"60 DOSES, 120 DOSES",HDPE CONTANER,Astra  Zeneca AB,SWEDEN,Hemas Pharmaceuticals (Pvt) Ltd
RIVAROXABAN TABLET 15MG,XCEPT 15,TABLETS,14'S,ALU ALU BLISTER,PharmEvo (Pvt) Ltd,PAKISTAN,CIC Holdings PLC
ASCORBIC ACID  CHEWABLE TABLETS BP 100MG,C-GEN 100,TABLETS,1X10' 3X10 5X10 6X10,STRIP PACK,NEWGEN LANKA HEALTHCARE (PVT) LTD,SRI LANKA,***
AMIODARONE TABLETS BP 100MG,CARDORIGHT,TABLETS,100'S,HDPE JAR,Novagen Healthcare Pvt Ltd,INDIA,Chamee Chemist
ESOMEPRAZOLE CAPSULES USP 20MG,ESPRA 20,CAPSULES,"2X7'S, 14X7'S 1X7'S",ALU-PVC BLISTER,CCL Pharmaceuticals (Pvt) Ltd,PAKISTAN,CIC Holdings PLC
DIOSMIN 450MG & HESPERIDIN 50MG TABLETS,DAFLON-500,TABLET,2X15'S,ALU PVC BLISTER,Les Laboratories Servier Industries,FRANCE,Hemas Pharmaceuticals (Pvt) Ltd
SALBUTAMOL RESPIRATOR SOLUTION 5MG/ML,ASTHALIN RESPIRATOR SOLUTION,SOLUTION FOR NEBULISATION,15 ML,AMB GLASS VIAL,CIPLA LIMITED,INDIA,Breathe Free Lanka (Pvt) Ltd
CLOBETASOL PROPIONATE OINTMENT USP 0.05% w/w,***,OINTMENT,5G & 15G,COLLAPSIBLE TUBE,Astron Limited,SRI LANKA,***
LOSARTAN POTASSIUM TABLETS USP 50MG,LOSANORM 50,TABLET,3X10'S,ALU ALU STRIP,"Ipca Laboratories Limited,",INDIA,Hemas Pharmaceuticals (Pvt) Ltd
AZITHROMYCIN TABLETS USP 500MG,ODAZYTH 500MG,TABLET,6'S,ALU ALU BLISTER,Advanced Chemical Industries Limited,BANGLADESH,CIC Holdings PLC
GABAPENTIN CAPSULES 300MG,GONNAZ 300,CAPSULES,"10X10'S,1000'S","ALU PVC BLIS., HDPE",XL Laboratories (Pvt) Ltd,INDIA,SMM Halcyon (Pvt) Ltd
AMOXICILLIN AND CLAVULANATE POTASSIUM TABLETS USP 375 MG,ENHANCIN 375MG,TABLET,2X10'S,BLISTER PACK,SUN PHARMACEUTICAL INDUSTRIES LTD,INDIA,Hemas Pharmaceuticals (Pvt) Ltd
ATORVASTATIN CALCIUM TABLETS USP 20MG,HYPOLIP 20,TABLET,3X10'S,ALU ALU BLISTER,Hetero Labs Ltd,INDIA,Mansel (Ceylon) (Pvt) Ltd
AMOXICILLIN CAPSULES  B.P 500MG,AMOGEN 500,CAPSULES,"1X10'5X10',3X10,6X10",ALU PVC BLISTER,New Gen Lanka Healthcare (Pvt) Ltd,SRI LANKA,***
PEMETREXED FOR INJECTION 500MG/VIAL,***,LYOPHILIZED POWDER FOR SOLUTION FOR INJECTION,50ML,TYPE 1 CLEAR GLAS,Hetero Labs Ltd,INDIA,Mansel (Ceylon) (Pvt) Ltd
TERLIPRESSIN INJECTION 1MG/VIAL & 5ML SOLVENT (0.9% SODIUM CHLORIDE SOLUTION W/W),NOVAPRESSIN,INJECTION,1 VIAL/PACK,USP TY 1 GLASS VIAL,B F Biosciences Ltd,PAKISTAN,Emerchemie NB (Ceylon) Ltd
URSODEOXYCHOLIC ACID CAPSULES  BP 250MG,URSO,CAPSULES,1X10'S,ALU PVC BLISTER,AGP Limited,PAKISTAN,Emerchemie NB (Ceylon) Ltd
ASPIRIN TABLETS BP 75 MG,ACIPRIN CV 75,ENTERIC COATED TABLETS,"100'S, 30'S",ALU ALU STRIP,Advanced Chemical Industries Limited,BANGLADESH,Pharma Associates
AZITHROMYCIN TABLETS BP 500MG,ZAHA 500,TABLETS,"1X3'S, 10(1X3'S)",ALU PVC BLISTER,Ajantha Pharma Ltd,INDIA,A Baur & Co  (Pvt) Ltd
LOSARTAN POTASSIUM TABLETS USP  25MG,COSART 25,TABLET,1X10' 3X10' 5X10',ALU ALU BLISTER,ZIM Laboratories Limited,INDIA,Tabrane Pharmaceuticals (Pvt) Ltd
AMOXICILLIN AND CLAVULANATE POTASSIUM TABLETS USP 625MG,INDCLAV 625,TABLET,2X10' 2X5X10' 10X10',ALU ALU BLISTER,Indchemie Health Specialities (Pvt) Ltd,INDIA,Pharma Associates
CHLORPHENAMINE MALEATE ORAL SOLUTION BP 2MG/5ML,PHEN SYRUP,ORAL SOLUTION,"750ML&100ML,500ml",PLASTIC BOTTLE,Bafna Pharmaceuticals Ltd,INDIA,Pharma Associates (Pvt) Ltd
INTERFERON BETA 1 A SOLUTION FOR INJECTION 44MCG (12MIU)/0.5 ML,REBIF (REBIDOSE),SOLUTION FOR INJECTION,0.5ML prefilled x12',PRE FILLED PEN,Merck Serono S P A,ITALY,A Baur & Co  (Pvt) Ltd
RECOMBINANT INSULIN GLARGINE INJECTION 100IU/ML,GLARITUS,INJECTION,"3ML ,1CARTIRDGE",3ML CARTIRDGE,Wockhardt Ltd,INDIA,Emerchemie NB (Ceylon) Ltd
VITAMIN E CAPSULES USP 400MG,E-400,CAPSULES,1X10' 3X10' 5X10',ALU PVC BLISTER,Gelnova laboratories (India) Pvt Ltd,INDIA,Tabrane Pharmaceuticals (Pvt) Ltd
ATORVASTATIN TABLETS 20MG,ATORFIT 20,TABLET,10X10'S,BLISTER,The Madras Pharmaceuticals,INDIA,Pharma Associates
MEBENDAZOLE TABLETS U.S.P 500MG,ENDAL 500,CHEWABLE TABLETS,"30X1X1' & 100'S,500'",ALU PVC BLISTER.JAR,Bafna Pharmaceuticals Ltd,INDIA,Pharma Associates
GADODIAMIDE INJECTION USP 287MG/ML,GADIMIDE,SOLUTION FOR INJECTION PREFILLED SYRINGE,20ML,CLEAR MOULDED TY I G,Jodas Expoim Pvt Ltd,INDIA,Softcare International (Pvt) Ltd
PALBOCICLIB CAPSULES 125MG,JOCICLIB 125,CAPSULES,"21',30',60',90',120'","ALU PVC BLISTER,HDPE",Jodas Expoim Pvt Ltd,INDIA,Softcare International (Pvt) Ltd
GEMCITABINE FOR INJECTION USP 1000MG,CITABOL,LYOPHILIZED INJECTION,50ML VIAL,GLASS VIAL TY 1,VENUS Remedies Limited,INDIA,Yaden International (Pvt) Ltd
GASTRO RESISTANT DICLOFENAC TABLETS BP 50MG,ADIFLAM 50,TABLET,20X10' 10X10' 1000'S,"ALU PVC BLIS,HDPE CO",Leben Laboratories (Pvt) Ltd,INDIA,Ceyoka (Pvt) Ltd
ETORICOXIB TABLETS 120MG,ORICOX 120,TABLET,2X10'S,ALU PVC BLISTER,Incepta Pharmaceuticals Ltd,BANGLADESH,Citihealth Imports (Pvt) Ltd
CLOTRIMAZOLE VAGINAL INSERTS USP 100MG,CANISON V 100,VAGINAL INSERTS,6 INSERTS WITH APLLI,ALUMINIUM STRIPS,Agio Pharmaceuticals Ltd,INDIA,Citihealth Imports (Pvt) Ltd
ARIPIPRAZOLE TABLETS USP 10 MG,ARIPRA,FILM COA TABLETS,2X5X10'S 10X5X10',ALU PVC BLISTER,Celogen Lanka (Pvt) Ltd,SRI LANKA,***
GANCICLOVIR 500MG POWDER FOR CONCENTRATE FOR SOLUTION FOR INFUSION,***,POWDER FOR CONCENTRATE FOR SOLUTION FOR INFUSION,10ML,TY 1 GLASS VIAL,Hainan Poly Pharm Co Ltd,CHINA,Yaden International (Pvt) Ltd
GEMCITABINE FOR INJECTION USP 200MG,CITABOL,LYOPHILIZED POW INJECTION,10ML,GLASS TYPE I VIAL,VENUS Remedies Limited,INDIA,Yaden International (Pvt) Ltd
SITAGLIPTIN TABLETS 100MG,SITA,TABLETS,"1X7', 70'S, 2X7'S",ALU ALU BLISTER,CCL Pharmaceuticals (Pvt) Ltd,PAKISTAN,CIC Holdings PLC
ACECLOFENAC TABLETS 100MG,RIHA,TABLETS,1X10 2X10 3X10 10X10,ALU ALU BLISTER,Leben Laboratories (Pvt) Ltd,INDIA,Ceyoka (Pvt) Ltd
METHOTREXATE INJECTION BP 50MG/2ML,TREXOL,INJECTION,2ML GLASS,AMB COL TY 1 VIAL,VENUS Remedies Limited,INDIA,Yaden International (Pvt) Ltd
TADALAFIL TABLETS USP 20MG,TADAFORCE,TABLETS,"1X4', 1X10'",ALU PVC BLISTER,Akums Drugs & Pharmaceuticals Ltd,INDIA,Darley Butler  & Co Ltd
CARBOPLATIN INJECTION BP 150MG/15ML,CARBOL,SOLUTION FOR INJECTION,20ML,TY 1 GLASS VIAL,VENUS Remedies Limited,INDIA,Yaden International (Pvt) Ltd
LORATADINE ORAL SOLUTION USP 5MG/5ML,ALLERDIN SYRUP,SYRUP,"60ML,100ML",AMB PET BOTTLE,MMC Healthcare Ltd,INDIA,Markss HLC (Pvt) Ltd
FUROSEMIDE INJECTION BP 10MG/ML,***,INJECTION,"10X2ML,10X10ML",AMB USP TY1 GLS AMP,Steril Gene Life Sciences (Pvt) Ltd,INDIA,Unity Pharma Lanka (Pvt) Ltd
CARBOPLATIN INJECTION BP 450MG/45ml,CARBOL,SOLUTION FOR INJECTION,450MG/45ML IN 50ML,TY 1 GLASS VIAL,VENUS Remedies Limited,INDIA,Yaden International (Pvt) Ltd
OXALIPLATIN INJECTION USP 2MG/ML,OXOL,INJECTION,"SINGLE VIAL25ML,50ML",AMBER COLOUR GLASS,VENUS Remedies Limited,INDIA,Yaden International (Pvt) Ltd
IMIPENAM AND CILASTATIN  FOR INJECTION USP 500MG,LASTINEM,INJECTION,10ML(1'S),GLASS VIAL USP TY 1,VENUS Remedies Limited,INDIA,Yaden International (Pvt) Ltd
DOCETAXEL INJECTION USP 20MG/0.5ML (80MG/2ML),DOCET,SOLUTION FOR INJECTION FOR INFUSION,"0.5ML+1.5ML,2ML+6ML",USP TY 1 GLASS VIAL,VENUS Remedies Limited,INDIA,Yaden International (Pvt) Ltd
GEMCITABINE FOR INJECTION 200M,GEMBIO 200,LYOPHILIZED POWDER FOR INJECTION,1'S,GLASS VIAL,Bioprofarma Bago S.A,ARGENTINA,Emerchemie NB (Ceylon) Ltd
"IRON, VITAMIN B COMPLEX, VITAMIN C AND FOLIC ACID CAPSULES",DUMASULES,CAPSULES,10X10'S,ALU PVC BLISTER,Astron Limited,SRI LANKA,***
DULAGLUTIDE 0.75MG/0.5ML SOLUTION FOR INJECTION,TRULICITY 0.75MG,SOLUTION FOR INJECTION,4 PF PEN/0.5ML PACK,PF PEN,Eli Lilly & Company,AMERICA,Hemas Pharmaceuticals (Pvt) Ltd
GLIBENCLAMIDE TABLETS BP 5MG,GICLAMIDE TABLET,TABLET,1000'S,HDPE JAR,Leben Laboratories (Pvt) Ltd,INDIA,Ceyoka (Pvt) Ltd
ISOSORBIDE MONONITRATE PROLONGED RELEASE TABLETS BP 30MG,ANGIFREE SR,TABLETS,"10X10'S, 1000'S",ALU PVDC BLISTER,Micro Labs Ltd,INDIA,Micro Healthcare (Pvt) Ltd
ISOSORBIDEE MONONITRATE PROLOGED RELEASE TABLETS BP 60MG,ANGIFREE SR,TABLETS,"10X10, 1000'S","ALU PVDC,HDPE BOTTLE",Micro Labs Ltd,INDIA,Micro Healthcare (Pvt) Ltd
UREA 10% W/W AND SODIUM LACTATE 5% W/W CREAM,CURADERM CREAM,CREAM,100 G,LAMI TUBE,Astron Limited,SRI LANKA,***
CLOPIDOGREL TABLETS USP 75MG,PIDLET 75,TABLETS,"10X10'S, 1X4'S",STRIP,Orchid Healthcare,INDIA,Euro Asian Pharma (Pvt) Ltd
TRASTUZUMAB FOR INJECTION  (rDNA ORIGIN) 440MG/VIAL,HERTRAZ 440,POWDER FOR SOLUTION FOR INJECTION,1 VIAL TRASTUZUMAB+,USP TY 1 GLASS VIAL,Biocon Biologics Limited,INDIA,Markss HLC (Pvt) Ltd
GLIMEPIRIDE TABLETS USP 3MG,GLIM 3,TABLETS,2X5X10'S 10X5X10'S,ALU AMBER PVC PVDC B,Celogen Lanka (Pvt) Ltd,SRI LANKA,***
SITAGLIPTIN TABLETS USP 50MG,SITAG 50,TABLETS,3X10'S,ALU ALU BLISTER,Bafna Pharmaceuticals Ltd,INDIA,Pharma Associates
LEVOTHYROXINE SODIUM TABLETS 100MCG,EUTHYROX 100,TABLET,100'S,BLISTER,Merck Healthcare KGaA,GERMANY,Emerchemie NB (Ceylon) Ltd
ESOMEPRAZOLE MAGNESIUM GASTRO RESISTANT TABLETS 20MG,SOMPRAZ 20,TABLETS,3X10'S,ALU ALU B LISTER,SUN PHARMACEUTICAL INDUSTRIES LTD,INDIA,Hemas Pharmaceuticals (Pvt) Ltd
CYTARABINE INJECTION BP 1000MG/10ML,ONCOTAR 1000,INJECTION,10ML (1VIAL & 10VIAL,GLASS VIAL,United Biotech (P) Limited,INDIA,George Steuart Health Pvt Ltd
MERCAPTOPURINE TABLETS IP 50MG,6-MP,TABLET,10X10'S,ALU ALU STRIP PACK,ZYDUS LIFESCIENCES LIMITED,INDIA,Hemas Pharmaceuticals (Pvt) Ltd
FERROUS ASCORBATE AND FOLIC ACID TABLETS 625MG/0.4MG,GLOBAC,TABLETS,6X10'S,ALU ALU BLISTER,Celogen Lanka (Pvt) Ltd,SRI LANKA,***
VORICONAZOLE TABLETS 200MG,VORIF,TABLET,1X10'S,AL PVC BLISTER,Ferozsons Laboratories Ltd,PAKISTAN,Emerchemie NB (Ceylon) Ltd
RIFAXIMIN TABLETS 200MG,RIFAXA 200MG,TABLET,10'S,ALU ALU BLISTER,Ferozsons Laboratories Ltd,PAKISTAN,Emerchemie NB (Ceylon) Ltd
MONTELUKAST CHEWABLE TABLETS BP 5MG,MONOCAST 5,CHEWABLE TABLETS,2X10'S,ALU ALU BLISTER,Beximco Pharmaceuticals Ltd,BANGLADESH,Emerchemie NB (Ceylon) Ltd
ALLOPURINOL TABLETS USP 100MG,ORINOL 100,TABLET,1X10'S 3X10' 4X10,"ALU PVC,ALU ALU BLIS",NEWGEN LANKA HEALTHCARE (PVT) LTD,SRI LANKA,***
MEROPENEM FOR INJECTION USP 1000MG,RONEM,POWDER /INJECTION,01 GLASS VAIL,01 GLASS VIAL,VENUS Remedies Limited,INDIA,Yaden International (Pvt) Ltd
ZOLEDRONIC ACID FOR INJECTION 4 MG,AMNOL,POWDER FOR CONCENTRATE SOLUTION FOR INFUSION,1'S (10 ML),USP TY 1GLASS  VIALS,VENUS Remedies Limited,INDIA,Yaden International (Pvt) Ltd
NORMAL IMMUNOGLOBULIN FOR INTRAVENOUS USE BP 5%,BO XIN,LIQUID FOR IV USE,5G GIN 100ML VIAL/BX,GLASS VIAL,"CHINA RESOURCES BOYA BIO PHARMACEUTICAL GROUP Co Ltd,",CHINA,Ceyoka (Pvt) Ltd
VANCOMYCIN HYDROCHLORIDE FOR INJECTION USP 500MG,VANCONEX-CP,POWDER FOR INJECTION,SINGLE VIAL PACK,GL VIAL,Venus Remedies,INDIA,Yaden International (Pvt) Ltd
VITAMIN E CAPSULES USP 200MG,VITA E 200,SOFT GELATIN CAPSULES,1X10' 3X10 5X10,ALU PVC BLISTER,Renown Pharmaceuticals Pvt Ltd,INDIA,Softcare International (Pvt) Ltd
ACECLOFENAC TABLETS 100MG,MOVIZ,TABLET,10X10'S,ALU ALU BLISTER,J.B.Chemicals & Pharmaceuticals ltd,INDIA,George Steuart Health Pvt Ltd
FUSIDIC ACID 2% W/W + HYDROCORTISONE ACETATE 1% W/W CREAM,FUSAC-H,CREAM,5G & 15 G,ALU COLL TUBE,Sante (Private) Limited,PAKISTAN,Emerchemie NB (Ceylon) Ltd
MESALAMINE DELAYED RELEASE TABLETS USP 800MG,IBSOL 800,TABLETS,10X10'S,ALU ALU BLISTER,ZYDUS LIFESCIENCES LIMITED,INDIA,Hemas Pharmaceuticals (Pvt) Ltd
IRINOTECAN HYDROCHLORIDE INJECTION 40MG/2ML,IRINOL,INJECTION,SINGLE VIAL,AMBER COLOUR GLASS,Venus Remedies,INDIA,Yaden International (Pvt) Ltd
DIAZEPAM TABLETS BP 2MG,***,TABLETS,1000'S,HDPE CONTAINER,Morison Limited,SRI LANKA,***
NORMAL IMMUNOGLOBULIN FOR INTRAVENOUS USE BP 2.5G /50ML,BO XIN,SOLUTION FOR INJECTION,2.5 G IN 50ML VIAL,MOULDED CLEAR GLASS,"CHINA RESOURCES BOYA BIO PHARMACEUTICAL GROUP Co Ltd,",CHINA,Ceyoka (Pvt) Ltd
FENTANYL TRANSDERMAL SYSTEM 50MCG/HR,FENSTUD 50MCG/HR,TRANSDERMAL PATCH,"1X3X10'S, 1X5X10'S",ALU ALU BLISTER,Rusan Pharma Ltd,INDIA,Yaden International (Pvt) Ltd
BIPHASIC ISOPHANE INSULIN INJECTION PH-EUR 100IU/ML (HUMAN INSULIN rDNA ORIGIN) 30% AS SOLUBLE INSULIN & 70% AS ISOPHANE INSULIN),BIOSULIN  30/70,INJECTION,10 ML,USP TY. 1 GLASS VIAL,M J Bio Pharm (Pvt) Ltd,INDIA,SISILI PROJECTS CONSORTIUM PRIVATE LIMITED
METHYLPREDNISOLONE TABLETS USP 4MG,METHIPRED 4,FILM COA TABLETS,"3X15'S,10X10'S",ALU ALU BLISTER,General Pharmaceuticals Ltd,BANGLADESH,George Steuart Health Pvt Ltd
GLYCERYL TRINITRATE SUBLINGUAL SPRAY BP 0.4MG/DOSE,NITROCARD,SUBLINGUAL SPRAY,200 MTD/PACK,"ALU CANISTER+VALVE,",Aristopharma Ltd,BANGLADESH,Hemas Pharmaceuticals (Pvt) Ltd
ALFACALCIDOL CAPSULES 0.5MCG,ONE ALPHA 0.5MCG,CAPSULES,10X10'S CAPS/PACK,ALU PVC BLISTER,LEO Pharma  A S,GERMANY,Hemas Pharmaceuticals (Pvt) Ltd
TOLTERODINE TARTRATE TABLETS 2MG,ROLITEN,TABLET,1X10'S,BLISTER,SUN PHARMACEUTICAL INDUSTRIES LTD,INDIA,Hemas Pharmaceuticals (Pvt) Ltd
AMOXICILLIN TABLETS FOR ORAL SUSPENSION USP 125MG,BLUMOX-P,TABLETS FOR ORAL SUSPENSION,"10X1X10'S, 10X10'S",ALU ALU STRIP,Twenty Fist Century Pharmaceutical Pvt Ltd,INDIA,Sunshine Healthcare lanka Ltd
DEXAMETHASONE TABLETS BP 0.5MG,CODEXO,TABLETS,1000 TABLETS/PACK,HDPE BOTTLE,Comed Chemical Ltd,INDIA,PTC MEDIACL (PVT) LTD
AZITHROMYCIN TABLETS USP 500MG,AZIGEN 500,TABLETS,1X10 3X10 5X10 6X10,BLISTER PACK,NEWGEN LANKA HEALTHCARE (PVT) LTD,SRI LANKA,***
LEVETIRACETAM TABLETS USP 250MG,LEVIPIL 250,TABLETS,3X10'S,ALU PVC BLISTER,Sun Pharma Laboratories Ltd,INDIA,Emerchemie NB (Ceylon) Ltd
FEXOFENADINE HYDROCHLORIDE TABLETS USP 120MG,FEGRA 120,TABLETS,"10X6'S, 3X10'S",ALU PVC BLISTER,Comed Chemical Ltd,INDIA,PTC MEDIACL (PVT) LTD
DORZOLAMIDE EYE DROPS BP 2% W/V,DORZOWAY,EYE DROPS,5ML,OPAQUE  BOTTLE,Sunway Rohto Pharmaceutical Pvt Ltd,INDIA,Yaden International (Pvt) Ltd
RISPERIDONE TABLETS BP 2MG,RESPIGEN 2,TABLETS,"3X10,10X10,6X10,5X10",ALU PVC BLISTER,New Gen Lanka Healthcare (Pvt) Ltd,SRI LANKA,N/A
GLICLAZIDE MODIFIED RELEASE TABLETS 60MG,GLYCLAPAN MR 60,MODIFIED RELEASE TABLETS,3X10' 5X30' 1000'S,"ALU PVDC BLIS,HDPE C","GAMMA INTERPHARM PVT LTD,",SRI LANKA,***
HALOPERIDOL TABLETS BP 1.5MG,SERENACE,TABLET,50'S,"GLASS VIAL,CAP",The Searle Company Ltd,PAKISTAN,Emerchemie NB (Ceylon) Ltd
ESOMEPRAZOLE DELAYED RELEASE CAPSULES USP 40MG,ESOMEZOL 20,CAPSULES,10X10'S,ALU ALU STRIPS,Inventia Healthcare (Pvt) Ltd,INDIA,Emerchemie NB (Ceylon) Ltd
GLICLAZIDE MODIFIED RELEASE TABLETS 60MG,RECLIDE MR 60,TABLET,2X10'S,ALU PVC BLISTER,Dr Reddy's Laboratories Ltd,INDIA,Emerchemie NB (Ceylon) Ltd
CLARITHROMYCIN TABLETS USP 250MG,CLARION 250,TABLET,3X10'S,ALU PVC BLISTER,Ferozsons Laboratories Ltd,PAKISTAN,Emerchemie NB (Ceylon) Ltd
THEOPHYLLINE CONTROLLED RELEASE CAPSULES 200MG,DURALYN-CR,SUSTAIN RELEASE CAPSULES,10X10'S,BLISTER,Raptakos Brett & Company Ltd,INDIA,Pharma Associates
ETORICOXIB TABLETS 120MG,ETOVEX 120,TABLET,3X10'S,ALU ALU BLISTER,Aeon Formulation Pvt Ltd,INDIA,AV Global  Impex (Pvt) Ltd
SITAGLIPTIN TABLETS USP 50MG,SITA K,TABLET,10X10'S,ALU ALU BLISTER,The Schazoo Pharmaceutucal Laboratories (Pvt) Ltd,PAKISTAN,Biolife Pharmaceuticals (Pvt) Ltd
IPRATROPIUM INHALATION POWDER HARD CAPSULES BP 40MCG,BROMIVENT 40,DRY POWDER CAPSULES FOR INHALATION,10X10'S,ALU PVC BLISTER,Lina Manufacturing (Pvt) Ltd,SRI LANKA,***
ETORICOXIB TABLETS 120MG,ETOVIN 120,TABLET,3X10'S,ALU ALU BLISTER,Axon Drugs (Pvt) Ltd,INDIA,Sunshine Healthcare lanka Ltd
FLUNARIZINE TABLETS 5MG,NORIUM 5,TABLET,100'S,ALU PVC BLISTER,Eskayef Pharmaceuticals Ltd,BANGLADESH,Truvic Private Ltd
ESOMEPRAZOLE TABLETS 20MG,IZRA 20,TABLET,10X10'S,ALU STRIP PACK,Unichem Laboratories LTD,INDIA,A Baur & Co  (Pvt) Ltd
ACICLOVIR TABLETS BP 200MG,***,TABLETS,10X10'S,ALU PVC BLISTER,Medico Remedies (Pvt) Ltd,INDIA,ABC Pharma Services Pvt. Ltd
Durvalumab concentrate for solution for Infusion 120 mg/2.4 ml,IMFINZI,CONCENTRATE FOR SOLUTION FOR INFUSION,1 VIAL/PACK,GLASS VIAL,Astra  Zeneca AB,SWEDEN,Hemas Pharmaceuticals (Pvt) Ltd
CETIRIZINE DIHYDROCHLORIDE TABLET BP 10MG,EKON-D.T,TABLETS,10X10'S,ALU ALU STRP,Blue Cross Laboratories Ltd,INDIA,Sunshine Healthcare lanka Ltd
BISMUTH ZINC AND HYDROCORTISONE COMPOUND OINTMENT,RHEOCURE HC,OINTMENT,15 G TUBE,ALU.CANISTER TUBE,"GAMMA INTERPHARM PVT LTD,",SRI LANKA,***
VITAMIN B COMPLEX WITH VITAMIN C 500 MG TABLET,BECOM-C,TABLET,10X10'S,ALU STRIP,PT Caprifamindo Laboratories for PT sanbe farma,INDONESIA,Softlogic Pharmaceuticals (Pvt( Ltd
MENOTROPIN FOR INJECTION IP 75 IU,MENOPUR 75 IU,LYOPHILIZED POWDER FOR INJECTION & SOLVENT,5 VIAL+5 AMP/PACK,TY 1 GLS VIAL,Ferring GMBH,GERMANY,Sunshine Healthcare lanka Ltd
AMOXICILLIN AND CLAVULANATE POTASSIUM FOR ORAL SUSPENSION USP 156.25MG/5 ML,MYCLAV 156.25,POWDER FOR ORAL SUSPENSION,1'S (100ML),GLASS BOTTLE,Unichem Laboratories LTD,INDIA,A Baur & Co  (Pvt) Ltd
TYPHOID VI CONJUGATE VACCINE,TYPBAR TCV,INJECTION,0.5ML VIAL,USP TY 1 GLS VIAL,Bharat Biotech International Ltd,INDIA,Gulf Pharma (Pvt) Ltd
CLOPIDOGREL TABLETS USP 75MG,CLOGREL 75,TABLET,3X10'S,ALU ALU BLISTER,Sai Mirra Innopharm (Pvt) Ltd,INDIA,Sunshine Healthcare lanka Ltd
ATORVASTATIN TABLETS IP 10MG,***,TABLETS,"1000'S ,10X10'S","ALU ALU BLS,HDPE BOT",Sands Active Pvt Ltd,SRI LANKA,***
CLOBETASOL CREAM  0.05%  15G,CLOBETREX,CREAM,15 G,ALU TUBE,Mass Pharma Pvt. Ltd,PAKISTAN,Imandhrie Importers & Distributors
DICLOFENAC GEL BP 1% W/W,HIFENAC,GEL,"5G,10G, 15G,20G,30G",ALU TUBE & ABL TUBE,ACE Healthcare (Pvt) Ltd,SRI LANKA,***
CLOBETASOL PROPIONATE CREAM USP 0.05% W/W,SICACORT-CP,CREAM,"1'S(20G,5G,10G,15G,",ALU COLLAP TUBE,Brassica Pharma Pvt Ltd,INDIA,Softcare International (Pvt) Ltd
BISOPROLOL FUMARATE TABLETS USP 10MG,BISOLOL 10,TABLETS,3X10'S 10X10'S,ALU ALU BLISTER,ZYDUS LIFESCIENCES LIMITED,INDIA,Sunshine Healthcare lanka Ltd
ACECLOFENAC TABLETS 100MG,ACLOFEN,TABLET,10X10'S,ALU PVC BLISTER PACK,The Madras Pharmaceuticals,INDIA,Pharma Associates
BISOPROLOL FUMARATE TABLETS USP 5MG,BISOLOL,TABLETS,"10X10'S,3X10'S,100'S","ALU PVC BLI,HDPE JAR",The Madras Pharmaceuticals,INDIA,Pharma Associates
OSIMERTINIB FILM COATED TABLETS 80MG,TAGRISSO,TABLET,3X10'S,BLISTER PACK,Astra  Zeneca AB,SWEDEN,Hemas Pharmaceuticals (Pvt) Ltd
"CALCIUM CITRATE 1000MG, VITAMIN D3 200IU,MAGNESIUM 100MG & ZINC 4MG TABLETS",TOPCAL-M,TABLET,3X10'S,BLISTER,Jenburkt Pharmaceuticals Ltd,INDIA,Hemas Pharmaceuticals (Pvt) Ltd
OSIMERTINIB FILM COATED TABLETS 40 MG,TAGRISSO,TABLET,3X10'S,BLISTER PACK,Astra  Zeneca AB,SWEDEN,Hemas Pharmaceuticals (Pvt) Ltd
OCTREOTIDE INJECTION 50MCG/ML,OCTEJO,INJECTION,50mcg/5ml,TY 1 GLASS VIAL,Jodas Expoim Pvt Ltd,INDIA,Softlogic Pharmaceuticals (Pvt( Ltd
CALCIUM 500MG & VITAMIN D3 200 IU TABLETS,OSTOCAL-D,TABLETS,30 Tablets,PLASTIC CONTAINER,Eskayef Bangladesh Ltd,BANGLADESH,Truvic Private Ltd
CLOPIDOGREL TABLETS USP 75MG,THEOCLOT 75,TABLET,"3X10', 10X10' 1000'S","ALU ALU BLIS, HDPE C",Theon Pharmaceuticals Ltd,INDIA,Slim Pharmaceuticals (Pvt) Ltd
FEXOFENADINE HYDROCHLORIDE TABLETS USP 180MG,FEXOFRED 180,TABLET,3X10'S,ALU ALU BLISTER,Fredun Pharmaceuticals Ltd,INDIA,George Steuart Health Pvt Ltd
SECNIDAZOLE TABLETS (1G) 1000MG,TAGERA FORTE,TABLET,10X1X2'S,PVC PVDC BLISTER,Unichem Laboratories LTD,INDIA,A Baur & Co  (Pvt) Ltd
METOPROLOL SUCCINATE EXTENDED RELEASE TABLETS 100MG USP,MET XL 100,EXTENDED RELEASE TABLETS,3x10's,ALU PVC PVDC BLISTER,Ajantha Pharma Ltd,INDIA,A Baur & Co  (Pvt) Ltd
TIZANIDINE TABLETS 2MG,TIZIGESIC 2,TABLETS,3X10'S,BLISTER,Unichem Laboratories LTD,INDIA,A Baur & Co  (Pvt) Ltd
SODIUM IODIDE (131 I) HARD CAPSULES (38-7400MBq),THYROTOP,CAPSULES,1'S in a pack,PLASTIC CRYOGENIC VI,Institute of Isotopes Co Ltd,HUNGARY,Mitter International (Pvt) Ltd
PANTOPRAZOLE SODIUM DELAYED RELEASE TABLET USP 40MG,PANZAC 40,TABLETS,10X10'S,ALU ALU BLISTER,Agio Pharmaceuticals Ltd,INDIA,Citihealth Imports (Pvt) Ltd
CYTARABINE INJECTION BP 100MG/ML,CYTOWEL,INJECTION,1ML,GLASS VIAL,Getwell Pharma India Private Limited,INDIA,The Esses Pharmacy (Pvt) Ltd
CARBOPLATIN INJECTION BP 450MG/45ml,CARBOTIN,INJECTION,1 VIAL/pack,GLASS VIAL,Getwell Pharma India Private Limited,INDIA,The Esses Pharmacy (Pvt) Ltd
DOCETAXEL INJECTION CONCENTRATE USP 80MG/2ML,TAXEWELL 80MG/2ML,INJECTION,1VIAL+1SOLVENT VIAL,CLEAR GLASS VIAL,Getwell Pharma India Private Limited,INDIA,The Esses Pharmacy (Pvt) Ltd
CYCLOPHOSPHAMIDE INJECTION USP 200MG,CYPHOS 200,POWDER FOR INJECTION,1'S,USP TY 1 GLASS VIAL,Getwell Pharma India Private Limited,INDIA,The Esses Pharmacy (Pvt) Ltd
CISPLATIN INJECTION BP 10MG IN 10ML,PLATICIN,INJECTION,1'S,GLASS VIAL,Getwell Pharma India Private Limited,INDIA,The Esses Pharmacy (Pvt) Ltd
DOXORUBICIN HYDROCHLORIDE LIPOSOMAL INJECTION 20MG/10ML,XORUNWELL-L,INJECTION,10ML,GLASS VIAL,Getwell Pharma India Private Limited,INDIA,The Esses Pharmacy (Pvt) Ltd
EPIRUBICIN HYDROCHLORIDE INJECTION 50MG,EPIRUBA 50,POWDER FOR INJECTION,1'S,GLASS VIAL,Getwell Pharma India Private Limited,INDIA,The Esses Pharmacy (Pvt) Ltd
EPIRUBICIN HYDROCHLORIDE FOR NJECTON 10MG,EPIRUBA 10,POWDER FOR INJECTION,10MG,GLS VIAL USP TY 1,Getwell Pharma India Private Limited,INDIA,The Esses Pharmacy (Pvt) Ltd
ETOPOSIDE INJECTION USP 100MG/5ML,ETOPA,SOLUTION FOR INJECTION,1'S (5ML),USP TY 1 GLS VIAL,Getwell Pharma India Private Limited,INDIA,The Esses Pharmacy (Pvt) Ltd
CYCLOPHOSPHAMIDE FOR INJECTION USP 1 G,CYPHOS 1G,POWDER FOR INJECTION,50ML VIAL/P[ACK,USP TY 1 GLS VIAL,Getwell Pharma India Private Limited,INDIA,The Esses Pharmacy (Pvt) Ltd
CIPROFLOXACIN TABLETS USP 500MG,CIPROBID 500,TABLETS,10X10'S,ALU PVC BLISTER,ZYDUS LIFESCIENCES LIMITED,INDIA,Sunshine Healthcare lanka Ltd
LOSARTAN POTASSIUM TABLETS USP 50MG,LOSAKIND 50,TABLET,"3X10',6X10', 10X10'S",ALU ALU BLISTER,Mankind Pharma Ltd,INDIA,Hemas Pharmaceuticals (Pvt) Ltd
CLARITHROMYCIN ORAL SUSPENSION USP 125MG/5ML,CLARITHRO,POWDER FOR ORAL SUSPENSION,60ML,PLASTIC BOTTLE,Nabiqasim Industries (Pvt) Ltd,PAKISTAN,George Steuart Health Pvt Ltd
DONEPEZIL HYDROCHLORIDE TABLETS USP 5MG,***,TABLETS,1 X10'S,ALU PVC BLISTER,Treffer Pharmaceuticals,INDIA,Yaden International (Pvt) Ltd
GLICLAZIDE TABLETS BP 40MG,GLIVIC 40,TABLETS,"3X10'S,10X10'S,1000'","BLISTER, HDPE CONTAI",Astron Limited,SRI LANKA,***
METOPROLOL SUCCINATE EXTENDED RELEASE TABLETS USP 50MG,MET-XL 50,TABLETS,3X10'S,BLISTER,Ajantha Pharma Ltd,INDIA,A Baur & Co  (Pvt) Ltd
TACROLIMUS OINTMENT 0.1% W/W,ECZEMUS 0.1%,OINTMENT,10G,ALU.TUBE,Brookes Pharma (Pvt) Ltd,PAKISTAN,Hemas Pharmaceuticals (Pvt) Ltd
IBANDRONIC ACID TABLETS 150MG,I-BONE,TABLET,1X1'S,ALU PVDC BLISTER,Incepta Pharmaceuticals Ltd,BANGLADESH,Citihealth Imports (Pvt) Ltd
CEFEPIME FOR INJECTION USP 500MG,XENIM 500,POWDER FOR INJECTION,1 VIAL PACK,GLASS VIAL,Opsonin Pharma Ltd,BANGLADESH,Yaden International (Pvt) Ltd
AZITHROMYCIN TABLETS USP 500MG,ROZITH,TABLET,"1X3'S, 5X6'S",ALU ALU BLISTER,Healthcare Pharmaceuticals Limited,BANGLADESH,Citihealth Imports (Pvt) Ltd
TRIENTINE HYDROCHLORIDE CAPSULES USP 300MG,****,CAPSULES,"10X10', 3X10' 100'S",HDPE JAR  ROUND LID,Celogen Lanka (Pvt) Ltd,SRI LANKA,***
MOMETASONE AQUEOUS NASAL SPRAY BP 50MCG,NASOMET,NASAL SPRAY,1 BOTTLE/PACK,AMB.GLASS BOTTLE,Beximco Pharmaceuticals Ltd,BANGLADESH,Emerchemie NB (Ceylon) Ltd
RIFAXIMIN TABLETS 550MG,HEPAXIMIN 550,TABLETS,1X10' 3X10',ALU ALU BLISTER,Aristopharma Ltd,BANGLADESH,Hemas Pharmaceuticals (Pvt) Ltd
METFORMIN HYDROCHLORIDE PROLONGED RELEASE TABLETS 1000MG,GLUCOPHAGE XR 1000,TABLETS,"30'S , 6X10'S",PVC PVDC BLISTER,Merck Sante  S A S,FRANCE,Emerchemie NB (Ceylon) Ltd
GLICLAZIDE MODIFIED RELEASE TABLETS 30MG,RECLIDE MR 30,TABLET,2X10'S,ALU PVC BLISTER,Dr Reddy's Laboratories Ltd,INDIA,Emerchemie NB (Ceylon) Ltd
EVEROLIMUS TABLETS 5MG,JOELIMUS 5,TABLET,1X10' 3X10' 5X10',ALU PVC BLISTER,Jodas Expoim Pvt Ltd,INDIA,Softcare International (Pvt) Ltd
GEMCITABINE FOR INJECTION 1000MG,GEMBIO 1,LYOPHILIZED POWDER FOR INJECTION,1 VIAL/PACK,USP TY 1 GLS VIAL,Bioprofarma Bago S.A,ARGENTINA,Emerchemie NB (Ceylon) Ltd
PRAMIPEXOLE DIHYDROCHLORIDE TABLETS 1MG,PRAMIZ 1,TABLET,"10X10'S, 3X10'S",ALU ALU BLISTER,ZYDUS LIFESCIENCES LIMITED,INDIA,Zydus Lanka (Private) Limited
DEXAMETHASONE SODIUM PHOSPHATE INJECTION USP 4MG/1ML,DICIDEX,INJECTION,"2MLX10',5X10X2ML PAC",AMB.AMPOULE,DCI Pharmaceutical (Pvt) Ltd,INDIA,Cloud Healthcare (Pvt) Ltd
ADALIMUMAB INJECTION 40MG/0.8ML,CINNORA,SOLUTION FOR INJECTION PREFILLED SYRINGE,2'S,1ML TY 1 GLS SYRINGE,CinnaGen Co,IRAN,Cliniqon Biotech Pvt. Ltd
LEVETIRACETAM TABLETS USP 500MG,JULITAM 500,FILM COATED TABLETS,10X10'S,ALU PVC PVDC BLISTER,ZYDUS LIFESCIENCES LIMITED,INDIA,Zydus Lanka (Private) Limited
TELMISARTAN TABLETS USP 40MG,MISAR 40,TABLETS,"10X10'S,1X10'S",ALU ALU BLISTER,Highnoon Laboratories Ltd,PAKISTAN,Truvic Private Ltd
PANTOPRAZOLE SODIUM DELAYED RELEASE TABLETS USP 40MG,PANTAZ,TABLET,10X10'S,BLISTER,Medley Pharmaceuticals Ltd,INDIA,Truvic Private Ltd
METFORMIN TABLETS BP 850MG,CELOMET 850,TABLETS/FILM COATED,"3X10'S,10X10'S",ALU PVC PVDC BLISTER,Celogen Lanka (Pvt) Ltd,SRI LANKA,N/A
NORETHINDRONE ACETATE TABLETS USP 5MG,NOSTRA,TABLETS,"5X10'S, 3X5'SX10'S",ALU PVC BLISTER,Corona Remedics (Pvt) Ltd,INDIA,Sunshine Healthcare lanka Ltd
GLICLAZIDE TABLETS BP  80MG,G-ZIDE,TABLET,3X10'S,ALU ALU BLISTER,Sai Mirra Innopharm (Pvt) Ltd,INDIA,Sunshine Healthcare lanka Ltd
RECOMBINANT HUMAN ERYTHROPOIETIN INJECTION 2000 IU,WEPOX 2000 IU,SOLUTION FOR INJECTION,0.5 ML PFSY,TY 1 GLS PFSY,Wockhardt Ltd,INDIA,Emerchemie NB (Ceylon) Ltd
LORATADINE SUSPENSION 5MG/5ML,ORADIN,ORAL SUSPENSION,60ML BOTTLE/PACK,AMB.PET BOTTLE,Eskayef Pharmaceuticals Ltd,BANGLADESH,Truvic Private Ltd
GASTRO RESISTANT DICLOFENAC TABLETS BP 50MG,ALMIRAL 50MG,TABLET,"10'S, 30'S 100'S",ALU PVC BLISTER,Medochemie Ltd,CYPRUS,Associated Laboratories (Pvt) Ltd
GLICLAZIDE MODIFIED REALEASE TABLETS 60MG,REMICRON MR,TABLET,3X10'S,ALU PVC BLISTER,SUN PHARMACEUTICAL INDUSTRIES LTD,INDIA,Emerchemie NB (Ceylon) Ltd
FUSIDIC ACID 20MG & HYDROCORTISONE 10MG/G CREAM,FUDIC-H,CREAM,15G,PVC COLLAP.TUBE,Shaigan Pharmaceuticals (Pvt) Ltd,PAKISTAN,Biolife Pharmaceuticals (Pvt) Ltd
FENTANYL CITRATE INJECTION 0.1MG/2ML,***,INJECTION,5X10'S,"2MLX10', 2MLX5'S",Yichang Humanvell Pharmaceuticals Co Ltd,CHINA,Slim Pharmaceuticals (Pvt) Ltd
DARATUMUMAB CONCENTRATE FOR SOLUTION FOR  INFUSION 400MG/20ML,DARZALEX,LIQUID CONCENTRATE FOR IV INFUSION,1 VIAL PER PACK,GLASS VIAL,Cilag AG Hochstrasse,SWITZERLAND,A Baur & Co  (Pvt) Ltd
DARATUMUMAB CONCENTRATE FOR SOLUTION FOR  INFUSION 100MG/5ML,DARZALEX,LIQUID CONCENTRATE FOR IV INFUSION,1 VIAL/PACK,GLASS VIAL,Cilag AG  Switzerland for Cilag GmbH  International,SWITZERLAND,A Baur & Co  (Pvt) Ltd
USTEKINUMAB SOLUTION FOR INJECTION 45MG/0.5ML,STELARA,SOLUTION FOR INFUSION,1'S,PFSY,Cilag AG Hechstrase,SWITZERLAND,A Baur & Co  (Pvt) Ltd
FOLLITROPIN ALFA POWDER AND SOLVENT FOR SOLUTION FOR INJECTION 1050 IU (77MCG/1.75ML),GONAL-F,INJECTION,1 VIAL+1 PFSY+15 SYR,CLEAR GLASS VIAL,Merck Serono S P A,ITALY,A Baur & Co  (Pvt) Ltd
LEVODOPA 200MG + CARBIDOPA 50MG + ENTACAPONE 200MG,STALEVO 200,TABLET,30'S,HDPE CONTAINER,Orion Corporation Crionintie,FINLAND,A Baur & Co  (Pvt) Ltd
"ROTAVIRUS VACCINE, LIVE ,ORAL PENTAVALENT SOLUTION",ROTA TEQ,ORAL SOLUTION,"1X2ML,10X2ML,25X2ML","LDPE TUBE,CAP",Merck Sharp & Dohme LLC,UNITED STATES,A Baur & Co  (Pvt) Ltd
TRASTUZUMAB POWDER FRO CONCENTRATE FOR SOLUTION FOR INFUSION 150MG,HERZUMA 150,POWDER FOR CONCENTRATE FOR SOLUTION FOR INFUSION,20ML VIALX50MG,TY1 BOROSILICATE VIA,Celltrion Inc,KOREA,George Steuart Health Pvt Ltd
TRASTUZUMAB EMTANSINE POWDER FOR INJECTION 100 MG,KADCYLA 100,POWDER FOR CONCENTRATE FOR SOLUTION FOR INFUSION,1'S,USP TY 1 GLASS VIAL,F Hoffman-La Roche Ltd,SWITZERLAND,A Baur & Co  (Pvt) Ltd
BUSPIRONE HYDROCHLORIDE TABLETS USP 5MG,BUSRON,TABLET,3X10'S,ALU PVC BLISTER PACK,S J & G Fazul Ellahie (Pvt) Ltd,PAKISTAN,A V H Distributors (Pvt) Ltd
TRASTUZUMAB EMTANSINE POWDER FOR INJECTION 160 MG,KADCYLA 160,POWDER FOR CONCENTRATE FOR SOLUTION FOR INFUSION,1'S,USP TY 1 GLASS VIAL,F Hoffman-La Roche Ltd,SWITZERLAND,A Baur & Co  (Pvt) Ltd
Co-Amoxiclav TABLETS BP 375mg,XOMOX CV 375,TABLET,3X10'S,ALU ALU STRIP,Twenty Fist Century Pharmaceutical Pvt Ltd,INDIA,Alaris Lanka (Pvt) Ltd
ETORICOXIB TABLETS 60MG,ETOHOPE 60,FILM COATED TABLETS,3X10'S,ALU PVC BLISTER,Glenmark Pharmaceuticals Ltd,INDIA,Sunshine Healthcare lanka Ltd
TELMISARTAN TABLETS BP 20MG,TELMIS 20,TABLETS,10X10'S,ALU ALU BLISTER,Pharmafabrikon,INDIA,Novachem Lanka (Pvt) Ltd
AZATHIOPRINE TABLETS BP 50MG,***,TABLETS,1 X10'S,ALU PVC BLISTER,Mercury Laboratories Ltd,INDIA,Yaden International (Pvt) Ltd
CLOBETASOL PROPIONATE OINTMENT USP 0.05% w/w,AGICLOB OINTMENT,OINTMENT,15 G,ALU COLLAPS. TUBE,Agio Pharmaceuticals Ltd,INDIA,Citihealth Imports (Pvt) Ltd
SACUBITRIL 24MG +VALSARTAN 26MG TABLETS,FORHEF 24/26,TABLET,"2X7'S,4X7', 10X7'S",ALU ALU BLISTER,CCL Pharmaceuticals (Pvt) Ltd,PAKISTAN,CIC Holdings PLC
TACROLIMUS OINTMENT 0.1% W/W,VEXLIMUS 1.0MG,OINTMENT,15 G TUBE,COLLAPSIBLE TUBE,West Coast Pharmaceurical works Ltd,INDIA,AV Global  Impex (Pvt) Ltd
CLOPIDOGREL TABLETS USP 75MG,CLOPIDO 75,FILM COATED TABLETS,3X10'S,ALU ALU BLISTER,Platinum Pharmaceuticals (Pvt) Ltd,PAKISTAN,George Steuart Health Pvt Ltd
ENALAPRIL MALEATE TABLETS USP 10MG,VASONORM 10,TABLETS,10X10'S,ALU ALU STRIP PACK,Kopran Ltd,INDIA,Alaris Lanka (Pvt) Ltd
MYCOPHENOLATE SODIUM FILM COATED GASTRO RESISTANT TABLETS 360 MG,MYFORTIC 360,TABLET,12X10'S,BLISTER,Novartis Pharma Produtions Gmbh,GERMANY,A Baur & Co  (Pvt) Ltd
CALCIUM CARBONATE CHEWABLE TABLETS BP 500 MG,***,CHEWABLE TABLETS,"3X10'S, 10X10'S",ALU ALU STRIP,Celogen Lanka (Pvt) Ltd,SRI LANKA,***
LENVATINIB CAPSULES 10MG,LEVAT 10,CAPSULES,"30', 60', 90', 120'S",PLASTIC CONTAINER,JENPHAR BANGLADESH LTD,BANGLADESH,Tabrane Healthcare (Pvt) Ltd
CEFIXIME TABLETS USP 200MG,CHIFIX 200,TABLETS,1X10'S,ALU ALU STRIP,Chiros Pharma,INDIA,Cliniqon Biotech Pvt. Ltd
DESLORATADINE TABLETS USP 5MG,DESLOGEN 5,TABLETS,1X10 5X10 10X10 6X10,ALU PVDC BLISTER,NEWGEN LANKA HEALTHCARE (PVT) LTD,SRI LANKA,***
AMOXICILLIN 500MG+CLAVULANATE POTASSIUM 125MG TABLETS  USP,CHIMOX CV 625,TABLETS,2X10'S,ALU ALU BLISTER,Chiros Pharma,INDIA,Cliniqon Biotech Pvt. Ltd
AMOXICILLIN 250MG & CLAVULANATE POTASSIUM 125MG TABLETS USP,CHIMOX CV 375,TABLETS,2X10'S,ALU ALU BLISTER,Chiros Pharma,INDIA,Cliniqon Biotech Pvt. Ltd
ETORICOXIB FAST DISINTEGRATING TABLETS 60MG,ETOSHINE 60,TABLETS,"10X10'S, 3X10'S",ALU PVC BLISTER,"SUN PHARMA LABORATORIES LIMITED, INDIA FOR SUN PHARMACEUTICAL INDUSTRIES LIMITED, INDIA",INDIA,Hemas Pharmaceuticals (Pvt) Ltd
BETAHISTINE DIHYDROCHLORIDE TABLETS BP 8MG,HISTAVERT 8,TABLETS,"6X15', 2X15' 1X2'",ALU ALU BLISTER,Pulse Pharmaceuticals (Pvt) Ltd,INDIA,George Steuart Health Pvt Ltd
DURVALUMAB CONCENTrate for solution for Infusion 500MG/10ML,IMFINZI,CONCENTRATE FOR SOLUTION FOR INFUSION,1 VIAL/PACK,GLASS VIAL,Astra  Zeneca AB,SWEDEN,Hemas Pharmaceuticals (Pvt) Ltd
MONTELUKAST SODIUM CHEWALBE TABLETS 5MG,MONEST 5,CHEWABLE TABLETS,3X10'S,ALU ALU BLISTER,Micro Labs Ltd,INDIA,Micro Healthcare (Pvt) Ltd
MEMANTINE HYDROCHLORIDE TABLETS USP 10MG,MENTRA 10,TABLET,10X10'S,ALU PVC BLISTER,ZYDUS LIFESCIENCES LIMITED,INDIA,Hemas Pharmaceuticals (Pvt) Ltd
BACLOFEN TABLETS BP 10MG,FLEXILAX 10,TABLET,3X10'S,ALU ALU BLISTER,Square Pharmaceuticals Ltd,BANGLADESH,CIC Holdings PLC
ITRACONAZOLE CAPSULES 100MG,ITRA 100,CAPSULES,4X6'S,ALU ALU BLISTER,Square Pharmaceuticals Ltd,BANGLADESH,CIC Holdings PLC
DESLORATADINE TABLETS 5MG,NEO LORIDIN,TABLETS,"1X10', 3X10', 10X10",ALU ALU BLISTER,ZYDUS LIFESCIENCES LIMITED,INDIA,Sunshine Healthcare lanka Ltd
LOSARTAN POTASSIUM TABLETS USP 50MG,LOSATACE 50,TABLET,10X10; 1000' 250',"ALU ALU BLIS,HDPE BO",ACE Healthcare (Pvt) Ltd,SRI LANKA,***
CLOPIDOGREL TABLETS USP 75MG,CLOPIVIC,TABLETS,3X10' 10X10' 1000'S,"ALU ALU BLISTER,HDPE",Astron Limited,SRI LANKA,***
POVIDONE IODINE SOLUTION BP 10% W/V (1% AVAILABLE IODINE),HEMITADINE,SOLUTION,"30ML,100ML,500ML","GLS BOTT,PLASTIC BOT",Himata (Pvt) Ltd,SRI LANKA,***
SODIUM CHLORIDE INFUSION BP 0.9% W/V,***,INFUSION,500ML &1000ml,PE BOTTLE,Fresenius Kabi India Pvt Ltd,INDIA,Hemas Pharmaceuticals (Pvt) Ltd
REMIFENTANIL HYDROCHLORIDE FOR INJECTION 1MG,***,INJECTION,5'S,GLASS VIAL,Yichang Humanvell Pharmaceuticals Co Ltd,CHINA,Slim Pharmaceuticals (Pvt) Ltd
FLUOROURACIL INJECTION BP 1G/20ML,RACIWEL,INJECTION,1X1'S(20ML),AMB GLASS VIAL,Getwell Pharma India Private Limited,INDIA,The Esses Pharmacy (Pvt) Ltd
NYSTATIN TABLETS BP 500 000IU,***,TABLET,10X10'S,ALU ALU BLISTER PACK,Centurion Laboratories Pvt Ltd,INDIA,Yaden International (Pvt) Ltd
PROMETHAZINE INJECTION  BP 25MG./ML,***,INJECTION,1ML X 10,AMB.GLASS AMPOULE,Mercury Laboratories Ltd,INDIA,Yaden International (Pvt) Ltd
DICLOFENAC GEL B.P 1% W/W,DICLOGEN 1% GEL,GEL,30G/20G,ALU COLLAP.TUBE,Agio Pharmaceuticals Ltd,INDIA,Citihealth Imports (Pvt) Ltd
POVIDONE IODINE OINTMENT USP 5% W/W,ZYLO-P,OINTMENT,15G,ALU COLLAP TUBE,Leben Laboratories (Pvt) Ltd,INDIA,Ceyoka (Pvt) Ltd
CARBAMAZEPINE TABLETS BP 100MG,SANMAZE 100,TABLET,1X10 3X10 6X10 10X10,"ALU PVC,BLIS ,HDPE B",Sands Active Pvt Ltd,SRI LANKA,***
LOSARTAN POTASSIUM 50MG & HYDROCHLOROTHIAZIDE 12.5MG TABLETS,NORMOZIDE,TABLET,"1X10', 10X10'S",ALU ALU BLISTER,CCL Pharmaceuticals (Pvt) Ltd,PAKISTAN,CIC Holdings PLC
TRASTUZUMAB POWDER FOR CONCENTRATE FOR SOLUTION FOR IV INFUSION 440 MG + BACTERIOSTATIC WATER FOR INJECTION,ARYO TRUST,POWDER FOR CONCENTRATE FOR SOLUTION FOR INFUSION,1/PACK+1 VIAL INJECT,GLASS VIAL,AryoGen Pharmed,IRAN,Cliniqon Biotech Pvt. Ltd
ATORVASTATIN TABLETS IP 20MG,ATOSAN 20,TABLETS,"10X10'S ,500'S","ALU ALU BLISTER,HDPE",Sands Active Pvt Ltd,SRI LANKA,***
CEFUROXIME AXETIL TABLETS BP 500MG,CEFOTIL 500,TABLET,2X6'S,ALU ALU BLISTER,Square Pharmaceuticals Ltd,BANGLADESH,CIC Holdings PLC
HEPATITIS A & r DNA HEPATITIS B VACCINE INACTIVATED,TWINRIX ADULT,SUSPENSION FOR INJECTION,1'S,PFSY (TYPE 1 GLASS,Glaxo Smithkiline Biologicals S A,BELGIUM,A Baur & Co  (Pvt) Ltd
FINGOLIMOD CAPSULES 0.5MG,FINGOSHIL,CAPSULES,14'S,BLISTER,Shilpa Medicar Ltd,INDIA,Slim Pharmaceuticals (Pvt) Ltd
CLOBETASOL PROPIONATE 0.05% W/V + SALICYLIC ACID 2% W/V LOTION,CLOBEDERM-S,LOTION,20ML,PLASTIC BOTTLE,ATCO Laboratories Limited,PAKISTAN,Morison Limited
TIMOLOL MALEATE OPHTHALMIC SOLUTION USP 0.5% W/V,TIMOPAC,OPTHALMIC SOULUTION,5ML,DROPPER BOTTLE,Sunway Rohto Pharmaceutical Pvt Ltd,INDIA,Yaden International (Pvt) Ltd
LEUPROLIDE ACETATE LYOPHILIZED POWDER FOR SOLUTION FOR INJECTION 3.75MG,LACTRUM,LYOPHILIZED POWDER FOR INJECTION,6ML+22G NED+2ML+DISP,GLASS VIAL,Eriochem S.A,ARGENTINA,Yaden International (Pvt) Ltd
CIPROFLOXACIN TABLETS USP  500MG,CIPROFRED 500,TABLET,10X10'S,ALU PVC BLISTER,Fredun Pharmaceuticals Ltd,INDIA,George Steuart Health Pvt Ltd
METHOTREXATE INJECTION USP 50MG/2ML,***,INJECTION,1'S,2ML -1 VIAL,Bruck Pharma Pvt Ltd,INDIA,Yaden International (Pvt) Ltd
FENTANYL TRANSDERMAL SYSTEM 25mcg/hr,FENSTUD 25MCG/Hr,TRANSDERMAL PATCH,"10X1X3PATCH,10X1X5 P",ALU ALU BLISTER,Rusan Pharma Ltd,INDIA,Yaden International (Pvt) Ltd
LEVETIRACETAM TABLETS USP 250MG,JULITAM 250,TABLET,10X10'S,ALU PVC PVDC BLISTER,ZYDUS LIFESCIENCES LIMITED,INDIA,Zydus Lanka (Private) Limited
BETAMETHASONE DIPROPIONATE BP 0.064% W/V +SALICYLIC ACID USP 2.0%W/V LOTION,BETZE LOTION,LOTION,15ML,HDPE BOTTLE,East African (India) Overses,INDIA,Mega Pharma (Pvt) Ltd
TYPHOID VI CONJUGATE VACCINE 2.5ML (MULTI DOSE VIAL),TYPBAR TCV,INJECTION,2.5ML VIAL/PACK,USP TY 1 GLS VIAL,Bharat Biotech International Ltd,INDIA,Gulf Pharma (Pvt) Ltd
BETAMETHASONE SODIUM PHOSPHATE 0.1% W/V + NEOMYCIN SULPHATE 0.5% W/V DROPS,PROBETA-N,EAR & NASAL DROPS,7.5ML,LDPE BOTTLE,ATCO Laboratories Limited,PAKISTAN,Morison Limited
GABAPENTIN CAPSULES USP 100MG,NEUROGAB,CAPSULES,"10X10', 2X10'",ALU PVC BLISTER,Nabiqasim Industries (Pvt) Ltd,PAKISTAN,George Steuart Health Pvt Ltd
METFORMIN HYDROCHLORIDE PROLONGED RELEASE TABLETS 500MG,GLUCOPHAGE XR 500 MG,TABLET,4X15'S,PVC PVDC BLISTER,Merck Sante  S A S,FRANCE,Emerchemie NB (Ceylon) Ltd
NORETHISTERONE TABLETS BP 5MG,NCNORM-P,TABLET,"500tabs,20x6'S,120'S","HDPE JAR,ALU PVC BLI",Unicure Remedies Pvt Ltd,INDIA,Emar Pharma (Pvt) Ltd
MULTIVITAMIN AND MINERAL SUPPLEMENT,VITACAP,SOFTGEL CAPSULES,"10X10', 5X10'",BLISTER,Mega Lifesciences Public Company (Pvt) Ltd,THAILAND,A Baur & Co  (Pvt) Ltd
LEVONORGESTREL 0.15MG+ETHINYLESTRADIOL 0.03MG & TABLETS OF FERROUS FUMARATE BP 75MG,ORALCON-F,TABLETS,3X28'S,PVC/PVDC/ALUMIN BLIS,Senador Laboratories Private Limited,INDIA,A Baur & Co  (Pvt) Ltd
LACTULOSE SYRUP USP 3.35G/5ML,KLEENLAC,SYRUP,120ML,AMB.GLASS BOTTLE,Nabiqasim Industries (Pvt) Ltd,PAKISTAN,George Steuart Health Pvt Ltd
"PARACETAMOL SOLUTION FOR INFUSION 10MG/ML, 50ML,100ML",***,SOLUTION FOR INFUSION,"10X50ML,10X100ML",LDPE AMPOULE,B Braun Medical SA,GERMANY,B Braun Lanka (Pvt) Ltd
MULTIVITAMIN & MULTIMINERAL CAPSULES,HOVITE SL,CAPSULES,"3X10',1X10', 10X10'",BLISTER,Raptakos Brett & Company Ltd,INDIA,Pharma Associates
DICLOFENAC SODIUM SUPPOSITORIES 25MG,CELONAC-S25,SUPPOSITORIES,1X5'S 2X5'S,PVC .PE BLISTER PACK,Celogen Lanka (Pvt) Ltd,SRI LANKA,***
CLOTRIMAZOLE VAGINAL TABLETS USP 500MG,GYNOSPORIN,VAGINAL INSERTS,1 INSERTS+1 APPLICAT,BLISTER PACK,Nabiqasim Industries (Pvt) Ltd,PAKISTAN,George Steuart Health Pvt Ltd
SIMETHICONE ORAL SUSPENSION USP 40MG/0.6ML,GASOGEN ORAL SUSPENSION,ORAL SUSPENSION,"15ML, 30ML",AMB GLASS BOTTLE,NEWGEN LANKA HEALTHCARE (PVT) LTD,SRI LANKA,***
PARACETAMOL INTRAVENOUS INFUSION 1.0% W/V,AXAPARA,INTRAVENOUS INFUSION,100ML,LDPE BOTTLE,Axa Parenterals Ltd,INDIA,Chamee Chemist
CLOTRIMAZOLE CREAM BP % W/W,TRANSLIPO -C,CREAM,20G,ALU COLLAP.TUBE,Centaur Pharmaceutical (Pvt) Ltd,INDIA,George Steuart Health Pvt Ltd
ACITRETIN CAPSULES USP 10MG,ATREN 10,CAPSULES,3X10'S 10X10'S,"ALU ,ALUPVDC BLISTER",Celogen Lanka (Pvt) Ltd,SRI LANKA,***
PRAMIPEXOLE DIHYDROCHLORIDE TABLETS 0.25MG,PRAMIPEX 0.25,TABLETS,3X10'S TAB/PACK,ALU BLISTER,"SUN PHARMA LABORATORIES LIMITED, INDIA FOR SUN PHARMACEUTICAL INDUSTRIES LIMITED, INDIA",INDIA,Emerchemie NB (Ceylon) Ltd
VINORELBINE INJECTION IP 50MG/5ML,VINOTEC 50,INJECTION,5ML VIAL/PACK,GLASS VIAL,United Biotech (P) Limited,INDIA,George Steuart Health Pvt Ltd
ETOPOSIDE INJECTION USP 100MG/5ML,***,INJECTION,5ML VIAL,TY 1-GLASS VIAL,Bruck Pharma Pvt Ltd,INDIA,Yaden International (Pvt) Ltd
IMIPENEM 500MG  AND CILASTATIN 500MG  FOR INJECTION USP/VIAL,MPENEX,POWDER FOR INJECTION,1 VIAL/PACK,GLASS VIAL,VHB Medi Sciences Ltd,INDIA,Yaden International (Pvt) Ltd
ETONOGESTREL 0.120MG/ETHINYLESTRADIOL 0.015 MG PER 24 h VAGINAL DELIVERY SYSTEM,EZIRING,VAGINAL DELIVERY SYSTEM (RING),01 ALU.SACHETS,ALU.SACHETS/PACK,"Laboratories Leon Farma S.A, C/La Vallina S/N ,P.I Navatejera,24008,",SPAIN,Pharma Associates
LEVOCETIRIZINE DIHYDROCHLORIDE TABLETS USP 5MG,LECETZY,TABLETS,10X10'S,ALU ALU BLISTER,Zee Laboratories,INDIA,ABC Pharma Services Pvt. Ltd
KETOCONAZOLE SHAMPOO 20MG IN 1G,NIZORAL,SHAMPOO,"60ML,100ML",HDPE BOTTLE,Olic Thailand Ltd,THAILAND,MULLER & PHIPPS (HEALTH CARE) LIMITED
CLOBETASOL OINTMENT 0.05% W/W,CLOBETREX OINTMENT,OINTMENT,15 G,ALU.COLLAP TUBE,Mass Pharma Pvt. Ltd,PAKISTAN,Imandhrie Importers & Distributors
ERYTHROPOIETIN INJECTION BP 2000IU/ML,VINTOR 2000,INJECTION,1ML SYRINGE/PACK,PFSY,Gennova Biopharmaceuticals Ltd,INDIA,Emerchemie NB (Ceylon) Ltd
TIMOLOL EYE DROPS BP 0.5%W/V,TIM 1,EYE DROPS,5ML,DROP.BOTTLE,DCI Pharmaceutical (Pvt) Ltd,INDIA,Cloud Healthcare (Pvt) Ltd
"NYSTATIN TABLETS USP 500,000 IU",***,TABLETS,10X10'S 100'S,BLISTER HDPE JAR,Novagen Healthcare Pvt Ltd,INDIA,Chamee Chemist
GABAPENTIN CAPSULES USP 100MG,NEUROGABIN-M,CAPSULES,"1X10'S,3X10'S",BLISTER,Martin Daw Marker Ltd,PAKISTAN,Emerchemie NB (Ceylon) Ltd
ATORVASTATIN TABLETS 10MG,VAST 10,TABLETS,10X10'S TABLETS,ALU ALU BLISTER,Lincolin Pharmaceuticals,INDIA,Pharmatec (Pvt) Ltd
CETRIZINE HYDROCHLORIDE TABLETS 10 MG,SATRIN,TABLET,"10X10'S, 1000'S","ALU ALU BLISTER,HDPE",Lincoln Pharmaceuticals Ltd,INDIA,Pharmatec (Pvt) Ltd
CLOBETASOL CREAM BP 0.05% W/W,DERMOLIN,CREAM,20GM,ALU COLLAP TUBE,Lincoln Pharmaceuticals Ltd,INDIA,Pharmatec (Pvt) Ltd
CLOTRIMAZOLE CREAM BP 1% W/W,CLOTRILIN,CREAM,15 G,COLLAPSIBLE TUBE,Lincoln Pharmaceuticals Ltd,INDIA,Pharmatec (Pvt) Ltd
TRANEXAMIC ACID INJECTION USP 500MG/5ML,INTRAX,INJECTION,5X5ML GLS AMPOLE/PAC,GLASS AMPOULE,Incepta Pharmaceuticals Ltd,BANGLADESH,Citihealth Imports (Pvt) Ltd
KETOCONAZOLE CREAM BP 2% W/W,KONAZOL,CREAM,15 G,AL COLLAPSIBLE TUBE,Lincoln Pharmaceuticals Ltd,INDIA,Pharmatec (Pvt) Ltd
GASTRO RESISTANT BISACODYL TABLETS BP 5MG,LAXACODIL,TABLET,10X10'S,"ALU ALU STRIP,ALU PV",Mercury Laboratories Ltd,INDIA,Yaden International (Pvt) Ltd
BORTEZOMIB FOR INJECTION 2MG VIAL,***,POWDER FOR INJECTION,2MG/VIAL,TY 1-GLASS VIAL,Bruck Pharma Pvt Ltd,INDIA,Yaden International (Pvt) Ltd
CLOPIDOGREL TABLETS USP 75MG,CLOPIL,TABLETS,500'S 10X10'S,"HDPE JAR,ALU BLISTER",Celogen Lanka (Pvt) Ltd,SRI LANKA,***
PREDNISOLONE TABLETS BP 5MG,PREDNI,TABLET,1000'S,PLASTIC JAR,Lincoln Pharmaceuticals Ltd,INDIA,Pharmatec (Pvt) Ltd
BETAHISTINE DIHYDROCHLORIDE TABLETS BP 24MG,HISTAVERT 24,TABLETS,3X10'S,ALU ALU BLISTER,Pulse Pharmaceuticals (Pvt) Ltd,INDIA,George Steuart Health Pvt Ltd
PANTOPRAZOLE GASTRO-RESISTANT TABLETS BP 20 MG,ULTOP 20,TABLETS,1X10' 10X3X5' 5X10',"ALU BLS, HDPE JAR",Leben Laboratories (Pvt) Ltd,INDIA,Ceyoka (Pvt) Ltd
ALUM.HYDR.GEL 400MG+MAG.HYDR 400MG+SIMETHICONE 50MG/5ML,ANTAGIT-DS,ORAL SUSPENSION,"170ML ,100ML PET BOT",PET BOTTLE,Leben Laboratories (Pvt) Ltd,INDIA,Ceyoka (Pvt) Ltd
GASTRO RESISTANT SODIUM VALPROATE TABLETS BP 200MG,VALOGEN GR 200,TABLETS,1X10 3X10 10X10 6X10,ALU ALU STRIP,NEWGEN LANKA HEALTHCARE (PVT) LTD,SRI LANKA,***
GEMCITABINE FOR INJECTION USP 200MG,GEMLIFE,LYOPHILIZED POWDER FOR INJECTION,10ML VIAL,USP TY 1 GLAS VIAL,VHB Medi Sciences Ltd,INDIA,Yaden International (Pvt) Ltd
OLANZAPINE TABLETS USP 10MG,OLEANZ  10,TABLETS,5X10'S,BLISTER,SUN PHARMACEUTICAL INDUSTRIES LTD,INDIA,Emerchemie NB (Ceylon) Ltd
DEXTRAN 70  0.1% W/V + HYDROXY PROPYLMETHYL CELLULOSE 0.3% W/V OPHTHALMIC SOLUTION,TEARS FORTE,OPHTHALMIC SOLUTION,15ML,DROPPR BOTTLE,Sante (Private) Limited,PAKISTAN,Emerchemie NB (Ceylon) Ltd
EFLORNITHINE HYDROCHLORIDE 13.9% W/W,DEPILUS,CREAM,15 G,LAMI.TUBE,ATCO Laboratories Limited,PAKISTAN,Morison Limited
ETORICOXIB TABLETS 90MG,ETOHOPE 90,FILM COA TABLETS,3X10'S,ALU PVC BLISTER,Glenmark Pharmaceuticals Ltd,INDIA,Sunshine Healthcare lanka Ltd
ERYTHROPOIETIN INJECTION BP 10000 IU/1ML,RELIPOIETIN 10000IU,INJECTION,1ML/PFS,USP TY 1-PFSY,Reliance Life Sciences (Pvt) Ltd,INDIA,ABC Pharma Services Pvt. Ltd
BUPIVACAINE INJECTION E BP 0.5% W/V,ANAWIN,INJECTION,1X10ML,GLASS AMPOULE,Neon Laboratories Ltd,INDIA,Yaden International (Pvt) Ltd
NIFEDIPINE SUSTAINDED RELEASE TABLETS 20MG,NEPIN SR 20,TABLET,10X10'S,BLISTER PACK,Lincoln Pharmaceuticals Ltd,INDIA,Pharmatec (Pvt) Ltd
DOXYCYCLINE CAPSULES B.P 100MG,ALLDOX,HARD GELATINE CAPSULES,10X10'S,ALU PVC BLISTER,Lincoln Pharmaceuticals Ltd,INDIA,Pharmatec (Pvt) Ltd
DOMPERIDONE TABLETS 10MG,DOMI 10,TABLETS,10X10'S,ALU PVC BLISTER,Lincoln Pharmaceuticals Ltd,INDIA,Pharmatec (Pvt) Ltd
METFORMIN TABLETS BP 500MG,SRIMET,TABLETS,"10X10',1X10' 1000'S",ALU PVC BLIS/JAR,Fredun Pharmaceuticals Ltd,INDIA,George Steuart Health Pvt Ltd
DICLOFENAC GEL B.P 1% W/W,VIVIAN,GEL,"30G, 20G","COLP TUBE,LAMIN.T",Lincoln Pharmaceuticals Ltd,INDIA,Pharmatec (Pvt) Ltd
FOLIC ACID TABLETS BP 1MG,F-A-One,TABLET,3X10'S,ALU PVC BLISTER,MMC Healthcare Ltd,INDIA,Markss HLC (Pvt) Ltd
PAEDIATRIC PARACETAMOL ORAL SOLUTION BP 120MG/5ML,PARACETOL,ORAL SOLUTION,100ML,PET BOTTLE,Morison Limited,SRI LANKA,***
OMEPRAZOLE DELAYED RELEASE CAPSULES USP 20MG,OMEDAY 20,HARD GELATIN CAPSULE,3X10' 10X10' 250',"ALU PVC BLIS,HDPE CO",ACE Healthcare Lanka  (Pvt) Ltd,SRI LANKA,***
GABAPENTIN CAPSULES USP 100MG,***,CAPSULES,"3X10',10X10'","ALU ALU BLIS,PVC,HDP",ACE Healthcare (Pvt) Ltd,SRI LANKA,***
ETORICOXIB TABLETS 90MG,NUCOXIA 90,TABLET,10X10'S,ALU PVC PVDC BLISTE,ZYDUS LIFESCIENCES LIMITED,INDIA,Sunshine Healthcare lanka Ltd
CEPHALEXIN TABLETS FOR ORAL SUSPENSION USP 250 MG,BLUCEF 250 DT,DISPOSABLE TABLETS,10 X 10'S,ALU ALU STRIP,Blue Cross Laboratories Pvt Ltd,INDIA,Sunshine Healthcare lanka Ltd
SALBUTAMOL ORAL SOLUTION BP 2MG/5ML,BUTAMOL SOLUTION,ORAL SOLUTION,"100ML,60ML",HDPE BOTTLE,Mercury Laboratories Ltd,INDIA,Yaden International (Pvt) Ltd
MONTELUKAST TABLETS BP 10MG,VENTELUCAST,TABLET,"3X10',1X10',10X10'S",BLISTER,Incepta Pharmaceuticals Ltd,BANGLADESH,Citihealth Imports (Pvt) Ltd
VARICELLA VACCINE LIVE INJECTION,***,POWDER FOR INJECTION,01 DOSE +1 VIAL,2M+0.5ML DILUE+1PFSY,CHANGCHUN  Keygen  Biological Products Co Ltd,CHINA,Ceyoka (Pvt) Ltd
AMOXICILLIN CAPSULES BP 250MG,AMYN 250,CAPSULES,"10X10'S, 1000'S","ALU PVC BLIS,HDPE JA",Kopran Ltd,INDIA,Alaris Lanka (Pvt) Ltd
SALBUTAMOL DRY POWDER INHALATION CAPSULES BP 200MCG,SALBUVIC 200,DRY POWDER CAPSULES,10X10'S,ALU PVDC BLISTER,Lina Manufacturing (Pvt) Ltd,SRI LANKA,***
CAPTOPRIL TABLETS B.P 25MG,CAPTACE 25,TABLETS,10X10'S,ALU PVC BLISTER,MMC Healthcare Ltd,INDIA,Hi Care Pharma (Pvt)Ltd
ROSUVASTATIN CALCIUM TABLETS 5MG,ZYROVA 5,TABLET,10X10'S,ALU ALU STRIP,ZYDUS LIFESCIENCES LIMITED,INDIA,Sunshine Healthcare lanka Ltd
CIPROFLOXACIN TABLETS USP 500MG,CIPRORIGHT 500MG,TABLETS,10x10'S 1000'S,"HDPE BOTTLE,BLISTER",Novagen Healthcare Pvt Ltd,INDIA,Chamee Chemist
SITAGLIPTIN TABLETS 50MG,SITA,TABLETS,"70'S, 2X7', 7'S",ALU ALU BLISTER,CCL Pharmaceuticals (Pvt) Ltd,PAKISTAN,CIC Holdings PLC
LEVOFLOXACIN TABLETS USP 250MG,LEVOCIL 250,TABLETS,"10X10'S,1X10'S",ALU ALU BLISTER,CCL Pharmaceuticals (Pvt) Ltd,PAKISTAN,CIC Holdings PLC
HEPATITIS B (R-DNA)  VACCINE 20MCG/ML (ADULT SINGLE DOSE),ENGERIX-B 20,LIQUID FOR INTRAMUSCULAR INJECTION,1VIAL(1ML)/10VIAL/PA,VIAL,Glaxo Smithkiline Biologicals S A,BELGIUM,A Baur & Co  (Pvt) Ltd
MANNITOL INTRAVENOUS INFUSION BP 20% W/V,**,IV INFUSION,"250ML,500ML,100ML",PLASTIC CONTAINER,Aculife Healthcare (Pvt) Ltd,INDIA,Emerchemie NB (Ceylon) Ltd
HUMAN NORMAL IMMUNOGLOBULIN FOR INTRAVENOUS ADMINISTRATION BP 5%,V-IMMUNE,SOLUTION FOR INJECTION,100ML VIAL/PACK,USP TYPE 1 GLASS,Virchow Biotech Private Limited,INDIA,George Steuart Health Pvt Ltd
SALBUTAMOL ORAL SOLUTION BP 2MG/5ML,LEBASMA,ORAL SOLUTION,"60ML,100ML,500ML,","AMB PET BOT,HDPE CAN",Leben Laboratories (Pvt) Ltd,INDIA,Ceyoka (Pvt) Ltd
IRON III POLYMALTOSE COMPLEX EQUIVALENT TO ELEMENTAL IRON  50MG+FOLIC ACID0.5MG+PYRIDOXIN HYDROCHLRD3MG+CYANOCOBALAMIN15MCG IN 5ML LIQUID,CHELFERRON,ORAL SOLUTION,200ML,AMB.PET BOTTLE,Leben Laboratories (Pvt) Ltd,INDIA,Ceyoka (Pvt) Ltd
AMOXICILLIN AND CLAVULANATE POTASSIUM TABLETS USP 625MG,CLANEKSI 625,FILM COA TABLETS,5X6'S,ALU ALU STRIP,PT Sanbe Farma,INDONESIA,Softlogic Pharmaceuticals (Pvt( Ltd
ROSUVASTATIN TABLETS IP 20MG,ROSULIP 20,TABLET,1X10'S,ALU ALU BLISTER,CIPLA LIMITED,INDIA,Breathe Free Lanka (Pvt) Ltd
GLICLAZIDE MODIFIED RELEASE TABLETS 30MG,GLIGEN MR 30,TABLET,"1x10', 3x10' 4x10'","ALU PVC BLIS,ALU ALU",NEWGEN LANKA HEALTHCARE (PVT) LTD,SRI LANKA,***
LOSARTAN POTASSIUM TABLETS USP 50MG,CZARTAN 50,TABLET,5X10'S,ALU PVC BLISTER,Macleods Pharmaceuticals Ltd,INDIA,Sunshine Healthcare lanka Ltd
FUROSEMIDE INJECTION BP 20MG/2ML,**,INJECTION,"5X2ML,10X2ML",AMB GLASS AMPOULE,kelun lifesciences(Pvt) Ltd,SRI LANKA,***
AMOXICILLIN & POTASSIUM CLAVULANATE TABLETS BP 625MG,MOXILINK C,TABLET,3X10'S,ALU  ALU BLISTER,Lincoln Pharmaceuticals Ltd,INDIA,Pharmatec (Pvt) Ltd
AMOXICILLIN CAPSULES BP 500MG,**,CAPSULES,"500',1000',10X10'S","ALU PVC BLIS,JAR",Medico Remedies  Ltd,INDIA,ABC Pharma Services Pvt. Ltd
RIVAROXABAN TABLETS PH EUR 20 MG,RIVAZEST 20,TABLET,1X14'S,"PVC,PVDC,ALU BLISTER",CIPLA LIMITED,INDIA,Breathe Free Lanka (Pvt) Ltd
DAPAGLIFLOZIN TABLETS 10MG,DAPAQUIS,TABLET,30'S,HDPE BOTTLE,CIPLA LIMITED,INDIA,Breathe Free Lanka (Pvt) Ltd
CEFUROXIME AXETIL TABLETS USP 250MG,CEFZIM 250,TABLET,"10X10'S, 1X10',250'S",ALU ALU/HDPE JAR,Zee Laboratories,INDIA,ABC Pharma Services Pvt. Ltd
BISOPROLOL FUMARATE TABLETS USP 5MG,BISOTAB 5,TABLET,10X10'S,ALU ALU BLISTER,Swiss Garnier Life Scences,INDIA,George Steuart Health Pvt Ltd
ETORICOXIB TABLETS 60MG,ETORICOXIB TABLETS 60MG,TABLET,3X10'S,ALU ALU BLISTER,Fredun Pharmaceuticals Ltd,INDIA,George Steuart Health Pvt Ltd
RANOLAZINE EXTENDED RELEASE TABLETS 500 MG,RANOLINE ER 500,TABLET,1X10' X10' 4X10',ALU PVC BLISTER,NEWGEN LANKA HEALTHCARE (PVT) LTD,SRI LANKA,***
AMOXICILLIN AND CLAVULANATE POTASSIUM TABLETS USP 1000 MG,KLAMOKS BID 1000MG,TABLET,14'S,ALU ALU BLISTER,Bilim Ilac Sanayi Ve Ticaret Anonim Sirketi,TURKEY,Slim Pharmaceuticals (Pvt) Ltd
PARACETAMOL INFUSION 1% W/V,KABIMOL,INFUSION,100 ML,GLASS VIAL,Fresenius Kabi India Pvt Ltd,INDIA,Hemas Pharmaceuticals (Pvt) Ltd
IRON III HYDROXIDE POLYMALTOSE COMPLEX (EQV.ELEMENTAL IRON) 100MG+ FOLIC ACID BP 0.35MG TABLETS,IRPO-FA,CHEWABLE TABLETS,3X10'S,ALU ALU BLISTER,Nabiqasim Industries (Pvt) Ltd,PAKISTAN,George Steuart Health Pvt Ltd
SILDENAFIL TABLETS USP 50MG,SILAGRA 50,TABLET,"1X4'S, 10X1X4'S",ALU PVC BLISTER,CIPLA LIMITED,INDIA,Breathe Free Lanka (Pvt) Ltd
RIVAROXABAN TABLETS PH EUR 10 MG,RIVAZEST 10,TABLET,1X14'S,ALU PVC PVDC BLISTER,CIPLA LIMITED,INDIA,Breathe Free Lanka (Pvt) Ltd
AZITHROMYCIN TABLETS USP 500MG,AZ-1 500,TABLET,"10X1X3', 1X3'S",ALU PVC BLISTER,Kopran Ltd,INDIA,Alaris Lanka (Pvt) Ltd
CLINDAMYCIN INJECTION USP 300MG/2ML,CLACIN 300,INJECTION,"5X2ML, 10X2ML",GLS TYPE 1,kelun lifesciences(Pvt) Ltd,SRI LANKA,***
KETOCONAZOLE OINTMENT USP 2% W/W,PHYTORAL,OINTMENT,15 G,ALUMINIUM COLLA.TUBE,Micro Labs Ltd,INDIA,Micro Healthcare (Pvt) Ltd
SYRUP CONTAINING LIQUID EXTRACT OF GLYCERRHIZA 4%+LIQUID EXTRACT OF COCILLANA 1%+MENTHOL  0.05%,VALMELIX SYRUP,SYRUP,"100ML,200ML","GLASS BOTTLE,PET BOT",Morison Limited,SRI LANKA,***
DAPAGLIFLOZIN TABLETS 5MG,DAPAGLYN 5,TABLETS,1X10' 3X10 10X10,ALU ALU BLISTER,CELOGEN LANKA (PVT) LTD FOR ZYDUS LANKA (PVT) LTD,SRI LANKA,***
LAMOTRIGINE TABLETS USP 50MG,**,TABLETS,"10x10'S,100'S,500'S","HDPE JAR, BLISTER",Celogen Lanka (Pvt) Ltd,SRI LANKA,***
NEOSTIGMINE INJECTION BP 0.5MG/ML,NEOGMIN 0.5,INJECTION,"5X1 ML, 10X1ML",AMB TYPE 1 GLASS AMO,kelun lifesciences(Pvt) Ltd,SRI LANKA,***
NEOSTIGMINE INJECTION BP 2.5MG/ML,NEOGMIN 2.5,INJECTION,"5X1ML, 10X1ML",AMB.TYPE 1 GLASS AMP,kelun lifesciences(Pvt) Ltd,SRI LANKA,***
EVEROLIMUS TABLETS 0.25mg,JOELIMUS 0.25,TABLET,1X10' 3X10' 5X10'S,ALU PVC BLISTER,Jodas Expoim Pvt Ltd,INDIA,Softcare International (Pvt) Ltd
ENZALUTAMIDE CAPSULES 40MG,JOENZAMIDE 40,HARD GELATINE CAPSULES,"1X10',3X10,5X10,",ALU PVC BLISTER,Jodas Expoim Pvt Ltd,INDIA,Softcare International (Pvt) Ltd
EMPAGLIFLOZIN 5MG + METFORMIN TABLETS 850MG TABLETS,JARDY MET 5/850,TABLET,"14'S, 28'S, 70'S 98'",ALU ALU BLISTER,CCL Pharmaceuticals (Pvt) Ltd,PAKISTAN,CIC Holdings PLC
EMPAGLIFLOZIN 12.5 MG + METFORMIN 850 MG TABLETS,JARDY MET 5/850,TABLET,14' 28' 70' 98'S,ALU ALU BLISTER,CCL Pharmaceuticals (Pvt) Ltd,PAKISTAN,CIC Holdings PLC
CIPROFLOXACIN TABLETS USP 500MG,**,TABLET,"500',1000',10X20'S","HDPE BOT,ALU PVC BLI",State Pharmaceuticals Manufacturer Corporation,SRI LANKA,***
LOSARTAN POTASSIUM TABLETS USP  25MG,**,TABLET,7X10'S,ALU PVC BLISTER,ZYDUS LIFESCIENCES LIMITED,INDIA,Sunshine Healthcare lanka Ltd
DISPERSIBLE DOXYCYCLINE TABLETS BP 100MG,DOXYMEC-DT,DISPERSIBLE TABLETS,10X10'S,ALU PVC BLISTER,Mc W Healthcare (P ) Ltd,INDIA,Tranz Pharma Hodlings (Pvt) Ltd
CLOTRIMAZOLE 1% W/V & LIDOCAINE HYDROCHLORIDE 2% W/V EAR DROP,CANDID PLUS,EAR DROPS,15ML,LDPE BOTTLE,Glenmark Pharmaceuticals Ltd,INDIA,Sunshine Healthcare lanka Ltd
AZITHROMYCIN FOR ORAL SUSPENSION USP 200MG/5ML,AZIGEN DRY SYRUP,POWDER FOR SUSPENSION,"15ML, 30ML, 35ML",AMB GLS BOTTLE,NEWGEN LANKA HEALTHCARE (PVT) LTD,SRI LANKA,***
EMPAGLIFLOZIN TABLETS 25MG,EMGLIT,TABLET,5X10'S,ALU ALU BLISTER,Medicon Pharmaceuticals Ltd,BANGLADESH,Tranz Pharma Hodlings (Pvt) Ltd
CEFUROXIME AXETIL TABLETS USP 500MG,AUXTOCEF 500,TABLET,"1X10'S, 10X10'S",ALU ALU BLISTER,INNOVA CAPTAB LIMITED,INDIA,Cliniqon Biotech Pvt. Ltd
SODIUM PYRROLIDONE CARBOXYLIC ACID 2.5% W/W  SODIUM LACTATE 2.5% W/W REFINED OLIVE OIL 3% & VITAMIN E ACETATE 1%  W/W CREAM,EFATOP PE CREAM,CREAM,5g & 60g,COLLAPSIBLE TUBE,Blossom Pharmaceuticals,INDIA,George Steuart Health Pvt Ltd
MICONAZOLE NITRATE CREAM USP  2% W/W,DERMICO,CREAM,1X30G,LAMI TUBE,Laborate Pharmaceuticals India Ltd,INDIA,ABC Pharma Services Pvt. Ltd
LAMOTRIGINE TABLETS USP 100MG,**,TABLETS,"100'S, 500'S, 10X10'","HDPE JAR,BLISTER PAC",Celogen Lanka (Pvt) Ltd,SRI LANKA,***
THIAMINE HYDROCHLORIDE TABLETS USP 100 MG,**,TABLET,"100'S, 500'S",HDPE JAR,Celogen Lanka (Pvt) Ltd,SRI LANKA,***
RITONAVIR TABLETS USP 100 MG,**,TABLET,30'S,HDPE CONTAINER,Hetero Labs Ltd,INDIA,Mansel (Ceylon) (Pvt) Ltd
AMOXICILLIN & CLAVULANATE POTASSIUM TABLETS USP 625 MG,THEOCLAV 625,TABLET,"2X10'S, 10X10'S",BLISTER,Theon Pharmaceuticals Ltd,INDIA,Slim Pharmaceuticals (Pvt) Ltd
PREGABALIN CAPSULES IP 150MG,PREBALIN 150,CAPSULES,"100'S, 3X10' 10X10'","HDPE JAR,ALU PVC PVD",Celogen Lanka (Pvt) Ltd,SRI LANKA,***
GLICLAZIDE TABLETS BP 40MG,GLICAD 40,TABLETS,10X10'S,ALU PVC BLISTER,ARISTO PHARMACEUTICALS (PVT) LTD,INDIA,VIV PHARMA (PVT) LTD
GEMCITABINE FOR INJECTION USP 1G,GEMLIFE,LYOPHILIZED POWDER FOR INJECTION,01 VIAL/PACK,USP TY 1 GLS VIAL,VHB Medi Sciences Ltd,INDIA,Yaden International (Pvt) Ltd
EMPAGLIFLOZIN TABLETS 10MG,XENGLU 10,TABLETS,"14(2X7'S),28(7'SX4)",BLISTER PACK,Hilton  Pharma (Pvt) Ltd,PAKISTAN,Sunshine Healthcare lanka Ltd
CLOBETASOL PROPIONATE OINTMENT USP 0.05% w/w,AXCEL CLOBETASOL,OINTMENT,5G &15G,ALUMINIUM COLLAPSIBL,Kotra Pharma (M) SDN BHD,MALAYSIA,Sunshine Healthcare lanka Ltd
ZINC SULPHATE DISPERSIBLE TABLETS IP 20 MG,**,DISPERSIBLE TABLETS,10X10'S,"PVDC,PVC ALU BLISTER",Sands Active Pvt Ltd,SRI LANKA,***
SODIUM CHLORIDE INTRAVENOUS INFUSION BP 0.45% W/V,**,INTRAVENOUS INFUSION,500ML,PP BOTTLE,kelun lifesciences(Pvt) Ltd,SRI LANKA,***
METFORMIN TABLETS BP 500MG,DIABETMIN  500,TABLET,"10X10', 5X20',10'S",ALU PVC BLISTER,Hovid Berhad,MALAYSIA,Mansel (Ceylon) (Pvt) Ltd
FINASTERIDE TABLETS USP 5MG,FINA-5,TABLETS,10X10'S 3X10'S,ALU ALU BLISTER,West Coast Pharmaceurical works Ltd,INDIA,Innogen Lanka (Pvt) Ltd
LOSARTAN POTASSIUM TABLETS USP 50MG,MELSARTAN 50,TABLETS,"1X10'S,3X10'S,6X10'S","ALU ALU BLISTER, HDP",Sands Active Pvt Ltd,SRI LANKA,***
TACROLIMUS CAPSULES 1MG,PANGRAF 1,CAPSULES,6X10'S,BLISTER,Panacea Biotech Pharma Ltd,INDIA,Markss HLC (Pvt) Ltd
VANCOMYCIN HYDROCHLORIDE FOR INJECTION USP 1000MG,VANCOTECH 1000,POWDER FOR INJECTION,1 VIAL/PACK,GLASS VIAL,United Biotech (P) Limited,INDIA,Klintas (Pvt) Ltd
METFORMIN TABLETS BP 500MG,M-FORLIN 500,TABLET,10X10'S,ALU PVC BLISTER,Lincoln Pharmaceuticals Ltd,INDIA,Pharmatec (Pvt) Ltd
ZOLEDRONIC ACID FOR INJECTION 4 MG,ZOLDRO,LYOPHILIZED POWDER FOR INJECTION,"5VIAL,1 VIAL/PACK",USP TY 1 GLS VIAL,United Biotech (P) Limited,INDIA,Klintas (Pvt) Ltd
AMOXICILLIN 250MG & CLAVULANATE ACID 1250MG TABLETS,AUGMENTIN 375,TABLET,20'S,ALU PVC BLISTER,Smithkline Beecham Limited,UNITED KINGDOM,A Baur & Co  (Pvt) Ltd
EVEROLIMUS TABLETS 0.25mg,EVERBLISS,TABLETS,1X10'S,ALU ALU BLISTER,BDR Pharmaceuticals International (Pvt) Ltd,INDIA,Pharma Associates
HYDROXYETHYL STARCH (IIES 130/0.4)M ISOTOMIC SODIUM CHLORIDE SOLUTION FOR INFUSION 6%,VOLUVEN,SOLUTION FOR INFUSION,500ML,POLYOLEFINE BAG,Fresenius Kabi Deutschland GmbH,GERMANY,Hemas Pharmaceuticals (Pvt) Ltd
SERTRALINE TABLETS BP 50MG,ZOTRAL 50,TABLETS,"10X10'S, 1X10'S",ALU PVC BLISTER,Micro Labs Limited,INDIA,Micro Mega Lanka (Pvt) Ltd
CLARITHROMYCIN TABLETS USP 250MG,NEO-KLAR,TABLETS,10 TABS/PACK,ALU ALU BLISTER,CCL Pharmaceuticals (Pvt) Ltd,PAKISTAN,CIC Holdings PLC
ROSUVASTATIN TABLETS USP 5MG,AURORA 5,TABLETS,1X10'S,ALU ALU BLISTER,Ferozsons Laboratories Ltd,PAKISTAN,Emerchemie NB (Ceylon) Ltd
LEVONORGESTREL SUB DERMAL IMPLANTS 75MG,JADELLE SINE INSERTER,IMPLANTS,10sets 2 implats,"FILM BAG,PE NONWOVEN",Bayer OY Pansiontie,FINLAND,Hemas Pharmaceuticals (Pvt) Ltd
ATORVASTATIN TABLETS IP 40MG,ATOGEN 40,TABLETS,"5X10'S, 10X10'S, 500","ALU ALU BLS,HDPE JAR",Celogen Lanka (Pvt) Ltd,SRI LANKA,***
CELECOXIB CAPSULES BP 100MG,NIMERAL 100,HARD GELATIN CAPSULE,"10X10'S, 3X10'S",ALU PVDC BLISTER,The Madras Pharmaceuticals,INDIA,Pharma Associates
PHYTOMENADIONE INJECTION BP 1MG/0.5ML,K-VIT 1,INJECTION,5X0.5ML;10X0.5ML,TY 1 GLS VIAL,kelun lifesciences(Pvt) Ltd,SRI LANKA,***
TERBINAFINE TABLETS USP 250MG,TERBINAFORCE 250,TABLETS,3X10 TABLETS/PACK,ALU ALU BLISTER,Mankind Pharma Ltd,INDIA,Hemas Pharmaceuticals (Pvt) Ltd
PIOGLITAZONE TABLETS  30MG,PIONORM 30,TABLETS,"1X10,10x10'S",ALU ALU BLISTER,Micro Labs Ltd,INDIA,Micro Mega Lanka (Pvt) Ltd
AMOXICILLIN AND CLAVULANATE POTASSIUM TABLETS USP 375 MG,INDCLAV 375,TABLET,"2X10', 10X10',5X2X10",ALU ALU BLISTER,Indchemie Health Specialities (Pvt) Ltd,INDIA,Pharma Associates
RIVAROXABAN TABLETS PH EUR 10 MG,NOTHROMBI 10,TABLETS,"3X10'S, 4X7'S",PVC PVDC BLISTER,Inventia Healthcare (Pvt) Ltd,INDIA,Emerchemie NB (Ceylon) Ltd
LEVETIRACETAM TABLETS USP 250MG,LEVACETAM 250,TABLETS,3X10'S,ALU PVC BLISTER,Micro Labs Ltd,INDIA,Micro Healthcare (Pvt) Ltd
METHYLENE BLUE INJECTION USP 1% W/V,**,INJECTION,10ML AMP.PACK,USP TY 1 GLS AMPOULE,Mercury Laboratories Ltd,INDIA,Yaden International (Pvt) Ltd
ATEZOLIZUMAB INJECTION 840/14ML,TECENTRIQ 840,INJECTION,14 ML,GLASS VIAL,F Hoffman-La Roche Ltd,SWITZERLAND,A Baur & Co  (Pvt) Ltd
EMPAGLIFLOZIN TABLETS 25MG,EMPA 25,TABLET,30'S,ALU ALU BLISTER,NIPRO JMI Pharma Ltd,BANGLADESH,Imedra Healthcare (Pvt) Ltd
PAEDIATRIC PARACETAMOL ORAL SOLUTION BP 120MG/5ML,TANDOL,ORAL SOLUTION,100ML,"AMB GLS,PET,HDPE BOT",Mediccom (Pvt) Ltd,SRI LANKA,***
CETIRIZINE HYDROCHLORIDE ORAL SOLUTION 1MG/ML,MEDRYL,ORAL SOLUTION,"60ML,120ML,500ML","AMB PET,HDPE BOTTLE",Mediccom (Pvt) Ltd,SRI LANKA,***
GEMCITABINE FOR INFUSION USP 1000MG,AMGICIN 1000,LYOPHILIZED POWDER FOR INJECTION,50ML,USP TY 1 GLASS VIAL,Beta Drugs Ltd,INDIA,"Adora Ceylon (Pvt) Ltd, No 29/14/B, Royal Park iii"
TELMISARTAN TABLETS USP 80MG,MISAR 80,TABLETS,"10X10'S, 1X10'S",ALU ALU BLISTER,Highnoon Laboratories Ltd,PAKISTAN,Truvic Private Ltd
CEFIXIME CAPSULES 200MG,KEFIXIM 200,CAPSULES,2X8'S,ALU ALU BLISTER,Eskayef Pharmaceuticals Ltd,BANGLADESH,Truvic Private Ltd
ATEZOLAMIDE INJECTION 1200MG/20ML,TECENTRIQ 1200,INJECTION,20ML,GLASS VIAL,F Hoffman-La Roche Ltd,SWITZERLAND,A Baur & Co  (Pvt) Ltd
CLOPIDOGREL TABLETS USP 75MG,SAFEN,TABLETS,10X10'S,ALU ALU STRIP,Brawn Laboratories Ltd,INDIA,Ceyoka (Pvt) Ltd
CLOMIFENE CITRATE TABLETS BP 50MG,CLOMITAB,TABLETS,1X10'S,ALU ALU BLISTER,Nabiqasim Industries (Pvt) Ltd,PAKISTAN,George Steuart Health Pvt Ltd
RABEPRAZOLE SODIUM CAPSULES 20MG,RMAX 20,CAPSULES,6X10'S,ALU ALU BLISTER,Delta Pharma Ltd,BANGLADESH,Hyena Pharmaceuticals (Pvt) Ltd
GASTRO RESISTANT PANTOPRAZOLE TABLETS BP 40MG,ULTOP-40,TABLETS,1X10X10' 1X10X20',ALU ALU BLISTER,Leben Laboratories (Pvt) Ltd,INDIA,Ceyoka (Pvt) Ltd
MEBENDAZOLE TABLETS USP 500MG,MEBEN,TABLETS,"1'S, 20'S",ALU PVC BLISTER,Astron Limited,SRI LANKA,***
CEFIXIME FOR ORAL SUSPENSION USP 100MG/5ML,RITE-O CEF,DRY SYRUP,"30ML, 60ML",AMB GLASS BOTTLE,Micro Labs Ltd,INDIA,Micro Healthcare (Pvt) Ltd
ESTRADIOL 1MG TABLETS (14 TABLETS) & ESTRADIOL 1MG +DEHYDROGESTERONE 10MG (14 TABLETS) IN A CALENDER PACK,FEMOSTON 1/10,TABLETS,28'S,PVC PVDC BLISTER,Abbott Biological BV,NETHERLANDS,CIC Holdings PLC
RIVAROXABAN TABLET 20MG,XAROBAN 20MG,TABLETS,"1X10', 3X10'S",ALU ALU BLISTER,The Searle Company Ltd,PAKISTAN,Morison Limited
DOMPERIDONE SUSPENSION 5MG/5ML,VOMILUX,SUSPENSION,60ML,AMB GLS BOTTLE,ATCO Laboratories Limited,PAKISTAN,Morison Limited
EVEROLIMUS TABLETS 10MG,JOELIMUS 10,TABLET,1X10' 3X10' 5X10,ALU PVC BLISTER,Jodas Expoim Pvt Ltd,INDIA,Softcare International (Pvt) Ltd
MULTIVITAMIN & MINERALS SYRUP,ZINCOVIT-S,SYRUP,"60ML,100ML,200ML",AMB GLASS BOTTLE,Apex Laboratories Ltd,INDIA,A Baur & Co  (Pvt) Ltd
EMPAGLIFLOZIN TABLETS 25MG,XENGLU 25,TABLETS,1X14'S 2X14'S,BLISTR PACK,Hilton  Pharma (Pvt) Ltd,PAKISTAN,Sunshine Healthcare lanka Ltd
GLICLAZIDE TABLETS BP 80 MG,GLIGEN 80,TABLETS,1X10' 3X10 4X10'S,"ALU PVC BLIS,ALU ALU",NEWGEN LANKA HEALTHCARE (PVT) LTD,SRI LANKA,***
CLINDAMYCIN HYDROCHLORIDE CAPSULES USP 150MG,XINDAL 150,CAPSULES,"3X10'S, 1X10'S",ALU PVC BLISTER,Orion pharma Ltd,BANGLADESH,Darley Butler  & Co Ltd
LITHIUM CARBONATE EXTENDED RELEASE TABLETS USP 400 MG,LITHIGEN ER 400,TABLETS,1X10' 3X10' 5X10',ALU ALU STRIP,NEWGEN LANKA HEALTHCARE (PVT) LTD,SRI LANKA,***
DAPAGLIFLOZIN TABLETS 10MG,DAPZIN 10,TABLETS,3X10'S,ALU ALU BLISTER,Micro Labs Limited,INDIA,Micro Healthcare (Pvt) Ltd
VALSARTAN 51 MG+SACUBITRIL 49 MG FILM COATED TABLET,UPERIO 100 MG,TABLETS,28'S,ALU ALU BLISTER,Novartis Farma S.pA via Provinciale Schito,SWITZERLAND,A Baur & Co  (Pvt) Ltd
LEVONORGESTREL TABLETS 1.5MG,REVOKE,TABLETS,1'S,BLISTER,Senador Laboratories Private Limited,INDIA,A Baur & Co  (Pvt) Ltd
MEDROXYPROGESTERONE ACETATE INJECTABLE SUSPENSION USP 150MG/ML,***,INJECTION,1'S 25'S & 100'S,GLASS VIAL TY 1,Senador Laboratories Private Limited,INDIA,A Baur & Co  (Pvt) Ltd
PANTOPRAZOLE DELAYED RELEASE TABLET USP 40MG,GENOCID 40,TABLETS,"3x10's,10X10'S",ALU ALU  BLISTER,Sydler Remedies (Pvt) Ltd,INDIA,Alaris Lanka (Pvt) Ltd
RANOLAZINE EXTENDED RELEASE TABLETS 500 MG,RANOZ 500,EXTENDED RELEASE TABLETS,"1X10'S, 3X10'S",ALU ALU BLISTER,ZYDUS LIFESCIENCES LIMITED,INDIA,Zydus Lanka (Private) Limited
ABIRATERONE ACETATE TABLETS USP 250MG,ADBIRON 250,TABLETS,120'S,HDPE BOTTLE,Beta Drugs Ltd,INDIA,"Adora Ceylon (Pvt) Ltd, No 29/14/B, Royal Park iii"
OMEPRAZOLE FOR INJECTION 40MG,OMEKAR,LYOPHILIZED POWDER FOR INJECTION,10ML VIAL+10 ML WFI,10ML VIAL+10ML WFI,Sakar Healthcare Limited,INDIA,Ceyoka (Pvt) Ltd
ONDANSETRON  INJECTION USP 2MG/ML,VOMIKIND,INJECTION,"4X2ML,4X4ML",GLASS AMPOULE,Mankind Pharma Ltd,INDIA,Hemas Pharmaceuticals (Pvt) Ltd
LEVETIRACETAM TABLETS USP 500MG,LEVEGET,TABLETS,10'S,ALU PVC BLISTER,Getz Pharma (Pvt) Ltd,PAKISTAN,Hemas Pharmaceuticals (Pvt) Ltd
BECLOMETHASONE AQUEOUS NASAL SPRAY BP 100MCG/SPRAY,BECLONASE 100,NASAL SPRAY,10ML(200 MTD),PLASTIC BOTTLE,Lina Manufacturing (Pvt) Ltd,SRI LANKA,***
KETOCONAZOLE CREAM 2% W/W,DERM KETA CREAM,CREAM,10G.15G,ALU.COLLAP TUBE,Galentic Pharma (india) (Pvt) Ltd,INDIA,Ceyoka (Pvt) Ltd
CLONAZEPAM TABLETS USP 2MG,NEURYL 2,TABLETS,3X10'S,ALU PVDC BLISTER,Laboratoires Bago S. A,ARGENTINA,Emerchemie NB (Ceylon) Ltd
BECLOMETASONE PRESSURIZED INHALATION BP 50 MCG/DOSE,***,METERED DOSE INHALER,200 DOSES/PACK,ALU PRESSURI. SPRAY,Heilongjiang province Fulekang Pharmaceutical Co Ltd,CHINA,Ceyoka (Pvt) Ltd
HEPARIN SODIUM INJECTION BP 5000 IU/ML,VAXCEL,SOLUTION FOR INJECTION,5MLX10'S,TY 1 GLASS VIAL,Kotra Pharma (M) SDN BHD,MALAYSIA,Sunshine Healthcare lanka Ltd
OCTREOTIDE ACETATE FOR INJECTABLE SUSPENSION 30MG,OCTECJO LAR 30,POWDER & SOLVENTFOR  INJECTABLE SUSPENSION,1'S,30MG VIAL+2ML PFS,Jodas Expoim Pvt Ltd,INDIA,Softcare International (Pvt) Ltd
ONDANSETRON ORALLY DISINTEGRATING TABLETS USP 4MG,ONDAMAX,ORALLY DISINTEGRATING TABLETS,3X10'S,ALU ALU BLISTER,Mc W Healthcare (P ) Ltd,INDIA,Innogen Lanka (Pvt) Ltd
CASPOFUNGIN ACETATE FOR INJECTION 50MG,CAGIN 50,POWDER FOR INJECTION,1 GLS VIAL+10ML AMP,USP TY 1 GLS VIAL,United Biotech (P) Limited,INDIA,George Steuart Health Pvt Ltd
ROSUVASTATIN TABLETS 20MG,ROVATIN 20,TABLET,"1X10', 3X10' 5X10'",ALU ALU BLISTER,ZIM Laboratories Limited,INDIA,Tabrane Pharmaceuticals (Pvt) Ltd
FUSIDIC ACID 2% W/W + HYDROCORTISONE 1% W/W CREAM,FACID HC,CREAM,10G,LAMINATED  TUBE,Eskayef Pharmaceuticals Ltd,BANGLADESH,Truvic Private Ltd
CALCIUM POLYSTYRENE SULPHONATE POWDER 15G SACHETS,K-STRYN,ORAL POWDER,15GX10/PACK,ALU SACHETS,United Biotech (P) Limited,INDIA,George Steuart Health Pvt Ltd
BISOPROLOL FUMARATE TABLETS 5MG,CORBLOC 5,FILM COATED TABLETS,3X10'S,ALUMINIUM STRIP PACK,Unichem Laboratories,INDIA,A Baur & Co  (Pvt) Ltd
GASTRO RESISTANT DICLOFENAC TABLETS BP 25MG,CELONAC 25,ENTERIC COATED TABLETS,500' 1000' 2X5X10'S,"HDPE JAR,ALU PVC BLI",Celogen Lanka (Pvt) Ltd,SRI LANKA,***
BACLOFEN TABLETS BP 5MG,BACLON 5,TABLETS,10X10'S,ALU ALU BLISTER,Pharmafabrikon,INDIA,Novachem Lanka (Pvt) Ltd
BISOPROLOL FUMARATE TABLETS USP 5MG,BISOVIC 5,TABLETS,"3X10'S, 10X10'S",ALU PVDC BLISTER,Bio Pharma Limited,BANGLADESH,Truvic Private Ltd
RIVAROXABAN TABLETS PH EUR 15MG,RIVAZEST 15,TABLETS,1X14'S,PVC PVDC ALU BLISTER,Cipla Limited,INDIA,Breathe Free Lanka (Pvt) Ltd
TEMOZOLOMIDE CAPSULES 100MG,TEMOZOL 100,CAPSULES,5 CAPSULES/PACK,HDPE CONTAINER,Khandelwal Laboratories Ltd,INDIA,Ceyoka (Pvt) Ltd
PROLONGED RELEASE VERAPAMIL TABLETS BP 240 MG,***,TABLETS,100'S,HDPE JAR,Celogen Lanka (Pvt) Ltd,SRI LANKA,***
PEGASPARGASE (PEGYLATED L-ASPARAGINASE) INJECTION 3750IU/5ML,HAMSYL,INJECTION,5ML VIAL/PACK,GLASS VIAL,Gennova Biopharmaceuticals Ltd,INDIA,Emerchemie NB (Ceylon) Ltd
SUMATRIPTAN TABLETS BP 50MG,SUMITAN,UNCOATED TABLETS,3X10' 10X10' 100'S,"ALU PVC PVDC,HDPE JA",Celogen Lanka (Pvt) Ltd,SRI LANKA,***
ETORICOXIB TABLETS 120MG,ETOHOPE 120,TABLETS,3X10'S,ALU PVC PVDC,Glenmark Pharmaceuticals Ltd,INDIA,Sunshine Healthcare lanka Ltd
METHYLDOPA TABLETS BP 250MG,**,TABLETS,10X10'S,ALU PVC BLISTER,Novagen Healthcare Pvt Ltd,INDIA,Chamee Chemist
"2, 4-DICHLOROBENZYL 1.2MG + AMYLMETACRESOL BP  0.6MG LOZENGES",SUPERIL-LOZENGES (BLACKCURRANT),LOZENGES,"2X12'S, 1X4'S",ALU PVC BLISTER,UNIQUE PHARMACEUTICAL LABORATORIES,INDIA,George Steuart Health Pvt Ltd
RIVAROXABAN TABLET 10MG,XAROBAN,TABLETS,"1X10'S, 3X10'S",ALU ALU BLISTER,The Searle Company Ltd,PAKISTAN,Morison Limited.
ARIPIPRAZOLE TABLETS 5MG,ARITERO 5,TABLETS,3X10'S,ALU ALU BLISTER,Hetero Labs Ltd,INDIA,Mansel (Ceylon) (Pvt) Ltd
QUETIAPINE TABLETS USP 25MG,SIZONIL 25,TABLETS,2X5X10'S 10X5X10'S,ALU PVC PVDC BLISTER,Celogen Lanka (Pvt) Ltd,SRI LANKA,***
SORAFENIB TOSYLATE TABLETS 200MG,RAFIPREV,TABLETS,30'S,HDPE BOTTLE,Cipla Ltd,INDIA,Breathe Free Lanka (Pvt) Ltd
LEVOFLOXACIN TABLETS USP 500MG,XEFLOX,TABLETS,10'S,ALU ALU BLISTER,Helix Pharma (Pvt) Ltd,PAKISTAN,HEMKA PHARMA (PVT) LTD
ARIPIPRAZOLE TABLETS 15MG,ARITERO 15,TABLETS,3X10'S,ALU ALU BLISTER,Hetero Labs Ltd,INDIA,Mansel (Ceylon) (Pvt) Ltd
ISOTRETINOIN CAPSULES USP 20MG,SOTRET,CAPSULES,1X10'S,PVC PE PVDC BLISTERT,SUN PHARMACEUTICAL INDUSTRIES LTD,INDIA,Emerchemie NB (Ceylon) Ltd
FRAMYCETIN SULFATE CREAM 1% W/W,FRAMICIN,CREAM,20G,ALU COLLAPSUBLE TUBE,Nem Laboretories (P) Ltd,INDIA,Softlogic Pharmaceuticals (Pvt( Ltd
SALMETEROL 25 MCG + FLUTICASONE PROPIONATE 125MCG PRESSURISED INHALATION SUSPENSION,BEXITROL-F 25/125,AEROSOL INHALATION,120 MTD,"ALU.CANISTER,ACTULAT",Beximco Pharmaceuticals Ltd,BANGLADESH,Emerchemie NB (Ceylon) Ltd
CEFTRIAXONE FOR INJECTION USP 1G,TRAXON,INJECTION,01 GLASS VIAL,USP TY 1 VIAL/PASCK,Opsonin Pharma Ltd,BANGLADESH,Yaden International (Pvt) Ltd
BETAHISTINE DIHYDROCHLORIDE TABLETS BP 8MG,ALFINOR 8,TABLETS,"10'S, 100'S",ALU PVC BLISTER,Medochemie Ltd,CYPRUS,Associated Laboratories (Pvt) Ltd
CEFTRIAXONE FOR INJECTION USP 1G,BROADCED,POWDER FOR INJECTION,"10ML ,WFI+GLASS VIAL",USP TY 1 +WFI,PT Dankos Farma,INDONESIA,Hemas Pharmaceuticals (Pvt) Ltd
PAEDIATRIC PARACETAMOL ORAL SOLUTION BP 120MG/5ML,**,ORAL SOLUTION,"60ML,100ML",AMB GLS BOTTLE,"GAMMA INTERPHARM PVT LTD,",SRI LANKA,***
FACTOR  IX CONCENTRATE 600 IU,IMMUNINE 600IU,POWDER AND SOLVENT FOR INJECTION,1'S,1 VIAL+5ML INJECTION,Takeda Manufacturing Austria AG,AUSTRIA,A J Medichem international Ltd
BROMOCRIPTINE TABLETS BP 2.5MG,**,UNCOATED TABLETS,1X10'S,ALU PVC BLISTER,Centurion Laboratories Pvt Ltd,INDIA,Yaden International (Pvt) Ltd
ADAPALENE 0.1% AND BENZOYL PEROXIDE 2.5% GEL,ACNEFLAM GEL,GEL,15G,LAMINATED TUBE,Micro Labs Ltd,INDIA,Micro Healthcare (Pvt) Ltd
HYDROCORTISONE CREAM USP 1% W/W,STEROSONE,CREAM,5G & 15G,LAMI TUBE,Aithra Pharmaceuticals  Pvt Ltd,SRI LANKA,***
CHLORPHENIRAMINE MALEATE 2MG+AMMONIUM CHLORIDE 100MG IN 5ML,PIRITON EXPECTORANT,EXPECTORANT,100ML,AMB PET BOTTLE,HALEON LANKA ENTERPRISES LTD,SRI LANKA,***
ETERNACEPT (R-DNA ORIGIN) INJECTION 50MG/1ML IN PRE FILLED PEN,NEPEXTO,SOLUTION FOR INJECTION,1ML,TY 1 PRTE FILLED PEN,Lupin Limited,INDIA,Ceyoka (Pvt) Ltd
ZINC SULPHATE DISPERSIBLE TABLETS IP 20 MG,MEL ZINC 20,DISPERSIBLE TABLETS,10X10' 1X10' 3X10',"PVDC,PVC ALU BLISTER",Sands Active Pvt Ltd,SRI LANKA,***
ETERNACEPT (R-DNA ORIGIN) INJECTION 50MG/1ML (25MG/0.5ML) IN PRE FILLED SYRINGE,NEPEXTO,SOLUTION FOR INJECTION,"50MG/1ML, 25MG/0.5ML",TY 1 GLASS PFSY,Lupin Limited,INDIA,Ceyoka (Pvt) Ltd
AZITHROMYCIN CAPSULES USP 250MG,AZIFRED 250,CAPSULES,1X6'S,ALU PVC BLISTER,Fredun Pharmaceuticals Ltd,INDIA,George Steuart Health Pvt Ltd
"VITAMIN B COMPLEX, VITAMIN C & FOLIC ACID WITH 20MG ,ZINC CAPSULES",BEZINC,CAPSULES,10X10'S,ALU PVC BLISTER,Astron Limited,SRI LANKA,***
CHOLECALCIFEROL CHEWABLE TABLETS 1000IU,CALMIT 1K,CHEWABLE TABLETS,3X10'S,ALU ALU BLISTER,MMC Healthcare Ltd,INDIA,Markss HLC (Pvt) Ltd
LEVETIRACETAM TABLETS USP 500MG,LERATEM 500,TABLETS,3X10' 10X10' 100'S,ALU PVC PVDC HDPE JA,Celogen Lanka (Pvt) Ltd,SRI LANKA,***
TICAGRELOR TABLETS 90MG,BRILINTA,TABLETS,4X14'S,ALU PVC PVDC BLISTER,Astra  Zeneca AB,SWEDEN,Hemas Pharmaceuticals (Pvt) Ltd
GLIMEPIRIDE TABLETS USP 4MG,GETRYL 4MG,TABLETS,2X10'S,ALU ALU BLISTER,Getz Pharma (Pvt) Ltd,PAKISTAN,Hemas Pharmaceuticals (Pvt) Ltd
AMOXICILLIN CAPSULES BP 500MG,AMYN-500,CAPSULES,"10X10'S, 500'S","ALU PVC BLIS,HDPE JA",Kopran Ltd,INDIA,Alaris Lanka (Pvt) Ltd
AMOXICILLIN CAPSULES BP 500MG,AMYN-500,CAPSULES,"10X10'S, 500'S","ALU PVC BLIS,HDPE JA",Kopran Ltd,INDIA,Alaris Lanka (Pvt) Ltd
ISOTRETINOIN CAPSULES USP 10MG,SOTRET,SOFT GEL CAPSULE,1X10'S,PVC PE PVDC BLISTER,"SUN PHARMA LABORATORIES LIMITED, INDIA FOR SUN PHARMACEUTICAL INDUSTRIES LIMITED, INDIA",INDIA,Emerchemie NB (Ceylon) Ltd
INDAPAMIDE SUSTAINED RELEASE TABLETS 1.5MG,INDITOR SR,SUSTAIN RELEASE TABLETS,3X10'S,ALU ALU BLISTER,"Ipca Laboratories Limited,",INDIA,Hemas Pharmaceuticals (Pvt) Ltd
ROSUVASTATIN CALCIUM TABLETS PH EUR 20MG,ROSUCOR 20,TABLETS,10X10'S,ALU ALU BLISTER,Torrent Pharmaceuticals Ltd,INDIA,Hemas Pharmaceuticals (Pvt) Ltd
TRIPTORELIN ACETATE INJECTION 0.1MG,DECAPEPTYL 0.1MG,SOLUTION FOR INJECTION,"1ML, PFSY",PRE FILLED SYRINGE,Ferring GMBH,GERMANY,Sunshine Healthcare lanka Ltd
ACICLOVIR TABLETS BP 200MG,CLOVISAN 200,TABLETS,"10X10'S ,100'S","PVDC ,PVC,HDPE CON",Sands Active Pvt Ltd,SRI LANKA,***
CHLORPHENIRAMINE MALEATE 2.5MG+ AMMONIUM CHLORIDE 125MG/5ML SYRUP,FILOCOF EXPECTORANT,SYRUP,750ML HDPE&100ML PET,HDPE & PET BOTTLE,Fourrts (India) Laboratories Ltd,INDIA,Sunshine Healthcare lanka Ltd
OIL & WATER SOLUBLE VITAMINS WITH MINERALS TABLETS,ZEEST,TABLETS,"30'S, 5'S, 2'S",AMB GLAS BOTTLE,Tabros Pharma (Pvt) Ltd,PAKISTAN,Associated Laboratories (Pvt) Ltd
OXYTOCIN INJECTION BP 5IU/ML,EVATOCIN,INJECTION,2X5 AMPOULE OF  1ML,USP TY 1 GLASS VIAL,Neon Laboratories Ltd,INDIA,Yaden International (Pvt) Ltd
METFORMIN TABLETS BP 500MG,CELOMET,TABLETS,"1000'S,10X10'S",BLISTER ALU PVC/JAR,Celogen Lanka (Pvt) Ltd,SRI LANKA,***
ATORVASTATIN TABLETS IP 10MG,ATOGEN,FILM COA TABLETS,"1000'S, 10X10'S","HDPE JAR,ALU ALU BLI",Celogen Lanka (Pvt) Ltd,SRI LANKA,***
MONTELUKAST SODIUM TABLETS USP 5MG,CARAMONT-5,TABLETS,"2X7'S,10X10'S,1X7'S",BLISTER PACK,Caraway Pharmaceuticals,PAKISTAN,George Steuart Health Pvt Ltd
AMOXICILLIN AND CLAVULANATE TABLETS USP 625MG,MYCLAV 625,TABLETS,"10X10', 10X6'S",ALU ALU STRIP,Unichem Laboratories LTD,INDIA,A Baur & Co  (Pvt) Ltd
FLUOROURACIL INJECTION USP 500MG/10ML,FLURACIL,SOLUTION FOR INJECTION,10ML,AMB GLASS VIAL,Drug International Ltd,BANGLADESH,Tabrane Pharmaceuticals (Pvt) Ltd
AZITHROMYCIN TABLETS USP 500MG,ZITHRIN 500,TABLETS,"2X6'S, 1X1'S",ALU ALU BLISTER,Renata Limited,BANGLADESH,Emerchemie NB (Ceylon) Ltd
ATRACURIUM BESYLATE INJECTION USP 25MG/2.5ML,ARTACIL,SOLUTION FOR IV ADMINISTRATION,2.5ML AMPOULS X 5'S,AMPOULES,Neon Laboratories Ltd,INDIA,Yaden International (Pvt) Ltd
TERBUTALINE SULPHATE SYRUP 1.5MG/5ML,ATALINE 1.5MG/5ML,SYRUP,"60ML, 100ML",GLASS BOTTLE,Medochemie Ltd,CYPRUS,Associated Laboratories (Pvt) Ltd
METFORMIN HYDROCHLORIDE EXTENDED RELEASE TABLETS USP 500 MG,NEVOX  XR,TABLETS,"3X10'S, 10X10'S",ALU STRIP PACK,PT KALBE FARMA TBK,INDONESIA,Hemas Pharmaceuticals (Pvt) Ltd
LEVETIRACETAM TABLETS USP 500MG,VEXLEV 500,TABLETS,3X10'S,ALU ALU BLISTER,West Coast Pharmaceurical works Ltd,INDIA,AV Global  Impex (Pvt) Ltd
BORTEZONIB FOR  INJECTION 3.5MG,BORTERO,POWDER FOR SOLUTION INJECTION,10ML,TY 1 GLASS VIAL,Hetero Labs Ltd,INDIA,Mansel (Ceylon) (Pvt) Ltd
ACiCLOVIR TABLETS BP 800MG,CLOVISAN 800,TABLETS,1X10 3X10 6X10,"PVDC,PVC ALU BLISTER",Sands Active Pvt Ltd,SRI LANKA,***
CASPOFUNGIN ACETATE FOR INJECTION 70MG,CAGIN 70,POWDER FOR INJECTION,1 GLS +10ML AMP,USP TY 1 GLS VIAL,United Biotech (P) Limited,INDIA,George Steuart Health Pvt Ltd
PIOGLITAZONE HYDROCHLORIDE TABLETS 15MG,PIOZ 15,TABLETS,5X10'S,ALU PVC PVDC BLISTER,USV Private Limited,INDIA,Hemas Pharmaceuticals (Pvt) Ltd
SODIUM VALPROATE & VALPROIC ACID CONTROLLED RELEASE TABLETS 300MG,VALPARIN CHRONO 300,TABLETS,10X10'S,ALU ALU STRIP PACK,Torrent Pharmaceuticals Ltd,INDIA,Edna Medicals (Pvt) Ltd
LEVETIRACETAM TABLETS USP 250MG,LERATEM 250,TABLETS,10X10' 3X10' 100'S,ALU PVC PVDC/HDPE JA,Celogen Lanka (Pvt) Ltd,SRI LANKA,***
EMICIZUMAB SOLUTION FOR INJECTION 30MG/1ML,HEMLIBRA,SOLUTION FOR INJECTION,1 VIAL OF 1ML,TY 1 GLS VIAL,Chugai Pharma Manufacturing Co Ltd Japan made for F Hoffmann La Roche Ltd,SWITZERLAND,Slim Pharmaceuticals (Pvt) Ltd
GEMCITABINE FOR INJECTION USP 200MG,AMGICIN 200,LYOPHILIZED POW INJECTION,10ML,USP TY 1 CLEAR GLS V,Beta Drugs Ltd,INDIA,"Adora Ceylon (Pvt) Ltd, No 29/14/B, Royal Park iii"
TRANEXAMIC ACID CAPSULES 500MG,BIONEX 500,CAPSULES,3X10'S CAPS/PACK,ALU PVC BLISTER,Biopharma Limited,BANGLADESH,Truvic Private Ltd
EMICIZUMAB SOLUTION FOR INJECTION 60MG/0.4ML,HEMLIBRA,SOLUTION FOR INJECTION,1 VIAL/0.4ML /PACK,TY 1 GLS VIAL,Chugai Pharma Manufacturing Co Ltd Japan made for F Hoffmann La Roche Ltd,SWITZERLAND,Slim Pharmaceuticals (Pvt) Ltd
AMIODARONE TABLETS BP 100MG,AMIDOR 100,TABLETS,200' 3X10' 5X10'S,"HDPE JAR,ALU AMB PVC",Celogen Lanka (Pvt) Ltd,SRI LANKA,***
BISACODYL SUPPOSITORIES USP 10MG,DILAX 10,SUPPOSITORIES,"1X5'S, 2X5'S",PVC COATED PE BLISTE,Celogen Lanka (Pvt) Ltd,SRI LANKA,***
CELECOXIB CAPSULES 200MG,ZERIN 200,CAPSULES,"10X10'S,1X6'S",BLISTER PACK,Bafna Pharmaceuticals Ltd,INDIA,Pharma Associates
AMOXICILLIN & CLAVULANATE POTASSIUM USP 375MG TABLETS,ASCLAV 375,TABLET,"2X10'S, 10X10'S",ALU ALU BLISTER,Astron Limited,SRI LANKA,***
LEVETIRACETAM EXTENDED RELEASE TABLETS USP 750 MG,JULITAM XR 750,TABLETS,"3X10'S, 10X10'S",ALU ALU BLISTER,Celogen Lanka (Pvt) Ltd,SRI LANKA,***
FORMOTEROL FUMARATE+FLUTICASONE PROPIONATE INHAJATION 250MCG,FORMOFLO 250,METERED DOSE INHALER,120  MTD,ALUMINIUM CANISTER,Lupin Limited,INDIA,CIC Holdings PLC
BETAHISTINE DIHYDROCHLORIDE TABLETS BP 16MG,HISTAVERT 16,TABLETS,"6X15'S, 1X2'S,2X15'",ALU ALU BLISTER,Pulse Pharmaceuticals (Pvt) Ltd,INDIA,George Steuart Health Pvt Ltd
FUSIDIC ACID 2% W/W + HYDROCORTISONE 1% W/W CREAM,FUSIWAY H,CREAM,"15G,5g",ALU TUBE,Caraway Pharmaceuticals,PAKISTAN,George Steuart Health Pvt Ltd
MONTELUKAST SODIUM TABLETS USP 10MG,CARAMONT-10,TABLETS,"2X7'S, 10X10'S,1x7's",BLISTER  PACK,Caraway Pharmaceuticals,PAKISTAN,George Steuart Health Pvt Ltd
AZITHROMYCIN TABLETS USP 500MG,AZILIN 500,TABLET,"1X3'S, 10X3'S",ALU ALU BLISTER,Lincoln Pharmaceuticals Ltd,INDIA,Pharmatec (Pvt) Ltd
FLUTAMIDE TABLETS 250MG,***,TABLETS,"10X10'S,3X10'S",ALU ALU BLISTER,Mercury Laboratories Ltd,INDIA,Yaden International (Pvt) Ltd
TELMISARTAN TABLETS BP 40MG,TELMIS 40,TABLETS,10X10'S,ALU ALU BLISTER,Pharmafabrikon,INDIA,Novachem Lanka (Pvt) Ltd
BETAHISTINE DIHYDROCHLORIDE TABLETS BP 16MG,ALFINOR 16MG,TABLETS,"10'S,250'S, 100'S",PVC PVDC AL BLISTER,Farmaceutisch Analytisch Laboratories,NETHERLANDS,Associated Laboratories (Pvt) Ltd
LITHIUM CARBONATE TABLETS USP 250MG,LITHIGEN 250,TABLETS,20X10' 10X10 6X10,ALU PVC BLISTER,NEWGEN LANKA HEALTHCARE (PVT) LTD,SRI LANKA,***
TRAMADOL HYDROHLORIDE INJECTION 50MG/ML,***,SOLUTION FOR INFUSION,2ML X 10'S,USP TY1GLASS AMPOULE,Steril Gene Life Sciences (Pvt) Ltd,INDIA,Unity Pharma Lanka (Pvt) Ltd
HYDROXYCHLOROQUINE SULFATE TABLETS USP 200MG,ZYO 200,TABLETS,10X10'S,BLISTER,ZYDUS LIFESCIENCES LIMITED,INDIA,Sunshine Healthcare lanka Ltd
RIVAROXABAN TABLETS PH EUR 20 MG,NOTHROMBI 20,TABLETS,3X10'S 4X7'S,PVC PVDC BLISTER,Inventia Healthcare (Pvt) Ltd,INDIA,Emerchemie NB (Ceylon) Ltd
ESOMEPRAZOLE TABLETS 40MG,ESOZ 40,TABLETS,10X10'S,ALU STRIP,Glenmark Pharmaceuticals Ltd,INDIA,Sunshine Healthcare lanka Ltd
CARVEDILOL TABLETS USP 6.25MG,CARVIL6.25,TABLETS,"10X10'S, 1000'S","ALU ALU BLIS,HDPE CO",ZYDUS LIFESCIENCES LIMITED,INDIA,Sunshine Healthcare lanka Ltd
ROSUVASTATIN TABLETS BP 20MG,ROSUSAN,TABLET,1X10' 3X10' 6X10',"ALU ALUBLIS,HDPE JAR",Sands Active Pvt Ltd,SRI LANKA,***
"COMBINED DIPHTHERA D30IUTetanus40IU,acelliar pertussis 25MCG HEPATITIS B RECOM 10MCG,INACTIV POLIOMYELI 40 D-ANTIGEN,CONJUGA HAEMOPHILUS10MCG/0.5ML",INFANRIX HEXA,POWDER SUSPENSION,1'S,DTP HBV IPV PFSY+2NE,Glaxo Smithkiline Biologicals S A,BELGIUM,A Baur & Co  (Pvt) Ltd
ROSUVASTATIN TABLETS BP 10MG,ROSUSAN,TABLET,1X10' 3X10' 6X10',"ALU BLIS,HDPE JAR",Sands Active Pvt Ltd,SRI LANKA,***
GLICLAZIDE TABLETS BP 40MG,GLIGEN 40,TABLETS,3X10' 4X10' 5X10,"ALU PVC BLIS,ALU ALU",NEWGEN LANKA HEALTHCARE (PVT) LTD,SRI LANKA,***
GLICLAZIDE MODIFIED RELEASE TABLETS 60MG,GLIGEN MR 60,TABLETS,1X10' 3X10' 4X10',"ALU PVDC BLIS,ALU AL",NEWGEN LANKA HEALTHCARE (PVT) LTD,SRI LANKA,***
EMPAGLIFLOZIN TABLETS 10MG,EMPA 10,TABLETS,"2X10'S, 3X10'S",ALU ALU BLISTER,NIPRO JMI Pharma Ltd,BANGLADESH,Imedra Healthcare (Pvt) Ltd
LEVOCETIRIZINE DIHYDROCHLORIDE TABLETS USP 5MG,LECET,TABLETS,1X10'S,ALU ALU BLISTER,Genome Pharmceuticals (Pvt) Ltd,PAKISTAN,MEDISURG HEALTHCARE (PVT) LTD
FAMOTIDINE TABLETS USP 20MG,**,TABLETS,"1000'S, 10X20'S","HDPE CONT,BLISTERT",State Pharmaceuticals Manufacturer Corporation,SRI LANKA,***
ACICLOVIR TABLETS BP 200MG,***,TABLETS,"100'S ,10X10'S","HDPE JAR,PVDC ALU BL",Sands Active Pvt Ltd,SRI LANKA,***
LEVETIRACETAM TABLETS USP 750MG,LEVETAM 750,TABLETS,"3X10'S,5X10'S,6X10'S",ALU PVDC BLISTER,NEWGEN LANKA HEALTHCARE (PVT) LTD,SRI LANKA,***
RECOMBINANT HUMAN ERYTHROPOIETIN INJECTION 4000 IU,WEPOX 4000 IU,SOLUTION FOR INJECTION,0.4ML PFSY,TY 1 PFSY,Wockhardt Ltd,INDIA,Emerchemie NB (Ceylon) Ltd
METOCLOPRAMIDE TABLETS BP 10MG,**,TABLETS,100'S,PET JAR,Mercury Laboratories Ltd,INDIA,Yaden International (Pvt) Ltd
HYDROXOCOBALAMIN INJECTION BP 1MG/1ML,**,SOLUTION FOR INJECTION,10X1 ML AMPOULE,USP TY 1 GLASS AMPOU,Mercury Laboratories Ltd,INDIA,Yaden International (Pvt) Ltd
MITOMYCIN FOR INJECTION USP 2MG,LYOMIT 2,POWDER FOR INJECTION,"5MLX10'S, 5MLX1'S",USP TY 1 GLASS VIAL,United Biotech (P) Limited,INDIA,Klintas (Pvt) Ltd
BETAMETHASONE 0.1% W/W + NEOMYCIN SULPHATRE 0.5% W/W OINTMENT,BETADERM-N,OINTMENT,1'S (5G OR 15G),ALU COLLAPSIBLE TUBE,ATCO Laboratories Limited,PAKISTAN,Morison Limited
BETAMETHASONE CREAM USP 0.1%W/W,BETADERM,CREAM,"5G, 15G",ALU.COLLAP TUBE,ATCO Laboratories Limited,PAKISTAN,Morison Limited
RIVAROXABAN TABLET 20MG,VAROXA 20,TABLET,3X10'S,ALU ALU BLISTER,Micro Labs Ltd,INDIA,Micro Healthcare (Pvt) Ltd
LEVETIRACETAM TABLETS USP 250MG,**,TABLETS,"250 TAB/BOT, 10/PACK","HDPE BOT,ALU PVC BLI",State Pharmaceuticals Manufacturer Corporation,SRI LANKA,***
RIVAROXABAN TABLETS 10 MG,VAROXA 10,TABLET,3X10'S,ALU ALU BLISTER PACK,Micro Labs Ltd,INDIA,Micro Healthcare (Pvt) Ltd
REGORAFENIB TABLETS 40MG,JOGRAFENIB 40,TABLETS,"10'S,30'S,60'S,90'S,",HDPE JAR,Jodas Expoim Pvt Ltd,INDIA,Softcare International (Pvt) Ltd
PANTOPRAZOLE GASTRO-RESISTANT TABLETS BP 20 MG,PRAZIUM 20,TABLETS,"10x10,1000,1X10,3X10",Blister Pack/HDPE,"GAMMA INTERPHARM PVT LTD,",SRI LANKA,N/A
CLOTRIMAZOLE CREAM USP 1% W/W,DERZOLE-B,SKIN CREAM,"15G,5G",ALUMINUM COLL,Astron Limited,SRI LANKA,***
GASTRO RESISTANT DICLOFENAC TABLETS BP 50MG,VIVIAN 50,TABLETS,10X10'S,ALU PVC BLISTER,Lincoln Pharmaceuticals Ltd,INDIA,Pharmatec (Pvt) Ltd
BACLOFEN TABLETS USP 10MG,BACOFEN 10,TABLETS,"10X10'S, 1x4'S",ALU ALU BLISTER,Atoz Pharmaceuticals (Pvt) Ltd,INDIA,Euro Asian Pharma (Pvt) Ltd
QUETIAPINE EXTENDED RELEASE TABLETS USP SP 100MG,OVEX 100,TABLETS,3X10'S,ALU ALU BLISTER,West Coast Pharmaceurical works Ltd,INDIA,AV Global  Impex (Pvt) Ltd
FUROSEMIDE TABLETS BP 40MG,LUMID,TABLETS,10X10'S 1000'S 3X10',"ALU PVDC BLISTR,HDPE","GAMMA INTERPHARM PVT LTD,",SRI LANKA,***
"ALUMINA, MAGNESIA & SIMETHICONE CHEWABLE TABLETS USP (ALUMINIUM HYDROXIDE 153MG, MAGNESIUM HYDROXIDE 200MG & SIMETHICONE 20MG)",BELCID TABLETS,CHEWABLE TABLETS,10X10'S,CELLOPHANE STRIP PAC,BIOLAB CO. LTD,THAILAND,George Steuart Health Pvt Ltd
AMOXICILLIN CAPSULES BP 250MG,MOXILEB 250,HARD GELATINE CAPSULES,"10X100'S,10X10'S","BLISTER,HDPE JAR",Leben Laboratories (Pvt) Ltd,INDIA,Ceyoka (Pvt) Ltd
IPRATROPIUM BROMIDE 500 MCG AND SALBUTAMOL 2.5MG/2.5ML RESPIRATOR SOLUTION,DUOLIN RESPULES,RESPIRATOR SOLUTION,4X5X2 ML RESPULES,FFS RESPULES,CIPLA LIMITED,INDIA,Breathe Free Lanka (Pvt) Ltd
IPRATROPIUM BROMIDE RESPIRATOR SOLUTION 250MCG IN 1ML,IPRAVENT RESPIRATOR SOLUTION,RESPIRATOR SOLUTION,15ML GLS BOTTLE/PACK,AMB GLASS BOTTLE,Cipla Ltd,INDIA,Breathe Free Lanka (Pvt) Ltd
FAMOTIDINE TABLETS USP 20MG,FAMOGEN 20,TABLETS,1X10' 3X10' 5X10',ALU ALU BLISTER,NEWGEN LANKA HEALTHCARE (PVT) LTD,SRI LANKA,***
BORTEZONIB FOR  INJECTION 3.5MG,BOTIMIB,POWDER FOR INJECTION,10ML,USP TY 1 GLS VIAL,Jodas Expoim Pvt Ltd,INDIA,Softcare International (Pvt) Ltd
INSULIN ASPART RECOMBINANT DNA INJECTION 100IU/1ML,NOVORAPID,INJECTION,3ML,CARTRIDGE,NOVO NORDIC A/S,DENMARK,Sunshine Healthcare lanka Ltd
FAT EMULSION 20% AMINO ACID(17) AND GLUCOSE 11% INJECTION 1440ML,**,INJECTION,144ML(885 ML 11%+225,"3 LAYERBAG,OVERPOUCH",Sichuan Kelun Pharmaceutical Co. Ltd,CHINA,Pharma Associates
CEFIXIME FOR ORAL SUSPENSION USP 100MG/5ML,ECOCEF 100,POWDER FOR SUSPENSION,100ML,HDPE BOTTLE,Indchemie Health Specialities (Pvt) Ltd,INDIA,Pharma Associates
LOSARTAN POTASSIUM TABLETS BP 50MG,NATRASOL 50,TABLET,"1000'S, 10X10'S","JAR,ALU PVC BLISTER",Centurion Laboratories Pvt Ltd,INDIA,Yaden International (Pvt) Ltd
ZINC & VITAMIN B COMPLEX FILM COATED TABLETS,XINC B,TABLETS,30'S,HDPE BOTTLE,Eskayef Pharmaceuticals Ltd,BANGLADESH,Truvic Private Ltd
ALBUMIN HUMAN SOLUTION 25%,ALBURX 25%,SOLUTION FOR IV INFUSION,"50ML, 100ML",VIAL,CSL Behring AG,SWITZERLAND,ABC Pharma Services Pvt. Ltd
TOPIRAMATE TABLETS USP 25MG,NEUROTOP 25,TABLETS,10X10'S,ALU ALU BLISTER,The Madras Pharmaceuticals,INDIA,Pharma Associates
ARIPIPRAZOLE TABLETS 10MG,ARITERO 10,TABLET,3X10'S,ALU ALU BLISTER,Hetero Labs Ltd,INDIA,Mansel (Ceylon) (Pvt) Ltd
DECITABINE LYOPHILIZED POWDER FOR INJECTION 50MG,DECIMA 50 MG,LYOPHILIZED POWDER FOR INJECTION,1'S,GLASS VIAL,Getwell Pharma India Private Limited,INDIA,The Esses Pharmacy (Pvt) Ltd
CAPTOPRIL TABLETS B.P 25MG,CAPTOSHA,TABLETS,1000'S,HDPE JAR,Intermed Laboratories Private Limited,INDIA,P T C Medical (Pvt) Ltd
CETIRIZINE TABLETS BP 10MG,AXEL,TABLETS,10X10'S,ALU PVC BLISTER,Kotra Pharma (M) SDN BHD,MALAYSIA,Sunshine Healthcare lanka Ltd
DOMPERIDONE TABLETS BP 10MG,DOMDAC 10,TABLETS,"500'S, 10x5x10'S","HDPE JAR, BLISTER",Celogen Lanka (Pvt) Ltd,SRI LANKA,***
MIRTAZAPINE TABLETS USP 15 MG,MIRTAZ 15,TABLETS,3X10'S,STRIP PACK,Sun Pharma Laboratories Ltd,INDIA,Emerchemie NB (Ceylon) Ltd
VITAMIN B COMPLEX WITH VITAMIN C & ZINC CAPSULES,BECOSULES-Z,CAPSULES,3X10'S,ALU PVC PVDC BLISTER,Astron Limited,SRI LANKA,***
ROSUVASTATIN CALCIUM TABLETS PH EUR 10MG,ROSUCOR 10,TABLETS,10X10'S,ALU ALU BLISTER,Torrent Pharmaceuticals Ltd,INDIA,Hemas Pharmaceuticals (Pvt) Ltd
OLANZAPINE TABLETS USP 10MG,OLAVEX 10,TABLETS,3X10'S,ALU ALU BLISTER,West Coast Pharmaceurical works Ltd,INDIA,AV Global  Impex (Pvt) Ltd
BORTEZOMIB FOR INJECTION 2MG VIAL,BORTEMIB,LYOPHILIZED POWDER FOR INJECTION,1'S,"FLINT,USP TY 1 VIAL",Khandelwal Laboratories Ltd,INDIA,Ceyoka (Pvt) Ltd
BASILIXIMAB POWDER FOR INJECTION OR INFUSION 20MG WITH WATER FOR INJECTION (WFI,SIMULECT,POWDER FOR INJECTION,20MG+5ML (WFI),USP TY 1 VIAL+AMPOUL,PATHEON ITALIA SPA,SWITZERLAND,A Baur & Co  (Pvt) Ltd
GASTRO REGISTANT DICLOFENAC TABLETS BP 50 MG,DICLOGEN 50,ENTERIC COATED TABLETS,10X10'S,ALU PVC BLISTER,Agio Pharmaceuticals Ltd,INDIA,Citihealth Imports (Pvt) Ltd
ATORVASTATIN CALCIUM TABLETS USP 20MG,CHOLTROL 20,FILM COATED TABLETS,"1X10'S, 10X1X10'S",ALU ALU BLISTER,Agio Pharmaceuticals Ltd,INDIA,Citihealth Imports (Pvt) Ltd
TRIAMCINOLONE ACETONIDE DENTAL PASTE USP 0.1% W/W,ORAGEL,DENTAL PASTE,5 G TUBE/PACK,ALU. COLLAP. TUBE,Agio Pharmaceuticals Ltd,INDIA,Citihealth Imports (Pvt) Ltd
TICAGRELOR TABLETS 90MG,BRIGREL 90,TABLETS,3x10'S,ALU PVC BLISTER,Micro Labs Limited,INDIA,Micro Healthcare (Pvt) Ltd
DEXTROSE 5% + SODIUM CHLORIDE 0.45% INJECTION USP,***,INFUSION IV,500ML,BLISTER/ PLASTIC BOT,Euromed Laboratories Philippines Ltd,PHILIPPINES,Indoscan (Pvt) Ltd
COMPOUND MAGNESIUM TRISILICATE TABLETS BP (DRIED ALUMINIUM HYDROXIDE 120MG+MAGNESIUM TRISILICATE 250MG),ZOTACID,CHEWABLE TABLETS,"1000', 10X10' 10X20'","HDPE JAR,ALU PVC BLI",Zota Healthcare Ltd,INDIA,Alaris Lanka (Pvt) Ltd
TELMISARTAN TABLETS USP 40MG,CDTEL 40,TABLETS,10X10'S,ALU ALU BLISTER,Zota Healthcare Ltd,INDIA,Alaris Lanka (Pvt) Ltd
APIXABAN TABLETS 2.5MG,HILAPIX 2.5 MG,TABLET,3X10'S,ALU ALU BLISTER,Hilton  Pharma (Pvt) Ltd,PAKISTAN,Sunshine Healthcare lanka Ltd
SITAGLIPTIN TABLETS USP 50MG,SITAGLYN 50,TABLET,3X10' 10X10 50X10,"ALU ALU BLIS,PVC PVD",Celogen Lanka (Pvt) Ltd,SRI LANKA,***
CAFFEINE CITRATE ORAL SOLUTION 25MG/5ML,CAFNEA,ORAL SOLUTION,10X5ML,TY 1 GLS VIAL,Phebra Pty Ltd,AUSTRALIA,Yaden International (Pvt) Ltd
IMIPENAM AND CILASTATIN  FOR INJECTION USP 500MG,**,POWDER FOR INJECTION,1 VIAL 10 VIALS /PAC,GLASS VIAL,Swiss Paranterals (Pvt) Ltd,INDIA,P T C Medical (Pvt) Ltd
TERBINAFINE HYDROCHLORIDE GEL 1.12% W/W,TEFIN,GEL,15G,ALU TUBE,Hoe Pharmaceuticals SDN BHD,MALAYSIA,Indoscan (Pvt) Ltd
FEXOFENADINE HYDROCHLORIDE TABLETS USP 120MG,FENGIC 120,TABLET,5X10'S,ALU PVC BLISTER,Square Pharmaceuticals Ltd,BANGLADESH,CIC Holdings PLC
"JAPANESE ENCEPHALITIS VACCINE,LIVE  0.5ML/SINGLE DOSE",RSJEV,POWDER FOR INJECTION,"0.5MLX10 VIAL,1000VI",LYOPHOLISED VIAL & D,Chengdu Institute of Biological Products,CHINA,Ceyoka (Pvt) Ltd
QUETIAPINE TABLETS USP 100MG,SIZONIL 100,TABLETS,3X10' 10X10',ALU PVC PVDC BLISTER,Celogen Lanka (Pvt) Ltd,SRI LANKA,***
CEFALEXIN CAPSULES BP 250MG,FAXIN 250,HARD GELATIN CAPSULE,1X10' 3X10 6X10,PVDC PVC ALU BLISTER,Sands Active Pvt Ltd,SRI LANKA,***
DICLOFENAC SODIUM SUPPOSITORIES 50MG,CELONAC S50,SUPPOSITORIES,1X5'S 2X5'S,PVC COATED PE PACK,Celogen Lanka (Pvt) Ltd,SRI LANKA,***
METFORMIN HYDROCHLORIDE EXTENDED RELEASE TABLETS USP 500 MG,ALPHAGE XR,TABLET,"HDPE JAR,ALU PVC BLI","250',500',1000'",ACE Healthcare (Pvt) Ltd,SRI LANKA,***
RUXOLITINIB TABLETS 10MG,RUTINIB 10,TABLETS,"1X14'S, 4X14'S",ALU ALU BLISTER,Drug International Ltd,BANGLADESH,Tabrane Pharmaceuticals (Pvt) Ltd
FLUTICASONE PRESSURIZED INHALATION BP 50MCG/DOSE( 120 DOSES),***,METERED DOSE INHALER,120 DOSES INHALER,"ALU CANISTER,SPRAY P",Heilongjiang province Fulekang Pharmaceutical Co Ltd,CHINA,Ceyoka (Pvt) Ltd
FORMOTEROL FUMARATE 6MCG & BUDESONIDE 200MCG PRESSURISED INHALATION AEROSOL (METERED DOSE INHALER),FORMONIDE 200 INHALER,AEROSOL CANISTER,120 MTD PERCANISTER,ALU CANISTER,ZYDUS LIFESCIENCES LIMITED,INDIA,Sunshine Healthcare lanka Ltd
RIVAROXABAN TABLET 15MG,XAROBAN 15MG,TABLETS,"10'S, 30'S",ALU ALU BLISTER,The Searle Company Ltd,PAKISTAN,Morison Limited
MULTIVITAMIN SYRUP,VITALISE,SYRUP,"100ML, 200ML",GLS BOTTLE,Astron Limited,SRI LANKA,***
INSULIN SOLUBLE HUMAN (RDNA) INJECTION 100 IU/ML,ACTRAPID PENFILL,SOLUTION FOR INJECTION,5X3ML CART,3ML CARTRIDGE,NOVO NORDIC A/S,DENMARK,Sunshine Healthcare lanka Ltd
MULTIVITAMINS WITH ZINC TABLETS,ZEGAVIT,TABLETS,10X5'S,STRIPS,P T Kalbe Farma,INDONESIA,Hemas Pharmaceuticals (Pvt) Ltd
CARBAMAZEPINE  ORAL SUSPENSION USP 100MG/5ML,ANLEPTIC SUSPENTION,SUSPENSION,100ML,AMB PET BOTTLE,Square Pharmaceuticals Ltd,BANGLADESH,CIC Holdings PLC
LACTULOSE SOLUTION USP 3.35G/5ML,OSMOLOX,ORAL SOLUTION,100ML,AMB PET BOTTLE,Square Pharmaceuticals Ltd,BANGLADESH,CIC Holdings PLC
BECLOMETHASONE PRESSURISED INHALATION BP 100 MCG/PUFF,INFLABEC 100,PRESSURIZED INHALTION,200 PUFFS,ALU CANISTER,Square Pharmaceuticals Ltd,BANGLADESH,CIC Holdings PLC
GLICLAZIDE TABLETS BP 80MG,GLYCICON 80,TABLETS,1000 & 10x10's,ALU PVC HDPE CON,CIC Lifesciences Ltd.,SRI LANKA,***
VITAMIN MINERAL & TRACE ELEMENT CAPSULES,AVITONE,CAPSULES,3X10'S,BLISTER PACK,Triveni Formulations Ltd,INDIA,Avenier Pharma (Pvt) Ltd
BORTEZOMIB FOR INJECTION 3.5MG /VIAL,BORTESUN,LYOPHILIZED POWDER FOR INJECTION,1 VIAL/PACK,GLAS VIAL,Sun Pharma Industrial Limited,INDIA,Hemas Pharmaceuticals (Pvt) Ltd
CHLORPHENIRAMINE MALEATE 4MG & CODEINE PHOSPHATE 10MG/5ML,BRONCODENE,SYRUP,100ML & 60ML,AMBER COL GL BOTTLE,Astron (Pvt) Ltd,SRI LANKA,***
ACICLOVIR CREAM BP 5%W/W,ACIHERPIN,CREAM,5G,ALU.CALLAP TUBE,Agio Pharmaceuticals Ltd,INDIA,Citihealth Imports (Pvt) Ltd
FLUCLOXACILLIN CAPSULES BP 500MG,FLOXIL,CAPSULES,10X10'S 3X10'S,ALU ALU BLISTER,Astron Limited,SRI LANKA,***
ACICLOVIR TABLETS  BP 200MG,ACIHERPIN 200,UNCOATED TABLETS,"100'S, 10X10'S","JAR,ALU PVC BLISTER",Agio Pharmaceuticals Ltd,INDIA,Citihealth Imports (Pvt) Ltd
PIOGLITAZONE HYDROCHLORIDE TABLETS 30MG,PIOZ 30,TABLET,5X10'S,ALU PVC PVDC BLISTER,USV Private Limited,INDIA,Hemas Pharmaceuticals (Pvt) Ltd
CEFALEXIN CAPSULES BP 250MG,**,CAPSULES,10X20' 500'S,ALU ALU BLISTER,Medico Remedies  Ltd,INDIA,ABC Pharma Services Pvt. Ltd
AMOXICILLIN & CLAVULANATE POTASSIUM USP 625MG TABLETS,ASCLAV 625,TABLET,"2X10',10X10' 1X7'S",ALU ALU BLISTER,Astron Limited,SRI LANKA,***
RECOMBINANT HUMAN INTERFERON BETA 1 A SOLUTION FOR INJECTION 44MCG,BLASTOFERON,SOLUTION FOR INJECTION,12 PFSY /PACK,TY 1 GLS SYRINGE,Biosidus S.A.Av de Los,ARGENTINA,ABC Pharma Services Pvt. Ltd
HYOSCINE BUTYLBROMIDE TABLETS BP 10MG,ORASPAS,TABLET,"10X10'S, 250'S, 500'","ALU PVC BLIS,HDPE CO",Macleods Pharmaceuticals Ltd,INDIA,Emerchemie NB (Ceylon) Ltd
SALBUTAMOL ORAL SOLUTION 2MG/5ML,AZMAZOL SYRUP,ORAL SOLUTION,100ML AMBER,GLASS BOTTLE,Beximco Pharmaceuticals Ltd,BANGLADESH,Emerchemie NB (Ceylon) Ltd
VANCOMYCIN HYDROCHLORIDE FOR INJECTION USP 500MG,VANBACT,LYOPHILIZED POW INJECTION,1 VIAL/AMPOULE,USP TY 1VIAL,Nabiqasim Industries (Pvt) Ltd,PAKISTAN,George Steuart Health Pvt Ltd
PANTOPRAZOLE SODIUM DELAYED RELEASE TABLETS USP 20MG,VEXPRAZOLE,TABLETS,3X10'S,ALU ALU BLISTER,Aeon Formulation Pvt Ltd,INDIA,AV Global  Impex (Pvt) Ltd
TEMOZOLOMIDE CAPSULES IP 250MG,TEMOTEC 250,CAPSULES,5X1X5'S,ALU ALU STRIP,United Biotech (P) Limited,INDIA,George Steuart Health Pvt Ltd
GADOTERIC ACID SOLUTION FOR INJECTION 0.5MMOL/ML,CLARISCAN,SOLUTION FOR INJECTION,10MLX10'S & 20MLX10',TY 1 GLASS VIAL,GE HEALTHCARE AS,NORWAY,Sunshine Healthcare lanka Ltd
14.2% AMINO ACID SOLUTION 27.5% GLUCOSE SOLUTION WITH 20% LIPID EMULSION FOR INTRAVENOUS INFUSION,OLIMEL N9-840E,EMULSION FOR INFUSION,"1000ML, 2000ML","3 COMPONENTS,PLA.BAG",BAXTER SA,BELGIUM,A J MEDICAL INT.PVT LTD
MERCAPTOPURINE TABLETS BP 50MG,MERCAJO,TABLETS,1X10' 3X10' 5X10',"ALU PVC BLISTER,HDPE",Jodas Expoim Pvt Ltd,INDIA,Softcare International (Pvt) Ltd
CYTARABINE INJECTION BP 500MG/5ML,ONCOTAR 500,INJECTION,"1VIALX5ML,10VIALX5ML",GLASS VIAL,United Biotech (P) Limited,INDIA,George Steuart Health Pvt Ltd
PREGABALIN CAPSULES 50MG,NEUROVAN 50,CAPSULES,5X6'S,ALU ALU BLISTER,Aristopharma Ltd,BANGLADESH,Hemas Pharmaceuticals (Pvt) Ltd
CARVEDILOL TABLETS USP 3.125MG,CARVIL 3.125,TABLET,10X10'S,ALU ALU BLISTER,ZYDUS LIFESCIENCES LIMITED,INDIA,Sunshine Healthcare lanka Ltd
ALUMINA MAGNESIA AND SIMETHICONE ORAL SUSPENSION ORAL SUSPENSION USP,DIOVOL FORTE,ORAL SUSPENSION,170 ML,PET BOTTLE,Wallace Pharmaceuticals Ltd,INDIA,Emar Pharma (Pvt) Ltd
CIPROFLOXACIN TABLETS USP 250MG,CIPRORIGHT,TABLETS,"10X10'S, 1000'S","BLISTEER,HDPE JAR",Novagen Healthcare Pvt Ltd,INDIA,Chamee Chemist
BETAHISTINE DIHYDROCHLORIDE TABLET BP 16 MG,MENARIL 16,TABLET,5X10'S,ALU ALU BLISTER,Incepta Pharmaceuticals Ltd,BANGLADESH,Citihealth Imports (Pvt) Ltd
VITAMIN C CHEWABLE TABLETS 500MG,VITOCEE 500,CHEWABLE TABLETS,20X20 TABLETS,ALU ALU STRIP PACK,INNOVA CAPTAB LIMITED,INDIA,Cliniqon Biotech Pvt. Ltd
SITAGLIPTIN METFORMIN HYDROCHLORIDE TABLETS 50MG/1000MG,SITAG-M (50+1000),TABLETS,5X10'S,ALU PVC BLISTER,Bafna Pharmaceuticals Ltd,INDIA,Pharma Associates
ROSUVASTATIN TABLETS IP 10MG,RUSAT 10,TABLETS,3X10'S,BLISTER,The Madras Pharmaceuticals,INDIA,Pharma Associates
PREGABALIN CAPSULES 75MG,PREGAB 75,HARD GELATINE CAPSULES,10x10'S,ALU PVC BLISTER,The Madras Pharmaceuticals,INDIA,Pharma Associates (Pvt) Ltd
LOSARTAN POTASSIUM TABLETS USP 50MG,LK 50,TABLETS,"1000'S,500'S,10X10'S","HDPE JAR,ALU ALU BLI",Celogen Lanka (Pvt) Ltd,SRI LANKA,***
ROSUVASTATIN TABLETS USP 10MG,RAST,TABLETS,"1X10'S, 1X2'S",ALU PVC BLISTER,Tabros Pharma (Pvt) Ltd,PAKISTAN,Associated Laboratories (Pvt) Ltd
FUSIDIC ACID 2%W/W + BETAMETHASONE 0.1% W/W CREAM,FUSIWAY B CREAM,CREAM,5G & 15G,ALU.COLLAPSIBLE  TUB,Caraway Pharmaceuticals,PAKISTAN,George Steuart Health Pvt Ltd
ORLISTAT CAPSULES USP 120MG,LYSTA,CAPSULES,1X12'S,ALU PVDC BLISTER,Healthcare Pharmaceuticals Limited,BANGLADESH,Citihealth Imports (Pvt) Ltd
BETAHISTINE DIHYDROCHLORIDE TABLETS BP 8MG,VERTIHIST 8,TABLETS,5X10' 10X10 5X10',"ALU BLIS,ALU STRIP",Celogen Lanka (Pvt) Ltd,SRI LANKA,***
COMPOUND SODIUM LACLATE INTRAVENOUS INFUSION BP,RL,INTRAVENOUS INFUSION,500ML,"BOTTLE,NON PVC BAG",Otsuka Pharmaceutical India Private Limited,INDIA,Darley Butler  & Co Ltd
BECLOMETHASONE DIPROPIONATE DRY POWDER INHALATION CAPSULES BP 200 MCG,BECLOVIC 200,DRY POWDER CAPSULES,10X10S,ALU PVDC BLISTER,Lina Manufacturing (Pvt) Ltd,SRI LANKA,***
PANTOPRAZOLE SODIUM DELAYED RELEASE TABLETS USP 40MG,PROTAC 40MG,TABLETS,10X10'S,ALU ALU BLISTER,Sunrise International LabS Ltd,INDIA,Zyrex Pharmaceuticals (Pvt) Ltd
DEXTROSE IN WATER SOLUTION FOR IV INFUSION USP 5%,***,SOLUTION FOR IV INFUSION,"500ML, 1000ML",PLASTIC BOTTLE,Euromed Laboratories Philippines Ltd,PHILIPPINES,Indoscan (Pvt) Ltd
LORATADINE TABLETS USP 10MG,ENCILOR,TABLETS,10X10'S,ALU PVC BLISTER,Incepta Pharmaceuticals Ltd,BANGLADESH,Citihealth Imports (Pvt) Ltd
CEFUROXIME AXETIL TABLETS USP 500MG,KILBAC 500,TABLET,"5X10'S, 25X4'S",ALU ALU BLISTER,Incepta Pharmaceuticals Ltd,BANGLADESH,Citihealth Imports (Pvt) Ltd
MEROPENEMFOR INJECTION USP 1G,MEROFIC 1G,INJECTION,20ML,USP TY 1 GLS VIAL,Gufic Biosciences Ltd,INDIA,Slim Pharmaceuticals (Pvt) Ltd
POLIOMYELITIS VACCINE (VERO CELL) INACTIVATED SABIN STRAIN INJECTION 0.5ML/DOSE VIAL,***,INJECTION,"0.5ML/1  ,  0.5ML/3","GLS BOTTLE,FOIL CAP",Beijing  Institute of Biological Products Co.Ltd,CHINA,Ceyoka (Pvt) Ltd
FLUDARABINE PHOSPHATE FOR INJECTION USP 50MG,FLUDABINE 50,INJECTION,5 VIALS/PACK,USP TY 1 GLS,United Biotech (P) Limited,INDIA,George Steuart Health Pvt Ltd
RUXOLITINIB TABLETS 20MG,JAKAVI 20,TABLETS,56'S,ALU PVC PCTFE BLISTE,Novartis Pharma Stein .AG,SWITZERLAND,A Baur & Co  (Pvt) Ltd
CEFUROXIME SODIUM FOR INJECTION USP 750MG VIAL,KALCEF,POWDER FOR INJECTION,1'S VIAL,CLEAR GLASS VIAL,Zhuhai United Laboratories (Zhongshan) Co. Ltd,CHINA,Hemas Pharmaceuticals (Pvt) Ltd
CETIRIZINE HYDROCHLORIDE ORAL SOLUTION BP  5MG/5ML,INTERCET,ORAL SOLUTION,"60ML,",GLS BOTTLE,"GAMMA INTERPHARM PVT LTD,",SRI LANKA,***
METFORMIN TABLETS BP 500MG,***,TABLETS,"10X10'.500'S,1000'S","PVC ALU BLISTER,HDPE",Sands Active Pvt Ltd,SRI LANKA,***
"CHOLECALCIFEROL CHEWABLE TABLETS 60,000 IU",CAD D 60000,TABLET,10X1X4'S,ALU ALU STRIP,Finecure Pharmaceutical Ltd,INDIA,BioLife Pharmaceuticals Pvt Ltd
ERYTHROPOIETIN INJECTION BP 4000 IU/ML,VINTOR 4000,INJECTION,1ML PFSY,PFS,Gennova Biopharmaceuticals Ltd,INDIA,Emerchemie NB (Ceylon) Ltd
NORMAL IMMUNOGLOBULIN FOR INTRAVENOUS USE BP 5%,IMMUGLO,SOLUTION FOR IV INFUSION,100ML /PACK,CLE GLS VIAL,Ichor Biologics Ltd,INDIA,Pharma Associates
DULOXETINE DELAYED RELEASE CAPSULES USP 30MG,DULOX 30,CAPSULES,"3X10', 1X10' 5X10",ALU ALU BLISTER,ZIM Laboratories Limited,INDIA,Tabrane Pharmaceuticals (Pvt) Ltd
GLICLAZIDE MODIFIED RELEASE TABLETS 60MG,GLYMAX MR 60,MODIFIED RELEASE TABLETS,"10X10'S, 1000'S","ALU PVC BLIS,HDPE BO",CIC Lifesciences Ltd.,SRI LANKA,***
NIMODIPINE TABLETS BP 30MG,NIMO SAH,TABLETS,3x10's 10x10's 100's,"ALU BLISTER,HDPE JAR",Celogen Lanka (Pvt) Ltd,SRI LANKA,***
HUMAN NORMAL IMMUNOGLOBULIN SOLUTION FOR INFUSION 50G/L,1G VENA,SOLUTION FOR INFUSION,"50ML, 100ML, 200ML",TYPE 1 GLS VIAL,Kedrion SPA,ITALY,Slim Pharmaceuticals (Pvt) Ltd
METFORMIN HYDROCHLORIDE TABLETS USP 500MG,VEXMET 500,TABLETS,10X10'S,ALU ALU BLISTER,West Coast Pharmaceurical works Ltd,INDIA,AV Global  Impex (Pvt) Ltd
MORPHINE SULPHATE TABLETS BP 10 MG,MORVER 10,TABLETS,"5X10'S, 10X10'S",ALU PVC BLISTER,Verve Human Care Laboratories,INDIA,Leader Pharma Agency (Pvt) Ltd
IVABRADINE TABLETS 5MG,SIFTUS 5,TABLETS,10X10'S,ALU PVC PVDC BLISTER,ZYDUS LIFESCIENCES LIMITED,INDIA,Sunshine Healthcare lanka Ltd
NORMAL IMMUNOGLOBULIN FOR INTRAVENOUS USE BP 5%,IMMUNO REL,SOLUTION FOR IV USE,"20ML,50ML,100ML",USP TY 1 GLS VIAL,Reliance Life Sciences (Pvt) Ltd,INDIA,ABC Pharma Services Pvt. Ltd
BACLOFEN TABLETS USP 10MG,BACLIN,TABLETS,10'S,BLISTER,Genome Pharmceuticals (Pvt) Ltd,PAKISTAN,MEDISURG HEALTHCARE (PVT) LTD
MONTELUKAST SODIUM TABLETS USP 10MG,MONTI 10,TABLETS,3X10'S,ALU ALU BLISTER,MBL Pharma,PAKISTAN,Markss HLC (Pvt) Ltd
THYROXINE SODIUM TABLETS IP 25 MCG,THYRONORM 25,TABLETS,"120'S,30'S",PLASTIC BOTTLE,Acme Generics Private Limited,INDIA,Sunshine Healthcare lanka Ltd
WARFARIN TABLETS BP 1MG,WARF-1,TABLETS,10X10'S,ALU PVC PVDC BLIS,Cipla Ltd,INDIA,Breathe Free Lanka (Pvt) Ltd
TIOTROPIUM POWDER FOR INHALATION 18 MCG,TIOVA DP-CAPS,DPI CAPSULES,3X10'S,ALU PET BLISTER,CIPLA LIMITED,INDIA,Breathe Free Lanka (Pvt) Ltd
METFORMIN HYDROCHLORIDE TABLETS USP 850MG,VEXMET 850,TABLETS,10X10'S,ALU ALU BLISTER,West Coast Pharmaceurical works Ltd,INDIA,AV Global  Impex (Pvt) Ltd
DOBUTAMINE HYDROCHLORIDE INJECTION 12.5MG/ ML,DOBUTAMINE- HAMELN,SOLUTION FOR INJECTION,20ML AMPOULES X5/PAC,20ML GLASS ARNPOULES,Siegfred Hameln GmbH,GERMANY,Sukhee Pharma (Pvt) Ltd
GLICLAZIDE TABLETS  BP 80MG,GLIMICRON 80,TABLETS,10X10'S,ALU/PVC BLISTER,"HOVID BERHAD, LOT 56442 FOR HOVID BERHAD, 121",MALAYSIA,Mansel (Ceylon) (Pvt) Ltd
ERYTHROPOIETIN INJECTION BP 4000 IU/ML,RELIPOIETIN 4000IU,SOLUTION FOR INFLUSION,1'S (0.4ML),PRE FILLED USP TYPE,Reliance Life Sciences (Pvt) Ltd,INDIA,ABC Pharma Services Pvt. Ltd
COAGULATION  FACTOR  IX  (Human) 500IU/10ML,ALPHANINE SD 500IU,LYOPHILIZED POWDER FOR INJECTION,500IU LYOPHILIZED,TYPE 1 GLASS VIAL,Grifols Biological LLC,UNITED STATES,Mansel (Ceylon) (Pvt) Ltd
RUXOLITINIB TABLETS 15MG,RUTINIB 15,TABLETS,"1X10'S, 3X10'S,",ALU BLIS/HDPE BOTTLE,Drug International Ltd,BANGLADESH,Tabrane Pharmaceuticals (Pvt) Ltd
PNEUMOCOCCAL POLYSACCHARIDE CONJUGATE VACCINE(ADSORBED) (10 VALENT) 5 DOSE,PNEUMOSIL,SUSPENSION FOR INJECTION,"2.5ML VIAL PER PACK,",TYPE 1 GLASS VIAL,Serum Institute of India (Pvt) Ltd,INDIA,Citihealth Imports (Pvt) Ltd
FONDAPARINUX SODIUM STERILE INJECTION USP 2.5mg/0.5ml,VIRINUX,INJECTION,0.5ML(1 PER-FILLED,PER FILLED SYRINGE,Virchow Biotech Private Limited,INDIA,George Steuart Health Pvt Ltd
VALSARTAN TABLETS 80MG,DIOVAN 80,FILM COATED TABLETS,28'S,ALU-PVC BLISTER PACK,Novartis Pharma S.P.A. Italy for novartis Pharma,SWITZERLAND,A Baur & Co  (Pvt) Ltd
OSELTAMIVIR PHOSPHATE CAPSULES USP 75 MG,OSEVIR FLU 75,HARD GELATINE CAPSULES,1X10 3X10 6X10,PVC PE PVDC ALU BLIS,Sands Active Pvt Ltd,SRI LANKA,***
HYOSCINE BUTYLBROMIDE INJECTION BP 20MG/ML,***,INJECTION,10X 1ML & 5X 1ML,USP TY 1 AMPOULE,Mercury Laboratories Ltd,INDIA,Yaden International (Pvt) Ltd
OLANZAPINE TABLETS USP 10MG,OLAPINE 10,TABLETS,"3X10S',10X10'S,500'S",ALU-ALU BLISTER,Celogen Lanka (Pvt) Ltd,SRI LANKA,***
FLUOROMETHOLONE OPTHALMIC SUSPENSION  USP 0.1% W/V,FLUOCIN,OPHTHALMIC  SUSPENSION,01 BOTTLE/PACK,PLASTIC BOTTLE/5ML,Sunway Rohto Pharmaceutical Pvt Ltd,INDIA,Yaden International (Pvt) Ltd
LAMOTRIGINE TABLETS USP 25MG,***,TABLETS,"100'S,500'S,10X10'S",HDPE JAR & ALU PVC,Celogen Lanka (Pvt) Ltd,SRI LANKA,***
FEXOFENADINE HYDROCHLORIDE TABLETS USP 180MG,ALLEFAST 180,TABLETS,"10X10'S,1X10'S",ALU PVC  BLISTER,Sterling Lab,INDIA,Darley Butler  & Co Ltd
RECOMBINANT HUMAN ERYTHROPOIETIN INJECTION 4000IU,HEMAX,LYOPHILLIZED POWDER FOR INJECTION,1 GLASS VIAL+2ML,GLASS VIAL+2ML AMPOU,"BIOSIDUS S A U,",ARGENTINA,ABC Pharma Services Pvt. Ltd
CEFOTAXIME FOR INJECTION USP 1G,BAXIM-1G,INJECTION,01 VIAL & 01 AMPOULE,USP TY III GLASS VIA,"Surge Laboratories (Pvt) Ltd, Pakistan for Nabiqasin Indu,s Pvt Ltd",PAKISTAN,George Steuart Health Pvt Ltd
CEFUROXIME SODIUM FOR INJECTION 250MG,SHAMCEF 250,POWDER FOR INJECTION,250MG/VIAL,USP TYPE III GLASS,Shamshree Lifesciences Ltd,INDIA,Omacx Healthcare (Pvt) Ltd
CARVEDILOL TABLETS USP 3.125MG,CONDIL,TABLETS,"HDPE JAR-50'S,ALU",HDPE Jar,Celogen Lanka (Pvt) Ltd,SRI LANKA,***
CEFEPIME FOR INJECTION USP 500MG,PIMEVEX 1000,POWDER FOR INJECTION,500MG VIAL+5ML STERI,USP TYPE III CLEAR,"Surge Laboratories (Pvt) Ltd, Pakistan for Nabiqasin Indu,s Pvt Ltd",PAKISTAN,George Steuart Health Pvt Ltd
THIAMINE HYDROCHLORIDE INJECTION USP 100MG/2ML,ONE B,INJECTION,2ML AMPOULE X 5PACK,AMBER COLOUR TYPE I,kelun lifesciences(Pvt) Ltd,SRI LANKA,***
SACUBITRIL 97 MG + VALSARTAN 103 MG TABLETS,SACVIN 200,TABLETS,3X10 'S,ALU ALU BLISTER,PharmEvo (Pvt) Ltd,PAKISTAN,CIC Holdings PLC
LOSARTAN POTASSIUM TABLETS USP  25MG,NORMOPRESS 25,TABLETS,"1X10'S,10X10'S",ALU-ALU BLISTER,CCL Pharmaceuticals (Pvt) Ltd,PAKISTAN,CIC Holdings PLC
PHYTOMENADIONE TABLETS BP 5MG,VKI,TABLETS,3X10'S 10X10'S 100'S,ALU BLISTER/HDPE JAR,Celogen Lanka (Pvt) Ltd,SRI LANKA,***
AMOXYCILLIN & CLAVULANATE POTASSIUM FOR ORAL SUSPENSION USP 156.25MG/5ML,KOACT 156.25,POWDER FOR SUSPENSION,100ml HDPE BOTTLE,HDPE BOTTLE,Aurobindo Pharam Ltd,INDIA,Alaris Lanka (Pvt) Ltd
ATORVASTATIN TABLETS 10MG,PRO STATIN,TABLETS,10X10'S & 1X10'S,ALU ALU BLISTER,CCL Pharmaceuticals (Pvt) Ltd,PAKISTAN,CIC Holdings PLC
KETOPROFEN GEL BP 2.5 % W/W,KETOFAST,GEL,30G,LAMINATED TUBE,Unijules Life Sciences Ltd,INDIA,Softlogic Pharmaceuticals (Pvt( Ltd
"GLUCOSE 42%, AMINO ACIDS SOLUTION WITH ELECTROLYTES,SMOF LIPID 20% EMULSION FOR INFUSION IN THREE CHAMBER BAG",SMOFKABIVEN,INFUSION,4X986ML & 4X1477ML,BIOFINE THREE,Fresenius Kabi A.B,SWEDEN,Hemas Pharmaceuticals (Pvt) Ltd
THIAMINE MONOHYDRATE 100MG+PYRIDOXINE HYDROCHLORIDE 200MG+CYANOCOBALAMIN 200MG TABLETS,NEUROSANBE,TABLETS,10X10'S,STRIP PACK,PT Sanbe Farma,INDONESIA,Softlogic Pharmaceuticals (Pvt( Ltd
METHYLPREDNISOLONE SODIUM SUCCINATE FOR INJE.USP 125MG/2ML,SANEXON 125,POWDER FOR INJECTION,10MLGLASS VIAL+2ML,GLASS VIAL & AMPOULE,PT Sanbe Farma,INDONESIA,Softlogic Pharmaceuticals (Pvt( Ltd
CEFOTAXIME FOR INJECTION USP 1000MG,FOTAX 1000,POWDER FOR INJECTION,1 VIAL/PACK,USP TY 1 GLS VIAL,Shamshree Lifesciences Ltd,INDIA,Omacx Healthcare (Pvt) Ltd
GEMFIBROZIL CAPSULES BP 300MG,BROZIL,CAPSULES,10X10'S,BLISTER PACKS,Y S P INDUSTRIES (M) SDN BHD,MALAYSIA,Indoscan (Pvt) Ltd
FLUCLOXACILLIN ORAL SOLUTION BP 125MG/5ML,FLOXIL,POWDER FOR ORAL SOLUTION,100ML,AMBER COLOURED,Astron Limited,SRI LANKA,***
AMOXYCILLIN & CLAVULANATE POTASSIUM TABLETS USP 625MG,BAURCLAV 625,TABLETS,10'S & 50'S,ALU ALU BLISTER,Bharat Parenterals Ltd,INDIA,Baur Life Sciences (Pvt) Ltd
LOSARTAN POTASSIUM TABLETS USP  25MG,BESARTAN-B,TABLETS,10X10'S,ALU ALU BLISTER,Bharat Parenterals Ltd,INDIA,Baur Life Sciences (Pvt) Ltd
CEPHALEXIN CAPSULES USP 500MG,KEPHALEX B 500,CAPSULES,10X10'S,BLISTER,Bharat Parenterals Ltd,INDIA,Baur Life Sciences (Pvt) Ltd
CETRIZINE ORAL SOLUTION BP 5MG/5ML,BETRAZ,ORAL SOLUTION,60ML,AMBER COLOURED PET,Bharat Parenterals Ltd,INDIA,Baur Life Sciences (Pvt) Ltd
SULFASALAZINE DELAYED RELEASE USP 500MG,LAZO,TABLETS,10X10'S 1X10'S,ALU PVC BLISTER,The Madras Pharmaceuticals,INDIA,Pharma Associates
GABAPENTIN CAPSULES USP 300MG,GABANIN,CAPSULES,"1X10'S,3X10'S,10X10'","ALU ALUBLIS,PLAS JAR",The Madras Pharmaceuticals,INDIA,Pharma Associates
EMPAGLIFLOZIN TABLETS 10MG,EMPAGLYN 10,TABLETS,"2X5X10,10X5X10,100'S",ALU PVC PVDC HDPE CO,Celogen Lanka (Pvt) Ltd,SRI LANKA,***
EMPAGLIFLOZIN TABLETS 5 MG,EMPAGLYN 5,TABLETS,"2X5X10'S, 10X5X10'S",ALU PVC PVDC BLISTER,Celogen Lanka (Pvt) Ltd,SRI LANKA,***
TERBINAFINE TABLETS USP 250MG,TERBIZED 250,UNCOATED TABLETS,"25X4'S,4'S",ALU PVDC BLISTER,Agio Pharmaceuticals Ltd,INDIA,Citihealth Imports (Pvt) Ltd
FEXOFENADINE HYDROCHLORIDE TABLETS USP 60MG,ALRIN 60,FILM COATED TABLETS,"1X10'S,10X10'S",Alu-Alu Blister,CCL Pharmaceuticals (Pvt) Ltd,PAKISTAN,CIC Holdings PLC
ALENDRONATE SODIUM TABLETS USP 70MG,ALNATE,TABLETS,1X4'S & 10X14'S,ALU/PVC BLISTER,Unicure Ramadies (Pvt) Ltd,B.I.D.C. ESTATE,Emar Pharma (Pvt) Ltd
BETAMETHASONE DIPROPIONATE BP 0.064% AND SALICYLIC ACID USP 3% W/W,BETZE,OINTMENT,15G,LAMINATED TUBE,East African (India) Overses,INDIA,Mega Pharma (Pvt) Ltd
PRAMIPEXOLE DIHYDROCHLORIDE TABLETS 0.250MG,PRAMIZ 0.250,TABLET,"3X10, 10X10",ALU ALU BLISTER,ZYDUS LIFESCIENCES LIMITED,INDIA,Zydus Lanka (Private) Limited
"ISOPROPYL ALCOHOL 76.25% +DISTIL WATER 19.75 +GLYCERINE 3.5+ VITAMINE E 0.48, ALCOHOLIC HAND RUB",ALCORUB,HAND RUB,"100ML,500ML,5L",HDPE BOTTLE & HDPE,Rovik Lanka (Pvt) Ltd,SRI LANKA,***
CO-AMOXICLAV  FOR INJECTION  BP 1.2G,BAURCLAV 1.2,POWDER FOR INJECTION,20ML VIAL/PACK,CLEAR GLASS VIAL USP,Bharat Parenterals Ltd,INDIA,Baur Life Sciences (Pvt) Ltd
DICLOFENAC POTASSIUM TABLETS USP 50MG,DEFLAM,TABLETS,"2X10'S, 10X10'S&10'S",ALU PVC BLISTER,CCL Pharmaceuticals (Pvt) Ltd,PAKISTAN,CIC Holdings PLC
APIXABAN TABLETS 5 MG,APIXAGET,TABLETS,3X10'S,ALU /ALU BLISTER,Getz Pharma (Pvt) Ltd,PAKISTAN,Hemas Pharmaceuticals (Pvt) Ltd
METHOTREXATE SOLUTION FOR  INJECTION 10MG/0.4ML IN PREFILLED SYRINGE,MEKSRATU,SOLUTION FOR INJECTION,1'S(0.4ML),PREFILLED SYRINGE,ONKO ILAC SANAYI VE TICARET A.S GEBZE ORGANIZE,TURKEY,Slim Pharmaceuticals (Pvt) Ltd
PARACETAMOL TABLETS BP 500MG,MELDOL,TABLET,"500'S, 1000'S",HDPE CONTAINER,Sands Active Pvt Ltd,SRI LANKA,***
METHYLPREDNISOLONE ACETATE INJECTION  BP 40MG,DEPOSOL FORTE,INJECTION,1X3'S,USP TY 1 GLS VIAL,Ziska Pharmaceuticals Ltd,BANGLADESH,Tabrane Pharmaceuticals (Pvt) Ltd
METHOTREXATE INJECTION BP 50MG/2ML,HI-TREX-PF INJECTION,INJECTION,1'S,2ML AMBER TUBULAR GL,VHB Medi Sciences Ltd,INDIA,Yaden International (Pvt) Ltd
FAMOTIDINE TABLETS BP 20MG,FAMOTRAN,TABLETS,10X10'S,ALU PVC,Mc W Healthcare (P ) Ltd,INDIA,Innogen Lanka (Pvt) Ltd
CEFOTAXIME FOR INJECTION USP 250MG,MELTAX-250,POWDER FOR INJECTION,1 VIAL/PACK,USP TYPE III GLASS,Sands Active Pvt Ltd,SRI LANKA,***
LAMOTRIGINE TABLETS 50MG,LAMITOR 50,TABLETS,5X10'S,ALU-PVC BLISTER,Torrent Pharmaceuticals Ltd,INDIA,Hemas Pharmaceuticals (Pvt) Ltd
MICONAZOLE CREAM USP 2% W/W,MYCOTIN,CREAM,15G,LAMINATED TUBE,Aithra Pharmaceuticals  Pvt Ltd,SRI LANKA,***
METFORMIN HYDROCHLORIDE TABLETS USP 500MG,METFOGEN 500,TABLETS,"1X10'S,3X10'S,4X10'S",ALU PVDC BLISTER,NEWGEN LANKA HEALTHCARE (PVT) LTD,SRI LANKA,***
METFORMIN HYDROCHLORIDE EXTENDED RELEASE TABLETS USP 500 MG,METFOGEN XR 500,TABLETS,"10X10'S,6X10'S,5X10'",ALU PVC BLISTER,NEWGEN LANKA HEALTHCARE (PVT) LTD,SRI LANKA,***
CLOBETASOL PROPIONATECREAM USP 0.05% W/W,AGICLOB CREAM,CREAM,"10G,15G",ALUMINIUM TUBE,Agio Pharmaceuticals Ltd,INDIA,Citihealth Imports (Pvt) Ltd
BUDESONIDE NEBULISER SUSPENSION BP 0.5MG/2ML,BUDEZ 0.5,NEBULIZER SUSPENSION,5 AMPOULE X6/POUCH,LDPE AMPOULE,Sun Pharmaceutical Medicare Ltd,INDIA,Hemas Pharmaceuticals (Pvt) Ltd
IRON  HYDROXIDE POLYMALTOSE COMPLEX EQUIVALENT TO ELEMENTAL IRON 100MG+FOLIC ACID 500MCG CHEWABLE TABLETS,MUMFER,CHEWABLE TABLETS,3X10'S & 1X10'S,STRIP PACK,Glenmark Pharmaceuticals Ltd,INDIA,Sunshine Healthcare lanka Ltd
NALOXONE HYDROCHLORIDE INJECTION USP 0.4MG/ML,N-XONE,INJECTION,10 X1ML,AMB GLS AMPOULE,Verve Human Care Laboratories,INDIA,Leader Pharma Agency (Pvt) Ltd
ATORVASTATIN CALCIUM TABLETS USP 40MG,AZTOR 40,TABLETS,3X10'S,COLD FROM BLISTER,SUN PHARMACEUTICAL INDUSTRIES LTD,INDIA,Hemas Pharmaceuticals (Pvt) Ltd
ZOLMITRIPTAN NASAL SPRAY 2.5MG,ZOLMIT NS,NASAL SPRAY,15' DOSE/PACK,AMBER COLOUR,Shandong Jewim Pharmaceutical Co. Ltd,CHINA,Emerchemie NB (Ceylon) Ltd
YELLOW FEVER VACCINE (LIVE) SINGLE DOSE,STAMARIL,INFUSION,1'S(POWDER IN VIAL+,POWDER IN TYPE 1 GLA,Sanofi Pasteur,FRANCE,A Baur & Co  (Pvt) Ltd
MULTIVITAMIN AND MINERAL CAPSULES,MULTIBIONTA-M,CAPSULES,3X10'S,ALU/PVC BLISTER,MARTIN DOW MARKER LTD,PAKISTAN,Emerchemie NB (Ceylon) Ltd
PROPOFOL INJECTION BP 1% W/V,NIRFOL 1%,INJECTION,10ML 20ML 50ML,GLS VIAL USP TY II,Aculife Healthcare (Pvt) Ltd,INDIA,Emerchemie NB (Ceylon) Ltd
RIVAROXABAN TABLETS PH EUR 2.5MG,RIVAZEST 2.5,TABLETS,1X14'S,ALU-PVC/PVDC BLISTER,Cipla Limited,INDIA,Breathe Free Lanka (Pvt) Ltd
ATORVASTATIN TABLETS 20MG,THEOSTAT 20,TABLETS,"10X10'S,1000'S",ALU-ALU BLISTER,Theon Pharmaceuticals Ltd,INDIA,Slim Pharmaceuticals (Pvt) Ltd
BECLOMETASONE PRESSURISED INHALATION BP 250MCG,BECLATE 250 HFA,METERED DOSE INHALER,200 METERED DOSE,AEROSOL CONTAINER/ME,Cipla Limited,INDIA,Breathe Free Lanka (Pvt) Ltd
BIPHASIC ISOPHANE INSULIN INJECTION PH EUR(RECOMBINANT DNA ORIGIN)100IU/ML,WOSULIN 30/70,SUSPENSION FOR INJECTION,10ML GLASS VIAL,USP TYPE 1 GLASSS,Wockhardt Ltd,INDIA,Emerchemie NB (Ceylon) Ltd
BIPHASIC ISOPHANE INSULIN INJECTION PH EUR(RECOMBINANT DNA ORIGIN)100IU/ML,WOSULIN 30/70,SUSPENSION FOR INJECTION,1X3ML CARTRIDGE,CARTRIDGE,Wockhardt Ltd,INDIA,Emerchemie NB (Ceylon) Ltd
SIMETHICONE ORAL SUSPENSION USP 40MG/0.6ML,GAS-MED,ORAL SUSPENSION,15ML,AMBER COLOUR GLASS,T Man Pharma Company Limited,THAILAND,IMPERIAL LIFE SCIENCE (PVT) LTD
BUPIVACAINE INJECTION BP 5MG/ML(PRESERVATIVE FREE),BECAINE-5 INJECTION,INJECTION,10ML AMPO X1/PACK,USP TYPE I AMBER AMP,"Ciron Drugs Pharmaceuticals pvt Ltd,",INDIA,Ceyoka (Pvt) Ltd
PREGABALIN CAPSULES 150MG,PREGA 150,CAPSULES,3X10'S,PVC/ALU BLISTER,Hetero Labs Ltd,INDIA,Mansel (Ceylon) (Pvt) Ltd
CEFIXIME DISPERSIBLE TABLETS 100MG,THEOFIX 100 DT,TABLET,3X10'S,ALU ALU BLISTER,Theon Pharmaceuticals Ltd,INDIA,Slim Pharmaceuticals (Pvt) Ltd
HYDROCHLOROTHIAZIDE TABLETS  BP 25MG,HYDROLEB-25,TABLETS,"20X10'S,1000'S","BLISTER PACK,HDPE",Leben Laboratories (Pvt) Ltd,INDIA,Ceyoka (Pvt) Ltd
CICLOSPORIN ORAL SOLUTION 100MG/ML,SANDIMMUN NEORAL ORAL SOLUTION,ORAL SOLUTION,1'S(50ML),AMBER GLASS,Delpharm Huningue S A S,SWITZERLAND,A Baur & Co  (Pvt) Ltd
NILOTINIB CAPSULES 150MG,NILTIB 150MG,CAPSULES,6X10'S,ALU-ALU BLISTER,Hetero Labs Ltd,INDIA,Mansel (Ceylon) (Pvt) Ltd
COLECALCIFEROL CAPSULES 10 000 IU,DeUP 10K,SOFT GELATIN CAPSULES,"10'S,3X10'S & 10X10'",HDPE JAR & ALU-PVC,Celogen Lanka (Pvt) Ltd,SRI LANKA,***
AZITHROMYCIN  TABLETS USP 250MG,ROZITH,TABLET,5X6'S & 1X6'S,ALU ALU BLISTER,Healthcare Pharmaceuticals Limited,BANGLADESH,Citihealth Imports (Pvt) Ltd
CARBAMAZEPINE TABLETS BP 100MG,**,TABLETS,"1X10'S,3X10'S,6X10'S",PVC/PE/PVDC,Sands Active Pvt Ltd,SRI LANKA,***
LOSARTAN POTASSIUM TABLETS IP 50MG,**,TABLET,"10X10'S,1000'S",ALU PVC BLISTER &,Unical Ceylon (Pvt) Ltd,SRI LANKA,***
CELECOXIB CAPSULES BP 200MG,NIMERAL 200,CAPSULES,"3X10'S,10X10'S",ALU PVC PVDC BLISTER,The Madras Pharmaceuticals,INDIA,Pharma Associates
RISPERIDONE TABLETS 2MG,RESICALM 2,TABLETS,3X10'S,ALU PVC BLISTER,Aurobindo Pharam Ltd,INDIA,Alaris Lanka (Pvt) Ltd
ITRACONAZOLE CAPSULES BP 100MG,ITRASON 100,CAPSULES,"1X4'S,4X4'S,10X4'S,",ALU/PVC BLISTER,Agio Pharmaceuticals Ltd,INDIA,Citihealth Imports (Pvt) Ltd
EFAVIRENZ TABLETS USP 600MG,EFIREN-600,TABLETS,"30'S,60'S,90'S",HDPE JAR,Celogen Lanka (Pvt) Ltd,SRI LANKA,***
TAMSULOSIN HCL HARD GELATIN CAPSULES 0.4MG,BESTFLO 0.4MG,CAPSULES,"10'S,3X10'S,10X10'S",ALU-PVC/PVDC BLISTER,EMIL PHARMACEUTICAL INDUSTRIES (PVT) LTD,INDIA,Emerchemie NB (Ceylon) Ltd
FUROSEMIDE TABLETS BP 10MG,FRUSIDE 10,TABLET,500'S,HDPE JAR,Celogen Lanka (Pvt) Ltd,SRI LANKA,***
INSULIN HUMAN INJECTION USP (r DNA) 100IU/ML,WOSULIN R,INJECTION,3MLX5'S,CARTRIDGE,Wockhardt Ltd,INDIA,Emerchemie NB (Ceylon) Ltd
LENVATINIB CAPSULES 10MG,LENVANIX 10,CAPSULES,30'S,HDPE BOTTLE,Beacon Pharmaceuticals Ltd,BANGLADESH,Emerchemie NB (Ceylon) Ltd
CHLORPHENIRAMINE MALEATE TABLETS BP 4 MG,**,TABLETS,"10X10'S &1000'S,500'",ALU-PVC BLISTER &,MMC Healthcare Ltd,INDIA,Hi Care Pharma (Pvt)Ltd
AMLODIPINE TABLETS 5MG,STAMLO 5,TABLET,20'S,ALU-ALU BLISTER,Dr Reddy's Laboratories Ltd,INDIA,Emerchemie NB (Ceylon) Ltd
ESCITALOPRAM TABLETS USP 20MG,MORCET 20,TABLETS,14'S&30'S,ALU-ALU BLISTER PACK,The Searle Company Ltd,PAKISTAN,Emerchemie NB (Ceylon) Ltd
CO AMOXICLAV TABLETS BP 625MG,KOACT 625,TABLETS,3X5'S,ALU-ALU BLISTER,Aurobindo Pharam Ltd,INDIA,Alaris Lanka (Pvt) Ltd
CLARITHROMYCIN FOR ORAL SUSPENSION USP 125MG/5ML,KLARIBACT,POWDER FOR SUSPENSION,60ML,AMBER COLOURED GLASS,MARTIN DOW MARKER LTD,PAKISTAN,Emerchemie NB (Ceylon) Ltd
IVABRADINE TABLETS 5MG,IVAB 5,TABLET,"1X14'S,2X14'S,4X14'S",ALU CLEAR PVC BLISTR,Bafna Pharmaceuticals Ltd,INDIA,Pharma Associates
PRASUGREL TABLETS 10MG,RECLAP 10,TABLET,"10'S,3X10'S",ALU ALU BLISTER,Bafna Pharmaceuticals Ltd,INDIA,Pharma Associates
PROTAMINE SULPHATE INJECTION  B.P 50MG/5ML,**,INJECTION,5ML VIAL/PACK,GLASS VIAL,Mercury Laboratories Ltd,INDIA,Yaden International (Pvt) Ltd
OXYBUTYNIN TABLETS BP 2.5MG,OXYNIN,TABLETS,"2X5X10'S,10X5X10'S",ALU AMBER PVC-PVDC,Celogen Lanka (Pvt) Ltd,SRI LANKA,***
CYCLOPHOSPHAMIDE FOR INJECTION USP 200MG,NEOPHOS 200,POWDER FOR INJECTION,1'S,USP TYPE 1 CLEAR GLA,Drug International Ltd,BANGLADESH,Tabrane Pharmaceuticals (Pvt) Ltd
GLIMEPIRIDE TABLETS USP 1MG,GP 1,TABLETS,10X10'S,ALU ALU BLISTER,Fredun Pharmaceuticals Ltd,INDIA,Hemas Pharmaceuticals (Pvt) Ltd
BECLOMETASONE DIPROPIONATE DRY POWDER INHALATION CAPSULES BP 400 MCG,BECLOVIC 400,DRY POWDER FOR INHALATION CAPSULES,10X10'S,ALU-PVDC BLISTER,Lina Manufacturing (Pvt) Ltd,SRI LANKA,***
PAEDIATRIC PARACETAMOL ORAL SOLUTION BP 120MG/5ML,***,ORAL SOLUTION,"500ml,750ml",PET BOTTLE,Diyatha Pharmaceuticals & Healthcare (Pvt) Ltd,SRI LANKA,***
BISACODYL SUPPOSITORIES IP 5MG,ZYCOLAX 5,SUPPOSITORY,"3X5'S,5'S",ALU ALU STRIP PACK,ZYDUS LIFESCIENCES LIMITED,INDIA,Hemas Pharmaceuticals (Pvt) Ltd
ABIRATERONE ACETATE TABLETS USP 500MG,BDRON 500,TABLETS,60'S,HDPE CONTAINER,Beacon Pharmaceuticals Ltd,INDIA,Pharma Associates
FLUTICASONE PROPIONATE 500MCG AND SALMETEROL 50MCG DRY POWDER INHALATION CAPSULES BP,FLUTIVIC 500,DRY POWDER INHALATION CAPSULES,10X10'S,ALU PVC/PVDC BLISTER,Lina Manufacturing (Pvt) Ltd,SRI LANKA,***
VALGANCICLOVIR TABLETS USP 450MG,VAGACYTE,TABLETS,5X2'S,BLISTER,Panacea Biotech Pharma Ltd,INDIA,Markss HLC (Pvt) Ltd
ACETYLCYSTEINE SOLUTION USP 200MG/ML,**,SOLUTION FOR INJECTION,"1X5ML,1X10ML,10X10ML",USP TYPE 1 GLASS AMP,Mercury Laboratories Ltd,INDIA,Yaden International (Pvt) Ltd
CARBIDOPA & LEVODOPA TABLETS USP 25MG/250MG,ZYDOPA 25/250,TABLETS,5X10'S,ALU ALU BLISTER,CELOGEN LANKA (PVT) LTD FOR ZYDUS LANKA (PVT) LTD,SRI LANKA,N/A
SITAGLIPTIN TABLETS USP 50MG,**,TABLETS,"1X10'S,3X10'S,6X10'S","ALU PVDC C. PVC,HDPE",Sands Active Pvt Ltd,SRI LANKA,***
ETOFYLLINE 46.5MG & THEOPHYLLINE 12.73 MG/5ML SYRUP,COPHYLLIN,SYRUP,100ML,AMB GLASS BOTTLE,Astron Limited,SRI LANKA,***
CEFUROXIME AXETIL ORAL SUSPENSION USP 125MG/5ML,OZAX DRY SYRUP,POWDER FOR SUSPENSION,100ML,HDPE BOTTLE,SAGA Lifesciences Ltd,INDIA,Klintas (Pvt) Ltd
IMIPENEM AND CILASTATIN FOR INJECTION USP 1G,PELASTIN,POWDER FOR INJECTION,1 VIAL,VIAL,PT Sanbe Farma,INDONESIA,Softlogic Pharmaceuticals (Pvt( Ltd
PANTOPRAZOLE SODIUM DELAYED RELEASE TABLET USP 20MG,PANTO DR 20,TABLET,"3X10'S,5X10'S,4X10'S",ALU ALU BLISTER,NEWGEN LANKA HEALTHCARE (PVT) LTD,SRI LANKA,***
RECOMBINANT HUMAN ERYTHROPOIETIN ALFA INJECTION 4000 IU/ML,ERYKINE,SOLUTION FOR INJECTION,1'S(1ML),PRE FILLED SYRINGE,Intas Pharmaceuticals Ltd,INDIA,Markss HLC (Pvt) Ltd
"SEVOFLURANE USP 100% V/V, VOLATILE LIQUID FOR INHALATION",**,INHALATION VAPOUR-LIQUID,250ML,AMBER GLASS BOTTLE,SHANDONG NEW TIME PHARMACEUTICALS CO.LTD,CHINA,Gulf Pharma (Pvt) Ltd
DIAZEPAM SOLUTION FOR INJECTION 5MG/ML,RELIVIUM,SOLUTION FOR INJECTION,10X2ML GLASS AMP/PAC,COLOURLESS GLASS AMP,HBM PHARMA,LATVIA,Baur Life Sciences (Pvt) Ltd
ESCITALOPRAM TABLETS USP 10MG,MORCET 10,TABLETS,14'S & 30'S,ALU PVC BLISTER PACK,The Searle Company Ltd,PAKISTAN,Emerchemie NB (Ceylon) Ltd
ITRACONAZOLE CAPSULES BP 100MG,**,CAPSULE,"1X10'S,10X10'S",ALU/PVC BLISTER,DAGON PHARMACEUTICALS (PVT) LTD,INDIA,EUROCHEM BIOTECH PVT LTD
AZITHROMYCIN TABLETS USP 500MG,AZA-500,TABLETS,"1X3', 5X3'S","ALU-ALU BLIS, PVC BL",XL Laboratories (Pvt) Ltd,INDIA,SMM Halcyon (Pvt) Ltd
DOMPERIDONE TABLETS 10MG,VEMETIS 10,TABLETS,10X10'S & 1000'S,ALU/PVC BLISTER,XL Laboratories (Pvt) Ltd,INDIA,SMM Halcyon (Pvt) Ltd
POLYETHYLENE GLYCOL (3350) 13.125G+SODIUM CHLORIDE 0.3507G+SODIUM BICARBONATE 0.1785G+POTASSIUM CHLORIDE 0.0466G POWDER FOR ORAL SOLUTION,COLIMOV,POWDER FOR ORAL SOLUTION,1X10'S & 1X30'S,ALUMINIUM SACHET,Genix Pharma (Pvt ) Ltd,PAKISTAN,Ceyoka (Pvt) Ltd
SILDENAFIL TABLETS USP 20MG,SILATIO,FILM COATED TABLETS,10X10'S,ALU ALU BLISTER PACK,Unison Laboratories Co Ltd,THAILAND,Sunshine Healthcare lanka Ltd
SITAGLIPTIN TABLETS BP 50MG,***,TABLETS,"500'S,1000'S,100'S","HDPE,ALU PVC BLISTER",State Pharmaceuticals Manufacturer Corporation,SRI LANKA,***
RISPERIDONE TABLETS USP 1MG,RISNIA-1,TABLET,10X10'S,ALU PVC BLISTER,Meditab Specialities (Pvt) Ltd,INDIA,Breathe Free Lanka (Pvt) Ltd
ATORVASTATIN TABLETS 10MG,AT-ACE 10,TABLETS,10X10'S,ALU ALU BLISTER,Cian Healthcare (Pvt) Ltd,INDIA,Cliniqon Biotech Pvt. Ltd
CALCIUM CARBONATE 1250MG & VITAMIN D3 250IU TABLETS,CIANCAL 500,TABLETS,3X10'S,ALU ALU BLISTER,Cian Healthcare (Pvt) Ltd,INDIA,Cliniqon Biotech Pvt. Ltd
ITRACONAZOLE CAPSULES 100MG,CITROZ CAP,CAPSULE,10X10'S,ALU ALU BLISTER,Cian Healthcare (Pvt) Ltd,INDIA,Cliniqon Biotech Pvt. Ltd
POVIDONE IODINE OINTMENT USP 5% W/W,IODIN PLUS OINTMENT,OINTMENT,15G,LAMINATED TUBE,Cian Healthcare (Pvt) Ltd,INDIA,Cliniqon Biotech Pvt. Ltd
CILNIDIPINE TABLETS 10MG,CILCARD 10,TABLETS,"3X10'S,10X10'S",ALU ALU BLISTER,Bafna Pharmaceuticals Ltd,INDIA,Pharma Associates
CLINDAMYCIN PHOSPHATE INJECTION EP 150MG/ML,CLINDAMYCIN HAMELN,INJECTION,10X4ML AMP PAC & 10X,TYPE 1COLOUR;ESS GL,Siegfred Hameln GmbH,GERMANY,Sukhee Pharma (Pvt) Ltd
APIXABAN TABLETS 2.5MG,APIXAGET,TABLETS,3X10'S,ALU ALU BLISTER,Getz Pharma (Pvt) Ltd,PAKISTAN,Hemas Pharmaceuticals (Pvt) Ltd
ATOMOXETINE CAPSULES USP 10MG,ATTENTROL 10,CAPSULES,3X10'S,PVC/ACLAR BLISTER,Sun Pharmaceutical industries,INDIA,Emerchemie NB (Ceylon) Ltd
INTRVENOUS FAT EMULSION 20% W/V,NIRPID 20%,INTRAVENOUS INFUSION (EMULASION),500ML,GLASS BOTTLE,Aculife Healthcare (Pvt) Ltd,INDIA,Hemas Pharmaceuticals (Pvt) Ltd
VILDAGLIPTIN TABLETS 50MG,VILDIPP 50,TABLETS,3X10'S,COLD FORM BLISTER,Sun Pharmaceutical industries,INDIA,Emerchemie NB (Ceylon) Ltd
ATORVASTATIN CALCIUM TABLETS IP 20MG,**,TABLET,10X10'S,ALU ALU STRIP PACK,ZYDUS LIFESCIENCES LIMITED,INDIA,Sunshine Healthcare lanka Ltd
ATOMOXETINE CAPSULES USP 25MG,ATTENTROL 25,CAPSULES,3X10'S,PVC/ACLAR BLISTER,SUN PHARMACEUTICAL INDUSTRIES LTD,INDIA,Emerchemie NB (Ceylon) Ltd
ETORICOXIB TABLETS 60MG,ETOGET,TABLETS,3X10'S,ALU ALU BLISTER,Getz Pharma (Pvt) Ltd,PAKISTAN,Hemas Pharmaceuticals (Pvt) Ltd
VITAMIN D3 TABLETS 1000 IU,NAT-D,TABLET,"150'S,60'S",BOTTLE,Mega Lifesciences (Pvt) Ltd,AUSTRALIA,A Baur & Co  (Pvt) Ltd
METHYLPREDNISOLONE TABLETS IP  4MG,M-NISOL,TABLETS,10X10'S,ALU ALU BLISTER,Steril Gene Life Sciences (Pvt) Ltd,INDIA,Unity Pharma Lanka (Pvt) Ltd
BETAMETHASONE  0.01% W/W+NEOMVCIN SULPHATE 0.5% W/W CREAM,BETADERM-N,CREAM,"5G,15G",ALUMINIUM COLLAPSIBL,ATCO Laboratories Limited,PAKISTAN,Morison Limited
ETORICOXIB TABLETS 120MG,NUCOXIA 120,TABLETS,"10X2'S,10X10'S",ALU PVC PVDC BLISTER,ZYDUS LIFESCIENCES LIMITED,INDIA,Sunshine Healthcare lanka Ltd
IRBESARTAN TABLETS USP 300MG,IRBEZYD 300,TABLETS,10X10'S 10X6'SX6X10',BLISTER,ZYDUS LIFESCIENCES LIMITED,INDIA,Sunshine Healthcare lanka Ltd
MONTELUKAST  TABLETS  10MG,MONTEZYD 10,TABLETS,"10X10'S,3X10'S/PACK",ALU ALU BLISTER,ZYDUS LIFESCIENCES LIMITED,INDIA,Sunshine Healthcare lanka Ltd
DIPYRIDAMOLE TABLETS BP 100MG,ZANTIN 100,TABLET,10X10'S 1000'S,"ALU STRIP,HDPE CONTA",ZYDUS LIFESCIENCES LIMITED,INDIA,Hemas Pharmaceuticals (Pvt) Ltd
CLOBETASOL CREAM BP 0.05% W/W,CLOBENATE,CREAM,"10G,15G,20G,30G,60G",AI COLLAPSIBLE TUBE,JENPHAR BAGLADESH LTD,BANGLADESH,Tabrane Healthcare (Pvt) Ltd
FEXOFENADINE HYDROCHLORIDE TABLETS USP 180MG,ASFEX 180,TABLETS,"10X10,1000'S",ALU PVC BLISTER HDPE,Astron Limited,SRI LANKA,***
TRETINOIN SOFT GELATINE CAPSULE 10MG,VESANOID,SOFT GELATIN CAPSULES,100's glass bottle,AMBER COLOUR,Cattalent Germany Eberbach GmbH,GERMANY,A Baur & Co  (Pvt) Ltd
CIPROFLOXACIN TABLETS USP 500MG,CIPROLET,TABLET,2X10'S,ALU PVC  BLISTER,Dr Reddy's Laboratories Ltd,INDIA,Emerchemie NB (Ceylon) Ltd
DEFERIPRONE TABLETS 500MG,RIPRONE 500,TABLETS,5X10'S,ALU ALU BLISTER,Genome Pharmceuticals (Pvt) Ltd,PAKISTAN,Slim Pharmaceuticals (Pvt) Ltd
LIPOSOMAL AMPHOTERICIN B INJECTION 50MG,GUFISOME,LYOPHILIZED STERILE POWDER FOR INJECTION,"50MG INJEC,20ML VIAL",USP TY 1 GLASS VIAL,Gufic Biosciences Ltd,INDIA,Slim Pharmaceuticals (Pvt) Ltd
CEFUROXIME FOR INJECTION USP 750MG,ZOCEF 750,INJECTION,1'S,GLASS VIAL,Zen Pharma (Pvt) Ltd,INDIA,Emerchemie NB (Ceylon) Ltd
VALSARTAN TABLETS 160MG,DIOVAN 160,TABLETS,28'S,ALU ALU BLISTER,Novartis Farma S.pA via Provinciale,SWITZERLAND,A Baur & Co  (Pvt) Ltd
EMPAGLIFLOZIN AND METFORMIN TABLETS 5MG/1000MG,JARDY- MET 5/1000,TABLETS,"7X10'S,14'S & 28'S",ALU ALU BLISTER,CCL Pharmaceuticals (Pvt) Ltd,PAKISTAN,CIC Holdings PLC
CLARITHROMYCIN TABLET USP 250MG,CLARITHRO,TABLETS,1X10'S,BLISTER PVC ALU,Nabiqasim Industries (Pvt) Ltd,PAKISTAN,George Steuart Health Pvt Ltd
FLUCONAZOLE CAPSULES BP 50MG,***,CAPSULES,"10X10'S,100'S","ALU PVC BLISTER,JAR",Centurion Laboratories Pvt Ltd,INDIA,Yaden International (Pvt) Ltd
CLOBETASOL OINTMENT IP 0.05% W/W,COSVATE OINTMENT,OINTMENT,15G,LAMI TUBE,Blossom Pharmaceuticals,INDIA,George Steuart Health Pvt Ltd
IOHEXOL INJECTION USP 350MG I/ML,JODASCAN 350,SOLUTION FOR INJECTION,"20ML,50ML,75ML,100ML",TYPE1 GLASS VIAL,Jodas Expoim Pvt Ltd,INDIA,Softcare International (Pvt) Ltd
PHYTOMENADIONE INJECTION BP 10MG/1ML,K-VIT 10,INJECTION,"5X1ML,10X1ML",AMBER GLASS AMPOULE,kelun lifesciences(Pvt) Ltd,SRI LANKA,***
METHYLPREDNISOLINE TABLETS USP  4MG,SANEXON 4,TABLETS,10X10'S,ALUMINIUM STRIP PACK,PT Sanbe Farma,INDONESIA,Softlogic Pharmaceuticals (Pvt( Ltd
GASTRO REGISTANT DICLOFENAC TABLETS BP 100MG,CELONAC 100,ENTERIC COATED TABLETS,3X10'S & 10X10'S,ALU/CLEAR PVC-PVDC,Celogen Lanka (Pvt) Ltd,SRI LANKA,***
TICAGRELOR TABLETS 90MG,TICACARD 90,TABLETS,"3X10'S,10'S",ALU ALU BLISTER,Aristopharma Ltd,BANGLADESH,Hemas Pharmaceuticals (Pvt) Ltd
APIXABAN TABLETS 5 MG,ADVAXABAN TABLETS 5MG,TABLETS,3X10'S,ALU ALU BLISTER,Martin Daw Marker Ltd,PAKISTAN,Emerchemie NB (Ceylon) Ltd
RIZATRIPTAN BENZOATE TABLETS USP 5MG,RIZY 5,TABLETS,ALU ALU BLISTER3X10',ALU ALU BLISTER,Celogen Lanka (Pvt) Ltd,SRI LANKA,***
LEUCOVORIN CALCIUM INJECTION USP 15MG/2ML,**,SOLUTION FOR INJECTION,"5X2ML,10X2ML",TYPE1 AMBER COLOUR,kelun lifesciences(Pvt) Ltd,SRI LANKA,***
RIVAROXABAN TABLET 10MG,RIVASYM 10,TABLETS,3X10'S,ALU ALU BLISTER,Saitech Mediccare (Pvt) Ltd,INDIA,Cliniqon Biotech Pvt. Ltd
PHENYLEPHRINE INJECTION BP 10MG/1ML,PHERAN,SOLUTION FOR INJECTION,1ML (10'S),TYP 1 CLEAR GLASS,kelun lifesciences(Pvt) Ltd,SRI LANKA,***
COLECALCIFEROL TABLETS BP 5000 IU,VIDAN D 5000,TABLETS,"3X10'S,5X10'S,10X10'","ALU ALU BLISTER,HDPE",ACE Healthcare (Pvt) Ltd,SRI LANKA,***
MILRINONE LACTATE INJECTIN USP 10MG/10ML(1MG/1ML),MIRONE,SOLUTION FOR INJECTION,"1X10ML,5X10ML,10X10",USP TYP 1 GLASS VIAL,kelun lifesciences(Pvt) Ltd,SRI LANKA,***
PIROXICAM GEL BP 0.5%  w/w,ACE CAM,TOPICAL GEL,"5G,10G,15G,25G,30G",ALUMINIUM BARRIER,ACE Healthcare (Pvt) Ltd,SRI LANKA,***
SUCCINYLCHOLINE CHLORIDE INJECTION USP 100MG/2ML,SUXONIUM,INJECTION,"5X2ML,10X2ML",AMBER TYP1 GLASS AMP,kelun lifesciences(Pvt) Ltd,SRI LANKA,***
SALBUTAMOL PRESSURISED INHALATION BP 100MCG/PUFF,SALBUTIS 100,PRESSURIZED INHALATION AEROSOL,200 PUFFS MDI/PACK,ALUMINIUM CANISTER,Jewim Pharmaceutical (Shandong) Co ltd,CHINA,Emerchemie NB (Ceylon) Ltd
LEUCOVORIN CALCIUM INJECTION USP 50MG/5ML,**,INJECTION,"4X5ML,25X5ML",CLEAR TYP I GLASS,kelun lifesciences(Pvt) Ltd,SRI LANKA,***
METFORMIN TABLETS BP 500MG,***,FILM COA TABLETS,"500'S,1250'S",HDPE CONTAINER,Morison Limited,SRI LANKA,***
PHENOBARBITAL SODIUM INJECTION USP 200MG/1ML,BARBIT,INJECTION,"5X1ML,10X1ML",CLEAR TYP 1 GLASS,kelun lifesciences(Pvt) Ltd,SRI LANKA,***
DOPAMINE HYDROCHLORIDE INJECTION USP 200MG/5ML,DOMIN,INJECTION,5ML AMPOULES X5 &5ML,CLEAR GLASS AMPOULE,kelun lifesciences(Pvt) Ltd,SRI LANKA,***
TRAVOPROST 40MCG/ML + TIMOLOL 5MG/ML EYE DROP,DUO TRAV,OPHTHALMIC SOLUTION,1'S (2.5ML),"SPP,LDPE BOTTLE",NOVARTIS MANUFACTURING NV,SWITZERLAND,A Baur & Co  (Pvt) Ltd
VASOPRESSIN  INJECTION USP 20 IU/1ML,**,INJECTION,1ML X5'S & 1ML X10'S,TYP 1 CLEAR GLASS,kelun lifesciences(Pvt) Ltd,SRI LANKA,***
SOMATROPIN SOLUTION FOR INJECTION 8MG/ML,SAIZEN LIQUID,SOLUTION FOR INJECTION,"1.5ML(12ML),2.5ML(20",PRE.CART.TYP 1 GLASS,MERK SERONO SPA,ITALY,A Baur & Co  (Pvt) Ltd
CEFIXIME TABLETS IP 200MG,CFIXM-200,TABLETS,"1X10,3X10,6X10,10X10",ALU ALU BLISTER,Sands Active Pvt Ltd,SRI LANKA,***
OSELTAMIVIR PHOSPHATE CAPSULES USP 45MG,OSEVIR FLU 45,HARD GELATINE CAPSULES,"1X10'S,3X10'S,6X10'S",PVC PE PVDC ALU BLIS,Sands Active Pvt Ltd,SRI LANKA,***
PARACETAMOL TABLETS BP 500MG,PANOGEN 500,TABLETS,"1X10'S,10X10'S,15X10",ALU/PVDC BLISTER PAC,NEWGEN LANKA HEALTHCARE (PVT) LTD,SRI LANKA,***
CLOPIDOGREL TABLETS USP 75MG,SANGREL 75,TABLETS,"1X10'S,3X10'S,6X10'S",ALU ALU BLIS HDPE JA,Sands Active Pvt Ltd,SRI LANKA,***
SITAGLIPTIN TABLETS USP 25MG,MELSITA 25,TABLET,"10'S,3X10'S,6X10'S,","PVDC COA.PVC,HDPEJAR",Sands Active Pvt Ltd,SRI LANKA,***
CEFTRIAXONE FOR INJECTION USP 1000MG,TRIAXWA-1000,POWDER FOR INJECTION,1 VIAL/PACK,USP TYP III CLEAR,Sands Active Pvt Ltd,SRI LANKA,***
LEVETIRACETAM TABLES USP 250MG,LEVEGET,TABLET,10'S,ALU-PVC BLISTER,Getz Pharma (Pvt) Ltd,PAKISTAN,Hemas Pharmaceuticals (Pvt) Ltd
RIVAROXABAN TABLET 20MG,RIVAXORED 20,TABLET,"1X10'S,28'S,30'S",ALU PVC/PVDC BLISTER,Dr Reddy's Laboratories Ltd,INDIA,Emerchemie NB (Ceylon) Ltd
RIVAROXABAN TABLETS PH EUR 15 MG,NOTHROMBI 15,TABLETS,"3X10'S,4X7'S",PVC PVDC BLISTER,Inventia Healthcare (Pvt) Ltd,INDIA,Emerchemie NB (Ceylon) Ltd
FEXOFENADINE HYDROCHLORIDE  TABLETS USP 120MG,FEXICO 120,TABLETS,"10X10'S,1X10'S",ALU/PVC/PVDC BLISTER,Micro Labs Limited,INDIA,Micro Mega Lanka (Pvt) Ltd
CLOBAZAM TABLETS BP 5MG,VERCLOB,TABLETS,10X10'S,ALU-PVC BLISTER,Verve Human Care Laboratories,INDIA,Leader Pharma Agency (Pvt) Ltd
LACTULOSE SOLUTION USP 3.35G/5ML,XYLOSE SOLUTION,ORAL SOLUTION,100ML,AMBER PET BOTTLE,Delta Pharma Ltd,BANGLADESH,Kandana Food & Drugs (Pvt) Ltd
ROSUVASTATIN TABLETS USP 20MG,ROSULIN 20,TABLET,"10'S,10X10'S",ALU-ALU BLISTER,Highnoon Laboratories Ltd,PAKISTAN,Truvic Private Ltd
ATORVASTATIN TABLETS 10MG,LIPITOR,TABLETS,3X10'S,ALU-PA-ALU-PVC BLIST,VIATRIS PHARMACEUTICALS LLC,GERMANY,Hemas Pharmaceuticals (Pvt) Ltd
RIVAROXABAN TABLETS 15 MG,RIVAXORED 15,TABLET,"1X10'S,28'S,30'S",ALU-PVC/PVDC BLISTER,Dr Reddy's Laboratories Ltd,INDIA,Emerchemie NB (Ceylon) Ltd
ESCITALOPRAM TABLETS USP 5MG,AVESTALO,TABLETS,14'S,ALU-PVDC BLISTER,Getz Pharma (Pvt) Ltd,PAKISTAN,Hemas Pharmaceuticals (Pvt) Ltd
RIVAROXABAN TABLETS 10 MG,RIVAXORED 10,TABLET,"1X10'S,30'S",ALU-PVC/PVDC BLISTER,Dr Reddy's Laboratories Ltd,INDIA,Emerchemie NB (Ceylon) Ltd
LENVATINIB CAPSULES 4MG,LENVANIX 4 CAPSULES,CAPSULE,30'S,HDPE BOTTLE,Beacon Pharmaceuticals Ltd,BANGLADESH,Emerchemie NB (Ceylon) Ltd
BEVACIZUMAB INJECTION (r-DNA Origin ) 400mg/16ml,ABEVMY 400,CONCENTRATE FOR SOLUTION FOR INTRAVENOUS  INFUSION,1 VIAL,GLASS VIAL,Biocon Biologics Limited,INDIA,Markss HLC (Pvt) Ltd
CETRIZINE HYDROCHLORIDE TABLETS BP 10MG,DYZIN,TABLETS,5X10'S,ALU BLISTER,Amico Laboratories Ltd,BANGLADESH,Prolifecare (Pvt) Ltd
PANTOPRAZOLE FOR IV INJECTION 40MG,PANTODAC IV,POWDER FOR INJECTION,GLASS VIAL PER PACK,GLASS VIAL,ZYDUS LIFESCIENCES LIMITED,INDIA,Sunshine Healthcare lanka Ltd
MEGALDRATE 480MG & SIMETHICONE 20MG/5ML ORAL SUSPENSION USP,NOVELTA,ORAL SUSPENSION,100ML&200ML,PET BOTTLE,Orion pharma Ltd,BANGLADESH,Darley Butler  & Co Ltd
CLINDAMYCIN HYDROCHLORIDE CAPSULES USP 300MG,XINDAL 300,CAPSULES,3X10'S,ALU-PVC BLISTER,ORION PHARMA PVT LIMITED,BANGLADESH,Darley Butler  & Co Ltd
LACTULOSE ORAL SOLUTION 667G/I,DUPHALAC,ORAL SOLUTION,200ML,HDPE BOTTLE,Abbott Biological BV,NETHERLANDS,CIC Holdings PLC
BRINZOLAMIDE 10MG AND TIMOLOL MALEATE 5MG EYE DROPS,AZARGA,EYE DROPS,5ML,LDPE BOTTLE,NOVARTIS MANUFACTURING NV,SWITZERLAND,A Baur & Co  (Pvt) Ltd
CLINDAMYCIN INJECTION USP 300MG/2ML,CLINDATEC 300,INJECTION,2ML AMPOULE/PACK,CLEAR GLASS AMPOUL,United Biotech (P) Limited,INDIA,KLINTAS(PVT)LTD
 FUSIDIC ACID CREAM BP 2% W/W,FUSIWAY CREAM,CREAM,5G & 15G,ALUMINIUM COLLAPSIBL,Caraway Pharmaceuticals,PAKISTAN,George Steuart Health Pvt Ltd
TERLIPRESSIN INJECTION 1MG/10ML,T-PRESSIN,SOLUTION FOR INJECTION,01 AMPO.OF 10ML/&05,CLEAR GLASS AMPOULE,United Biotech (P) Limited,INDIA,Klintas (Pvt) Ltd
SOMATROPIN SOLUTION FOR INJECTION 5.83MGM/ML,SAIZEN LIQUID,SOLUTION FOR INFLUSION,SINGLE CARTRIDGE OF,TYPE 1 CLEAR GLASS,Merck Serono S P A,ITALY,A Baur & Co  (Pvt) Ltd
CEFIXIME CAPSULES 200MG,AFIX 200,CAPSULES,2X7'S,ALU ALU BLISTER,Aristopharma Ltd,BANGLADESH,Hemas Pharmaceuticals (Pvt) Ltd
TRAVOPROST EYE DROPS 40MCG /ML,TRAVATAN,EYE DROPS,2.5ML,PLAS.DROPPER BOTTLE,NOVARTIS MANUFACTURING NV,SWITZERLAND,A Baur & Co  (Pvt) Ltd
RECOMBINANT HUMAN INTERFERON BETA 1 A SOLUTION FOR INJECTION 22 MCG,BLASTOFERON,SOLUTION FOR INJECTION,12 PFSY /PACK,TY 1 GLS SYRING.NEED,Biosidus S.A.Av de Los,ARGENTINA,ABC Pharma Services Pvt. Ltd
DIPHENHYDRAMINE HCL ORAL SOLUTION USP 13.5MG/5ML,PHENYQ,ORAL SOLUTION,"100ML,450ML",AMBER COLOUR GLASS,"GAMMA INTERPHARM PVT LTD,",SRI LANKA,***
METOPROLOL TARTRATE TABLETS BP 50MG,INTEPROL,TABLETS,10x10's/1000's BLIST,"ALUBlister pack,HDPE","GAMMA INTERPHARM PVT LTD,",SRI LANKA,***
CHLORPHENAMINE ORAL SOLUTION BP 2MG/5ML,CHLOFEN,ORAL SOLUTION,"60ML,100ML,450ML",AMBER COLOUR GIASS,"GAMMA INTERPHARM PVT LTD,",SRI LANKA,***
LACTULOSE SOLUTION USP 3.35G/5ML,LAXAFIT,SOLUTION,120ML BOT/PAC &500ML,AMBER COL GLS BOTTLE,"GAMMA INTERPHARM PVT LTD,",SRI LANKA,N/A
BRINZOLAMIDE 10MG AND BRIMONIDINE TARTRATE 2MG PER 1ML SUSPENSION,SIMBRINZA,EYE DROPS SUSPENSION,5ML,OPAQUE LDPE BOTTLE,NOVARTIS MANUFACTURING NV,SWITZERLAND,A Baur & Co  (Pvt) Ltd
AMLODIPINE BESILATE TABLETS USP 5MG,AMLOZAC 5,TABLETS,"HDPE JAR50'S,500'S",HDPE JAR ALU/AMBER,Celogen Lanka (Pvt) Ltd,SRI LANKA,***
ESOMEPRAZOLE TABLETS 20MG,EMA-20,TABLETS,"1X10'S,3X10'S,5X10'S",ALU ALU BLISTER,Globe Pharmaceuticals Ltd,BANGLADESH,Tabrane Healthcare (Pvt) Ltd
CALCIFEROL TABLETS 10 000 IU,**,TABLETS,100'S,HDPE JAR,Celogen Lanka (Pvt) Ltd,SRI LANKA,***
BETAHISTINE HYDROCHLORIDE TABLETS BP 8MG,BETASTIN 8,TABLETS,3X10'S,ALU ALU BLISTER,M/S CORONA REMEDIES PVT LTD,INDIA,Sunshine Healthcare lanka Ltd
APIXABAN TABLETS 5 MG,HILAPIX 5MG,TABLETS,3X10'S,ALU ALU BLISTER,Hilton  Pharma (Pvt) Ltd,PAKISTAN,Sunshine Healthcare lanka Ltd
HYDROCORISONE SODIUM SUCCINATE FOR INJECTION BP 100MG,**,INJECTION,"100'S,50'S(5ML)",CLEAR COLOURLESS GLA,Ciron Drugs & PharmaceuticalS (Pvt) Ltd,INDIA,Ceyoka (Pvt) Ltd
EPLERENONE TABLETS 25MG,EPNONE 25,TABLETS,3X10'S,ALU PVC BLISTER,MSN LABORATORIES PVT LTD,INDIA,Axia (Pvt) Ltd
EMPAGLIFLOZIN + METFORMIN TABLETS 12.5MG/1000MG,JARDY- MET 12.5/1000,TABLETS,"7X10'S,14'S,28'S",ALU ALU BLISTER,CCL Pharmaceuticals (Pvt) Ltd,PAKISTAN,CIC Holdings PLC
GEMCITABINE FOR INJECTION USP  200MG,CELZAR 200,POWDER FOR INJECTION,1 VIAL/PACK,USP TYP 1 GLASS VIAL,Celon Laboratories Ltd,INDIA,Medmart Pharma (Pvt) Ltd
CLOPIDOGREL TABLETS USP 75MG,CLOPITAB 75,FILM COATED TABLETS,"1X10'S,2X10'S &10X10",Alu-Alu Blister,CCL Pharmaceuticals (Pvt) Ltd,PAKISTAN,CIC Holdings PLC
BRINZOLAMIDE OPHTHALMIC SUSPENSION 1% W/V,AZOPT,OPHTHALMIC  SUSPENSION,5ML,PLAST.DROPPER BOTTLE,NOVARTIS MANUFACTURING NV,SWITZERLAND,A Baur & Co  (Pvt) Ltd
MOMETASONE FUROATE CREAM 0.1% W/W,SANTOMET CREAM,CREAM,1'S(5G),ALUMINIUM TUBE,Sante (Private) Limited,PAKISTAN,Emerchemie NB (Ceylon) Ltd
MELOXICAM TABLETS BP 7.5MG,LOXINOL 7.5,UNCOATED TABLETS,10X10'S,ALU PVDC BLISTER PAC,Agio Pharmaceuticals Ltd,INDIA,Citihealth Imports (Pvt) Ltd
ACECLOFENAC TABLETS  BP 100MG,MERVAN,TABLETS,10X10'S,BLISTER,Aristopharma Ltd,BANGLADESH,Hemas Pharmaceuticals (Pvt) Ltd
MONTELUKAST SODIUM DISPERSIBLE TABLETS 4MG,AERON FT,TABLETS,3X10'S,ALU- ALU BLISTER,Healthcare Pharmaceuticals Limited,BANGLADESH,Citihealth Imports (Pvt) Ltd
CHOLECALCIFEROL CHEWABLE TABLETS 400IU,CALMIT-400IU,TABLETS,3X10'S,ALU-ALU BLISTER,MMC Healthcare Ltd,INDIA,Markss HLC (Pvt) Ltd
DULOXETINE DELAYED RELEASE CAPSULES USP 60MG,DULOX 60,CAPSULES,"3X10'S,1X10'S,10X10'",ALU-ALU BLISTER,ZIM Laboratories Limited,INDIA,Tabrane Pharmaceuticals (Pvt) Ltd
TERBUTALINE  SULPHATE SYRUP 1.5MG/5ML,TERBUTACE,SYRUP,"500ML,100ML",AMBER  COLOUR PET,ACE HEALTHCARE (PVT) LTD,SRI LANKA,***
ENOXAPARIN SODIUM INJECTION BP 40MG/0.4ML,PARIN-E,INJECTION,2PFS/PACK,PFFN PREFILLED SYRIN,VENUS Remedies Limited,INDIA,Yaden International (Pvt) Ltd
LULICONAZOLE CREAM 1.0% W/W,MYZOFIL-L,CREAM,10G,LAMINATED TUBE,Glenmark Pharmaceuticals Ltd,INDIA,Hemas Pharmaceuticals (Pvt) Ltd
FLUCLOXACILLIN CAPSULES BP 250MG,UNIFLOX 250,CAPSULES,2X10'S 10X10'S,ALU ALU BLISTER,Navesta Pharmaceuticals (Pvt) Ltd,SRI LANKA,***
MEROPENEM FOR INJECTION USP 1G,NURONEM,POWDER FOR INJECTION,1'S,USP TYPE 1 GLASS VIA,SUN PHARMACEUTICAL INDUSTRIES LTD,INDIA,Hemas Pharmaceuticals (Pvt) Ltd
SERTRALINE TABLETS BP 25MG,ZOSERT 25,TABLETS,5X10'S,ALU-PVDC BLISTER,SUN PHARMACEUTICAL INDUSTRIES LTD,INDIA,Emerchemie NB (Ceylon) Ltd
MEFENAMIC ACID TABLETS BP 500MG,MEFEN 500,TABLETS,"3X10'S,10X10'S,25X10",ALU PVC BLISTER HDPE,"GAMMA INTERPHARM PVT LTD,",SRI LANKA,***
CLOTRIMAZOLE CREAM BP 1% W/W,CANBEN,CREAM,15G,ALUMINIUM LACQUERED,Leben Laboratories (Pvt) Ltd,INDIA,Ceyoka (Pvt) Ltd
METFORMIN HYDROCHLORIDE EXTE. RELE TABLETS USP 500MG,PROGLUTROL 500,TABLETS,10'S&100'S,BLISTER,INVENTIA HEALTHCARE LTD,INDIA,Emerchemie NB (Ceylon) Ltd
TAMSULOSIN HYDROCHLORIDE CAPSULES USP 0.4MG,TALMOSIN 0.4,CAPSULES,ALU PVC BLISTER-3X10,"ALU PVC BLISTER,HDPE",ACE Healthcare (Pvt) Ltd,SRI LANKA,***
ELTROMBOPAG TABLETS  50MG,REVOLADE 50,TABLETS,1X14,PA/AL/PVC BLISTER,Novartis Pharmaceutical Manufacturing LLC,SWITZERLAND,A Baur & Co  (Pvt) Ltd
LOSARTAN POTASSIUM TABLETS 25MG,RESILO 25,TABLETS,2X10'S,"ALU ALU BLS,ALU STRI",Dr Reddy's Laboratories Ltd,INDIA,Emerchemie NB (Ceylon) Ltd
RECOMBINANT HUMAN GRANULOCYTE COLONY-SIMULATING FACTOR INJECTION 300MCG/ML,NEUTROFIX,INJECTION,1ML PREFILLED SYRING,PFS,Kexing Biopharm Co Ltd,CHINA,Slim Pharmaceuticals (Pvt) Ltd
DESFLURANE LIQUID FOR INHALATION USP,SUPRANE,LIQUID FOR INHALATION,240ML BOTTLE/PACK,ALUMINIUM BOTTLE,Baxter Healthcare Corporation,AMERICA,Slim Pharmaceuticals (Pvt) Ltd
HUMAN COAGULATION FACTOR VIII -250IU AND HUMAN VON WILLEBRAND VON WILLEBRAND FACTOR 190IU,IMMUNATE,POWDER AND SOLVENT FOR SOLUTION FOR INJECTION,01 GLASS BOTTLE/PACK,GLASS BOTTLE,Takeda Manufacturing Austria AG,AUSTRALIA,A J Medichem international Ltd
LOSARTAN POTASSIUM TABLETS USP  25MG,LOSAKIND 25,TABLETS,"3X10'S, 6X10'S",ALU ALU BLISTER,Mankind Pharma Ltd,INDIA,Hemas Pharmaceuticals (Pvt) Ltd
PANTOPRAZOLE SODIUM DELAYED RELEASE TABLETS USP 40MG,PANTAKIND 40,TABLETS,6X10'S,"ALU STRIP PACK,BLIST",Mankind Pharma Ltd,INDIA,Hemas Pharmaceuticals (Pvt) Ltd
ONDANSETRON ORALLY DISINTEGRATING TABLETS USP 4MG,VOMIKIND MD4,DISINTEGRATING TABLETS,1X10'S,ALU ALU BLISTER,Mankind Pharma Ltd,INDIA,Hemas Pharmaceuticals (Pvt) Ltd
DOXYCYCLINE CAPSULES B.P 100MG,DOXYLEB,CAPSULES,"10X10,100x10;s,1000'",BLISTER PACK&PLASTIC,Leben Laboratories (Pvt) Ltd,INDIA,Ceyoka (Pvt) Ltd
ROSUVASTATIN TABLETS IP 10MG,RAPIVAST 10,TABLETS,10X10'S,ALU-ALU BLISTER,Cian Healthcare Ltd,INDIA,Cliniqon Biotech Pvt. Ltd
BISOPROLOL TABLETS BP 5 MG,***,TABLETS,"500'S, 10X10'S","HDPE JAR,ALU PVC BLI",State Pharmaceuticals Manufacturer Corporation,SRI LANKA,***
ATORVASTATIN TABLETS IP 20MG,LOWATO 20,TABLETS,"1X10'S,3X10'S,10X10'","HDPE,BOTTLE ALU ALU","GAMMA INTERPHARM PVT LTD,",SRI LANKA,***
Human Coagulation Factor VIII (RDNA)(Ph Eur)250 IU,SAFACTO AF 250IU,LYOPHILIZED POWDER FOR SOLUTION FOR SOLUTION,4ML GLASS VIAL+4ML,4ML GLASS TYPE 1 VIA,Saman Daroo 8,IRAN,Cliniqon Biotech Pvt. Ltd
Human Coagulation Factor VIII (RDNA)(Ph Eur)500 IU,SAFACTO AF 500 IU,LYOPHILIZED POWDER FOR SOLUTION,4ML GLASS VIAL+4ML,4ML GLASS TYPE 1 VIA,Saman Daroo 8,IRAN,Cliniqon Biotech Pvt. Ltd
KETOROLAC TROMETHAMINE INJECTION USP 30MG/ML,TORADOL,INJECTION,05 AMPOULES/PACK,USP TYPE 1 GLASS AMP,MARTIN DOW MARKER LTD,PAKISTAN,Emerchemie NB (Ceylon) Ltd
PARACETAMOL INFUSION 1000MG/100ML,PARACEO IV INFUSION,INTRAVENOUS INFUSION,100ML GLASS VIAL-1'S,GLASS VIAL,Shrooq Pharmaceutical Pvt  Ltd,PAKISTAN,Tranz Pharma Hodlings (Pvt) Ltd
LACTULOSE SOLUTION USP 10GM/15ML,MANLAX,ORAL SOLUTION,120ML &100ML,HDPE BOTTLE& PET,Maan Pharmaceutical Ltd,INDIA,P T C Medical (Pvt) Ltd
CLOPIDOGREL TABLETS USP 75MG,CLOPEX,TABLETS,10X10'S,PCV/PVDC ALU BLISTER,Astron Limited,SRI LANKA,***
CHLORPHENIRAMINE ORAL SOLUTION BP 2MG/5ML,CIPIUM SYRUP,ORAL SOLUTION,AMBER COLOURED PET,"PET BOTTLE ,HDPE CAN",Leben Laboratories (Pvt) Ltd,INDIA,Ceyoka (Pvt) Ltd
PACLITAXEL PROTEIN BOUND PARTICLES FOR INJECTABLE SUSPENSION 100MG/VIAL,PACJONAB,POWDER FOR DISPERSION FOR INFUSION,1'S(50ML),GLASS VIAL,Jodas Expoim Pvt Ltd,INDIA,Softcare International (Pvt) Ltd
LIDOCAINE INJECTION BP 2% W/V,**,INJECTION,"10X5ML,10X20ML",USP TYPE 1 VIAL,"YADEN LABORATORIES PVT LTD ,",SRI LANKA,***
ELTROMBOPAG TABLETS 25MG,ELTROM 25,TABLETS,"7'S,10'S,14'S28'S,30",HDPE CONTAINER,JENPHAR BAGLADESH LTD,BANGLADESH,Tabrane Healthcare (Pvt) Ltd
ARIPIPRAZOLE TABLETS 10MG,BISOZA 10,TABLETS,10X10'S,ALU ALU BLISTER,ZYDUS LIFESCIENCES LIMITED,INDIA,Hemas Pharmaceuticals (Pvt) Ltd
CEFOTAXIME FOR INJECTION USP 1G,*****,POWDER FOR INJECTION,10 VIAL/PACK,GLASS VIAL,Karnataka Antibiotic & Pharmaceuticals Ltd,INDIA,A Baur & Co  (Pvt) Ltd
FLUTICASONE NASAL SPRAY BP 50MCG,FLUVENT,NASAL SPRAY,1'S(120 METERED,HDPE CONTAINER,Advanced Chemical Industries Limited,BANGLADESH,CIC Holdings PLC
"MAGNESIUM HYDROXIDE 400mg+ALUMINIUM HYDROXIDE 400MG+SIMETHICONE 40MG IN5ML ORAL SUSPENSION(ALUMINA,MAGNESIA & SIMETHICONE ORAL SUSPENSION USP)",AXCEL EVILINE FORTE SUSPENSION,SUSPENSION,100ML,PET BOTTLE,Kotra Pharma (M) SDN BHD,MALAYSIA,Sunshine Healthcare lanka Ltd
FUROSEMIDE INJECTION BP 10MG/ML,CIRIX,INJECTION,"100X2ML,20X2ML,10X2M",2ML USP TYP 1AMBER,Ciron Drugs & PharmaceuticalS (Pvt) Ltd,INDIA,Ceyoka (Pvt) Ltd
BUPIVACAINE HYDROCHLORIDE IN DEXTROSE INJECTION USP(BUPIVACAINE 5MG+DEXTROSE 80MG/ML),*****,INJECTION,1X4ML,GLASS AMP.USP 1,Ciron Drugs & PharmaceuticalS (Pvt) Ltd,INDIA,Ceyoka (Pvt) Ltd
ATRACURIUM BESYLATE INJECTION USP 10MG/ML,ATRACIR,INJECTION,10'SX2.5ML,USP TYI AMB COL.GLAS,Ciron Drugs & PharmaceuticalS (Pvt) Ltd,INDIA,Ceyoka (Pvt) Ltd
ACETYLCYSTEINE SOLUTION USP 200MG/ML,***,SOLUTION FOR INJECTION,10X10ML,USP TY 1GLS AMPOULE,"Ciron Drugs Pharmaceuticals pvt Ltd,",INDIA,Ceyoka (Pvt) Ltd
STERILE DOPAMINE CONCENTRATE BP 40MG/ML,***,SOLUTION FOR INJECTION,10X5 ML AMP,USP TY 1 GLS AMP,Ciron Drugs & PharmaceuticalS (Pvt) Ltd,INDIA,Ceyoka (Pvt) Ltd
 ERGOMETRINE INJECTION BP  0.5MG/ML,***,INJECTION,"1mlx10's, 1mlx100's",Amber USP Typ1 GLASS,Ciron Drugs & PharmaceuticalS (Pvt) Ltd,INDIA,Ceyoka (Pvt) Ltd
KETOCONAZOLE CREAM 2% W/W,*****,CREAM,"15G, 5G",ALUMINIUM COLLAPSIBL,Ciron Drugs & PharmaceuticalS (Pvt) Ltd,INDIA,Ceyoka (Pvt) Ltd
LIGNOCAINE HYDROCHLORIDE GEL IP  2% w/w,CIROCAINE GEL,GEL,30G,ALUMINIUM COLLAPSIBL,Ciron Drugs & PharmaceuticalS (Pvt) Ltd,INDIA,Ceyoka (Pvt) Ltd
ETOMIDATE INJECTION USP 20MG/10ML,***,SOLUTION FOR INJECTION,10ML,USP TYP 1 GLASS VIAL,Mercury Laboratories Ltd,INDIA,Yaden International (Pvt) Ltd
ONDANSETRON  INJECTION USP 2MG/ML,VOMISETRON,INJECTION,10X4ML,GLS AMPOULE,Ciron Drugs & PharmaceuticalS (Pvt) Ltd,INDIA,Ceyoka (Pvt) Ltd
TRAMADOL INJECTION 50MG/ML,CITRAMA,INJECTION,10PER PACK x2ml AMP,AMBER USP TYP1 AMP,Ciron Drugs & PharmaceuticalS (Pvt) Ltd,INDIA,Ceyoka (Pvt) Ltd
ATORVASTATIN TABLETS IP 10MG,ATOSAN 10,TABLETS,"1X10'S,3X10'S,6X10'S","ALU ALU BLIS,HDPE CO",Sands Active Pvt Ltd,SRI LANKA,***
DICLOFENAC SODIUM DELAYED RELEASE TABLETS USP 25MG,***,ENTERIC COATED TABLETS,"1X10'S,10X10'S,3X10'","PVDC,PVC ALU ,HDPE",Sands Active Pvt Ltd,SRI LANKA,***
VENLAFAXINE HYDROCHLORIDE EXTENDED RELEASE CAPSULES USP 37.5MG,VENAFAX-XR 37.5,HARD GELATIN CAPSULE,10X10' 1X10' 6X10,"PVDC,PVC BLISTER",Sands Active Pvt Ltd,SRI LANKA,***
VENLAFAXINE HYDROCHLORIDE EXTENDED RELEASE CAPSULES USP 37.5MG,***,HARD GELATIN CAPSULE,10X10'S,"PVDC,PVC ALU BLISTER",Sands Active Pvt Ltd,SRI LANKA,***
FLUMAZENIL INJECTION USP 500MCG/5ML,***,INJECTION,5ML,1 COLOUR GLASS VIAL,Mercury Laboratories Ltd,INDIA,Yaden International (Pvt) Ltd
HYDRALAZINE HYDROCHLORIDE INJECTION USP 20MG/ML,**,INJECTION,"1X10'S(1ML),1X100'S",AMBER USP TYP1 AMPOU,Ciron Drugs & PharmaceuticalS (Pvt) Ltd,INDIA,Ceyoka (Pvt) Ltd
SITAGLIPTIN 50MG+METFORMIN HYDROCHLORIDE 1000MG TABLETS,SITA-MET TABLETS 50/1000,TABLETS,"2X7'S,4X7'S&10X7'S",ALU/PVC BLISTER,CCL Pharmaceuticals (Pvt) Ltd,PAKISTAN,CIC Holdings PLC
DICLOFENAC DIETHYLAMINE GEL 1% W/W,VOLTAREN EMULGEL,TOPICAL GEL,20G &50G,ALUMINIUM TUBE,Haleon CH SARL,SWITZERLAND,Haleon Lanka(Pvt) Ltd
BISACODYL  SUPPOSITORIES IP 10MG,ZYCOLAX 10,SUPPOSITORIES,5'S & 3X5'S,ALU ALU STRIP PACK,ZYDUS LIFESCIENCES LIMITED,INDIA,Hemas Pharmaceuticals (Pvt) Ltd
STERILE CARDIOPLEGIA SOLUTION 20ML,BIOPLEGIA,SOLUTION,20MLX5,CLEAR GLASS AMPOULE,United Biotech (P) Limited,INDIA,Klintas (Pvt) Ltd
AMIKACIN INJECTION BP 250MG/ML,***,SOLUTION FOR INJECTION,1MLX1&1MLX10 VIAL/,GLASS VIAL,Mercury Laboratories Ltd,INDIA,Yaden International (Pvt) Ltd
AMLODIPINE BESILATE TABLETS USP 5MG,AMLODAC 5,TABLETS,10X10'S,ALU-PVDC BLISTER,ZYDUS LIFESCIENCES LIMITED,INDIA,Sunshine Healthcare lanka Ltd
CEFUROXIME AXETIL FOR ORAL SUSPENSION USP 125MG/5ML,FUROTIL,POWDER FOR SUSPENSION,70ML,AMBER GLASS BOTTLE,Healthcare Pharmaceuticals Limited,BANGLADESH,Citihealth Imports (Pvt) Ltd
AZITHROMYCIN  TABLETS USP 500MG,ACTISAN 500,TABLETS,"1X10'S,3X10'S,6X10'S",PVDC/PVC ALU BLI.HDP,Sands Active Pvt Ltd,SRI LANKA,***
BROMHEXINE  HYDROCHLORIDE BP 8MG+PHENYLEPHRINE HYDROCHLORIDE BP 5MG+GUAIFENESIN BP 100MG CAPSULES,FLEMNIL-RB,CAPSULES,1X10'S&10X10'S,ALU-PVC/PVDC BLISTER,Raptakos Brett & Company Ltd,INDIA,Pharma Associates
ASPIRIN TABLETS BP  300MG,CAREPRIN 300,TABLETS,"3X10'S10X0'S,100'S",ALU BLISTER/HDPE JAR,Celogen Lanka (Pvt) Ltd,SRI LANKA,***
MYCOPHENOLATE SODIUM GASTRO RESISTANT TABLETS 180MG,MYFORTIC 180MG,TABLETS,12X10'S(120),ALU-PVC BLISTER,Novartis Pharma Produtions Gmbh,SWITZERLAND,A Baur & Co  (Pvt) Ltd
GLICLAZIDE TABLETS BP 40MG,DIAZIDE 40,TABLETS,10X10'S,ALU-PVC/PVDC BLISTER,The Madras Pharmaceuticals,INDIA,Pharma Associates
MULTIVITAMIN SYRUP,HOVITE SYRUP,SYRUP,"45ML,120ML",PET BOTTLE,Raptakos Brett & Company Ltd,INDIA,Pharma Associates
CLINDAMYCIN CAPSULES BP 300MG,DALAVIT 300,HARD GELATINE CAPSULES,3X10'S,ALU-PVC BLISTER,MMC Healthcare Ltd,INDIA,Markss HLC (Pvt) Ltd
FUSIDIC ACID CREAM BP 2%  W/W,MELAS,CREAM,15G,ALUMINIUM COLLAPSIBL,ATCO Laboratories Limited,PAKISTAN,Morison Limited
RAMIPRIL TABLETS IP 1.25MG,CARDACE 1.25,TABLETS,3X30'S,ALU-PVC BLISTER,Sanofi India Limited,INDIA,A Baur & Co  (Pvt) Ltd
AZATHIOPRINE TABLETS USP 50MG,THIOPRESS 50,TABLETS,10X10'S,ALU ALU STRIP,United Biotech (P) Limited,INDIA,Klintas (Pvt) Ltd
DAPAGLIFLOZIN TABLETS 10MG,DAPA 10,TABLETS,2X10'S,ALU ALU BLISTER,Advanced Chemical Industries,BANGLADESH,Amsted Intima (Pvt) Ltd
GLICLAZIDE MODIFIED REALEASE TABLETS 30MG,GLIC MR 30,TABLETS,"3X10'S,5X10'S&10X10'",ALU/ALU BLISTER,Celogen Lanka (Pvt) Ltd,SRI LANKA,***
HYDROCORTISONE SODIUM SUCCINATE FOR INJECTION BP 100MG,HYDROCORT 100,POWDER FOR INJECTION,1X25'S & 1X10'S VIAL,5ML COLOURLESS GLASS,Belco Pharma,INDIA,Pharmatec (Pvt) Ltd
BISACODYL  SUPPOSITORIES USP 5MG,DILAX 5,SUPPOSITORY,"1X5'S,2X5'S",PLAIN WHITE OPAQUE,Celogen Lanka (Pvt) Ltd,SRI LANKA,***
AQUEOUS CREAM BP WITH GLYCERIN BP,MOIST SKIN,CREAM,50G,HDPE TUBES,Falcon Pharmaceuticals (Pvt) Ltd,SRI LANKA,***
VERAPAMIL INJECTION BP 2.5MG/ML,***,INJECTION,"5X2ML,10X2ML,20X2ML",AMB.COL GLASS AMPOUL,Ciron Drugs & PharmaceuticalS (Pvt) Ltd,INDIA,Ceyoka (Pvt) Ltd
NORETHISTERONE TABLETS 5MG,PRIMOLUT-N,TABLETS,2X15'S,ALU-PVC BLISTER PACK,Bayer Weimar GmbH & Co.KG,GERMANY,Hemas Pharmaceuticals (Pvt) Ltd
SALBUTAMOL ORAL SOLUTION BP 2MG/5ML,***,ORAL SOLUTION,"60ML,100ML,500ML,750",PET BOTTLE,Diyatha Pharmaceuticals & Healthcare (Pvt) Ltd,SRI LANKA,***
BECLOMETHASONE DIPROPIONATE DRY POWDER INHALATION CAPSULES BP 400 MCG,BECLOHALE 400,CAPSULES,10X10'S,BLISTER,Emergen Life Sciences (Pvt) Ltd,SRI LANKA,***
OLAPARIB TABLETS 150 MG,JUPARIB 150,TABLETS,"30'S,60'S,90'S,120'S",HDPE CONTAINER,JENPHAR BANGLADESH LTD,BANGLADESH,Tabrane Healthcare (Pvt) Ltd
CLOPIDOGREL TABLETS USP 75MG,CLOPIGRA 75,TABLETS,"1X10'S,3X10'S,4X10'S","ALU ALU BLISTER,PVC",NEWGEN LANKA HEALTHCARE (PVT) LTD,SRI LANKA,***
PREGABALIN CAPSULES 75MG,PREGA 75,CAPSULES,3X10'S,PVC ALU BLISTER,Hetero Labs Limited Unit-1,INDIA,Mansel (Ceylon) (Pvt) Ltd
CLINDAMYCIN INJECTION  BP 150MG/ML,*****,INJECTION,10x2ML,GLASS AMPOULE,Ciron Drugs & PharmaceuticalS (Pvt) Ltd,INDIA,Ceyoka (Pvt) Ltd
XYLOMETAZOLINE NASAL DROPS BP 0.1% W/V,CIROVIN NASAL DROPS,NASAL DROPS,10ML,PLAS.BOTTLE/CAP,Ciron Drugs & PharmaceuticalS (Pvt) Ltd,INDIA,Ceyoka (Pvt) Ltd
BIMATOPROST OPHTHALMIC SOLUTION 0.3MG/ML,***,OPHTHALMIC SOLUTION,3ML FILLED IN 5ML BO,LDPE PLASTIC BOTTLE,Ciron Drugs & PharmaceuticalS (Pvt) Ltd,INDIA,Ceyoka (Pvt) Ltd
PHENYTOIN INJECTION BP 50MG/ML,CIROTOIN,INJECTION,"5MLX5'S,2MLX5'S,5MLX",USP TY 1 GLASS,Ciron Drugs & PharmaceuticalS (Pvt) Ltd,INDIA,Ceyoka (Pvt) Ltd
GANCICLOVIR FOR  INJECTION USP 500MG/VIAL,GANCIRON,POWDER FOR INJECTION,10ML VIAL/PACK,USP TYP1 FLINT TUBU.,Ciron Drugs & PharmaceuticalS (Pvt) Ltd,INDIA,Ceyoka (Pvt) Ltd
PANCURONIUM INJECTION BP 2MG/ML,***,INJECTION,"5X2ML, 10X2ML,20X2ML",USP TYI AMB  AMPULE,Ciron Drugs & PharmaceuticalS (Pvt) Ltd,INDIA,Ceyoka (Pvt) Ltd
MUPIROCIN OINTMENT BP 2.0% w/w,***,OINTMENT,5G,ALUMINIUM TUBE,Ciron Drugs & PharmaceuticalS (Pvt) Ltd,INDIA,Ceyoka (Pvt) Ltd
FLUPENTIXOL INJECTION BP 20MG/ML,FLUPEXOL,INJECTION,"20'S(2ML),10'S(2ML),",USP TY 1 AMPOULE,Ciron Drugs & PharmaceuticalS (Pvt) Ltd,INDIA,Ceyoka (Pvt) Ltd
CLOBETASOL PROPIONATE  CREAM  0.05% W/W,BELTAPRO CREAM,CREAM,5G&15G,ALUMINIUM COLLAPSIBL,Tabros Pharma (Pvt) Ltd,PAKISTAN,Associated Laboratories (Pvt) Ltd
SITAGLIPTIN TABLETS USP 50MG,MELSITA 50,TABLETS,"1X10'S,3X10'S,6X10'S","PVDC,PVC,HDPE JAR",Sands Active Pvt Ltd,SRI LANKA,***
METOCLOPRAMIDE INJECTION BP 10MG/2ML,**,INJECTION,2MLX10/PACK,AMBER AMPOULE,Mercury Laboratories Ltd,INDIA,Yaden International (Pvt) Ltd
PROMETHAZINE INJECTION  BP 25MG./ML,**,INJECTION,"10X2ML,10X1ML",AMBER AMPOULE,"YADEN LABORATORIES PVT LTD ,",SRI LANKA,***
SITAGLIPTIN TABLETS USP 100MG,MELSITA 100,TABLETS,"1X10'S,3X10'S,6X10'S","HDPE JAR,PVDC,PVC AL",Sands Active Pvt Ltd,SRI LANKA,***
VANCOMYCIN HYDROCHLORIDE FOR INJECTION USP 500MG,***,POWDER FOR INJECTION,1'S,GLASS VIAL,Ciron Drugs & PharmaceuticalS (Pvt) Ltd,INDIA,Ceyoka (Pvt) Ltd
THIAMINE INJECTION BP 100MG/ML,***,INJECTION,10X2ML AMP,AMBER COL.GLASS AMPO,Ciron Drugs & PharmaceuticalS (Pvt) Ltd,INDIA,Ceyoka (Pvt) Ltd
XYLOMETAZOLINE NASAL DROPS BP 0.05% W/V,CIROVIN,NASAL DROPS,10ML,PLS DROPPER BOTTLE,Ciron Drugs & PharmaceuticalS (Pvt) Ltd,INDIA,Ceyoka (Pvt) Ltd
NATAMYCIN OPTHALMIC SUSPENSION USP 50MG/ML,***,OPHTHALMIC  SUSPENSION,5ML,LDPE Bottle,Ciron Drugs & PharmaceuticalS (Pvt) Ltd,INDIA,Ceyoka (Pvt) Ltd
ROCURONIUM BROMIDE INJECTION BP 10MG/ML,***,INJECTION,5ML,USP TYP1 AMBER GLASS,Ciron Drugs & PharmaceuticalS (Pvt) Ltd,INDIA,Ceyoka (Pvt) Ltd
PROTAMINE SULPHATE INJECTION BP 10MG/ML,***,INJECTION,"5X10,10X10,20X10",5ML AMBER,Ciron Drugs & PharmaceuticalS (Pvt) Ltd,INDIA,Ceyoka (Pvt) Ltd
DABIGATRAN ETEXILATE CAPSULE 110MG,DABRINEX 110,CAPSULES,60'S,HDPE CONTAINER,Hetero Labs Limited Unit-III,INDIA,Mansel (Ceylon) (Pvt) Ltd
Cholecalciferol Tablets 5000 IU,ELIX D3 5000,TABLETS,30'S,ALU-ALU BLISTER,Biopharma Limited,BANGLADESH,Truvic Private Ltd
FLUCONAZOLE CAPSULES BP 150MG,FLUCAST 150,CAPSULES,1X10'S&3X10'S,ALU-PVC/PVDC BLISTER,Mc W Healthcare (P ) Ltd,INDIA,Innogen Lanka (Pvt) Ltd
PHENYLEPHRINE HCL INJECTION USP 10MG/ML,***,INJECTION,1MLX10 AMPOULES,USP TY 1 GLS AMPOULE,Ciron Drugs & PharmaceuticalS (Pvt) Ltd,INDIA,Ceyoka (Pvt) Ltd
SACUBITRIL 49 MG + VALSARTAN 51 MG TABLETS,SACVIN 100,TABLETS,"3X10'S,4'S",ALU PVDC BLISTER,Pharm Evo (Pvt) Ltd,PAKISTAN,CIC Holdings PLC
SITAGLIPTIN TABLETS USP 100MG,INOSITA 100,TABLETS,"1X10'S& 1X70'S,4'S",ALU ALU BLISTER,PharmEvo (Pvt) Ltd,PAKISTAN,CIC Holdings PLC
APIXABAN TABLETS 2.5MG,ZILERO 2.5MG,TABLET,"30'S,4'S",ALU ALU BLISTER,PharmEvo (Pvt) Ltd,PAKISTAN,CIC Holdings PLC
FEBUXOSTAT TABLETS 40MG,GOURIC 40,TABLETS,"20'S,4'S",ALU ALU BLISTR,PharmEvo (Pvt) Ltd,PAKISTAN,CIC Holdings PLC
ROSUVASTATIN TABLETS BP 5MG,ROSUSAN,TABLETS,1X10 3X10 6X10 10X10,"ALU ALU BLIS,HDPE JA",Sands Active Pvt Ltd,SRI LANKA,***
LEVETIRACETAM TABLETS USP 250MG,***,TABLETS,"1X10'S,3X10'S,6X10'S","PVDC,PVC ALU,HDPE C",Sands Active Pvt Ltd,SRI LANKA,***
ADALIMUMAB INJECTION (R-DNA ORIGIN) 40 MG,ADALIREL,SOLUTION FOR INJECTION,0.8 ML PER FILLED SY,TY 1 GLS-PFSY,Reliance Life Sciences (Pvt) Ltd,INDIA,ABC Pharma Services Pvt. Ltd
CLARITHROMYCIN TABLETS USP 250MG,CLARIWIN 250,FILM COA TABLETS,5X10'S,ALU ALU BLISTER,Micro Labs Limited,INDIA,Micro Healthcare (Pvt) Ltd
CARVEDILOL TABLETS USP 12.5MG,CARDIACT 12.5,TABLETS,1X10' 3X10' 6X10,"ALU ALU BLIS,HDPE BO",Sands Active Pvt Ltd,SRI LANKA,***
FLUCLOXACILLIN CAPSULES BP 250MG,FLUCLOXIL,CAPSULES,3X10'S 10X10'S,ALU ALU BLISTER,Astron Limited,SRI LANKA,***
"DROSPIRENONE 3MG , ETHINYLESTRADIOL 0.03MG TABLETS",LIYA,TABLETS,1X21'S,PVC PVDC BLISTER,Laboratoires Leon Farma SA POLIND,SPAIN,Pharma Associates
CARVEDILOL TABLETS USP 12.5MG,***,TABLETS,"1X10'S,3X10'S,6X10'S",ALU ALU BLIS&HDPE CO,Sands Active Pvt Ltd,SRI LANKA,***
ACiCLOVIR TABLETS BP 800MG,***,TABLETS,"1X10'S,3X10'S,6X10'S","PVDC, PVC ALU,HDPE",Sands Active Pvt Ltd,SRI LANKA,***
RUPATADINE FUMARATE TABLET 10MG,RUPADAY,TABLETS,3X10'S,ALU-PVDC BLISTER,Eskayef Pharmaceuticals Ltd,BANGLADESH,Truvic Private Ltd
SODIUM FUSIDATE OINTMENT BP 2% W/W,FUSITOP,OINTMENT,"15G,30G & 50G",ALUMINIUM TUBE,Aurochem Laboratories (India) Ltd.,INDIA,Slim Pharmaceuticals (Pvt) Ltd
AMIODARONE TABLETS BP 100MG,ZYDARONE 100,TABLETS,10X10'S,ALU PVDC BLISTER,ZYDUS LIFESCIENCES LIMITED,INDIA,Hemas Pharmaceuticals (Pvt) Ltd
BENZOYL PEROXIDE GEL BP 5% W/W,BENOX 5 GEL,GEL,20G,LAMINATED TUBE,East African (India) Overses,INDIA,Mega Pharma (Pvt) Ltd
FLUNARIZINE TABLETS 10MG,DONARIZINE 10,TABLETS,"2X5X10'S,1X10'S",BLISTER,Geno Pharmaceuticals Ltd,INDIA,Mansel (Ceylon) (Pvt) Ltd
AMIKACIN SULPHATE INJECTION IP 250MG/1ML,AMIKAN,SOLUTION FOR INJECTION,10'S(1ML&2ML),TYP1 CLEAR GLASS VIA,kelun lifesciences(Pvt) Ltd,SRI LANKA,***
LIDOCAINE INJECTION BP 2% W/V,**,INJECTION,"5ML,20ML&30ML",GLASS VIAL,Pharmafabrikon,INDIA,Novachem Lanka (Pvt) Ltd
SODIUM CHLORIDE NASAL SPRAY 0.65% W/V,NASOCLEAR,NASAL SPRAY,1X20ML&25X20ML,HDPE BOTTLE,ZYDUS LIFESCIENCES LIMITED,INDIA,"GAMMA INTERPHARM PVT LTD,"
TELMISARTAN & HYDROCHLOROTHIAZIDE TABLETS 80MG/12.5MG,MISARVEN H 80/12.5,TABLETS,10X10'S,ALU/ALU BLISTER,INVENTIA HEALTHCARE LTD,INDIA,Emerchemie NB (Ceylon) Ltd
SUMATRIPTAN TABLETS BP 50MG,SUMITOP 50,TABLETS,10X10'S,ALU-PVC BLISTER,Centurion Laboratories Pvt Ltd,INDIA,Yaden International (Pvt) Ltd
FUSIDIC ACID 2% W/W + HYDROCORTISONE 1% W/W CREAM,FOBAN HYDRO CREAM,CREAM,5G&15G IN ALUMINIUM,COLLAPSIBLE TUBE,Hoe Pharmaceuticals SDN BHD,MALAYSIA,Indoscan (Pvt) Ltd
DAPAGLIFLOZIN TABLETS 10MG,DAPARIGHT 10,TABLETS,"1X10'S,3X10'S",ALU ALU BLISTER,Novagen Healthcare Pvt Ltd,INDIA,Chamee Chemist
FLUTICASONE 50MCG/DOSE AND SALMETEROL 25MCG/DOSE PRESSURIZED INHALATION SUSPENSION BP,FLUTIVENT 50 INHALER,SUSPENSION,1's(120 DOSE)/PACK,"METAL CANSTER ,VALVE",Lina Manufacturing (Pvt) Ltd,SRI LANKA,***
FORMOTEROL FUMARATE DIHYDRATE 6MCG AND BUDESONIDE 400MCG/DOSE PRESSURIZED INHALATION,FORMOVENT 400 INHALER,PRESSURIZED INHALATION,1'S,"MEETING VALVE,ACTUAT",Lina Manufacturing (Pvt) Ltd,SRI LANKA,***
FLUTICASONE PRESSURIZED INHALATION BP 125MCG/DOSE,RHINA 125 INHALER,PRESSURIZED INHALTION,1'S (120 MTD),PRESSURIZED CANISTER,Lina Manufacturing (Pvt) Ltd,SRI LANKA,***
BECLOMETHASONE PRESSURISED INHALATION BP 50MCG /DOSE,BECLOVENT 50 INHALER,PRESSURIZED INHALATION,200 MTD,PLASTIC ACTUATOR,Lina Manufacturing (Pvt) Ltd,SRI LANKA,***
FLUCLOXACILLIN SODIUM FOR INJECTION BP 500MG,UNIFLOX 500,POWDER FOR INJECTION,"1X20'S( 10ML), 1'S",TYPE III GLASS VIAL,Navesta Pharmaceuticals (Pvt) Ltd,SRI LANKA,***
BENDAMUSTIN HYDROCHLORIDE LYOPHILLIZED POWDER FOR INJECTION 100MG,BENDAWEL,LYOPHILIZED POWDER FOR INJECTION,"100MG VIAL,PACK",AMBER COLOUR GLASS,Getwell Pharma India Private Limited,INDIA,The Esses Pharmacy (Pvt) Ltd
PROTAMINE SULPHATE INJECTION USP 50MG/5ML,ORVOPROT,INJECTION,5 AMP. 5ML/PACK,TY 1 GLS AMP,United Biotech (P) Limited,INDIA,Klintas (Pvt) Ltd
ADAPALENE CREAM  BP  1% w/w,ADAPCO CREAM,CREAM,15G,ALUMINIUM COLLAPSIBL,ATCO Laboratories Limited,PAKISTAN,Morison Limited
LEVETIRACETAM TABLETS 1000 MG,TORLEVA 1000,FILM COATED TABLETS,6X10'S,ALU PVC PVDC BLISTER,Torrent Pharmaceuticals Ltd,INDIA,Edna Medicals (Pvt) Ltd
IRBESARTAN TABLETS USP 150MG,IRSAR 150,TABLETS,"1X10'S,3X10'S,5X10'S",ALU PVC BLISTER,Bafna Pharmaceuticals Ltd,INDIA,Pharma Associates
GLIMEPIRIDE TABLETS USP 2MG,GP 2,TABLET,10'S(10X10'S)Tablets,ALU ALU BLISTER,USV Private Limited,INDIA,Hemas Pharmaceuticals (Pvt) Ltd
RIVAROXABAN TABLET 10MG,RIVAROX 10,TABLETS,"1X10'S,3X10'S",BLISTER,Bafna Pharmaceuticals Ltd,INDIA,Pharma Associates
PANTOPRAZOLE FOR INJECTION BP 40MG,PATMAC,LYOPHILIZED POWDER FOR INJECTION,10ML&1VIAL OF POWDER,10ML USP TYP1 GLASS,Nabiqasim Industries (Pvt) Ltd,PAKISTAN,George Steuart Health Pvt Ltd
SALBUTAMOL PRESSURIZED INHALATION BP 100 MCG/DOSE,SALBUVENT 100 INHALER,PRESSURIZED INHALATION AEROSOL,01 pack (200 Doses),pressurized metal co,Lina Manufacturing (Pvt) Ltd,SRI LANKA,***
IPRATROPIUM PRESSURISED INHALATION BP 20MCG/DOSE,BROMIVENT 20 INHALER,METERED DOSE INHALER,1 MET.DOS.INHA./PACK,"MET.DOSE VIAL,AC",Lina Manufacturing (Pvt) Ltd,SRI LANKA,***
FLUTICASONE 250MCG/DOSE AND SALMETEROL 25 MCG/DOSE PRESURERISSED INHALATION SUSPENSION BP,FLUTIVENT 250 INHALER,SUSPENSION,1'S(120 DOSES)/PACK,"METAL CANISTER,METE.",Lina Manufacturing (Pvt) Ltd,SRI LANKA,***
DICLOFENAC POTASSIUM TABLETS USP 50MG,NEODOL K,TABLETS,10X10'S,ALU ALU SRIP,Micro Labs Limited,INDIA,Micro Healthcare (Pvt) Ltd
CAFFEINE CITRATE INJECTION 40MG/2ML,CAFNEA INJECTION,INJECTION,10X2ML,CLEAR TYP1 GLASS VIA,Phebra Pty Ltd,AUSTRALIA,Yaden International (Pvt) Ltd
ACECLOFENAC SUSTAINED RELEASE TABLETS 200MG,DOLOWIN-SR,TABLETS,5X10'S,BLISTER PACK,Micro Labs Limited,INDIA,Micro Healthcare (Pvt) Ltd
OFLOXACIN OPHTHALMIC SOLUTION USP 0.3% W/V,FLOBOID EYE DROP,OPTHALMIC SOULUTION,5ML VIAL PER PACK,"BFS LDPE BOTTLE,HDPE",Micro Labs Limited,INDIA,Micro Healthcare (Pvt) Ltd
BECLOMETHASONE PRESSURISED INHALATION BP 250MG/DOSE,BECLOVENT 250 INHALER,PRESSURIZED INHALATION AEROSOL,1'S,ALUMINIUM CANISTER,Lina Manufacturing (Pvt) Ltd,SRI LANKA,***
BECLOMETHASONE PRESSURISED INHALATIONS BP 100MCG/Dose,BECLOVENT 100,PRESSURIZED INHALATION AEROSOL,1's (200 MTD),ALUMINIUM CANISTER,Lina Manufacturing (Pvt) Ltd,SRI LANKA,***
INFLUENZA VACCINE INACTIVATED (SURFACE ANTIGEN ) IP 15MCG /0.5ML NORTHERN HEMISPHERE(SINGLE DOSE-ADULT),INFLUVAC,SUSPENSION FOR INJECTION,0.5ML PFS/PACK,PFSY,Abbott Biological BV,NETHERLANDS,Sunshine Healthcare lanka Ltd
PREDNISOLONE TABLETS BP 5MG,**,TABLETS,10X10'S&1000'S,ALU PVC BLISTER &,Alvita Pharma (Pvt) Ltd,INDIA,Chamee Chemist
CLOTRIMAZOLE PESSARIES BP 100MG,VAGID 100,PESSARY,6'S PESSARIES WITH,PVC/PE FOIL,Bliss GVS Pharma Ltd,INDIA,Sunshine Healthcare lanka Ltd
CANDESARTAN CILEXETIL TABLETS USP 16 MG,CANDESARMAC 16,TABLETS,2X14'S,ALU PVC PE PVDC,Macleods Pharmaceuticals Ltd,INDIA,Sunshine Healthcare lanka Ltd
CEFIXIME DISPERSIBLE TABLETS 100MG,EXTACEF 100DT,DISPERSIBLE TABLETS,1X10;S,ALU ALU STRIP,Blue Cross Laboratories Pvt Ltd,INDIA,Sunshine Healthcare lanka Ltd
METRONIDAZOLE TABLETS USP 400MG,AXCEL,TABLETS,10X10'S,PVC-ALUMINIUM BLISTE,Kotra Pharma (M) SDN BHD,MALAYSIA,Sunshine Healthcare lanka Ltd
FLUTICASONE 125 MCG/DOSE AND SALMETEROL 25 MCG/DOSE PRESSURIZED INHALATION SUSPENSION BP,FLUTIVENT 125 INHALER,SUSPENSION,1'S(120 METER. DOSE),META.CANIS.VALVE,Lina Manufacturing (Pvt) Ltd,SRI LANKA,***
CARBIMAZOLE TABLETS BP 5MG,CARBIMOLE 5,TABLETS,"50'S,100'S",AMB GLS BOTTLE,NEWGEN LANKA HEALTHCARE (PVT) LTD,SRI LANKA,***
ROSUVASTATIN TABLETS USP 10MG,ROSUKE 10,TABLETS,3X10'S,ALU ALU BLISTER,Finecure Pharmaceutical Ltd,INDIA,Biolife Pharmaceuticals (Pvt) Ltd
IRINOTECAN HYDROCHLORIDE INJECTION USP 100MG/5ML,RINOWEL,SOLUTION FOR INJECTION,5ML,USP TYP1 AMBER GLASS,Getwell Pharma India Private Limited,INDIA,The Esses Pharmacy (Pvt) Ltd
ZOLEDRONIC ACID FOR  INJECTION 4MG,ZOLDRON,LYOPHILIZED POWDER FOR INJECTION,1'S,CLEAR GLASS VIAL,Getwell Pharma India Private Limited,INDIA,The Esses Pharmacy (Pvt) Ltd
CLINDAMYCIN HCL CAPSULES USP 150MG,***,CAPSULES,100'S,HDPE JAR,"GAMMA INTERPHARM PVT LTD,",SRI LANKA,***
TOPIRAMATE TABLETS USP 25MG,TOPIRA 25,TABLETS,"3X10'S , 10X10'S",ALU ALU BLISTER,Celogen Lanka (Pvt) Ltd,SRI LANKA,***
CEFUROXIME AXETIL TABLETS USP 125MG,CEFERO 125,TABLETS,"3X10'S,1X10'S,5X10'S",ALU ALU BLISTER,ZIM Laboratories Limited,INDIA,Tabrane Pharmaceuticals (Pvt) Ltd
RANOLAZINE EXTENDED RELEASE TABLTES 500MG,RANOSIN,FILM COATED TABLETS,"1X10'S,3X10'S",ALU PVC BLISTER,The Madras Pharmaceuticals,INDIA,Pharma Associates (Pvt) Ltd
FLUCLOXACILLIN CAPSULES BP 500MG,FLUCLOX 500,CAPSULES,40'S,ALU ALU BLISTER PACK,Advanced Chemical Industries,BANGLADESH,CIC Holdings PLC
BISOPROLOL TABLETS BP 5 MG,BILOZ 5,TABLETS,3X10'S&5X30'S ALU,ALU PVDC BLISTER&HDP,"GAMMA INTERPHARM PVT LTD,",SRI LANKA,***
BISOPROLOL TABLETS BP 2.5MG,BILOZ,TABLETS,3X10' 5X30'S&1000'S,"ALU PVDC BLIS,HDPE J","GAMMA INTERPHARM PVT LTD,",SRI LANKA,***
AMOXICILLIN & CLAVULANATE POTASSIUM FOR ORAL SUSPENSION USP 156.25MG/5ML,INDCLAV 156,POWDER FOR ORAL SUSPENSION,1'S(100ML),AMBER GLASS BOTTLE,Indchemie Health Specialities (Pvt) Ltd,INDIA,Pharma Associates
RISPERIDONE TABLETS BP 2MG,**,TABLETS,"1X10'S,3X10'S,6X10'S","PVDC COA.PVC,HDPE BO",Sands Active Pvt Ltd,SRI LANKA,***
SITAGLIPTIN TABLETS BP 50MG,GENSITA 50,TABLETS,"1X10'S,3X10'S,4X10'S",ALU PVDC BLISTER,NEWGEN LANKA HEALTHCARE (PVT) LTD,SRI LANKA,***
OCTREOTIDE ACETATE INJECTION 50MCG/ML,OTIDE 50,INJECTION,1ML AMPO X 5/PACK,CLEAR GLASS AMPO USP,United Biotech (P) Limited,INDIA,Klintas (Pvt) Ltd
BETAHISTINE DIHYDROCHLORIDE TABLETS BP 16MG,BETAGEN 16,TABLETS,1X10' 3X10' 4X10',ALU ALU BLISTER,NEWGEN LANKA HEALTHCARE (PVT) LTD,SRI LANKA,***
ROSUVASTATIN TABLETS BP 5MG,**,TABLETS,"1X10'S,3X10'S,6X10'S",ALU ALU BLISTER HDPE,Sands Active Pvt Ltd,SRI LANKA,***
AMISULPRIDE TABLETS BP 200MG,***,TABLETS,1X10'S & JAR 100'S,ALU ALU BLISTRE,Treffer Pharmaceuticals,INDIA,Yaden International (Pvt) Ltd
DEXAMETHASONE TABLETS BP 8MG,***,TABLETS,100's,Plastic jar,Treffer Pharmaceuticals,INDIA,Yaden International (Pvt) Ltd
PHENYLEPHRINE HCL INJECTION USP 10MG/ML,PHRINTEC,INJECTION,1MLX1'S,1ML CLEAR GLASS AMPO,United Biotech (P) Limited,INDIA,Klintas (Pvt) Ltd
SITAGLIPTIN TABLETS BP 100MG,GENSITA 100,TABLETS,"1x10's,3x10's,4x10's",ALU PVDC BLISTER,NEWGEN LANKA HEALTHCARE (PVT) LTD,SRI LANKA,***
TICAGRELOR TABLETS IP 90 MG,TICUS 90,TABLETS,"3X10'S, 10X10'S",ALU PVC PVDC BLISTER,Celogen Lanka (Pvt) Ltd,SRI LANKA,***
TELMISARTAN 40MG & HYDROCHLOROTHIAZIDE 12.5MG TABLETS USP,CRESAR H,TABLETS,3X10'S,ALU ALU BLISTER PACK,Cipla Limited,INDIA,Breathe Free Lanka (Pvt) Ltd
SUFENTANIL CITRATE INJECTION USP 50MCG/ML,***,INJECTION,1ML,CLEAR GLASS AMPOULE,Yichang Humanvell Pharmaceuticals Co Ltd,CHINA,Slim Pharmaceuticals (Pvt) Ltd
CASPOFUNGIN ACETATE FOR INJECTION 50MG,CASDIN 50MG,LYOPHILIZED POWDER FOR INJECTION,1'S(50 MG),USP TY 1 GLASS VIAL,Gufic Biosciences Ltd,INDIA,Slim Pharmaceuticals (Pvt) Ltd
CARVEDILOL TABLETS USP 6.25MG,CARDIACT 6.25,TABLETS,"1X10'S,3X10'S,6X10'S","ALU ALU BLIS, HDPE B",Sands Active Pvt Ltd,SRI LANKA,***
HUMAN NORMAL IMMUNOGLOBULIN SOLUTION FOR INFUSION 100G/1000ML(10%),PRIVIGEN,SOLUTION FOR INFUSION,"25ML,50ML,100ML&200M",USP TYPE1&II GLASS,CSL Behring AG,SWITZERLAND,ABC PHARMA SERVICES (PVT) LTD
LINAGLIPTIN 5MG+EMPAGLIFLOZIN 10MG TABLET,LINJARDY 5/10,TABLETS,"2X7,4X7&14X7 TABLETS",ALU ALU BLISTER,CCL Pharmaceuticals (Pvt) Ltd,PAKISTAN,CIC Holdings PLC
GLICLAZIDE TABLETS BP 40MG,GLYCHEK 40,TABLETS,10X10'S,ALU PVC BLISTER,Indoco Remedies Limited,INDIA,Hemas Pharmaceuticals (Pvt) Ltd
GLICLAZIDE TABLETS  BP 80MG,GLYCHEK 80,TABLETS,10X10'S,ALU PVC BLISTER,Indoco Remedies Limited,INDIA,Hemas Pharmaceuticals (Pvt) Ltd
HEPARIN INJECTION BP 25000 IU/5 ML,HEP 25,STERILE SOLUTION FOR INJECTION,5ML X25 PACK,USP TYP I TUBULAR,Gland Pharma  Limited,INDIA,ABC Pharma Services Pvt. Ltd
DUTASTERIDE 0.5 MG AND TAMSULOSIN HYDROCHLORIDE 0.4MG CAPSULES,MAXFLOW -D 0.5/0.4,HARD GELATIN CAPSULE,6X5'S,ALU ALU BLISTER,CCL Pharmaceuticals (Pvt) Ltd,PAKISTAN,CIC Holdings PLC
CHLORHEXIDENE GLUCONATE 4% W/V SOLUTION IP (ANTISEPTIC CLEANSING SOLUTION),BACTO SCRUB,CLEANSING SOLUTION,"100ML,500ML,5L",HDPE BOTTLES,Raman & Weil (Pvt) Ltd,INDIA,Mamro (Pvt) Ltd
LENALIDOMIDE CAPSULES 5MG,RELIDOMIDE 5,CAPSULES,3X7'S,Alu-Alu Blister PACK,Reliance Life Sciences (Pvt) Ltd,INDIA,ABC Pharma Services Pvt. Ltd
FUSIDIC ACID BP 2% W/W + BETAMETHASONE VALERATE BP 0.1% W/W CREAM,FUTOP-B CREAM,CREAM,"5G,10G,15G,30G",ALU COLLAP TUBE,Blossom Pharmaceuticals,INDIA,George Steuart Health Pvt Ltd
METFORMIN TABLETS BP 1000MG,CELOMET 1000,TABLETS,"3X10'S,5X10'S,10X10'",PVC/PVDC LISTER HDPE,Celogen Lanka (Pvt) Ltd,SRI LANKA,***
RANITIDINE HYDROCHLORIDE INJECTION BP 25MG/ML,RANITID,INJECTION,2MLX5X2'S,CLEAR GLASS AMPOULE,Sakar Healthcare Limited,INDIA,Ceyoka (Pvt) Ltd
TRIMETAZIDINE DIHYDROCHLORIDE MODIFIED RELEASE TABLETS 35MG,VASTAREL MR,TABLETS,2X30'S,ALU PVC BLISTER,Les Laboratories Servier Industries,FRANCE,Hemas Pharmaceuticals (Pvt) Ltd
TOLTERODINE TARTRATE SUSTAINED RELEASE CAPSULES 2MG,TOLDIN SR,CAPSULES,10X10'S&3X10'S,ALU ALU BLISTER,Celogen Lanka (Pvt) Ltd,SRI LANKA,***
FAMOTIDINE TABLETS USP 20MG,FAMTIN 20,TABLETS,"2X5X10'S,10X5X10'S",PVC-PVDC BLISTER PAC,Celogen Lanka (Pvt) Ltd,SRI LANKA,***
LAMIVUDINE TABLETS USP 150MG,LEMIVIR,TABLETS,"30'S,60'S,90'S",HDPE JAR,Celogen Lanka (Pvt) Ltd,SRI LANKA,***
TELMISARTAN TABLETS 40MG,TELGIO 40,TABLETS,3X10'S,POLYCELLONIUM STRIP,PT Dexa Medica,INDONESIA,A Baur & Co  (Pvt) Ltd
GLICLAZIDE PROLONGED RELEASED TABLETS 60MG,GLYCINORM MR 60,TABLETS,3X10'S,ALU ALU BLISTER,"Ipca Laboratories Limited,",INDIA,Hemas Pharmaceuticals (Pvt) Ltd
EFAVIRENZ TABLETS USP 200MG,EFIREN-200,TABLETS,"30'S,60'S,90'S",HDPE JAR,Celogen Lanka (Pvt) Ltd,SRI LANKA,***
RIVAROXABAN TABLET 15MG,**,TABLETS,"10X10'S,3X10'S",ALU ALU BLISTER,Celogen Lanka (Pvt) Ltd,SRI LANKA,***
LOSARTAN POTASSIUM TABLETS USP  25MG,LOZART,TABLETS,10X10'S,ALU ALU BLISTER,Astron Limited,SRI LANKA,***
ROSUVASTATIN TABLETS IP 10MG,***,TABLETS,1000'S 10X20'S,"HDPE BOTTLE, ALU PVC",State Pharmaceuticals Manufacturer Corporation,SRI LANKA,***
PARACETAMOL 500MG  + CODEINE PHOSPHATE 8MG TABLETS,***,TABLETS,"10X10'S , 1000'S",ALU ALU STRIP PACK &,Astron Limited,SRI LANKA,***
CIPROFLOXACIN TAB USP 500MG,ULTRAFLOX 500,TABLETS,10X10'S,ALU-PVC BLISTER,Bal Pharma Ltd,INDIA,Yaden International (Pvt) Ltd
SODIUM CHLORIDE 0.3% W/V & GLUCOSE 3.33% W/V INTRAVENOUS INFUSION BP(EXPORT ONLY),**,INTRAVENOUS INFUSION,500ML,POLYPROPYLENE BOTTLE,kelun lifesciences(Pvt) Ltd,SRI LANKA,***
ETOMIDATE INJECTION USP 20MG/10ML,ETUDAT,SOLUTION FOR INJECTION,5X10ML&10X10ML,CLEAR TYPE1 GLASS,kelun lifesciences(Pvt) Ltd,SRI LANKA,***
METFORMIN HYDROCHLORIDE EXTENDED RELEASE TABLETS USP 500 MG,VEXMET XR 500,TABLETS,10X10'S`,ALU ALU BLISTER,West Coast Pharmaceurical works Ltd,INDIA,AV Global  Impex (Pvt) Ltd
METFORMIN HYDROCHLORIDE EXTENDED RELEASE TABLETS USP 500 MG,VEXMET XR 500,TABLETS,10X10'S`,ALU ALU BLISTER,West Coast Pharmaceurical works Ltd,INDIA,AV Global  Impex (Pvt) Ltd
TETRACYCLINE CAPSULES BP 250MG,TETRET-250,CAPSULES,10X10'S&1000'S,ALU PVC BLISTER &,Leben Laboratories (Pvt) Ltd,INDIA,Ceyoka (Pvt) Ltd
TOPIRAMATE TABLETS USP 50MG,TOPIRA 50,TABLETS,"3X10'S, 10X10'S",ALU ALU BLISTER,Celogen Lanka (Pvt) Ltd,SRI LANKA,***
SODIUM CHLORIDE 0.9% W/V + GLUCOSE 10% W/V INTRAVENOUS INFUSION BP(EXPORT ONLY),**,INTRAVENOUS INFUSION,500ML,POLYPROPYLENE(PP)INF,kelun lifesciences(Pvt) Ltd,SRI LANKA,***
SITAGLIPTIN TABLETS USP 100MG,**,TABLETS,"1X10'S,3X10'S,6X10'S",PVDC COAT. PVC ALU,Sands Active Pvt Ltd,SRI LANKA,***
MONTELUKAST CHEWABLE TABLETS 5MG,MONTELAST-5,TABLETS,10X10'S,ALUMINIUM STRIP PACK,Cadila pharmaceuticals Ltd,INDIA,Sunshine Healthcare lanka Ltd
CLONIDINE TABLETS BP 25MCG,CLONID 25 MCG TABLETS,TABLETS,28'S&4X28'S,ALU CLEAR PVC BLISTE,Bafna Pharmaceuticals Ltd,INDIA,Pharma Associates
HYOSCINE BUTYLBROMIDE TABLETS BP 10MG,PASPAN,TABLETS,"2X5X10'S,10X5X10'S",ALU CLEAR PVC PVDC,Celogen Lanka (Pvt) Ltd,SRI LANKA,***
MYCOPHENOLIC ACID DELAYED RELEASE TABLETS USP 360MG,MYOTEC-S 360,TABLETS,6X10'S,ALU ALU SRIP PACK,United Biotech (P) Limited,INDIA,Klintas (Pvt) Ltd
FORMOTEROL FUMARATE BP 5MCG+FLUTICASONE PROPIONATE BP 125MCG METERED DOSE INHALER,FLOMYST-F 5/125,METERED DOSE INHALER,120 DOSES,ALUMINIUM CANISTER,Beximco Pharmaceuticals Ltd,BANGLADESH,Emerchemie NB (Ceylon) Ltd
EMPAGLIFLOZIN TABLETS 25MG,BEXDIAN 25,TABLETS,10'S,ALU/PVDC BLISTER,Beximco Pharmaceuticals Ltd,BANGLADESH,Emerchemie NB (Ceylon) Ltd
METFORMIN HYDROCHLORIDE SUSTAINED RELEASE TABLETS 1000MG,GLYCOMET 1000 SR,TABLETS,3X10'S,ALU PVC/PVDC BLISTER,USV Private Limited,INDIA,Hemas Pharmaceuticals (Pvt) Ltd
GABAPENTIN CAPSULES USP 300MG,NEUROGAB,CAPSULES,2X10'S&10X10'S,ALU PVC  BLISTER,Nabiqasim Industries (Pvt) Ltd,PAKISTAN,George Steuart Health Pvt Ltd
LINEZOLID INJECTION 600MG/300ML,LINZO-R,INJECTION,300ML LDPE BOTTLE/PA,LDPE BOTTLE,R.K.LABORATORIES(P) LTD,INDIA,PTC MEDIACL (PVT) LTD
 SITAGLIPTIN+METFORMIN HCL TABLETS 50MG/1000MG,INOSITA PLUS 50/1000,TABLETS,28'S,ALU ALU BLISTER,PharmEvo (Pvt) Ltd,PAKISTAN,CIC Holdings PLC
GLUCOSE INTRAVENOUS INFUSION BP 10% W/V,R DEX-D10,INTRAVENOUS INFUSION,500ML,LDPE BOTTLE,R.K.LABORATORIES(P) LTD,INDIA,PTC MEDIACL (PVT) LTD
AMINOPHYLLINE INJECTION BP 250MG/10ML,AMINOLIN,INJECTION,10ML VIAL(5&10 VIA.),CLEAR GLASS VIAL USP,kelun lifesciences(Pvt) Ltd,SRI LANKA,***
DEXMEDETOMIDINE INJECTION USP 200MCG/2ML,**,INJECTION,2ML/VIAL,TYP1 CLEAR GLASS VIA,kelun lifesciences(Pvt) Ltd,SRI LANKA,***
GLYCOPYRRONIUM POWDER FOR INHALATION 50MCG,GLENMARK AIRZ,DRY POWDER FOR INHALATION CAPSULES,30'S,HDPE CONTAINER,Glenmark Pharmaceuticals Ltd,INDIA,Hemas Pharmaceuticals (Pvt) Ltd
CAPECITABINE TABLETS USP 500MG,CAPETERO 500,TABLETS,3X10'S,ALU ALU BLISTER,Hetero Labs Limited Unit-V,INDIA,Mansel (Ceylon) (Pvt) Ltd
NATURAL MICRONIZED PROGESTERONE GEL 8% W/W,VAGESTON GEL,GEL,1.35G APPLICATOR,PRE FILLED APPLICAT.,Zydus Healthcare Ltd,INDIA,Hemas Pharmaceuticals (Pvt) Ltd
JAPANESE ENCEPHALITIS VACCINE LIVE INJECTION 2.5ML MULTI DOSE,RSJEV,POWDER FOR INJECTION,VACC-5DOSES(2.5ML),FIVE DOSE NEUTRAL,Chengdu Institute of Biological Products,CHINA,Ceyoka (Pvt) Ltd
LEVETIRACETAM TABLETS USP 500MG,EPIPIL 500,TABLETS,1X10 3X10 6X10 10X10,"PVDC,PVC ALU/HDPE",Sands Active Pvt Ltd,SRI LANKA,***
PREGABALIN CAPSULES 150MG,PRE-GAX,CAPSULES,"1X2'S,2X7'S,10X10'S",ALU ALU BLISTER,Caraway Pharmaceuticals,PAKISTAN,George Steuart Health Pvt Ltd
"DIPHTHERIA ,TETANUS AND PERTUSIS VACCINE ADSORBED 10DOSE",***,SUSPENSION FOR INJECTION,50XVIAL 5ML 10 DOSE,VIAL,Serum Institute of India (Pvt) Ltd,INDIA,Citihealth Imports (Pvt) Ltd
RIVAROXABAN TABLET 20MG,XCEPT 20,TABLETS,"14'S,4'S",ALU ALU BLISTER,Pharm Evo (Pvt) Ltd,PAKISTAN,CIC Holdings PLC
LIDOCAINE HYDROCHLORIDE 20MG/ML AND ADRENALINE 0.005MG/ML BP INJECTION,THEMICAINE AD,INJECTION,30ML,"AMB,GLASS VIAL",Themis Medicare Ltd,INDIA,Sunshine Healthcare lanka Ltd
PRAZOSIN HYDROCHLORIDE EXTENDED RELEASE TABLETS 2.5MG,MINI XL 2.5,TABLETS,1X10'S&3X10'S,ALU ALU BLISTER,The ACME Laboratories Ltd,BANGLADESH,Mega Pharma (Pvt) Ltd
PREDNISOLONE TABLETS USP 5MG,MAXPRED 5,TABLETS,"250'S,500'S&1000'S,3",DDPE BOTTLE ALU ALU,ACE Healthcare (Pvt) Ltd,SRI LANKA,***
BISOPROLOL FUMARATE TABLETS USP 2.5MG,BISOPRACE 2.5,FILM COATED TABLETS,"3X10'S,10X10'S,250'S",ALU ALU BLISTER/HDPE,ACE HEALTHCARE (PVT) LTD,SRI LANKA,***
TAMSOLUSIN HYDROCHLORIDE CAPSULE USP 0.4MG,**,MODIFIED RELEASE CAPSULES,"ALU PVC BLIS.3X10'S,","ALU PVC BLISTER,HDPE",ACE HEALTHCARE (PVT) LTD,SRI LANKA,***
PRAZOSIN  HYDROCHLORIDE EXTENDED-RELEASE TABLETS 5MG,MINI XL 5,TABLETS,1X10'S&3X10'S,ALU ALU BLISTER,The ACME Laboratories Ltd,BANGLADESH,Mega Pharma (Pvt) Ltd
AZITHROMYCIN FOR ORAL SUSPENSION USP 200MG/5ML,AZITHROCIN,POWDER FOR SUSPENSION,15ML BOTTLE/PACK,AMBER COLO.GLASS BOT,Beximco Pharmaceuticals Ltd,BANGLADESH,Emerchemie NB (Ceylon) Ltd
TERBINAFINE TABLETS USP 250MG,DERBIFIN 250,TABLETS,3X10'S,ALU PVC BLISTER,Bharat Parenterals Ltd,INDIA,Baur Life Sciences (Pvt) Ltd
MEFENAMIC ACID TABLETS BP 500MG,***,TABLETS,"10X10'S, 500'S","BLISTER PACK, HDPE B",State Pharmaceuticals Manufacturer Corporation,SRI LANKA,***
LORATADINE ORAL SOLUTION USP 5MG/5ML,LORACEF 500,ORAL SOLUTION,"60ML,100ML&500ML",AMBER COLOUR PET BOT,ACE Healthcare (Pvt) Ltd,SRI LANKA,***
DAPAGLIFLOZIN TABLETS 5MG,DAPAMAC 5,TABLETS,3X10'S,ALU ALU BLISTER,Macleods Pharmaceuticals Ltd,INDIA,Emerchemie NB (Ceylon) Ltd
EMPAGLIFLOZIN & LINAGLIPTIN TABLETS 25MG/5MG,GLYXAMBI 10MG/5MG,TABLETS,9X10'S,ALU PVC/PVDC BLISTER,Boehringer Ingelheim Pharma gmBH & Co.Kg,GERMANY,Hemas Pharmaceuticals (Pvt) Ltd
CIPROFLOXACIN INTRAVENOUS INFUSION BP 200MG/100ML,NIRCIP,INFUSION,100ML X1'S,PLASTIC BOTTLE,Aculife Healthcare (Pvt) Ltd,INDIA,Emerchemie NB (Ceylon) Ltd
GABAPENTIN CAPSULES USP 100MG,GABALEPT 100,CAPSULE,"10'S,3X10'S,10X10'S",ALU ALU BLISTER,Micro Labs Limited,INDIA,Micro Mega Lanka (Pvt) Ltd
GLICLAZIDE MODIFIED REALEASE TABLETS 60MG,GLICLACE MR 60,TABLETS,"10X10'S/250,1000",ALU ALU BLISTER/HDPE,ACE HEALTHCARE (PVT) LTD,SRI LANKA,***
HYDROCORTISONE OINTMENT BP 1% W/W,ALCORT,OINTMENT,"10G,15G,30G,50G,",ALU TUBE & ABL TUBE,ACE HEALTHCARE (PVT) LTD,SRI LANKA,***
ASPIRIN DELAYED RELEASE TABLETS USP 75MG,APRIN 75,TABLETS,"10X10'S,3X10'S&250'S","ALU ALU BLISTER,STRI",ACE HEALTHCARE (PVT) LTD,SRI LANKA,***
GLICLAZIDE MODIFIED REALEASE TABLETS 30MG,GLICLACE MR 30,TABLET,"10X10'S/250,500,1000",ALU ALU BLISTER/HDPE,ACE HEALTHCARE (PVT) LTD,SRI LANKA,***
LEVOTHYROXINE SODIUM TABLETS USP 25MCG,THYROX 25,TABLETS,10X10'S,ALU ALU BLISTER,Macleods Pharmaceuticals Ltd,INDIA,Emerchemie NB (Ceylon) Ltd
MEBENDAZOLE TABLETS USP 500MG,MEBWORM,TABLETS,1'S,BLISTER,Dupen Laboratories (Pvt) Ltd,INDIA,Bio Tech Pharma (Pvt) Ltd
CLARITHROMYCIN TABLETS USP 250MG,CLARIGHT 250,TABLETS,10x10' 3X10'S 100'S,"BLISTER,HDPE JAR",Novagen Healthcare Pvt Ltd,INDIA,Chamee Chemist
CEFUROXIME FOR INJECTION USP 750MG,CEFOPRIT 750,POWDER FOR INJECTION,15ML,USP TY 1 GLS VIAL,United Biotech (Pvt) Ltd,INDIA,KLINTAS(PVT)LTD
CEFIXIME ORAL SUSPENSION USP 100MG/5ML,CEFSEL 100MG/5ML,SUSPENSION,30ML,"AMB  GLS BOT, CUP",Hansel Pharmaceuticals Pvt Ltd,PAKISTAN,KLINTAS(PVT)LTD
IMIPENEM 500MG  AND CILASTATIN 500MG  FOR INJECTION USP/VIAL,IMINEM,POWDER FOR INJECTION,20 ML,TY 1 GLS VIAL,United Biotech (P) Limited,INDIA,KLINTAS(PVT)LTD
DINOPROSTONE VAGINAL TABLETS 3MG,VPRESTONE 2,VAGINAL TABLETS,1'S,ALU ALU BLISTER,Hansel Pharmaceuticals Pvt Ltd,PAKISTAN,KLINTAS(PVT)LTD
CEFUROXIME AXETIL TABLETS USP 500MG,CEFOPRIM 500,TABLETS,4X5'S,ALU ALU STRIP,United Biotech (P) Limited,INDIA,KLINTAS(PVT)LTD
"ALUMINA , MAGNESIA & SIMETHICONE ORAL SUSPENSION WITH OXETACAINE",GASTRICAINE,ORAL SUSPENSION,120ML,AMBER COL.GLS.BOTT.&,"GAMMA INTERPHARM PVT LTD,",SRI LANKA,***
STERILIZED WATER FOR INJECTION BP,SWFI,INJECTION,50X10 ML,PP AMPOULE,kelun lifesciences(Pvt) Ltd,SRI LANKA,N/A
METRONIDAZOLE INTRAVENOUS INFUSION BP 0.5% W/V,METROBAC,SOLUTION FOR INFUSION,100ML,PP BOTTLE,kelun lifesciences(Pvt) Ltd,SRI LANKA,***
PYRAZINAMIDE TABLETS BP 500MG,MEL-TB 500,TABLETS,10X10'S &100'S,PVDC PVC HDPE BLISTE,Sands Active Pvt Ltd,SRI LANKA,***
CEFEPIME FOR INJECTION USP 1G,PIMECEF 1G,POWDER FOR INJECTION,(1G VIAL)+(2X5ML AMP,USP TYP III CLEAR,SURGE LABORATORIES PVT LTD,PAKISTAN,George Steuart Health Pvt Ltd
METHYLPHENIDATE HYDROCHLORIDE TABLETS USP 10MG,METHYPHEN,TABLETS,"3X10'S,10X10'S,100'S",ALU ALU STRIP PACK &,Celogen Lanka (Pvt) Ltd,SRI LANKA,***
RITUXIMAB CONCENTRATE FOR SOLUTION FOR INFUSION 10MG/ML,TRUXIMA,CONCENTRATE FOR SOLUTION FOR INFUSION,100MG/10ML-2VIALS,USP TYP I GLASS VIAL,Celltrion Inc,KOREA,George Steuart Health Pvt Ltd
CARBAMAZEPINE CONTROLLED RELEASE TABLETS 200mg,TEGRETOL CR 200,TABLETS,"20X10'S,10X10'S",BLISTER PACK,Novartis Farmaceutica S.A,SWITZERLAND,A Baur & Co  (Pvt) Ltd
COLECALCIFEROL CAPSULE 10MCG (EQUIVALENT TO VITAMIIN D3 400 IU),400 D,SOFT GELATIN CAPSULES,3X10'S,BLISTER,Contract Manufacuring & Packging Services pty Ltd,AUSTRALIA,Alaris Lanka (Pvt) Ltd
CELECOXIB CAPSULES BP 200MG,CELIX 200,CAPSULE,10X10'S,ALU PVC BLISTER,Synmedic Laboratories,INDIA,Softlogic Pharmaceuticals (Pvt( Ltd
CLOTRIMAZOLE 1% W/W & HYDROCORTISONE 1% W/W CREAM,ZOHYDRO CREAM,CREAM,5G&10G,ALUMINIUM COLLAPSIBL,Tabros Pharma (Pvt) Ltd,PAKISTAN,Associated Laboratories (Pvt) Ltd
FLUCONAZOLE CAPSULES BP 200MG,***,CAPSULES,100'S&10X10'S,HDPE JAR&ALU PVC,Centurion Laboratories Pvt Ltd,INDIA,Yaden International (Pvt) Ltd
LAMIVUDINE TABLETS USP 150MG,LOSIDE,TABLET,"1X10,3X10,10X10,30'S",ALU PVC BLISTER &,J Duncan Healthcare (Pvt) Ltd,INDIA,Cliniqon Biotech Pvt. Ltd
AMOXICILLIN FOR ORAL SUSPENSION USP 125MG/5ML,UMOXIL-DS,POWDER FOR ORAL SUSPENSION,100ML,HDPE BOTTLE,Unimedico labs pvt ltd,INDIA,Cliniqon Biotech Pvt. Ltd
AMLODIPINE BESYLATE TABLETS USP 5MG,AMILOD 5,TABLET,10X10'S,ALU PVC BLISTER,J Duncan Healthcare (Pvt) Ltd,INDIA,Cliniqon Biotech Pvt. Ltd
CLOPIDOGREL TABLETS USP 75MG,***,TABLETS,10X10'S 1000'S,"ALU PVC,HDPE JAR",J Duncan Healthcare (Pvt) Ltd,INDIA,Cliniqon Biotech Pvt. Ltd
BISOPROLOL FUMARATE TABLETS USP 5MG,PROBIS 5.0,TABLETS,3X10'S,ALU PVC BLISTER,J Duncan Healthcare (Pvt) Ltd,INDIA,Cliniqon Biotech Pvt. Ltd
CEFTAZIDIME FOR INJECTION USP 1000MG,C-TAZID 1000,POWDER FOR INJECTION,10ML,GLASS VIAL,Sands Active Pvt Ltd,SRI LANKA,***
SEVOFLURANE INHALATION ANAESTHETIC USP,**,LIQUID FOR INJECTION,250ML,ALUMINIUM BOTTLE,Baxter Healthcare Corporation,USA,Slim Pharmaceuticals (Pvt) Ltd
CALCIPOTRIOL OINTMENT BP 0.005% W/W,CALIGEN,OINTMENT,"5G,15G & 30G",PLASTIC TUBE & ALU.T,NEWGEN LANKA HEALTHCARE (PVT) LTD,SRI LANKA,***
FLUCLOXACILLIN SODIUM FOR INJECTION BP 1000 MG,UNIFLOX 1000,POWDER FOR INJECTION,1&12 VIAL PACK,CLEAR GLASS VIAL,Navesta Pharmaceuticals (Pvt) Ltd,SRI LANKA,***
POVIDONE IODINE TOPICAL SOLUTION USP 10% W/V,GERMIDINE ANTISEPTIC SOLUTION,SOLUTION,"30ML,60ML,100ML,125M",HDPE BOTTLE,Nanz Med Science Pharma  (Pvt) Ltd,INDIA,SMM Halcyon (Pvt) Ltd
LETROZOLE TABLETS 2.5MG,FEMARA,FILM COATED TABLETS,3X10'S,PVC/PE/PVDC BLISTER,Novartis Pharma Stein .AG,SWITZERLAND,A Baur & Co  (Pvt) Ltd
CHLORPHENIRAMINE MALEATE TABLETS 4MG,ALLERMINE,TABLETS,50X10'S&1000'S,ALU PVC BLISTER PACK,Astron Limited,SRI LANKA,***
CARBOXYMETHYLCELLULOSE SODIUM 0.5% +GLYCERIN 0.9%  EYE DROPS,OPTIVE,EYE DROPS,15ML PER BOTTLE,LDPE,Allergan Sales LLC,AMERICA,Hemas Pharmaceuticals (Pvt) Ltd
ACICLOVIR SODIUM FOR INFUSION BP 250MG,**,POWDER FOR INJECTION,10'S(10ML),USP TYPE III,Ciron Drugs & PharmaceuticalS (Pvt) Ltd,INDIA,Ceyoka (Pvt) Ltd
FEXOFENADINE HYDROCHLORIDE  TABLETS USP 120MG,HISTAFREE 120,TABLETS,10X10'S,BLISTER,Akums Drugs & Pharmaceuticals Ltd,INDIA,Hemas Pharmaceuticals (Pvt) Ltd
PROMETHAZINE ORAL SOLUTION BP 5MG/5ML,PROMACE,ORAL SOLUTION,100ML&500ML,AMBER COLOR PET BOTT,ACE HEALTHCARE (PVT) LTD,SRI LANKA,***
EMPAGLIFLOZIN + METFORMIN TABLETS 12.5MG/1000MG,JARDIANCE MET 12.5MG/1000MG,TABLETS,6X10'S,ALU PVC PCTFE BLISTE,"Boehringer Ingelherim Hellas Single Member S.A,",GREECE,Hemas Pharmaceuticals (Pvt) Ltd
BISOPROLOL FUMARATE TABLETS USP 5MG,BISOGEN 5,FILM COA TABLETS,"1X10' 3X10,4X10'S,5'","BLISTER ,HDPE JAR",NEWGEN LANKA HEALTHCARE (PVT) LTD,SRI LANKA,***
PROPOFOL INJECTION 10MG/ML,PROPOFOL LIPURO 1%,EMULSION FOR INJECTION OR INFUSION,20MLX5'S,GLASS AMPOULE,B Braun Melsungen A G,GERMANY,B Braun Lanka (Pvt) Ltd
ABIRATERONE ACETATE TABLETS USP 250MG,ABIRONE,TABLETS,120'S,HDPE CONTAINER,Hetero Labs Limited Unit-V,INDIA,Mansel (Ceylon) (Pvt) Ltd
MEMANTINE HYDROCHLORIDE TABLETS USP 10MG,DEMANTIN 10,TABLETS,1X10'S,ALU ALU BLISTER,Genome Pharmceuticals (Pvt) Ltd,PAKISTAN,MEDISURG HEALTHCARE (PVT) LTD
LIDOCAINE HYDROCHLORIDE INJECTION USP 2% W/V,LICAN,INJECTION,"4X5ML,25X5ML,10X20ML",TYP I GLASS VIAL,kelun lifesciences(Pvt) Ltd,SRI LANKA,***
FENTANYL CITRATE INJECTION USP 100MCG/2ML,OPNIL,INJECTION,"5X2ML,10X2ML",TYP I AMBER GL.AMPOU,kelun lifesciences(Pvt) Ltd,SRI LANKA,***
LIDOCAINE HYDROCHLORIDE 2% W/V AND EPINEPHRINE 1:80000 INJECTION USP,LICAN-AL,SOLUTION FOR INJECTION,20MLX10'S,TYP I GLASS VIAL,kelun lifesciences(Pvt) Ltd,SRI LANKA,***
"Poliomyelitis (Live) Vaccine Type I Type III (Human Diploid Cell), Oral",***,ORAL LIQUID,2ML/VIAL (20 DOSE),NEUTRAL BOROSILICATE,Beijing  Institute of Biological Products Co.Ltd,CHINA,Ceyoka (Pvt) Ltd
CELECOXIB CAPSULES 100MG,CELENTA 100,CAPSULES,"2X10'S,10X10'S",ALU PVC BLISTER,Incepta Pharmaceuticals Ltd,BANGLADESH,Citihealth Imports (Pvt) Ltd
CALCIUM & CHOLECALCIFEROL CHEWABLE TABLETS 1250MG/400IU,ZECARB D+,TABLETS,1X20'S,ALU ALU STRIP PACK,Celogen Lanka (Pvt) Ltd,SRI LANKA,***
MAGNESIUM SULPHATE INJECTION BP 50% W/V,MAGCI-50 INJECTION,INJECTION,"10MLX10'S,1MLX10'S,",AMBER AMPOULE,Ciron Drugs & PharmaceuticalS (Pvt) Ltd,INDIA,Ceyoka (Pvt) Ltd
METHOTREXATE INJECTION USP 500MG/5ML,METHOCEL 500,INJECTION,5ML/PACK,AMBER COLO.GLAS.VIAL,Celon Laboratories Ltd,INDIA,Medmart Pharma (Pvt) Ltd
CEFOTAXIME FOR INJECTION U.S.P 500MG,EVOTAXIME,POWDER FOR INJECTION,500MG GLS VIAL & 5ML,TYP I GLS.VIAL & 5ML,PharmEvo (Pvt) Ltd,PAKISTAN,CIC Holdings PLC
OSELTAMIVIR PHOSPHATE CAPSULES USP 75 MG,FLUVIR 75,CAPSULES,3X10'S & 1X10'S,BLISTER PACK,Hetero Labs Limited Unit-III,INDIA,Mansel (Ceylon) (Pvt) Ltd
ISOSORBIDE  MONONITRATE EXTENDED RELEASE TABLETS USP 30MG,***,TABLETS,"100'S,1000'S-JAR&12X","HDPE JAR,ALU ALU BLI",Centurion Laboratories Pvt Ltd,INDIA,Yaden International (Pvt) Ltd
LACTULOSE SOLUTION USP 3.4G/5ML,LAXOGEN,ORAL SOLUTION,"100ML,120ML & 500ML",AMBER COLOUR GLS BOT,NEWGEN LANKA HEALTHCARE (PVT) LTD,SRI LANKA,***
"PARACETAMOL SOLUTION FOR INFUSION 10MG/ML,10ML",**,SOLUTION FOR INFUSION,20X10ML AMPOULES PER,PLASTIC(LDPE) AMPOUL,B Braun Medical SA,GERMANY,B Braun Lanka (Pvt) Ltd
MONTELUKAST SODIUM TABLETS BP 10MG,LUNGAIR-10,TABLETS,2X7'S,ALU ALU BLISTER,Nabiqasim Industries (Pvt) Ltd,PAKISTAN,George Steuart Health Pvt Ltd
TERBINAFINE HYDROCHLORIDE CREAM 10MG/G,DERMAFIN,CREAM,10G,ALUMINIUM TUBE,Y S P INDUSTRIES (M) SDN BHD,MALAYSIA,Indoscan (Pvt) Ltd
GLICLAZIDE TABLETS B.P 80MG,GLYCOZIDE,TABLETS,10X10'S,PVC ALU BLISTER,Synmedic Laboratories,INDIA,Softlogic Pharmaceuticals (Pvt( Ltd
VITAMIN B COMPLEX CAPSULES,NAT B,TABLETS,"3X10'S,40'S(PP BOTT)","PVC.PVDC BLISTER,PP",Mega Lifesciences Public Company (Pvt) Ltd,THAILAND,A Baur & Co  (Pvt) Ltd
SODIUM VALPROATE 333MG & VALPROIC ACID 145MG TABLET,VALPARIN CHRONO 500,TABLETS,10X10'S,ALU ALU SRIP,Torrent Pharmaceuticals Ltd,INDIA,Edna Medicals (Pvt) Ltd
LEYOFLOXACIN INFUSION 500MG/100ML,AXA-LEVO,SOLUTION FOR INFUSION,100ML,LDPE BOTTLE,"AXA Parentals Ltd,",INDIA,Chamee Chemist
AMINOPHYLLINE INJECTION BP 25MG/ML,***,INJECTION,"10mlx10's,10ml x 20'",AMB.GLASS AMPOULE,Ciron Drugs & PharmaceuticalS (Pvt) Ltd,INDIA,Ceyoka (Pvt) Ltd
PROPRANOLOL INJECTION BP 1MG/ML,***,INJECTION,10x1ml,USP TY 1 Amber Gl Am,Ciron Drugs & PharmaceuticalS (Pvt) Ltd,INDIA,Ceyoka (Pvt) Ltd
Liquid paraffin+Magnesium Hydroxide+Sodium Picosulfate oral emulsion,CREMAFFIN PLUS,EMULSION,225ML,PET BOTTLE,M/S Abbott India Ltd,GOA,M/S Sunshine Healthcare Lanka Ltd
LABETALOL  HYDROCHLORIDE TABLETS USP 100MG,TIPLAB TABLET 100,TABLETS,1X10'S,ALU ALU STRIP,United Biotech (P) Limited,INDIA,KLINTAS(PVT)LTD
TOPIRAMATE TABLETS USP 25MG,TOPIRAM 25,TABLETS,HDPE BTTLE 60'S,HDPE BOTTLE,ZYDUS LIFESCIENCES LIMITED,INDIA,Hemas Pharmaceuticals (Pvt) Ltd
ARIPIPRAZOLE TABLETS 15MG,BISOZA 15,TABLETS,10X10'S,ALU ALU BLISTER,ZYDUS LIFESCIENCES LIMITED,INDIA,Hemas Pharmaceuticals (Pvt) Ltd
BISOPROLOL FUMARATE TABLETS USP 10MG,PROBIS 10,TABLETS,3X10'S,ALU PVC BLISTER,J Duncan Healthcare (Pvt) Ltd,INDIA,Cliniqon Biotech Pvt. Ltd
TOBRAMYCIN OPTHALMIC SUSPENSION 0.3% W/V,TOBREX,OPHTHALMIC SOLUTION,5ML,PLASTIC DROP BOTTLE,NOVARTIS MANUFACTURING NV,SWITZERLAND,A Baur & Co  (Pvt) Ltd
TOBRAMYCIN 0.3% & DEXAMETHASONE 0.1% OPHTHALMIC SUSPENSION,TOBRADEX,OPHTHALMIC SUSPENSION,5 ML,LDPE DROPPER BOTTLE,NOVARTIS MANUFACTURING NV,SWITZERLAND,A Baur & Co  (Pvt) Ltd
CLOXACILLIN SODIUM CAPSULES USP 250MG,UCLOX 250,CAPSULES,"10X10'S,1000 CAPSULS",ALU PVC BLIS & HDPE,Uni Medicolabs,INDIA,Cliniqon Biotech Pvt. Ltd
AMIKACIN SULPHATE INJECTION USP 500MG/2ML,AMIKACIN,INJECTION,"2MLX5,2MLX10,2MLX20",USP TY 1 GLASS VIAL,Ciron Drugs & PharmaceuticalS (Pvt) Ltd,INDIA,Ceyoka (Pvt) Ltd
ATROPINE INJECTION BP 0.6MG/ML,***,INJECTION,10X1ML AMP/PACK,AMBER COLOUR GLS AMP,Ciron Drugs & PharmaceuticalS (Pvt) Ltd,INDIA,Ceyoka (Pvt) Ltd
MULTIVITAMINS & MINERALS TABLETS,MEGAVIT,TABLETS,10X10'S & 10'S,ALU ALU BLISTER,The ACME Laboratories Ltd,BANGLADESH,Mega Pharma (Pvt) Ltd
BISOPROLOL FUMARATE TABLETS USP 5MG,ZABESTA 5,TABLET,3X10'S,ALU ALU BLISTER,USV Private Limited,INDIA,Hemas Pharmaceuticals (Pvt) Ltd
OSELTAMIVIR PHOSPHATE CAPSULES USP 45MG,***,CAPSULE,10X10'S,PVC PE PVDC ALU BLIS,Sands Active Pvt Ltd,SRI LANKA,***
FLUOXETINE CAPSULES BP 20MG,MIGHTOFLUX,CAPSULES,10X10'S,ALU PVC BLISTER,"Leben Life Sciences(pvt)Ltd,",INDIA,Gulf Pharma (Pvt) Ltd
ZOLEDRONIC ACID SOLUTION FOR INFUSION 5MG/100ML,CLASTIZOL,SOLUTION FOR INFUSION,100ML,TYP I GLASS BOTTLE,S.M. Farmaceuticci S.R.L.,PORTUGAL,Emerchemie NB (Ceylon) Ltd
LEUCOVORIN CALCIUM INJECTION USP 15MG/2ML,LEUCOWEL,INJECTION,5'S(2ML),GLASS AMPOULE,Getwell Pharma India Private Limited,INDIA,The Esses Pharmacy (Pvt) Ltd
MESNA INJECTION 200MG/2ML,**,INJECTION,3'S(2ML),GLASS AMPOULE,Getwell Pharma India Private Limited,INDIA,The Esses Pharmacy (Pvt) Ltd
CAFFEINE CITRATE INJECTION USP 40MG/2ML,**,INJECTION(IV),2ML VIAL(10VIALS/PA),CLEAR GLS USP TYP I,kelun lifesciences(Pvt) Ltd,SRI LANKA,***
CALCIUM FOLINATE INJECTION B.P 50MG,FOLINEX 50,INJECTION,5ML,GLASS VIAL,Beacon Pharmaceuticals Ltd,BANGLADESH,Emerchemie NB (Ceylon) Ltd
PEMETREXED LYOPHILLIZED POWDER FOR INJECTION 100MG,PEMETRA 100,POWDER FOR INJECTION,10ML,GLASS VIAL,Getwell Pharma India Private Limited,INDIA,The Esses Pharmacy (Pvt) Ltd
ALBENDAZOLE TABLETS USP 400MG,LOKABEN 400,UNCOATED TABLETS,1'S1X10'S 5X10'S,ALU PVC BLISTER,J Duncan Healthcare (Pvt) Ltd,INDIA,Cliniqon Biotech Pvt. Ltd
CEFUROXIME AXETIL TABLET USP 250MG,RITIL-250,TABLETS,5X10'S,ALU ALU BLISTER,Micro Labs Limited,INDIA,Micro Healthcare (Pvt) Ltd
LOSARTAN POTASSIUM & HYDROCHLOROTHIAZIDE TABLETS USP 50MG/12.5MG,LOSACAR-H,TABLETS,10X10'S,ALU ALU BLISTER PACK,ZYDUS LIFESCIENCES LIMITED,INDIA,Sunshine Healthcare lanka Ltd
REGORAFENIB TABLETS 40MG,REGOFEON-40,TABLETS,30'S,HDPE CONTAINER,Aeon Formulation Pvt Ltd,INDIA,Lanka Theraputics (Pvt) Ltd
TEICOPLANIN INJECTION IP 200MG,TECOPLAN 200,INJECTION,1'S GLASS VIAL+3ML,GLASS VIAL+AMPOULE,United Biotech (Pvt) Ltd,INDIA,Klintas (Pvt) Ltd
AZITHROMYCIN TABLETS USP 500MG,ZYDZITH 500,TABLETS,10X10'S,BLISTER,ZYDUS LIFESCIENCES LIMITED,INDIA,Sunshine Healthcare lanka Ltd
GLUCOSE INJECTION BP 50% w/v,**,IV INFUSION,20ML,PLASTIC AMPOULES,B Braun Medical Industries,MALAYSIA,B Braun Lanka (Pvt) Ltd
CISATRACURIUM BESYLATE INJECTION USP 10MG/5ML,CISATRA,SOLUTION FOR INJECTION,5 ML,USP TY 1 GLASS VIAL,Themis Medicare Ltd,INDIA,Sunshine Healthcare lanka Ltd
ZIDOVUDINE TABLETS USP 300MG,ZIDO-H 300,TABLETS,60'S,HDPE CONTAINER,Hetero Labs Limited Unit-III,INDIA,Mansel (Ceylon) (Pvt) Ltd
MESALAMINE DELAYED RELEASE TABLETS 1.2G,IBSOL 1.2,TABLETS,"10X10'S,5X10'S",BLISTER,ZYDUS LIFESCIENCES LIMITED,INDIA,Hemas Pharmaceuticals (Pvt) Ltd
BENZOCAINE GEL USP  20% W/W,MUCOPAIN,GEL,15G,LAMINATED TUBE,ICPA Health Products Ltd,INDIA,George Steuart Health Pvt Ltd
CHLORHEXIDINE GLUCONATE GEL 1.0%W/W,HEXIGEL,GEL,15G TUBE PER PACK,LAMINATED TUBE,ICPA Health Products Ltd,INDIA,George Steuart Health Pvt Ltd
TAMOXIFEN TABLETS USP 20MG,TAMOXIS,TABLETS,3X10'S,BLISTER,Craveri S A I C,ARGENTINA,Emerchemie NB (Ceylon) Ltd
AMOXICILLIN CAPSULE USP 250MG,NUMOX 250,CAPSULES,10X10'S,BLISTER,Saitech Mediccare (Pvt) Ltd,INDIA,Cliniqon Biotech Pvt. Ltd
DAPAGLIFLOZIN TABLETS 5MG,DAPAGET,TABLETS,4X7'S,ALU ALU BLISTER,Getz Pharma (Pvt) Ltd,PAKISTAN,Hemas Pharmaceuticals (Pvt) Ltd
DAPAGLIFLOZIN TABLETS 10MG,DAPAGET,TABLETS,4X7'S,ALU ALU BLISTER,Getz Pharma (Pvt) Ltd,PAKISTAN,Hemas Pharmaceuticals (Pvt) Ltd
ITRACONAZOLE CAPSULES 100MG,METOJIT,CAPSULES,"1X4'S, 4X10'S",ALU ALU BLISTER,J Duncan Healthcare (Pvt) Ltd,INDIA,Cliniqon Biotech Pvt. Ltd
AMOXICILLIN CAPSULES USP 500MG,NUMOX 500,CAPSULES,10X10'S,ALU PVC BLISTER,Saitech Mediccare (Pvt) Ltd,INDIA,Cliniqon Biotech Pvt. Ltd
LEVOCETIRIZINE DIHYDROCHLORIDE TABLETS USP 5MG,LEVIZ 5,TABLETS,10X10'S&4'S,ALU ALU BLISTER,Atoz Pharmaceuticals (Pvt) Ltd,INDIA,Euro Asian Pharma (Pvt) Ltd
FLUTICASONE PRESSURIZED INHALATION BP 50MCG/DOSE (150 DOSES),***,AEROSOL FOR ORAL INHALATION,1 INHALER/PACK,"ALU CANISTER ,VALVE",Heilongjiang province Fulekang Pharmaceutical Co Ltd,CHINA,Ceyoka (Pvt) Ltd
PREGABALIN CAPSULES 150MG,GABICA,CAPSULES,5X7'S,ALU ALU BLISTR,Getz Pharma (Pvt) Ltd,PAKISTAN,Hemas Pharmaceuticals (Pvt) Ltd
FLUCONAZOLE CAPSULES 50MG,FLUGAL 50,CAPSULES,"3X10'S,10X10'S",BLISTER,Square Pharmaceuticals Ltd,BANGLADESH,CIC Holdings PLC
ROPINIROLE TABLETS USP 0.5MG,ROPIN 0.5,TABLETS,10X10'S&1X4'S,ALU ALU BLISTER,Atoz Pharmaceuticals (Pvt) Ltd,INDIA,Euro Asian Pharma (Pvt) Ltd
AMOXICILLIN CAPSULE USP 250MG,UMOXIL 250,CAPSULES,"10X10'S, 1000'S","ALU PVC BLISTER,HDPE",Uni Medicolabs,INDIA,Cliniqon Biotech Pvt. Ltd
AMOXICILLIN CAPSULES USP 500MG,UMOXIL 500,CAPSULES,"10x10'S, 500'S",BLISTER & HDPE JAR,Uni Medicolabs,INDIA,Cliniqon Biotech Pvt. Ltd
AZITHROMYCIN TABLETS  IP 500MG,AZILIDE-500,TABLETS,1X10'S&5X10'S,ALU ALU BLISTER,Micro Labs Limited,INDIA,Micro Healthcare (Pvt) Ltd
PROPOFOL EMULSION FOR INJECTION OR INFUSION USP 1% W/V,PROANES 1% MCT/LCT,EMULSION FOR INJECTION OR INFUSION,20MLX1X5,TYP I GLAS AMPOULE,PT Sanbe Farma,INDONESIA,Softlogic Pharmaceuticals (Pvt( Ltd
LEVOFLOXACIN TABLETS USP 500MG,LEVO 500,TABLETS,5X4'S,ALU PVC BLISTER,A C I  Ltd,BANGLADESH,CIC Holdings PLC
VARICELLA VACCINE (OKA STRAIN ) LIVE ATTENUATED 2000 PFU,VARILRIX,POWDER & SOLVENT FOR SOLUTION FOR INJECTION,1 DOSE(0.5ML),VIAL+PRE FILLED SYRI,GlaxoSmithkiline Biologicals S.A,BELGIUM,A Baur & Co  (Pvt) Ltd
PNEUMOCOCCAL POLYSACCHARIDE CONJUGATE VACCINE(ADSORBED) (10 VALENT) 0.5ML-1DOSE,PNEUMOSIL,SUSPENSION FOR INJECTION,"1X0.5ML,50X0.5ML,6X",GLASS VIAL,Serum Institute of India (Pvt) Ltd,INDIA,Citihealth Imports (Pvt) Ltd
GLICLAZIDE MODIFIED RELEASE TABLETS 60MG,NEOGLIX MR 60,TABLETS,10X10'S,ALU PVC BLISTER,Wallace Pharmaceuticals (Pvt)Ltd,INDIA,Emar Pharma (Pvt) Ltd
FLUCONAZOLE TABLETS 150MG,ONECAN 150,TABLETS,10X1'S,ALU PVC BLISTER,Wallace Pharmaceuticals (Pvt)Ltd,INDIA,Emar Pharma (Pvt) Ltd
"DRIED ALUMINIUM HYDROXIDE GEL 240MG,MAGNESIUM HYDROXIDE 100MG,LIGHT MAGNESIUM CARBONATE 60MG+ACTIVATED DIMETHICONE 25 MG TABLETS",DIOVOL TABLETS (CHEWABLE) MINT FLAVOR,CHEWABLE TABLETS,"10X5X10'S , 1000'S",HDPE CONTAINEER,Wallace Pharmaceuticals (Pvt)Ltd,INDIA,Emar Pharma (Pvt) Ltd
SULFASALAZINE DELAYED RELEASE TABLETS USP 500MG,SAZO EN 500,ENTERIC COATED TABLETS,10X10'S 4'S,ALU PVC BLISTER,Wallace Pharmaceuticals (Pvt)Ltd,INDIA,Emar Pharma (Pvt) Ltd
CALCIUM 250mg & VITAMIN D3 400 IU SOFT GELATIN CAPSULES,MOMCAL,CAPSULES,"10,10'S&10X6'S",BLISTER,Contract Manufacuring & Packging Services pty Ltd,AUSTRALIA,Alaris Lanka (Pvt) Ltd
CARBIMAZOLE TABLET B.P 10MG,CARBIZ-10,TABLETS,100' 2X5X10' 10X5X10,"HDPE JAR,PVC PVDC BL",Celogen Lanka (Pvt) Ltd,SRI LANKA,***
GLICLAZIDE TABLETS IP 40MG,NeoGLIX 40,TABLETS,2X5X10'S,ALU PVC BLISTER,Wallace Pharmaceuticals (Pvt)Ltd,INDIA,Emar Pharma (Pvt) Ltd
 METHYLPREDNISOLONE SODIUM SUCCINATE FOR INJE.USP 1G,SOLUPRED-1,POWDER FOR INJECTION,"1'S(30ML VIAL,20ML.",USP TYP 1,Ziska Pharmaceuticals Ltd,BANGLADESH,Tabrane Pharmaceuticals (Pvt) Ltd
NICORANDIL TABLETS BP 10MG,CORANDIL 10,TABLETS,"3x10's,10x10's,3x10'",pvc-pvdc blister pac,Celogen Lanka (Pvt) Ltd,SRI LANKA,***
PACLITAXEL (PROTEIN BOUND PARTICLES) FOR INJECTABLE SUSPENSION 100MG/VIAL,AB-PACLI 100,POWDER FOR INJECTION,100 MG,USP TY1+500ML NACL+I,Beta Drugs Ltd,INDIA,"Adora Ceylon (Pvt) Ltd, No 29/14/B, Royal Park iii"
MEDROXYPROGESTERONE ACETATE INJECTABLE SUSPENSION USP 150MG/ML,FAMY-DEPO,INJECTION,1MLX25,GLASS VIAL,Senador Laboratories Private Limited,INDIA,A Baur & Co  (Pvt) Ltd
MESNA INJECTION 200MG/2ML,**,INJECTION,"5X2ML,10X2ML",TYP I GLASS AMPOULE,kelun lifesciences(Pvt) Ltd,SRI LANKA,***
GASTRO RESISTANT PANTOPRAZOLE TABLETS BP 40MG,PANTOGEN 40,TABLETS,"100'S,3X10'S,10X10'S","HDPE JAR,ALU BLISTER",Celogen Lanka (Pvt) Ltd,SRI LANKA,***
AQUEOUS CREAM,D-AQUA,CREAM,"100G, 300G",COLLAPSIBLE TUBES&,Panacea Medicals,SRI LANKA,***
AQUEOUS CREAM WITH GLYCERINE,AQUARIN CREAM,CREAM,80G Tube,PLASTIC COLLA,Panacea Medical,SRI LANKA,***
METHYL SALICYLATE COMPOUND CREAM( METHYL SALICYLATE 16% MENTHOL 2.5% THYMOL 0.5 EUCALYPTUS OIL 0.5% AND GLYCERINE 0.5%),ANALEP,CREAM,"30g , TUBE/PACK",PLASTIC COLL.TUBE,Panacea Medical,SRI LANKA,***
AQUEOUS CREAM WITH GLYCERINE,D-SOFT,CREAM,50g / 180g JAR/PACK,COLL. TUBE/ JAR,Panacea Medical,SRI LANKA,***
OXYTOCIN INJECTION BP 5 UNITS(1ML),MARITON,INJECTION,10 AMPOULES,AMPOULE,CHENGDU HEPATUNN PHARMACEUTICALS CO. LTD,CHINA,Slim Pharmaceuticals (Pvt) Ltd
NOREPINEPHRINE BITARTRATE INJECTION USP 4MG/2ML,NORALIN,INJECTION,5X2ML/10X2ML PACK,AMBER COLO.GLAS AMPO,kelun lifesciences(Pvt) Ltd,SRI LANKA,***
DAPAGLIFLOZIN TABLETS 10MG,DIABFLOZ 10,TABLETS,30'S,ALU ALU STRIP,Finecure Pharmaceutical Ltd,INDIA,Biolife Pharmaceuticals (Pvt) Ltd
THEOPHYLLINE EXTENDED RELEASE TABLETS 125MG,THEON ER,TABLETS,2X5X10' 10X5X10' 250,"ALU PVC PVDC,HDPE JA",Celogen Lanka (Pvt) Ltd,SRI LANKA,***
LINAGLIPTIN 5MG+EMPAGLIFLOZIN 25MG TABLET,LINJARDY 5/25,TABLETS,14'S/28'S/98'S PER,ALU ALU BLISTER,CCL Pharmaceuticals (Pvt) Ltd,PAKISTAN,CIC Holdings PLC
ERLOTINIB TABLETS 150MG,**,TABLETS,3X10'S,ALU PVC BLISTER,Shilpa Medicare Ltd,INDIA,Slim Pharmaceuticals (Pvt) Ltd
BIVALENT POLIOMYELITIS VACCINE TYPE 1 & III LIVE (ORAL),BIOPOLIO B1/3,ORAL SOLUTION,MULTI DOSE 10 &20,USP TY 1 GLS VIAL,Bharat Biotech International Ltd,INDIA,Gulf Pharma (Pvt) Ltd
LEVOTHYROXINE SODIUM TABLETS USP 75MCG,THYROX 75,TABLETS,10X10'S,ALU ALU BLISTER,Macleods Pharmaceuticals Ltd,INDIA,Emerchemie NB (Ceylon) Ltd
HUMAN ALBUMIN  SOLUTION FOR INFUSION 200G/I,UMAN ALBUMIN,SOLUTION FOR INFUSION,"50ML,100ML",TYP I GLASS VIAL,Kedrion SPA,ITALY,Slim Pharmaceuticals (Pvt) Ltd
PREGABALIN CAPSULES IP 50MG,PREBALIN 50,CAPSULES,HDPE 100 TAB/PACK &,HDPE JAR/PVC PVDC BL,Celogen Lanka (Pvt) Ltd,SRI LANKA,***
DIPHENHYDRAMINE HCL ORAL SOLUTION USP 13.5MG/5ML,PHENYO JUNIOR,ORAL SOLUTION,60ML,AMBER GLASS BOTTLE,"GAMMA INTERPHARM PVT LTD,",SRI LANKA,***
VANCOMYCIN HYDROCHLORIDE INJECTION USP 1G,VAMOCIN,POWDER FOR INJECTION,01 VIAL+WFI,USP TY 1 CLEAR GL VI,Gufic Biosciences Pvt Ltd,INDIA,Slim Pharmaceuticals (Pvt) Ltd
FEXOFENADINE HYDROCHLORIDE TABLETS USP 120MG,ASFEX 120,TABLETS,"10X10'S,1000'S","ALU-PVC BLISTER,HDPE",Astron Limited,SRI LANKA,***
VASOPRESSIN  INJECTION USP 20 UNITS/ML,VASMED,INJECTION,1MLX 5'S,USP TY 1 GLS AMPOULE,United Biotech (P) Limited,INDIA,KLINTAS(PVT)LTD
CLARITHROMYCIN TABLETS USP 250MG,CLARIMIN 250,TABLETS,1X4'S 10X4'S,ALU ALU STRIP,United Biotech (P) Limited,INDIA,KLINTAS(PVT)LTD
CLARITHROMYCIN TABLETS USP 500MG,CLARIMIN 500,TABLETS,"1X4'S, 10X4'S",ALU ALU STRIP,United Biotech (P) Limited,INDIA,KLINTAS(PVT)LTD
BRIMONIDINE TARTRATE 2MG/ML & TIMOLOL 5MG/ML EYE DROPS,COMBIGAN,EYE DROP,5ML,LDPE DROPPER BOTTLE,Allergan Pharmaceuticals Ireland,IRELAND,Hemas Pharmaceuticals (Pvt) Ltd
OMEPRAZOLE DELAYED RELEASE CAPSULES USP 20MG,OMAX 20,CAPSULES,10X10'S&1000'S,ALU ALU STRIP PACK &,CIC Lifesciences Ltd.,SRI LANKA,***
CABERGOLINE TABLETS USP 0.5MG,**,TABLETS,1X10'S,ALU ALU STRIP PACK,Treffer Pharmaceuticals,INDIA,Yaden International (Pvt) Ltd
ROSUVASTATIN TABLETS USP 5MG,VAPTOR 5MG,TABLETS,1X10'S&3X10'S,ALU ALU BLISTER,The Searle Company Ltd,PAKISTAN,Morison Limited
PEMETREXED LYOPHILLIZED POWDER FOR INJECTION 500MG,PEMETRA 500 MG,POWDER FOR INJECTION,10ML,GLASS VIAL,Getwell Pharma India Private Limited,INDIA,The Esses Pharmacy (Pvt) Ltd
BETAMETHASONE EYE/EAR DROPS 0.1% W/V,BETANIN,EYE/EAR DROP,5ML,PLASTIC BOTTLE,Sunway Rohto Pharmaceutical Pvt Ltd,INDIA,Yaden International (Pvt) Ltd
FINGOLIMOD CAPSULE 0.5MG,GILENYA,CAPSULES,28'S,ALU PVC/PVDC BLISTER,Novartis Pharmaceutical Manufacturing LLC,SWITZERLAND,A Baur & Co  (Pvt) Ltd
MEMANTINE HYDROCHLORIDE TABLETS 10MG,MEMENTOR,TABLETS,"3X10'S, 6X10'S,10X10",PVC PVDC ALU BLISTER,Torrent Pharmaceuticals Ltd,INDIA,Hemas Pharmaceuticals (Pvt) Ltd
FLUORESCEIN INJECTION USP 10% W/V,FLUORES,SOLUTION FOR INJECTION,4X5ML&25X5ML,TYP I GLASS VIAL,kelun lifesciences(Pvt) Ltd,SRI LANKA,***
CEFUROXIME AXETIL TABLETS  USP 125MG,MILCEF 125,TABLETS,30'S,ALU ALU BLISTER,The Madras Pharmaceuticals,INDIA,Pharma Associates
ESCITALOPRAM TABLETS USP 20MG,AVESTALO,TABLETS,14'S,ALU PVDC BLISTER,Getz Pharma (Pvt) Ltd,PAKISTAN,Hemas Pharmaceuticals (Pvt) Ltd
APIXABAN TABLETS 2.5MG,APIX 2.5,TABLETS,3X10'S&1X10'S,ALU PVDC BLISTER,The ACME Laboratories Ltd,BANGLADESH,Mega Pharma (Pvt) Ltd
APIXABAN TABLETS 5 MG,ACTICA-5,TABLETS,3X10'S,ALU ALU BLISTER,Micro Labs Limited,INDIA,Micro Healthcare (Pvt) Ltd
APIXABAN TABLETS 2.5MG,ACTICA-2.5,TABLETS,3X10'S,ALU ALU BLISTER,Micro Labs Limited,INDIA,Micro Healthcare (Pvt) Ltd
CEFEPIME FOR INJECTION USP 1000MG,MELPIM 1000,POWDER FOR INJECTION,20 ML,CLEAR GLASS VIAL,Sands Active Pvt Ltd,SRI LANKA,***
EMTRICITABINE TENOFOVIR DISOPROXIL FUMARATE TABLETS 200MG & 300MG,TENOF EM,TABLETS,30'S,HDPE CONTAINER,Hetero Labs Limited Unit-III,INDIA,Mansel (Ceylon) (Pvt) Ltd
SODIUM TETRADECYL SULPHATE INJECTION BP  3% W/V,FIBROVEIN,INJECTION,1X5'S(2ML),AMPOULES,Siegfred Hameln GmbH,GERMANY,Ceyoka (Pvt) Ltd
ALCOHOL BASED HAND RUB(HAND SANITIZER),SETALLIUM,TOPICAL SOLUTION,500ML,HDPE BOTTLE,Suraksa Pharma  (Pvt) Ltd,SRI LANKA,***
NORFLOXACIN TABLETS BP 400MG,NOROXIN 400,TABLETS,2X7'S,ALU PVC BLISTER,SEARLE PAKISTAN LIMITED,PAKISTAN,Morison Limited
ROSUVASTATIN TABLETS USP 10MG,UNOSAT 10,TABLET,"3X10'S,1X10'S",ALU ALU BLISTER,Akums Drugs & Pharmaceuticals Ltd,INDIA,Darley Butler  & Co Ltd
GLIMEPIRIDE TABLETS USP 4MG,GLIM 4,TABLETS,2X5X10'S&10X5X10'S,PVC-PVDC BLISTER PAC,Celogen Lanka (Pvt) Ltd,SRI LANKA,***
MESALAZINE SUPPOSITORIES BP 500MG,MESAL,SUPPOSITORY,"1X5'S,2X5'S",PVC COATED WITH PE,Celogen Lanka (Pvt) Ltd,SRI LANKA,***
CARVEDILOL TABLETS USP 12.5MG,CONDIL 12.5,TABLETS,"500'S ,2X5X10'S,","AL PVC PVDC BLI,HDPE",Celogen Lanka (Pvt) Ltd,SRI LANKA,***
PREGABALIN CAPSULES 75MG,AKUGABLIN 75,HARD GELATIN CAPSULE,"3X10'S,1X10'S",ALU ALU BLISTER,Akums Drugs & Pharmaceuticals Ltd,INDIA,Darley Butler  & Co Ltd
LEVOCETIRIZINE DIHYDROCHLORIDE MOUTH DISSOVING TABLETS 5MG,GETCET,TABLETS,10X10'S,ALU ALU BLISTER,Inventia Healthcare (Pvt) Ltd,INDIA,Emerchemie NB (Ceylon) Ltd
BETAMETHASONE DIPROPIONATE 0.064% W/W (EQUIV.TO BETAMETHASONE 0.05%) & SALICYLIC ACID 3% W/W OINTMENT,BEPROSALIC OINTMENT,OINTMENT,15G TUBE/PACK,ALUMINIUM COLLAPSIBL,Hoe Pharmaceuticals SDN BHD,MALAYSIA,Indoscan (Pvt) Ltd
CARVEDILOL TABLETS USP 6.25MG,***,TABLETS,"1x10's,3x10's,6x10's","ALU ALU BLISTER,HDPE",Sands Active Pvt Ltd,SRI LANKA,***
CLOTRIMAZOLE VAGINAL TABLETS BP 100MG,MYCORIL,VAGINAL TABLETS,6X1'S/PACK,ALU ALU STRIPS,Remedica limited,CYPRUS,Kandana Food & Drugs (Pvt) Ltd
CINNARIZINE TABLETS IP 25MG,CINTIGO,TABLETS,5X5X10'S,BLISTER PACK,Wallace Pharmaceuticals (Pvt)Ltd,INDIA,Emar Pharma (Pvt) Ltd
BETAMETHASONE TABLETS IP 0.5MG,WALACORT,TABLET,10X10'S,ALU ALU STRIP,Wallace Pharmaceuticals (Pvt)Ltd,INDIA,Emar Pharma (Pvt) Ltd
FLUCONAZOLE TABLETS USP 150MG,FLUNAZ 150,TABLETS,10X1'S,ALU PVC BLISTER,United Biotech (P) Limited,INDIA,KLINTAS(PVT)LTD
ALPRAZOLAM TABLETS USP 0.5MG,***,TABLET,10X10'S,ALU PVC BLISTER PACK,Centaur Pharmaceutical (Pvt) Ltd,INDIA,George Steuart Health Pvt Ltd
GABAPENTIN CAPSULES BP 100 MG,GABENTI 100,CAPSULES," 3X10' 10X10'S,100'S","HDPE,ALU CLEAR,PVC P",Celogen Lanka (Pvt) Ltd,SRI LANKA,***
MORPHINE SULPHATE INJECTION  BP 15MG/ML,VERMOR 15,SOLUTION FOR INJECTION,"10X1ML,10X10X1ML AMP",USP TYP I GLASS SAMP,Verve Human Care Laboratories,INDIA,Leader Pharma Agency (Pvt) Ltd
LITHIUM CARBONATE TABLETS BP 250MG,LITHOGEN,TABLETS,3X10' 10X10' 500',"ALU PVC BLISTER,HDPE",Celogen Lanka (Pvt) Ltd,SRI LANKA,***
MELOXICAM TABLETS BP 7.5MG,M-CAM,TABLETS,"5X10'S,4X(5X10'S)",PVC-PVDC BLISTER,Unichem Laboratories LTD,INDIA,A Baur & Co  (Pvt) Ltd
EMPAGLIFLOZIN TABLETS 10MG,EMPAGLO 10,TABLET,"10X10'S,3X10'S,4X10'",ALU PVDC BLISTER,NEWGEN LANKA HEALTHCARE (PVT) LTD,SRI LANKA,***
EMPAGLIFLOZIN TABLETS 25MG,EMPAGLO 25,TABLET,"1X10', 3X10' 4X10'",ALU ALU PVDC BLISTER,NEWGEN LANKA HEALTHCARE (PVT) LTD,SRI LANKA,***
PARACETAMOL TABLETS BP 500MG,***,TABLETS,"500'S ,1000'S",HDPE BOTTLE,Sands Active Pvt Ltd,SRI LANKA,***
CARVEDILOL TABLETS USP 6.25MG,CONDIL 6.25,TABLETS,"2X5X10'S,10X5X10'S,","ALU PVC PVDC,HDPE JA",Celogen Lanka (Pvt) Ltd,SRI LANKA,***
DAPAGLIFLOZIN TABLETS 5MG,INVAFLOZIN 5,TABLETS,4X7'S,ALU ALU BLISTER,INVENTIA HEALTHCARE LTD,INDIA,Emerchemie NB (Ceylon) Ltd
MELOXICAM TABLETS BP 15MG,M-CAM 15MG,TABLETS,5X10'S&4X5X10'S,PVDC/PVC BLISTER,Unichem Laboratories LTD,INDIA,A Baur & Co  (Pvt) Ltd
BEVACIZUMAB CONCENTRATE SOLUTION FOR INFUSION 100mg/4ml,VERSAVO 100,CONCENTRATE SOLUTION FOR INFUSION,5ML VIAL,USP TYP I GLASS VIAL,Dr Reddy's Laboratories Ltd,INDIA,Emerchemie NB (Ceylon) Ltd
ESOMEPRAZOLE  TABLETS 20MG,ESOFAG 20,TABLETS,10X10'S,ALU ALU BLISTER,Micro Labs Limited,INDIA,Micro Healthcare (Pvt) Ltd
LEVOFLOXACIN INFUSION IP 500MG/100ML,AQULEV,IV INFUSION,ONE 100ML BOTTLE PER,PLASTIC BOTTLE,Aculife Healthcare (Pvt) Ltd,INDIA,Emerchemie NB (Ceylon) Ltd
DICLOFENAC GEL BP 1% W/W,ADIFLAM GEL,GEL,"20G, 30G,30GM","LAMI.TUBE, COLLAP.TU",Leben Laboratories (Pvt) Ltd,INDIA,Ceyoka (Pvt) Ltd
CYCLOSPORIN SOFT GELATINE CAPSULES USP 100MG,HUMAINE 100,SOFT GELATIN CAPSULES,5X5'S, BLISTER,Olive Pharmascience Ltd,INDIA,Slim Pharmaceuticals (Pvt) Ltd
PROGESTERONE SOFT GELATINE CAPSULES 200MG,PROSTIUM 200,SOFT GELATIN CAPSULES,2X10'S,ALU PVC BLISTER,Olive Pharmascience Ltd,INDIA,Slim Pharmaceuticals (Pvt) Ltd
ALFACALCIDOL CAPSULES 0.25MCG,CALCICURE 0.25,SOFT GELATIN CAPSULES,10X10'S,ALU PVC BLISTER,Olive Pharmascience Ltd,INDIA,Slim Pharmaceuticals (Pvt) Ltd
CYCLOSPORINE CAPSULES USP 25MG,HUMAINE 25,SOFT GELATIN CAPSULES,5X5'S,ALU ALU BLISTER,Olive Pharmascience Ltd,INDIA,Slim Pharmaceuticals (Pvt) Ltd
CYCLOSPORINE CAPSULES USP 50MG,HUMAINE 50,SOFT GELATIN CAPSULES,5X5'S,ALU ALU BLISTER,Olive Pharmascience Ltd,INDIA,Slim Pharmaceuticals (Pvt) Ltd
RANITIDINE TABLETS BP 150MG,PENTAC 150,TABLETS,10X10'S,ALU ALU BLISTER,Maxter Bio-Genics,INDIA,Pharma Associates
VITAMIN B1 100MG+ VITAMIN  B6 200MG+VITAMIN B12 200MCG TABLETS,TRIBION,TABLETS,"1X10'S,3X10'S,5X10'S",ALU PVC BLISTER,Globe Pharmaceuticals Ltd,BANGLADESH,Tabrane Healthcare (Pvt) Ltd
THYROXINE SODIUM TABLETS IP 50MCG,THYRONORM 50,TABLETS,"120'S,30'S",PP BOTTLES,Acme Generics Private Limited,INDIA,Sunshine Healthcare lanka Ltd
CEFTRIAXONE FOR INJECTION USP 500MG,TRIAXWA 500,POWDER FOR INJECTION,500MG VIAL/PACK,USP TY III GLS VIAL,Sands Active Pvt Ltd,SRI LANKA,***
BECLOMETASONE AQUEOUS NASAL SPRAY BP 50MCG,BECLOMATE NS 50,NASAL SPRAY,200 SPRAYS,POLYETHY.CON.&METE.D,Jewim Pharmaceutical (Shandong) Co ltd,CHINA,Emerchemie NB (Ceylon) Ltd
BEVACIZUMAB CONCENTRATE SOLUTION FOR INFUSION 100mg/4ml,AVASTIN 100MG/4ML,INFUSION,1 VIAL,GLASS VIAL,Roche Diagnostics GmbH,SWITZERLAND,A Baur & Co  (Pvt) Ltd
DIENOGEST TABLETS 2MG,VISANNE,TABLETS,28'S/PACK(2X14'S),PVC/A1 POUCHED,Bayer Weimar GmbH & Co.KG,GERMANY,Hemas Pharmaceuticals (Pvt) Ltd
PREDNISOLONE TABLETS BP 5MG,PREDNIP,TABLETS,10X10'S 1000'S,BLISTER/HDPE CONTAIN,"GAMMA INTERPHARM PVT LTD,",SRI LANKA,***
LEVETIRACETAM TABLETS USP 250MG,LEVORA 250,TABLETS,"1X10'S,3X10'S,4X10'S",ALU PVDC BLISTER,NEWGEN LANKA HEALTHCARE (PVT) LTD,SRI LANKA,***
BEVACIZUMAB INJECTION 100MG/4ML(r-DNA),BEVAAS 100,INJECTION,4ML /PACK,GLASS VIAL,Hetero Biopharma Limited,INDIA,DIVASA Pharma Ltd
ENALAPRIL  MALEATE TABLETS USP 10MG,ENAM -10,TABLETS,2X10'S,BLISTER,Dr Reddy's Laboratories Ltd,INDIA,Emerchemie NB (Ceylon) Ltd
TRANEXAMIC ACID CAPSULES JP 500MG,MAXNA,CAPSULE,2'S & 2X10'S,ALU PVC BLISTER,AGP Limited,PAKISTAN,Emerchemie NB (Ceylon) Ltd
PRAMIPEXOLE DIHYDROCHLORIDE TABLETS 1MG,PRIDEL 1,TABLETS,3X10'S,ALU ALU BLISTER,M/S Micro Labs Limited,INDIA,Micro Healthcare (Pvt) Ltd
TRIHEXYPHENIDYL TABLETS BP 2MG,***,TABLETS,1000'S,HDPE BOTTLE,State Pharmaceuticals Manufacturer Corporation,SRI LANKA,***
AMOXICILLIN CAPSULES BP 500MG,MOXILEB 500,CAPSULES,10X10'S 50X10'S 500',ALU PVC BLISTER/HDPE,Leben Laboratories (Pvt) Ltd,INDIA,Ceyoka (Pvt) Ltd
CLARITHROMYCIN TABLETS USP 500MG,CLARIGHT 500,TABLETS,3X10'S,BLISTER,Novagen Healthcare Pvt Ltd,INDIA,Chamee Chemist
ITRACONAZOLE CAPSULES 100MG,ITAZOL,CAPSULES,1X8'S,PVC ALU BLISTER,United Biotech (P) Limited,INDIA,KLINTAS(PVT)LTD
LEVOFLOXACIN TABLETS USP 500MG,LEVOTEC 500,TABLET,1X10'S,ALU ALU BLISTER,United Biotech (P) Limited,INDIA,KLINTAS(PVT)LTD
LABETALOL HYDROCHLORIDE INJECTION USP 100MG/20ML,TIPLAB 100,SOLUTION FOR INJECTION,20ML,AMBER COLOR GLASS,United Biotech (P) Limited,INDIA,KLINTAS(PVT)LTD
ACARBOSE TABLETS 50MG,ABACUS 50,TABLETS,3X10'S,ALU-STRIP PACK,The Madras Pharmaceuticals,INDIA,Pharma Associates
DARBEPOETIN ALFA INJECTION 40MCG/0.4ML,DERISE 40,SOLUTION FOR INJECTION,1 PFS PER PACK,SINGLE DOSE PFSY,Hetero Biopharma Limited,INDIA,DIVASA Pharma Ltd
LACTULOSE SOLUTION USP 67G/100ML,LILAC,ORAL SOLUTION,60ML & 120ML,PLASTIC BOTTLE,Herbion Pakistan(Pvt) Ltd,PAKISTAN,Hemas Pharmaceuticals (Pvt) Ltd
DIPYRIDAMOLE TABLETS BP 100MG,PYRIGEN 100,TABLETS,"1X10' 3X10',4X10'S,5",ALU PVC BLISTER &,NEWGEN LANKA HEALTHCARE (PVT) LTD,SRI LANKA,***
GOSERELIN 10.8MG IMPLANT,RESELIGO,IMPLANT(FOR SUBCUTANEOUS USE),1 PER FILLED SYRINGE,PRE-FILLED SYRINGE,AMW GmbH Birkerfeld,GERMANY,Pharma Associates
CIPROFLOXACIN EYE/EAR DROP 0.3%,CIPROCIN 0.3%,EYE/EAR DROP,5ML BOTTLE PER PACK,LDPE BOTTLE,Square Pharmaceuticals Ltd,BANGLADESH,CIC Holdings PLC
CEFUROXIME AXETIL TABLET  USP 500MG,CEFUROMO 500,TABLETS,3X10'S,ALU ALU BLISTER,Steril Gene Life Sciences (P) Ltd,INDIA,Unity Pharma Lanka (Pvt) Ltd
BETAHISTINE DIHYDROCHLORIDE TABLETS BP 8MG,BE-STEDY 8,TABLETS,10X10'S,ALU ALU BLISTER,Aurobindo Pharama Ltd,INDIA,Alaris Lanka (Pvt) Ltd
METFORMIN HYDROCHLORIDE SUSTAINED RELEASE TABLETS 500MG,GLYCOMET 500 SR,TABLETS,10X10'S 5X2X20,ALU PVC BLISTER,USV Private Limited,INDIA,Hemas Pharmaceuticals (Pvt) Ltd
CALCIUM CARBONATE 625MG + VITAMIN D3 400IU SOFT GELATIN CAPSULES,THERACAL,SOFT GELATIN CAPSULES,3X10'S&10X10'S,ALU PVC BLISTER PACK,Contract Manufacuring & Packging Services pty Ltd,AUSTRALIA,Alaris Lanka (Pvt) Ltd
NICORANDIL TABLETS BP 10MG,NICODIL 10,TABLETS,"(10X10)'S,1X10'S",ALU ALU BLISTER,The Madras Pharmaceuticals,INDIA,Pharma Associates (Pvt) Ltd
RITUXIMAB CONCENTRATE FOR SOLUTION FOR INFUSION 10MG/ML,RILAST,CONCENTRATE FOR SOLUTION FOR INFUSION,"I00MG/10ML, 500/50ML",GLASS VIAL,Hetero Biopharma Limited,INDIA,DIVASA Pharma Ltd
CHLORPHENIRAMINE MALEATE ORAL SOLUTION USP 2MG/5ML,HYMINE,ORAL SOLUTION,"100ML ,500 ML,60ML",AMB COL PET BOTTLE,ACE Healthcare (Pvt) Ltd,SRI LANKA,***
IRON SUCROSE INJECTION USP 100MG/5ML,UNIRAUT 100,SOLUTION FOR INJECTION,5ML AMPOULES X 5'S,CLEAR GLASS AMPOULE,United Biotech (P) Limited,INDIA,KLINTAS(PVT)LTD
HYOSCINE BUTYLBROMIDE TABLETS BP 10MG,HYOMOR,TABLETS,10X10'S,ALU PVC PVDC BLI.PAC,Morison Limited,SRI LANKA,***
IRON SUCROSE INJECTION USP 100MG/5ML,ENCIFER,SOLUTION FOR INJECTION,5ML AMPO X5'S, AMPOULES,Samrudh Pharma (Pvt) Ltd,INDIA,Emerchemie NB (Ceylon) Ltd
SOLUBLE INSULIN INJECTION PH.EUR.100IU/ML,WOSULIN R,SOLUTION FOR INJECTION,10ML,GLASSVIAL,Wockhardt Ltd,INDIA,Emerchemie NB (Ceylon) Ltd
TELMISARTAN TABLETS 80MG,TELGIO 80,TABLETS,3X10'S,POLYCELLONIUM STRIP,PT Dexa Medica,INDONESIA,A Baur & Co  (Pvt) Ltd
ENALAPRIL  MALEATE TABLETS USP 5MG,ENAM 5,TABLETS,2X10'S,ALU ALU STRIP/BLISTE,Dr Reddy's Laboratories Ltd,INDIA,Emerchemie NB (Ceylon) Ltd
ISOFLURANE USP 100% V/V (INHALATION VAPOUR LIQUID),**,INHALATION VAPOUR-LIQUID,1000ML & 250ML,TYP III AMBER GLASS,SHANDONG NEW TIME PHARMACEUTICALS CO.LTD,CHINA,Gulf Pharma (Pvt) Ltd
GOSERELIN 3.6MG IMPLANT,RESELIGO,IMPLANT(FOR SUBCUTANEOUS USE),1PREFILLED SYRINGE/P,PRE-FILLED SYRINGE,AMW GmbH Birkerfeld,GERMANY,Pharma Associates
FEXOFENADINE HYDROCHLORIDE  TABLETS USP 120MG,MAXFEN 120,TABLETS,"3X10'S,10X10'S & 250",ALU PVC BLISTER HDPE,ACE Healthcare (Pvt) Ltd,SRI LANKA,***
HYDROXOCOBALAMIN INJECTION BP 1MG/1ML,**,SOLUTION FOR INJECTION,10X1ML,USP TYP I AMBER COLO,"YADEN LABORATORIES PVT LTD ,",SRI LANKA,***
OLOPATADINE HYDROCHLORIDE OPHTHALMIC SOLUTION USP 0.1% W/V,DICIPAT,OPHTHALMIC  SOLUTION,5ML BOTTLE PER PACK,LDPE DROPPER BOTTLE,DCI Pharmaceutical (Pvt) Ltd,INDIA,Cloud Healthcare (Pvt) Ltd
DEXTROSE INJECTION USP 50% W/V,***,INTRAVENOUS INFUSION,"50ML,10X50,ML,20X50M",CLEAR FLINT GLASS VI,Ciron Drugs & PharmaceuticalS (Pvt) Ltd,INDIA,Ceyoka (Pvt) Ltd
CEPHALEXIN ORAL SUSPENSION IP 125MG/5ML,CEPHADEX  DRY SYRUP,DRY POWDER SUSPENSION,100ML,HDPE BOTTLE,Medispray Laboatories (Pvt) Ltd,INDIA,Breathe Free Lanka (Pvt) Ltd
DIGOXIN INJECTION BP 250MCG/ML,DIGIVER,INJECTION,2ML X10X10,USP TYP I GLASS AMPO,Verve Human Care Laboratories,INDIA,Leader Pharma Agency (Pvt) Ltd
LEFLUNOMIDE TABLETS USP 10MG,ERAVE,TABLETS,1X10'S,ALU ALU BLISTER,English Pharmaceuticals Pvt Ltd,PAKISTAN,ABC Pharma Services Pvt. Ltd
ATENOLOL TABLETS BP 50MG,ATELEB 50,TABLETS,BLISTER-10X10'S&HDPE,"ALU PVC BLISTER,HDPE",Leben Laboratories (Pvt) Ltd,INDIA,Ceyoka (Pvt) Ltd
METFORMIN TABLETS BP 850MG,DIABETMIN 850,FILM COA TABLETS,10X10'S,ALU PVC BLISTER PACK,Hovid Berhard,MALAYSIA,Mansel (Ceylon) (Pvt) Ltd
LEVETIRACETAM TABLETS USP 500MG,LEVORA 500,TABLETS,"1X10,3X10,5X10,6X10,",ALU PVDC BLISTER,NEWGEN LANKA HEALTHCARE (PVT) LTD,SRI LANKA,***
DOXORUBICIN HYDROCHLORIDE LIPOSOME INJECTION 20MG/10ML,***,INJECTION,1 VIAL/PACK,TUBER GLASS VIAL RUB,"CSPC OUYI Pharmaceutical Co,Ltd",CHINA,Ceyoka (Pvt) Ltd
PHYTOMENADIONE INJECTION BP 1MG/0.5ML,K-WIN,INJECTION,10X0.5ML,GLASS AMPOULE,Mercury Laboratories Ltd,INDIA,Yaden International (Pvt) Ltd
AMLODIPINE TABLETS USP 5MG,AMLONOVA 5,UNCOATED TABLETS,10X10'S,"ALU ALU BLISTER,ALU",Innova Captab,INDIA,Cliniqon Biotech Pvt. Ltd
GLICLAZIDE MODIFIED RELEASE TABLETS 30MG,NEOGLIX MR 30,TABLETS,"10X10'S, 4'S",BLISTER,Wallace Pharmaceuticals (Pvt)Ltd,INDIA,Emar Pharma (Pvt) Ltd
VITAMIN E CAPSULES 200MG,ECOVIT-S,CAPSULES,"3X10'S,5X10'S,10X10'",ALU PVC BLISTER,Globe Pharmaceuticals Ltd,BANGLADESH,Tabrane Healthcare (Pvt) Ltd
VILDAGLIPTIN TABLETS 50MG,VILDAPRIDE 50,TABLETS,3X10'S,ALU ALU BLISTER,M/S Micro Labs Limited,INDIA,Micro Healthcare (Pvt) Ltd
STERILE NORADRENALINE CONCENTRATE BP 2MG/ML,NORADERIN,SOLUTION FOR IV USE,10'S(2ML),AMB USP TY 1 GLS AMP,Ciron Drugs & PharmaceuticalS (Pvt) Ltd,INDIA,Ceyoka (Pvt) Ltd
ATORVASTATIN TABLETS 40MG,LIPITOR,FILM COA TABLETS,3X10'S,ALU ALU BLISTER PACK,VIATRIS PHARMACEUTICALS LLC,GERMANY,Hemas Pharmaceuticals (Pvt) Ltd
PROMETHAZINE INJECTION  BP 25MG./ML,***,INJECTION,"10'(1ML),10'S(2ML)",USP TY 1 GLS AMPOULE,Ciron Drugs & PharmaceuticalS (Pvt) Ltd,INDIA,Ceyoka (Pvt) Ltd
MOMETASONE FUROATE 0.1% W/W CREAM,ELOSONE CREAM,TOPICAL CREAM,15G,ALUMINIUM TUBE,Hoe Pharmaceuticals SDN BHD,MALAYSIA,Indoscan (Pvt) Ltd
IRON SUCROSE INJECTION USP 20MG/ML,HAEM UP INJECTION,INJECTION,5X2.5ML AMPO. &5X5ML,AMBER COLOUR GLASS,Cadila pharmaceuticals Ltd,INDIA,Sunshine Healthcare lanka Ltd
DULOXETINE HYDROCHLORIDE TABLETS 20MG,DULOXINE 20,TABLETS,10X10'S,ALU ALU BLISTER,Pharmafabrikon,INDIA,Novachem Lanka (Pvt) Ltd
MELATONIN TABLETS 3MG,MELO 3,TABLETS,"1X10'S,3X10'S,4X10'S",ALU PVC/PVDC BLISTER,NEWGEN LANKA HEALTHCARE (PVT) LTD,SRI LANKA,***
HYDROCORTISONE ACETATE CREAM USP 0.5 % W/W,GAMMACORT,CREAM,1'S (15G),ALU COLL. TUBE,"GAMMA INTERPHARM PVT LTD,",SRI LANKA,***
CLONAZEPAM TABLETS BP 2MG,**,TABLETS,10X10'S,ALU PVC BLISTER,Mercury Laboratories Ltd,INDIA,Yaden International (Pvt) Ltd
ACICLOVIR SODIUM FOR INFUSION BP 250MG,UNIVIR 250,POWDER FOR INFUSION,1'S,USP TYP I GLS VIAL,United Biotech (P) Limited,INDIA,Klintas (Pvt) Ltd
IOPROMIDE INJECTION 0.623G (EQUIVALENT TO 300MG IODINE IN 1ML) (300MG/ML),ULTRAVIST 300,INJECTION,"10'S,(50ML)10'S(100M",TYPE II GLS BOTTLE,Bayer A G,GERMANY,Hemas Pharmaceuticals (Pvt) Ltd
URSODEOXYCHOLIC ACID TABLETS BP 150MG,***,TABLETS,10X10'S &100'S,ALU ALU BLISTER &,Treffer Pharmaceuticals,INDIA,Yaden International (Pvt) Ltd
MIDAZOLAM INJECTION BP 5MG/ML,***,INJECTION,1MLX10'S,1ML USP TY 1 GLS AMP,Ciron Drugs & PharmaceuticalS (Pvt) Ltd,INDIA,Ceyoka (Pvt) Ltd
VITAMIN B COMPLEX INJECTION (THIAMINE HCL BP 10MG+RIBOFLAVIN SODIUM PHOSPHATE BP 4MG+NICOTINAMIDE BP 40MG +CYANOCOBALAMIN BP 8MG+PYRIDOXINE HYDROCHLOR,VITABION,INJECTION,50X2 AMPO.PER PACK,GLASS AMPOULE,Belco Pharma,INDIA,Pharmatec (Pvt) Ltd
LACTULOSE SOLUTION USP 10G/15ML,LIVOLUK,ORAL SOLUTION,100ML & 120ML,PET BOTTLE,Panacea Biotech Pharma Ltd,INDIA,Markss HLC (Pvt) Ltd
METFORMIN HYDROCHLORIDE EXTENDED RELEASE TABLETS USP 500 MG,METLONG 500,SUSTAINED RELEASE TABLETS,"20X10'S,3X10'S10X10'",PVC ALU BLISTER,Panacea Biotech Pharma Ltd,INDIA,Markss HLC (Pvt) Ltd
GLICLAZIDE MODIFIED REALEASE TABLETS 30MG,GLIZYM MR30,TABLETS,"10X10'S,3X10'S",ALU/PVC BLISTER,Panacea Biotech Pharma Ltd,INDIA,Markss HLC (Pvt) Ltd
ENTACAPONE TABLETS USP 200MG,ENCAP,TABLETS,"10X10'S,3X10'S",ALU ALU BLISTER,Celogen Lanka (Pvt) Ltd,SRI LANKA,***
DARBEPOETIN ALFA INJECTION 60 MCG/0.30ML,DERISE 60,SOLUTION FOR INJECTION,1ML PFS/PACK,USP TY 1 PFSY,Hetero Biopharma Limited,INDIA,DIVASA Pharma Ltd
METHYLDOPA TABLETS BP 250MG,DOPATAB M250,FILM COATED TABLETS,10X10'S,ALU PVC BLISTER,Hovid Berhad,MALAYSIA,Mansel (Ceylon) (Pvt) Ltd
ONDANSETRON TABLETS USP 8MG,ONASERON,FILM COATED TABLETS,"3X10'S,10X10'S",ALU PVC BLISTER,Incepta Pharmaceuticals Ltd,BANGLADESH,Citihealth Imports (Pvt) Ltd
MEROPENEM FOR INJECTION USP 1.0G,MERORIGHT 1G,POWDER FOR INJECTION,20ML VIAL,CLEAR GLASS VIAL,Zeiss Pharmaceuticals (Pvt) Ltd,INDIA,Chamee Chemist
TERLIPRESSIN INJECTION 1MG/10ML,**,SOLUTION FOR INJECTION,10MLX5'S&10MLX10'S,TYP IGLASS VIAL,kelun lifesciences(Pvt) Ltd,SRI LANKA,***
CANDESARTAN TABLETS 16MG,TREATAN 16,TABLETS,28'S,ALU-PVDC BLISTER,PharmEvo (Pvt) Ltd,PAKISTAN,CIC Holdings PLC
LORATADINE TABLETS USP 10MG,ORADIN,TABLETS,10X10'S,ALU ALU BLISTER,Eskayef Pharmaceuticals Ltd,BANGLADESH,Truvic Private Ltd
SULFASALAZINE TABLETS BP 500 MG,SALZIMEC,TABLETS,10X10'S,ALU PVC BLISTER,Mc W Healthcare (Pvt) Ltd,INDIA,Innogen Lanka (Pvt) Ltd
TELMISARTAN TABLETS USP  20MG,MISAR 20,TABLETS,"1x10's,10x10's",ALU ALU BLISTER,Highnoon Laboratories Ltd,PAKISTAN,Truvic Private Ltd
CLONAZEPAM TABLETS USP 0.5MG,**,TABLETS,"100'S,500'S",AMBER COLOURED GLASS,Morison Limited,SRI LANKA,***
CASPOFUNGIN ACETATE POWDER FOR CONCENTRATE FOR SOLUTION FOR INFUSION 70MG,CASGLO 70,POWDER FOR CONCENTRATE FOR SOLUTION FOR INFUSION,1 VIAL/PACK,TYP I CLEAR GLASS VI,Anfarn Hellas S A,GREECE,Sunshine Healthcare lanka Ltd
DEXAMETHASONE SODIUM PHOSPHATE INJECTION  USP 8MG/2ML,**,SOLUTION FOR INJECTION,5X2ML AMPOULE&10X2ML,LEAR TYP I GLASS AMP,kelun lifesciences(Pvt) Ltd,SRI LANKA,***
ROSUVASTATIN TABLETS 10MG,CRESTOR 10,TABLETS,2X14'S,ALU PVC BLISTER,IPR PHARMACEUTICALS INC,UNITED KINGDOM,Hemas Pharmaceuticals (Pvt) Ltd
ESOMEPRAZOLE TABLETS 20MG,ESOPEL 20,TABLETS,10X1X10'S,ALU ALU BLISTER,Medopharm,INDIA,Sunshine Healthcare lanka Ltd
ALFACALCIDOL CAPSULES 0.25MCG,ALDIOL,CAPSULE,ALU PVC BLISTER,"ALU PVC BLISTER,HDPE",Softgel Health Care (Pvt) Ltd,INDIA,Pharma Associates
TRANEXAMIC ACID INJECTION USP 500MG/5ML,TRAXMIC,INJECTION,"5'S(5ML),10'S(5ML)",USP TYP 1 CLEAR GLAS,kelun lifesciences(Pvt) Ltd,SRI LANKA,***
ELTROMBOPAG TABLETS 50MG,ELTROM 50,TABLETS,"10'S,14'S,30'S,60'S,",HDPE BOTTLE,M/S Julphar Bangladesh Ltd,BANGLADESH,Tabrane Healthcare (Pvt) Ltd
FAMOTIDINE TABLETS USP 40MG,FAMTIN 40,TABLETS,3X10'S & 10X10'S,ALU AMBER PVC/PVDC,Celogen Lanka (Pvt) Ltd,SRI LANKA,***
DAPAGLIFLOZIN TABLETS 10MG,DAPAGLYN 10,TABLETS,1X10'S 3X10'S 10X10',ALU ALU BLISTER,Celogen Lanka (Pvt) Ltd,SRI LANKA,***
EMPAGLIFLOZIN 10MG+ LINAGLIPTIN 5 MG TABLET,ERLINA 10/5,TABLETS,14'S & 28'S,ALU ALU BLISTER,M/S PharmEvo (Pvt)Ltd,PAKISTAN,CIC Holdings PLC
METOCLOPRAMIDE TABLETS BP 10MG,MAXERON,TABLETS,4x5x10's,Blister Pack,Wallace Pharmaceuticals (Pvt)Ltd,INDIA,Emar Pharma (Pvt) Ltd
BECLOMETASONE DIPROPIONATE DRY POWDER CAPSULES 400MCG,BECLATE 400 DP CAPS,DRY POWDER CAPSULES,10X10'S,BLISTER PACK,Cipla Limited,INDIA,Breathe Free Lanka (Pvt) Ltd
MONTELUKAST TABLETS 10MG,VENTOKAST 10,TABLETS,10X10'S,ALU ALU BLISTER,INNOVA CAPTAB LIMITED,INDIA,Cliniqon Biotech Pvt. Ltd
MONTELUKAST TABLETS 5MG,VENTOKAST 5,TABLETS,3X10'S & 10X10'S,ALU ALU BLISTER,INNOVA CAPTAB LIMITED,INDIA,Cliniqon Biotech Pvt. Ltd
TACROLIMUS CAPSULES USP 1.0 MG,LOKGRAF 1.0,CAPSULES,1X10' 10X10',ALU ALU BLISTER,J Duncan Healthcare (Pvt) Ltd,INDIA,Cliniqon Biotech Pvt. Ltd
AMOXICILLIN & CLAVULANATE POTASSIUM TABLETS USP 1000MG,INDCLAV 1000,TABLETS,10'S & 30'S,ALU ALU BLISTER,Indchemie Health Specialities (Pvt) Ltd,INDIA,Pharma Associates
PREGABALIN CAPSULES 75MG,NOVAPREG 75,CAPSULES,10X10'S,ALU ALU BLISTER,INNOVA CAPTAB LIMITED,INDIA,Cliniqon Biotech Pvt. Ltd
PREGABALIN CAPSULES 150MG,NOVAPREG 150,CAPSULES,10X10'S,ALU ALU BLISTER,INNOVA CAPTAB LIMITED,INDIA,Cliniqon Biotech Pvt. Ltd
POVIDONE IODINE CLEANSING SOLUTION USP 7.5% W/V,HEMITADINE,CLEANSING SOLUTION,"50ML,100ML,500ML",AMB COL PLAS BOTTLE,Himat (Pvt) Ltd,SRI LANKA,***
PARACETAMOL IV INFUSION 1G,FEVASTIN IV,IV INFUSION,1G/1000ML,USP TYP II CLEAR GLA,Tablets (India) Ltd,INDIA,George Steuart Health Pvt Ltd
ACECLOFENAC TABLETS 100MG,DOLOWIN,TABLETS,3X10'S,ALU ALU BLISTER,Micro Labs Limited,INDIA,Micro Healthcare (Pvt) Ltd
BISACODYL DELAYED RELEASE TABLETS USP 5MG,CORLEX-5,TABLETS,5X2X10'S,STRIP,Akums Drugs & Pharmaceuticals Ltd,INDIA,Steriix Healthcare (Pvt) Ltd
EMPAGLIFLOZIN TABLETS 25MG,EMPIRE 25,TABLETS,2X14'S,ALU ALU BLISTER,Drug International Ltd,BANGLADESH,Amsted Intima (Pvt) Ltd
CYCLOSPORIN CAPSULES USP 25MG,***,CAPSULES,3X10(STRIP) 100(JAR),STRIPS AND JAR,Centurion Laboratories Pvt Ltd,INDIA,Yaden International (Pvt) Ltd
GLICLAZIDE TABLETS IP 80MG,NeoGLIX 80,TABLET,2X5X10'S,ALU PVC BLISTER,Wallace Pharmaceuticals (Pvt)Ltd,INDIA,Emar Pharma (Pvt) Ltd
SITAGLIPTIN TABLETS 50MG,ADMIT 50,TABLETS,"3X10'S,10X10'S&14'S",ALU ALU BLISTER,Shaigan Pharmaceuticals (Pvt) Ltd,PAKISTAN,ABC Pharma Services Pvt. Ltd
CLOBETASOL PROPIONATE OINTMENT USP 0.05% w/w,ENDERM OINTMENT,OINTMENT,15G,ALUMINIUM COLLAPSIBL,Leben Laboratories (Pvt) Ltd,INDIA,Ceyoka (Pvt) Ltd
COLISTIMETHATE FOR INJECTION USP 1000000 IU (1 MILLION IU)/VIAL,***,LYOPHILIZED POWDER FOR SOLUTION FOR INJECTION,10ML VIAL,USP TYPE I  TUBULAR,Ciron Drugs & PharmaceuticalS (Pvt) Ltd,INDIA,Ceyoka (Pvt) Ltd
THEOPHYLLINE CONTROLLED RELEASE TABLETS 400MG,UNICONTIN 400,TABLETS,10X10'S,ALU ALU BLISTER,Modi Mundipharma Ltd,INDIA,Robert Hall & Co Ltd
PACLITAXEL PROTEIN BOUND PARTICLES FOR INJECTABLE SUSPENSION (ALBUMIN BOUND) 100MG,NAB CELTAX,LYOPHILIZED POWDER FOR INJECTION,100MG LYOPHILIZED PO,USP TY 1 GLASS VIAL,Celon Laboratories Private Limited,INDIA,Medmart Pharma (Pvt) Ltd
LEVOFLOXACIN TABLETS USP 500MG,LEVOC 500,TABLETS,"100'S,1X10'S,3X10'S,",ALU ALU BLISTER,ZIM Laboratories Limited,INDIA,Tabrane Pharmaceuticals (Pvt) Ltd
DIPYRIDAMOLE TABLETS BP 75MG,PERAZODIN 75,TABLETS,3X10'S,ALU PVC BLISTER,Remedica limited,CYPRUS,Kandana Food & Drugs (Pvt) Ltd
ASCORBIC ACID  CHEWABLE TABLETS BP 500MG,C-GEN 500,CHEWABLE TABLETS,"1X10'S,3X10'S,4X10'S",ALU ALU STRIP,NEWGEN LANKA HEALTHCARE (PVT) LTD,SRI LANKA,***
SIMETHICONE ORAL DROPS USP 20MG/0.3ML,AEROPAC,ORAL DROPS,15ML,AMBER COLOUR GLASS,Amico Laboratories Ltd,BANGLADESH,Prolifecare (Pvt) Ltd
IRBESARTAN TABLETS USP 75MG,IRBESART 75,TABLETS,"1X10'S,3X10'S,4X10'S",ALU PVDC/PVC BLISTER,NEWGEN LANKA HEALTHCARE (PVT) LTD,SRI LANKA,***
TETANUS IMMUNOGLOBULIN HUMAN INJECTION 250IU IN 1 ML,TETAGAM-P,SOLUTION FOR INJECTION,PRE FILLED SYRI.1ML,PRE FILLED SYRINGE,CSL Behring GmbH,GERMANY,ABC PHARMA SERVICES (PVT) LTD
CEFUROXIME AXETIL TABLETS BP 500MG,AXETINE 500,FILM COA TABLETS,"10'S,4'S",ALU ALU BLISTER,Medochemie Ltd,CYPRUS,George Steuart Health Pvt Ltd
ESOMEPRAZOLE MAGNESIUM DELAYED RELEASE TABLETS 40MG,ESOMAC 40,TABLETS,"3x10'S,6X10'S",ALU ALU STRIP,Medispray Laboatories (Pvt) Ltd,INDIA,Breathe Free Lanka (Pvt) Ltd
IRBESARTAN TABLETS USP 300MG,IRBESART 300,TABLET,"1X10'S,3X10'S,4X10'S",ALU PVDC/PVC BLISTER,NEWGEN LANKA HEALTHCARE (PVT) LTD,SRI LANKA,***
IRBESARTAN TABLETS USP 150MG,IRBESART 150,TABLETS,"1X10'S,3X10'S,4X10'S",ALU PVDC PVC BLISTER,NEWGEN LANKA HEALTHCARE (PVT) LTD,SRI LANKA,***
CLARITHROMYCIN TABLETS USP 500MG,CLARIGEN 500,TABLETS,"1X10'S,3X10'S,4X10'S","ALU PVC BLISTER,ALU",NEWGEN LANKA HEALTHCARE (PVT) LTD,SRI LANKA,***
INACTIVATED INFLUENZA VACCINE (SURFACE ANTIGEN) IP (QUADRIVALENT) (SINGLE DOSE),INFLUVAC TETRA,INJECTION,0.5ML PREFIL SYRING,PREFILLED SYRINGE,Abbott Biological BV,NETHERLANDS,Sunshine Healthcare lanka Ltd
INACTIVATED INFLUENZA VACCINE (SURFACE ANTIGEN) IP (QUADRIVALENT) (SINGLE DOSE),INFLUVAC TETRA,INJECTION,0.5ML PREFILLED SYR,PREFILLED SYRINGE,Abbott Biological BV,NETHERLANDS,Sunshine Healthcare lanka Ltd
MONTELUKAST SODIUM CHEWABLE TABLETS USP 5MG,***,TABLETS,100'S,HDPE JAR,Celogen Lanka (Pvt) Ltd,SRI LANKA,***
SALBUTAMOL ORAL SOLUTION BP 2MG/5ML,BRONCOVENT,ORAL SOLUTION,"30ML,50ML,60ML,100ML",AMBER COLOUR GLAS BO,NEWGEN LANKA HEALTHCARE (PVT) LTD,SRI LANKA,***
CARVEDILOL TABLETS  6.25MG,CARDIGEN 6.25,TABLETS,"3X10'S,1X10'S,4X10'S",ALU LAU BLISTER,NEWGEN LANKA HEALTHCARE (PVT) LTD,SRI LANKA,***
LENALIDOMIDE CAPSULES 10MG,RELIDOMIDE 10,CAPSULES,3x7's,Alu-Alu Blister,Reliance Life Sciences (Pvt) Ltd,INDIA,ABC Pharma Services Pvt. Ltd
DARBEPOETIN ALFA INJECTION 25MCG/0.42ML,DERISE 25,SOLUTION FOR INJECTION,1PERFILLED SYRINGE,SINGLE DOSE PFSY,Hetero Biopharma Limited,INDIA,DIVASA Pharma Ltd
CHEWABLE ASCORBIC ACID TABLETS BP 500MG,ASBIC-0,TABLETS,5X20'S,ALU ALU STRIP,Celogen Lanka (Pvt) Ltd,SRI LANKA,***
ADALIMUMAB SOLUTION FOR INJECTION 40MG/0.8ML,PAMERA 40,SOLUTION FOR INJECTION,1ML PER FILLED GL.SY,PRE FILLED GLASS SYR,Hetero Biopharma Limited,INDIA,DIVASA Pharma Ltd
CO-AMOXICLAV  FOR INJECTION  BP 1.2G,CLANEKSI,POWDER FOR INJECTION,06 VIALS/PACK,GLASS VIAL,PT Sanbe Farma,INDONESIA,Softlogic Pharmaceuticals (Pvt( Ltd
GLICLAZIDE MODIFIED REALEASE TABLETS 60MG,GLIC MR 60,TABLETS,"3X10'S,10X10'S & 100",ALU ALU BLISTER &,Celogen Lanka (Pvt) Ltd,SRI LANKA,***
CELECOXIB CAPSULES 100MG,**,CAPSULES,10X10'S,BLISTER,ZYDUS LIFESCIENCES LIMITED,INDIA,Sunshine Healthcare lanka Ltd
FEXOFENADINE HYDROCHLORIDE  TABLETS USP 120MG,ALLERSTAT 120,TABLETS,10X10'S & 1X10'S,ALU PVC BLISTER,Cadila pharmaceuticals Ltd,INDIA,Sunshine Healthcare lanka Ltd
LEVETIRACETAM EXTENDED RELEASE TABLETS USP 1000 MG,LEVIPIL XR 1000,EXTENDED RELEASE TABLETS,5X6'S,BLISTER PACK 5X6'S,SUN PHARMACEUTICAL INDUSTRIES LTD,INDIA,Emerchemie NB (Ceylon) Ltd
ATOMOXETINE CAPSULES USP 18MG,ATTENTROL 18,CAPSULES,3X10'S,PVC/ACLAR BLISTER,SUN PHARMACEUTICAL INDUSTRIES LTD,INDIA,Emerchemie NB (Ceylon) Ltd
AMANTADINE HYDROCHLORIDE TABLETS USP 100MG,AMORID 100,TABLETS,"3X10'S,1X10'S,4X10'S",ALU ALU BLISTER,NEWGEN LANKA HEALTHCARE (PVT) LTD,SRI LANKA,***
GLICLAZIDE TABLETS BP 40MG,GLIZET 40,TABLETS,10X5X10'S&2X5X10'S&,ALU PVC BLISTER & HD,Celogen Lanka (Pvt) Ltd,SRI LANKA,***
PRAMIPEXOLE DIHYDROCHLORIDE MONOHYDRATE TABLETS 1MG,PRAMEXOL 1,TABLETS,3X10'S,ALU ALU BLISTER,Unison Laboratories Co Ltd,THAILAND,Sunshine Healthcare lanka Ltd
FEXOFENADINE HYDROCHLORIDE  TABLETS USP 120MG,FEXODIN 120,TABLETS,"3X10'S,10X10'S&500'S","PVC-PVDC,HDPE JAR",Celogen Lanka (Pvt) Ltd,SRI LANKA,***
AMISULPRIDE TABLETS BP 100 MG,AMIDE 100,TABLETS,1X10'S,ALU/AMBER PVC-PVDC,Celogen Lanka (Pvt) Ltd,SRI LANKA,***
DAPAGLIFLOZIN TABLETS 5MG,DFLOZIN,TABLETS,"14'S,28'S",BLISTER,Hilton  Pharma (Pvt) Ltd,PAKISTAN,Sunshine Healthcare lanka Ltd
ETORICOXIB TABLETS 90MG,ETOVIN 90,TABLET,3X10'S,"ALU ALU BLISTER,PVC",Axon Drugs (Pvt) Ltd,INDIA,Sunshine Healthcare lanka Ltd
SITAGLIPTIN TABLETS 25MG,ADMIT 25,TABLETS,"1X14'S,5X10'S",BLISTER PACKS,Shaigan Pharmaceuticals (Pvt) Ltd,PAKISTAN,ABC Pharma Services Pvt. Ltd
CHLORPHENIRAMINE MALEATE ORAL SOLUTION USP 2MG/5ML,**,LIQUID,"100ML,500ML,60ML",AMBER PET BOTTLE,ACE Healthcare (Pvt) Ltd,SRI LANKA,***
CHLORPHENAMINE INJECTION BP 10MG/1ML,CLORAMIN,INJECTION,"1MLX5'S,1MLX10'S",AMBER GLS USP TYP I,kelun lifesciences(Pvt) Ltd,SRI LANKA,***
PREDNISOLONE ACETATE OPHTHALMIC SUSPENSION USP 1% W/V,PRED PLUS EYE DROPS,OPHTHALMIC SUSPENSION,5ML,PLASTIC CONTAINER,The Schazoo Pharmaceutucal Laboratories (Pvt) Ltd,PAKISTAN,Shaka Holdings (Pvt) Ltd
TADALAFIL TABLETS 10MG,CIALIS,TABLETS,4'S,ALU PVC BLISTER,Lilly del Caribe Inc,SPAIN,Hemas Pharmaceuticals (Pvt) Ltd
PRAMIPEXOLE DIHYDROCHLORIDE TABLETS 0.25MG,RAMIPEX 0.25,TABLETS,3X10'S,ALU ALU BLISTER,Torrent Pharmaceuticals Ltd,INDIA,Hemas Pharmaceuticals (Pvt) Ltd
BRIMONIDINE TARTRATE OPHTHALMIC SOLUTION 0.1% W/V,ALPHAGAN P 0.1%,OPHTHALMIC SOLUTION,5ML,LDPE DROPPR BOTTLE,Allergan Sales LLC,AMERICA,Hemas Pharmaceuticals (Pvt) Ltd
BRIMONIDINE TARTRATE OPHTHALMIC SOLUTION 0.1% W/V,ALPHAGEN P 0.1%,OPHTHALMIC SOLUTION,5ML,LDPE DROPPPER  BOTTL,Allergan Sales LLC,AMERICA,Hemas Pharmaceuticals (Pvt) Ltd
BROMHEXINE  HYDROCHLORIDE 2.OMG AND GUAIFENESIN 50.0MG ORAL SOLUTION( EXPECTORANT),BENOF-EX,EXPECTORANT ORAL SOLUTION,100 ML,Amber Colo.Glass bot,"GAMMA INTERPHARM PVT LTD,",SRI LANKA,***
LURASIDONE HYDROCHLORIDE TABLETS 40MG,LURAFORE 40,TABLETS,"1X10'S,3X10'S,10X10'",ALU-ALU BLISTER,Celogen Lanka (Pvt) Ltd,SRI LANKA,***
VITAMIN E CAPSULES  USP 200MG,EZY 200,SOFT GELATIN CAPSULES,"1X10'S,3X10'S,6X10'S",ALU-CLEAR PVC BLISTE,Celogen Lanka (Pvt) Ltd,SRI LANKA,***
CLOFARABINE INJECTION 1MG/ML,**,SOLUTION FOR INJECTION,20ML,GLASS VIAL,Shilpa Medicar Ltd,INDIA,Slim Pharmaceuticals (Pvt) Ltd
CHOLECALCIFEROL TABLETS USP 1000IU,DVIT 1000,TABLETS,3X10'S,ALU PVDC BLISTER,The Acme Laboratories Ltd,BANGLADESH,Mega Pharma (Pvt) Ltd
SODIUM TETRADECYL SULPHATE INJECTION BP 60MG/2ML,***,INJECTION,2ml,USP TY I Clear Gl Am,Mercury Laboratories Ltd,INDIA,Yaden International (Pvt) Ltd
PALBOCICLIB CAPSULES 125MG,PALBONIX 125,CAPSULES,21'S,HDPE BOTTLE,Beacon Pharmaceuticals Ltd,BANGLADESH,Emerchemie NB (Ceylon) Ltd
SITAGLIPTIN TABLETS BP 100MG,ADMIT 100,FILM COATED TABLETS,"2X7,3X10,10X10'S T/P",ALU-ALU BLISTER,Shaigan Pharmaceuticals (Pvt) Ltd,PAKISTAN,ABC Pharma Services Pvt. Ltd
PARACETAMOL TABLETS BP 500MG,PARACIL,TABLETS,10X10'S & 20X10'S,ALU-PVC BLISTER PACK,Fourrts (India) Laboratories Pvt Ltd,INDIA,Sunshine Healthcare lanka Ltd
IVABRADINE TABLETS 7.5MG,ABRIN 7.5MG,TABLETS,3X10'S,ALU ALU BLISTER,The Searle Pakistan Limited,PAKISTAN,Morison Limited
GLICLAZIDE EXTENDED RELEASE TABLETS 60MG,PROGLITAB 60,TABLETS,10X10'S,ALU-PVC BLISTER,INVENTIA HEALTHCARE LTD,INDIA,Emerchemie NB (Ceylon) Ltd
NEOSTIGMINE INJECTION 0.5MG/ML,NEOSTIG HAMELN,SOLUTION FOR INJECTION,1ML AMPOULE X 10/PAC,AMPOULE,Siegfried Hameln GmbH,GERMANY,Sukhee Pharma (Pvt) Ltd
FENOFIBRATE CAPSULES USP 200MG,LIPICARD,CAPSULES,4X7'S, ALU PVC PVDC BLISTE,USV Private Limited,INDIA,Hemas Pharmaceuticals (Pvt) Ltd
TELMISARTAN TABLETS USP 20MG,TAZLOC 20,TABLET,3X10'S,ALU ALU BLISTER,USV Private Limited,INDIA,Hemas Pharmaceuticals (Pvt) Ltd
ACICLOVIR TABLETS BP 200MG,X-VIR 200,TABLETS,"3X10'S,10X10'S&100'S","ALU PVC/PVDC,HDPE JA",Celogen Lanka (Pvt) Ltd,SRI LANKA,***
COLECALCIFEROL TABLETS 5000 IU,SUNBLESS 5K,TABLETS,"2X5X10',10X5X10,500'",ALU PVC PVDC HDPE,CELOGEN LANKA (PVT) LTD FOR ZYDUS LANKA (PVT) LTD,SRI LANKA,N/A
LACOSAMIDE TABLETS 100MG,COSAMIDE 100,TABLETS,1X10'S,ALU-PVC Blister,MSN Laboratories Ltd,INDIA,Axia (Pvt) Ltd
SITAGLIPTIN TABLETS BP 100MG,**,TABLETS,"10X10'S,500'S HDPE J","ALU PVC,HDPE JAR",State Pharmaceuticals Manufacturer Corporation,SRI LANKA,***
BORTEZOMIB POWDER FOR SOLUTION FOR INJECTION 1MG,VELCADE,POWDER FOR SOLUTION FOR INJECTION,5MLX1 VIAL/PACK,GLASS VIAL,BSP Pharmaceuticals SRL,BELGIUM,A Baur & Co  (Pvt) Ltd
PARACETAMOL TABLETS BP 500MG,PARACE,TABLETS,"10X10'S,15X20",ALU PVC BLISTER,ACE Healthcare (Pvt) Ltd,SRI LANKA,***
FEXOFENADINE HYDROCHLORIDE TABLETS IP 120 MG,ALLEGRA 120,TABLETS,1x10's,ALU PVC PVDC BLISTER,Sanofi Consumer Healthcare India Ltd,INDIA,A Baur & Co  (Pvt) Ltd
NORADRENALINE INJECTION BP 2MG/2ML,N-YADALIN,INJECTION,10'S(2ml,AMBER GLASS AMPOULE,Yaden International (Pvt) Ltd,SRI LANKA,***
BETAHISTINE DIHYDROCHLORIDE TABLET BP 16 MG,BE-STEADY 16,TABLETS,10X10'S,ALU ALU BLISTER,Aurobindo Pharama Ltd,INDIA,Alaris Lanka (Pvt) Ltd
ENALAPRIL MALEATE TABLETS USP 5MG,ENRIL 5,TABLETS,"3X10'S, 10X10'S",ALU ALU STRIP,Celogen Lanka (Pvt) Ltd,SRI LANKA,***
CLOBAZAM TABLETS BP 10MG,**,UNCOATED TABLETS,"2X5X10'S,10X5X10'S",ALU/AMBER PVC-PVDC,Celogen Lanka (Pvt) Ltd,SRI LANKA,***
ABACAVIR TABLETS 300MG,ACAGEN,TABLETS,"90'S,60'S,30'S",HDPE JAR,Celogen Lanka (Pvt) Ltd,SRI LANKA,***
PRAZOSIN HYDROCHLORIDE EXTENDED RELEASE TABLETS 2.5MG,PRAZO XR 2.5,TABLETS,3X10'S,ALU ALU BLISTER,Biopharma Limited,BANGLADESH,Truvic Private Ltd
DARBEPOETIN ALFA INJECTION 100MCG/0.50 ML,DERISE 100,SOLUTION FOR INJECTION,1ML PFS/PACK,USP TY 1 PFSY(GLASS),Hetero Biopharma Limited,INDIA,DIVASA Pharma Ltd
GASTRO RESISTANT ASPIRIN TABLETS BP 150MG,CAREPRIN 150,TABLETS,10X10'S 3X10'S 100'S,"ALU STRIP,HDPE JAR",Celogen Lanka (Pvt) Ltd,SRI LANKA,***
LOSARTAN POTASSIUM TABLETS USP 50MG,LOZART,TABLETS,10X10'S,ALU ALU BLISTER,Astron Limited,SRI LANKA,***
TELMISARTAN 40MG & HYDROCHLOROTHIAZIDE USP 12.5MG TABLETS,TELMI H,TABLETS,3X10'S,ALU-ALU BLISTER,Finecure Pharmaceutical Ltd,INDIA,Biolife Pharmaceuticals (Pvt) Ltd
FLUOROMETHOLONE OPTHALMIC SUSPENSION USP 0.1%,FLUSOL,OPHTHALMIC SUSPENSION,5ML,PLASTIC BOTTLE,Popular Pharmaceuticals PLC,BANGLADESH,ABC Pharma Services Pvt. Ltd
SODIUM VALPROATE & VALPROIC ACID CONTROLLED RELEASE TABLETS 500MG,BRAIPORIN 500MG,TABLETS,10X10'S,STRIP,Akums Drugs & Pharmaceuticals Ltd,INDIA,Steriix Healthcare (Pvt) Ltd
ROSUVASTATIN TABLETS USP 5MG,ROSA 5,TABLETS,"1X10'S,3X10'S,4X10'S",ALU -ALU BLISTER,NEWGEN LANKA HEALTHCARE (PVT) LTD,SRI LANKA,***
GEMCITABINE CONCENTRATE FOR SOLUTION FOR INFUSION (38MG/ML),**,CONCENTRATE FOR SOLUTION FOR INFUSION,1'S,10ML GLASS VIAL,Shilpa Medicare Ltd,INDIA,Slim Pharmaceuticals (Pvt) Ltd
ERLOTINIB TABLETS 25MG,**,TABLETS,3X10'S,ALU ALU BLISTER,Shilpa Medicar Ltd,INDIA,Slim Pharmaceuticals (Pvt) Ltd
TOBRAMYCIN 0.3% W/W + DEXAMETHASONE 0.1% W/W,TOBRADEX OINTMENT,OPHTHALMIC OINTMENT,1'S,EPOXY-PHENOLIC LINED,NOVARTIS MANUFACTURING NV,SWITZERLAND,A Baur & Co  (Pvt) Ltd
TOBRAMYCIN OPHTHALMIC OINTMENT 0.3% W/W,TOBREX,OPHTHALMIC OINTMENT,3.5G,ALUMINIUM TUBE,NOVARTIS MANUFACTURING NV,SWITZERLAND,A Baur & Co  (Pvt) Ltd
LENVATINIB CAPSULES IP 4 MG,LENVIMA,CAPSULES,2X10'S,ALU ALU BLISTER,ElSAI Co LTD,UNITED KINGDOM,A Baur & Co  (Pvt) Ltd
MEDROXYPROGESTERONE ACETATE INJECTABLE SUSPENSION USP 150MG/1ML,DEPOSTERONE 150MG/1MG INJECTION,STERILE SUSPENSION FOR INJECTION,1ML+3ML SYR.AUTO DIS,USP TY 1 CLEAR GLASS,Hansel Pharmaceuticals Pvt Ltd,PAKISTAN,Klintas (Pvt) Ltd
RABEPRAZOLE TABLETS 20MG,WELRAB 20,TABLETS,"3X10'S,1X10'S",ALU ALU BLISTER,Akums Drugs & Pharmaceuticals Ltd,INDIA,Darley Butler  & Co Ltd
FEXOFENADINE HYDROCHLORIDE TABLETS IP 180MG,ALLEGRA 180,TABLETS,1X10'S,ALU PVC PVDC BLISTER,Sanofi Consumer Healthcare India Ltd,GOA,A Baur & Co  (Pvt) Ltd
AZITHROMYCIN TABLETS USP 250MG,AZITEC 250,TABLETS,"1X6'S, 10X6'S",BLISTER,United Biotech (P) Limited,INDIA,Klintas (Pvt) Ltd
AZITHROMYCIN TABLETS USP 500MG,AZITEC 500,TABLETS,1X3'S & 10X3'S,BLISTER,United Biotech (P) Limited,INDIA,Klintas (Pvt) Ltd
CEFUROXIME AXETIL TABLETS USP 250MG,CEFOPRIM 250,TABLET,4X5'S,ALU ALU STRIP,United Biotech (P) Limited,INDIA,Klintas (Pvt) Ltd
CLARITHROMYCIN FOR INFUSION BP 500MG (LYOPHILIZED),CLARIMIN 500,INFUSION,1 VIAL+10ML(AMP/PAC),VIAL+AMP WFI,United Biotech (P) Limited,INDIA,Klintas (Pvt) Ltd
AMOXICILLIN AND POTASSIUM CLAVULANATE TABLETS USP 375MG,CLAVOTEC 375,TABLETS,3X6'S,ALU ALU STRIP,United Biotech (Pvt) Ltd,INDIA,Klintas (Pvt) Ltd
EMPAGLIFLOZIN + METFORMIN TABLETS 12.5MG/500MG,JARDIANCE MET 12.5MG/500MG,TABLETS(FIXED DOSE COMBINATION),6X10'S,ALU-PVC-PCTFE BLIST,Boehringer Ingelheim Pharma gmBH & Co.Kg,GERMANY,Hemas Pharmaceuticals (Pvt) Ltd
IRBESARTAN 150MG+HYDROCHLOROTHIAZIDE 12.5MG TABLETS USP,IROVEL-H,TABLETS,5X10'S,ALU STRIP PACK,Sun Pharma Laboratories Ltd,INDIA,Hemas Pharmaceuticals (Pvt) Ltd
IVABRADINE TABLETS 5MG,ABRIN-5,TABLETS,3X10'S,ALU ALU BLISTER,The Searle Pakistan Limited,PAKISTAN,Morison Limited
CEFOTAXIME FOR INJECTION USP 1000MG,MELTAX 1000,POWDER FOR INJECTION,10ML,CLEAR GLS VIAL,Sands Active Pvt Ltd,SRI LANKA,***
BIVALENT POLIOMYELITIS VACCINE TYPE 1 & III LIVE (ORAL) MULTI DOSE VIAL,**,ORAL SOLUTION,"20,10 DOSE VIAL(1'S,",USP TYP I GLASS VIAL,Panacea Biotec  Ltd,INDIA,A Baur & Co  (Pvt) Ltd
OXYTOCIN INJECTION BP 5IU/ML,YADLIFE,CONCENTRATE SOLUTION FOR INFUSION,1ML(10X1ML AMPOULE),USP TYP I CLE. GLS,"YADEN LABORATORIES PVT LTD ,",SRI LANKA,***
CALCIUM CARBONATE BP 1250MG +VITAMIN D3 BP 500IU CAPSULES,ZECAL D3,SOFT GELATIN CAPSULES,3X10 CAPSULES,ALU FOIL BLISTER PAC,Indchemie Health Specialities (Pvt) Ltd,INDIA,Pharma Associates
CEFUROXIME FOR  INJECTION USP 750MG,SANDSCEF 750,POWDER FOR INJECTION,1'S(10ML),USP TYPIII MOULDED,Sands Active Pvt Ltd,SRI LANKA,***
CHOLECALCIFEROL CAPSULES USP 60 000IU,DV 60K,CAPSULES,10X1X4'S,ALU ALU BLISTER,Indchemie Health Specialities (Pvt) Ltd,INDIA,Pharma Associates
TELMISARTAN & HYDROCHLOROTHIAZIDE TABLETS USP 40MG/12.5MG,MISARVEN H 40/12.5,TABLETS,10X10'S,ALU ALU BLISTER,INVENTIA HEALTHCARE LTD,INDIA,Emerchemie NB (Ceylon) Ltd
ERYTHROMYCIN ETHYL SUCCINATE ORAL SUSPENSION B.P 125MG/5ML,ERYTHROGEN DRY SYRUP,POWDER FOR SUSPENSION,60ML/100ML,AMBER COLOUR GLS BOT,NEWGEN LANKA HEALTHCARE (PVT) LTD,SRI LANKA,***
CEFUROXIME AXETIL TABLETS BP 250MG,SANDSCEF 250,TABLETS,"1X10,3X10,6X10,10X10",ALU ALU BLISTER,Sands Active Pvt Ltd,SRI LANKA,***
CEFUROXIME FOR  INJECTION USP 250MG,SANDSCEF 250,POWDER FOR INJECTION,250MG(VIAL/PACK),USP TYPIII MOULDED,Sands Active Pvt Ltd,SRI LANKA,***
CEFUROXIME AXETIL TABLETS BP 500MG,SANDSCEF 500,TABLETS,"1X10,3X10,6X10,10X10",ALU ALU BLISTER,Sands Active Pvt Ltd,SRI LANKA,***
NEPAFENAC OPHTHALMIC SUSPENSION 0.1% V/V,NEVANAC,OPHTHALMIC SUSPENSION,5ML,LDPE P.DROPPER BOTTL,NOVARTIS MANUFACTURING NV,SWITZERLAND,A Baur & Co  (Pvt) Ltd
LEVETIRACETAM ORAL SOLUTION USP 100MG/ML,LEVORA,ORAL SOLUTION,50ML & 100ML,AMBER COLOUR GLS BOT,NEWGEN LANKA HEALTHCARE (PVT) LTD,SRI LANKA,***
IRON POLYMALTOSE COMPLEX 235MG+FOLIC ACID 0.35MG CAPSULES,FERRY-F,CAPSULE,3X10'S & 1X2'S,ALU PVC BLISTER,Tabros Pharma (Pvt) Ltd,PAKISTAN,Associated Laboratories (Pvt) Ltd
CLINDAMYCIN HYDROCHLORIDE CAPSULES USP 150MG,CLINDATEC 150,CAPSULES,1X8'S,ALU PVC BLISTER,United Biotech (P) Limited,INDIA,Klintas (Pvt) Ltd
PANTOPRAZOLE SODIUM  DELAYED RELEASE TABLETS USP 40MG,PENTOWIN,TABLETS,10X10'S,ALU-ALU BLISTER,XL Laboratories (Pvt) Ltd,INDIA,SMM Halcyon (Pvt) Ltd
CLINDAMYCIN HYDROCHLORIDE CAPSULES USP 300MG,CLINDATEC 300,CAPSULES,1X8 CAPSULES,ALU PVC BLISTER,United Biotech (P) Limited,INDIA,Klintas (Pvt) Ltd
AMOXICILLIN AND POTASSIUM CLAVULANATE TABLETS IP 625 MG,CLAVOTEC 625,TABLETS,3X6'S,STRIP,United Biotech (Pvt) Ltd,INDIA,Klintas (Pvt) Ltd
NILOTINIB CAPSULES 150MG,NILONIB 150,HARD GELATINE CAPSULES,"1X10',3X10'S,5X10'S,","ALU BLIS,HDPE BOTTLE",Drug International Ltd,BANGLADESH,Tabrane Pharmaceuticals (Pvt) Ltd
AMOXICILLIN AND CLAVULANATE POTASSIUM TABLETS USP 875MG & 125MG,ENHANCIN,TABLETS,10 TABLETS,ALU-PVC/PVDC BLISTER,SUN PHARMACEUTICAL INDUSTRIES LTD,INDIA,Hemas Pharmaceuticals (Pvt) Ltd
TOFACITINIB TABLETS 5MG,XELTIN,TABLETS,3X10'S,ALU ALU BLISTER,Ajanta Pharma Limited,INDIA,A Baur & Co  (Pvt) Ltd
IMIGLUCERASE POWDER FOR CONCENTRATE FOR SOLUTION FOR INFUSION 400U,CEREZYME,POWDER FOR SOLUTION FOR INFUSION,1'S,TYPE 1 GLASS VIAL,GENZYME IRELAND LTD,IRELAND,A Baur & Co  (Pvt) Ltd
PHENYTOIN INJECTION BP 250MG/5ML,***,INJECTION,"5X5ML, 10X5ML",USP TY 1 GLS AMPOULE,"YADEN LABORATORIES PVT LTD ,",SRI LANKA,***
OMEPRAZOLE CAPSULES 20MG,OMEZ,CAPSULES,2X10'S,ALU ALU BLISTER PACK,Dr Reddy's Laboratories Ltd,INDIA,Emerchemie NB (Ceylon) Ltd
DESLORATADINE TABLETS USP 5MG,DESLOTIN,TABLETS,10X5X10X&2X5X10 TAB.,ALU-CLEAR PVC/PVDC,Celogen Lanka (Pvt) Ltd,SRI LANKA,***
ENOXAPARIN SODIUM INJECTION USP 40MG/0.4ML(4000 anti-factor Xa IU/0.4ML),VOXAPARIN-40,INJECTION,1'S,USP TYP I GLS PER F,Virchow Biotech Private Limited,INDIA,George Steuart Health Pvt Ltd
EMPAGLIFLOZIN TABLETS 25MG,JARZIN 25MG,TABLETS,"14'S, 28'S",ALU PVC BLISTER,The Searle Company Ltd,PAKISTAN,Morison Limited
AZITHROMYCIN  TABLETS USP 500MG,AZOCARE 500,TABLETS,"1X3'S,1X5'S,1X10'S,",ALU ALU PVC BLISTER,ACE HEALTHCARE (PVT) LTD,SRI LANKA,***
EMPAGLIFLOZIN TABLETS 10MG,JARZIN 10MG,TABLETS,"14'S , 28'S",ALU PVC BLISTER,The Searle Company Ltd,PAKISTAN,Morison Limited
PREGABALIN CAPSULES 75MG,**,CREAM,"3X10'S,5X10'S&10X10'","ALU PVC,HDPE BOTTLE",ACE HEALTHCARE (PVT) LTD,SRI LANKA,***
LOSARTAN POTASSIUM TABLETS USP 50MG,LOSARIDE 50,TABLETS,10X10'S,BLISTER,INNOVA CAPTAB LIMITED,INDIA,Cliniqon Biotech Pvt. Ltd
PREGABALIN CAPSULES 150MG,AKUGABALIN 150,CAPSULES,3X10'S,ALU ALU BLISTER,Akums Drugs & Pharmaceuticals Ltd,INDIA,Darley Butler  & Co Ltd
CETIRIZINE ORAL SOLUTION BP 5MG/5ML,ALATROL SYRUP,ORAL SOLUTION,60ML,PET BOTTLE,Square Pharmaceuticals Ltd,BANGLADESH,CIC Holdings PLC
"ARBIDOPA, LEVODOPA & ENTACAPONE TABLETS 50MG/200MG/200MG",CARDOPON H,TABLETS,"5X10'S,10X10'S",ALU ALU BLISTER,Celogen Lanka (Pvt) Ltd,SRI LANKA,***
TERIPARATIDE SOLUTION FOR INJECTION 600MCG/2.4ML,BONISTA PF,SOLUTION FOR INJECTION,2.4ML,PERFILLED PEN,SUN PHARMACEUTICAL INDUSTRIES LTD,INDIA,Emerchemie NB (Ceylon) Ltd
METOPROLOL TARTRATE TABLETS USP 25MG,METOLOC 25,TABLETS,"2X5X10'S,10X5X10'S",ALU AMBER PVC-PVDC,Celogen Lanka (Pvt) Ltd,SRI LANKA,***
SACUBITRIL & VALSARTAN TABLETS 49MG/51MG,ARNX 100,TABLETS,"1X10'S,3X10'S,10X10'",ALU-ALU BLISTER,Celogen Lanka (Pvt) Ltd,SRI LANKA,***
SITAGLIPTIN TABLETS USP 100MG,SITAGLYN 100,TABLETS,"50X10'S,10X10'S,3X10",ALU ALU PVC-PVDC BLI,Celogen Lanka (Pvt) Ltd,SRI LANKA,***
BISOPROLOL FUMARATE TABLETS USP 5MG,BISOPRACE 5,FILM COATED TABLETS,"3X10'S,10X10'S,250'S",ALU ALU BLI.HDPE CON,ACE HEALTHCARE (PVT) LTD,SRI LANKA,***
AZITHROMYCIN  TABLETS USP 250MG,AZOCARE 250,TABLETS,"1X6'S,1X10'S,10X10'S",ALU ALU B.P. ALU PVC,ACE HEALTHCARE (PVT) LTD,SRI LANKA,***
MONTELUKAST TABLETS IP 10MG,***,TABLET,"200'S, 10X10'S","HDPE BOTTLE,ALU ALU",State Pharmaceuticals Manufacturer Corporation,SRI LANKA,***
PIROXICAM GEL BP 0.5%  w/w,OSTOCAM GEL,GEL,30G TUBE/PACK,ALU COLLAP TUBE,Micro Labs Limited,INDIA,Micro Healthcare (Pvt) Ltd
"MULTIVITAMIN SYRUP (VIT A,VIT B1,VIT B2,VIT B6,VIT B12, VIT C,VIT D3,NICOTINAMIDE,DEX PANTHENOL & CITRUS BIOFLAVORIOD)",GROVIT,SYRUP,100ML,AMB GLASS BOTTLE,Godpaldas Visram & Co Ltd,INDIA,Hemas Pharmaceuticals (Pvt) Ltd
ENOXAPARIN SODIUM INJECTION USP 60MG/0.6ML(6000 ANTI-FACTOR Xa IU/0.6ML),VOXAPARIN 60,INJECTION,1 PFS OF 0.6ML PER P,USP TYP1 GLS PFS,Virchow Biotech Private Limited,INDIA,George Steuart Health Pvt Ltd
COMPOUND SODIUM LACTATE INTRAVENOUS INFUSION BP (RINGER LACTATE SOLUTION FOR INJECTION),**,SOLUTION FOR INJECTION,500ML & 1000ML,LDPE BOTTLE,Aculife Healthcare (Pvt) Ltd,INDIA,Emerchemie NB (Ceylon) Ltd
BEVACIZUMAB CONCENTRATED SOLUTION FOR INFUSION 400MG/16ML,VERSAVO 400,CONCENTRATE FOR DISPERSION FOR INFUSION,16ML VIAL,"CLEAR, USP TYP1 GLS",Dr Reddy's Laboratories Ltd,INDIA,Emerchemie NB (Ceylon) Ltd
CO-AMOXICLAV TABLETS BP 625MG (AMOXICILLIN 500MG +CLAVULANIC ACID 125MG ),CLAVOMID 625,TABLETS,2X10'S,ALU ALU BLISTER,Remedica limited,CYPRUS,Kandana Food & Drugs (Pvt) Ltd
CIPROFLOXACIN INJECTION USP 0.2%  W/V,CIPROX,INJECTION,100ML,PLASTIC INFUS BOTTLE,Otsuka Pharmaceutical India Private Limited,INDIA,Darley Butler  & Co Ltd
SODIUM CHLORIDE INTRAVENOUS INFUSION BP 0.9% W/V,NS,INTRA INFUSION,"500ML,100ML","PLASTIC BOTTLE,NPVC",Otsuka Pharmaceutical India Private Limited,INDIA,Darley Butler  & Co Ltd
CEFIXIME DISPERSIBLE TABLETS 200MG,CIFATAZE DT 200,DISPERSIBLE TABLETS,"1X10'S,10X1X10'S",ALU ALU BLISTER,Sterling Lab,INDIA,Darley Butler  & Co Ltd
MYCOPHENOLATE MOFETIL TABLETS USP  500MG,MUNOLOK 500,TABLETS,3X10'S,ALU PVC BLISTER,J Duncan Healthcare (Pvt) Ltd,INDIA,Cliniqon Biotech Pvt. Ltd
ACYCLOVIR (ACICLOVIR) TABLETS USP 200MG,HERPIGEN 200,TABLETS,"1X10'S,3X10'S,4X10'S",ALU PVC BLISTER & AL,NEWGEN LANKA HEALTHCARE (PVT) LTD,SRI LANKA,***
BISOPROLOL FUMARATE TABLETS USP 5MG,BETACOR 5,TABLETS,"3X10'S,5X10'S,10X10'","ALU ALU BLISTER,PVC-",Celogen Lanka (Pvt) Ltd,SRI LANKA,***
CLOBAZAM TABLETS BP 5MG,**,TABLETS,100'S,HDPE JAR,Celogen Lanka (Pvt) Ltd,SRI LANKA,***
CARBAMAZEPINE TABLETS USP 100MG,CARZEP 100,TABLETS,"10X10'S,3X10'S",ALU ALU BLISTER,Celogen Lanka (Pvt) Ltd,SRI LANKA,***
LEFLUNOMIDE TABLETS USP 10MG,LEFMID 10,TABLETS,"2X5X10'S,10X5X10'S","ALU PVC PVDC,HDPE JA",Celogen Lanka (Pvt) Ltd,SRI LANKA,***
BIMATOPROST OPHTHALMIC SOLUTION 0.03% W/V,MATOPRO,OPHTHALMIC SOLUTION,3ML N 1 BOTTLE/PACK,LDPE BOTTLE,"YADEN LABORATORIES PVT LTD ,",SRI LANKA,***
ATORVASTATIN TABLETS 20MG,LIPITOR,TABLETS,3X10'S,ALU ALU BLISTER,VIATRIS PHARMACEUTICALS LLC,GERMANY,Hemas Pharmaceuticals (Pvt) Ltd
TELMISARTAN & HYDROCHLOROTHIAZIDE TABLETS USP 40MG/12.5MG,TAZLOC-H,TABLETS,3x10's,ALU ALU BLISTER,USV Private Limited,INDIA,Hemas Pharmaceuticals (Pvt) Ltd
OLANZAPINE TABLETS USP 10MG,OLANDUS  10,TABLETS,10X10'S,ALU ALU BLISTER,ZYDUS LIFESCIENCES LIMITED,INDIA,Hemas Pharmaceuticals (Pvt) Ltd
EMPAGLIFLOZIN TABLETS 10MG,BEXDIAN 10,TABLETS,2X10'S,ALU PVDC BLISTER,Beximco Pharmaceuticals Ltd,BANGLADESH,Emerchemie NB (Ceylon) Ltd
ROSUVASTATIN TABLETS 20MG,ROSUNOVA 20,TABLETS,3X10'S & 10X10'S,ALU ALU BLISTER,INNOVA CAPTAB LIMITED,INDIA,Cliniqon Biotech Pvt. Ltd
BICALUTAMIDE TABLETS USP 50MG,CALUTIDE 50,TABLETS,10'S,ALU PVC BLISTER,CIPLA LIMITED,INDIA,Breathe Free Lanka (Pvt) Ltd
 RABIES VACCINE INACTIVATED(>-2.5IU),VERORAB,POWDER FOR SUSPENSION FOR INJECTION,"1'S, 5'S, 10'S",1 VIAL+0.5ML OF SOLV,Sanofi Pasteur,FRANCE,A Baur & Co  (Pvt) Ltd
CLINDAMYCIN HYDROCHLORIDE CAPSULES USP 300MG,LINDAMAX 300,HARD GELATIN CAPSULE,5X6'S,ALU ALU BLISTER PACK,Eskayef Pharmaceuticals Ltd,BANGLADESH,Truvic Private Ltd
MINOXIDIL TOPICAL SOLUTION USP 5% W/V,MINOWIN,TOPICAL SOLOTION,60 ML,HDPE BOT+SPRAY NOZZL,Aithra Pharmaceuticals  Pvt Ltd,SRI LANKA,***
PEMETREXED FOR INJECTION 500MG,PEXITAZ 500,LYOPHILIZED POWDER FOR INJECTION,1'S(50ML),GLASS VIAL,SUN PHARMACEUTICAL INDUSTRIES LTD,INDIA,Hemas Pharmaceuticals (Pvt) Ltd
ROSUVASTATIN TABLETS USP 20MG,ROSA 20,TABLETS,"1X10,3X10,4X10,5X10,",ALU ALU BLISTER,NEWGEN LANKA HEALTHCARE (PVT) LTD,SRI LANKA,***
TOPIRAMATE TABLETS USP 50MG,TOPIRAGEN 50,TABLETS,"1X10'S,3X10'S,4X10'S",ALU PVDC(MILK OPAQUE,NEWGEN LANKA HEALTHCARE (PVT) LTD,SRI LANKA,***
TOPIRAMATE TABLETS USP 25MG,TOPIRAMATE TABLETS USP 25MG,TABLETS,"1X10'S,3X10'S,4X10'S",ALU PVDC BLISTER,NEWGEN LANKA HEALTHCARE (PVT) LTD,SRI LANKA,***
NIFEDIPINE EXTENDED RELEASE TABLETS USP 20MG,NIFIGEN ER 20,TABLETS,"1X10'S,3X10'S,4X10'S",ALU PVC BLISTER/ALU,NEWGEN LANKA HEALTHCARE (PVT) LTD,SRI LANKA,***
GABAPENTIN CAPSULES USP 100MG,GABAGEN 100,CAPSULES,"1X10'S,3X10'S,4X10'S",ALU ALU BLISTER,NEWGEN LANKA HEALTHCARE (PVT) LTD,SRI LANKA,***
ESOMEPRAZOLE GASTRO- RESISTANT TABLETS BP 20MG,ESOMAG 20,TABLETS,"1X10'S,3X10'S,4X10'S",ALU LU BLISTER,NEWGEN LANKA HEALTHCARE (PVT) LTD,SRI LANKA,***
CO-AMOXICLAV  TABLETS BP 375MG,CLAVGEN 375,TABLETS,"1X10'S,3X10'S,4X10'S",ALU LU BLISTER,NEWGEN LANKA HEALTHCARE (PVT) LTD,SRI LANKA,***
FENOFIBRATE CAPSULES USP 200MG,LIPOGEN 200,CAPSULE,"1X10'S,3X10'S,4X10'S",ALU PVC BLISTER,NEWGEN LANKA HEALTHCARE (PVT) LTD,SRI LANKA,***
SILVER SULFADIAZINE CREAM USP 1 % W/W,HI-SILD,CREAM,"10G,15G,25G,50G",ALU TUBE & ABL TUBE,ACE HEALTHCARE (PVT) LTD,SRI LANKA,***
DEXAMETHASONE ACETATE 0.1% W/W+FRAMYCETIN SULPHATE 1% W/W CREAM,SOFRADEX,CREAM,15G & 5G,ALU COLLAPSIBLE TUBE,Encube Ethicals (Pvt) Ltd,INDIA,A Baur & Co  (Pvt) Ltd
PARACETAMOL TABLETS BP 500MG,PARACE,TABLETS,1000'S,HDPE CONTAINER,ACE HEALTHCARE (PVT) LTD,SRI LANKA,***
KETOCONAZOLE CREAM BP 2% W/W,KETOACE,CREAM,"5G,10G,15G,30G",ALUMINIUM BARRIER LA,ACE HEALTHCARE (PVT) LTD,SRI LANKA,***
MIDAZOLAM INJECTION 5MG/ML,MIDAZOLAM-HAMELN,INJECTION,1ML X10'S&3ML X 10'S,COLOURLESS NEUTRAL G,Siegfred Hameln GmbH,GERMANY,Sukhee Pharma (Pvt) Ltd
DICLOFENAC SODIUM DELAYED RELEASE TABLETS USP 50MG,***,ENTERIC COATED TABLETS,"10X10'S, 1000'S",PVD COA.PVC ALU BLIS,Sands Active Pvt Ltd,SRI LANKA,***
LEVETIRACETAM TABLETS USP 500MG,***,FILM COA TABLETS,"1X10,3X10,6X10&10X10","PVDC,PVC-ALU BLISTER",Sands Active Pvt Ltd,SRI LANKA,***
CEFIXIME TABLETS USP 200MG,INNOFIX 200,TABLETS,"10X10'S, 3X10'S",ALU ALU BLISTER,INNOVA CAPTAB LIMITED,INDIA,Cliniqon Biotech Pvt. Ltd
CEFUROXIME AXETIL TABLETS USP 250MG,AUXTOCEF 250,FILM COATED TABLETS,1X10'S,ALU ALU BLISTER,Innova Captab (Pvt) Ltd,INDIA,Cliniqon Biotech Pvt. Ltd
TOPIRAMATE TABLETS USP 50MG,TOPIRAM 50,TABLETS,60'S,HDPE BOTTLE,ZYDUS LIFESCIENCES LIMITED,INDIA,Hemas Pharmaceuticals (Pvt) Ltd
CEFALEXIN ORAL SUSPENSION BP 125MG/5ML,NOVALEXIN 125,POWDER FOR ORAL SUSPENSION,100 ML,HDPE BO. WITH SCREW,INNOVA CAPTAB LIMITED,INDIA,Cliniqon Biotech Pvt. Ltd
HYDROCHLOROTHIAZIDE TABLETS USP 25MG,HCT-25,TABLETS,ALU AMBER PVC-PVDC B,"PVC-PVDC,HDPE JAR",Celogen Lanka (Pvt) Ltd,SRI LANKA,***
IBUPROFEN TABLETS B.P 400MG,IBEX-400,FILM COATED TABLETS,10X10'S &3X10'S,PVC-PVDC BLISTER PAC,Celogen Lanka (Pvt) Ltd,SRI LANKA,***
ATORVASTATIN CALCIUM TABLETS USP 10MG,GENTOVA 10,TABLETS,"1X10'S,3X10'S,4X10'S",ALU ALU BLISTER PACK,NEWGEN LANKA HEALTHCARE (PVT) LTD,SRI LANKA,***
VALGANCICLOVIR TABLETS USP 450MG,VALANCLO 450,TABLETS,"1X10'S,3X10'S,4X10'S",ALU PVC BLISTER PACK,NEWGEN LANKA HEALTHCARE (PVT) LTD,SRI LANKA,***
TOLBUTAMIDE TABLETS USP 500MG,TOLBID,TABLETS,"1000'S&10X10'S,3X10'",HDPE JAR& ALU CLEAR,Celogen Lanka (Pvt) Ltd,SRI LANKA,***
SULFASALAZINE DELAYED RELEASE TABLETS USP 1000MG,SAZO 1000,TABLET,5X2X10'S & 4'S,BLISTER,Wallace Pharmaceuticals (Pvt)Ltd,INDIA,Emar Pharma (Pvt) Ltd
CO-AMOXICLAV  TABLETS BP 625MG,CLAVGEN 625,TABLETS,"1X10'S,3X10'S,4X10'S",ALU ALU BLISTER,NEWGEN LANKA HEALTHCARE (PVT) LTD,SRI LANKA,***
LAMOTRIGINE TABLETS USP 25MG,LAMOGEN 25,TABLETS,"1X10'S,3X10'S,4X10'S","ALU ALU STRIP,ALU PV",NEWGEN LANKA HEALTHCARE (PVT) LTD,SRI LANKA,***
STERILE WATER FOR INJECTION BP,SUPERAMP,INJECTION,50X10ML,PLASTIC AMPOULE,Otsuka Pharmaceutical India Private Limited,INDIA,Darley Butler  & Co Ltd
MISOPROSTOL TABLETS 200MCG,TECMISO,TABLETS,1X10'S,ALU ALU BLISTER,Nabiqasim Industries (Pvt) Ltd,PAKISTAN,George Steuart Health Pvt Ltd
ESOMEPRAZOLE ENTERIC COATED TABLETS 20MG,ESORAL 20,TABLETS,2X10'S&7X10'S,ALU ALU BLISTER,Eskayef Pharmaceuticals Ltd,BANGLADESH,Truvic Private Ltd
AMOXICILLIN AND POTASSIUM CLAVULANATE FOR ORAL SUSPENSION USP 156.25MG/5ML,BACTOCLAV DRY SYRUP,ORAL SUSPENSION,100ML,AMB COL.GLASS BOTTLE,Micro Labs Ltd,INDIA,Micro Healthcare (Pvt) Ltd
TOFACITINIB TABLETS 5MG,TOJAK,TABLETS,1X10'S,ALU ALU BLISTER,Eskayef Pharmaceuticals Ltd,BANGLADESH,Truvic Private Ltd
AMLODIPINE BESILATE TABLETS USP 5MG,ANGICAM 5,TABLETS,3X10'S,ALU ALU STRIP PACK,Blue Cross Laboratories Pvt Ltd,INDIA,Sunshine Healthcare lanka Ltd
DICLOFENAC  DIETHYLAMINE GEL BP 1% W/W,VOLTAGEN GEL,GEL,"5G,10G,15G,20G,30G,",ALU PRI. LAMI. TUBE,NEWGEN LANKA HEALTHCARE (PVT) LTD,SRI LANKA,***
CLINDAMYCIN HYDROCHLORIDE CAPSULES USP 150MG,CLINDALIX 150,CAPSULES,"1X10'S,3X10'S,5X10'S",ALU/PVDC BLISTER,NEWGEN LANKA HEALTHCARE (PVT) LTD,SRI LANKA,***
AZITHROMYCIN  TABLETS USP 500MG,AZIDO 500,TABLETS,"1X10'S,3X10'S,4X10'S",ALU ALU BLISTER,NEWGEN LANKA HEALTHCARE (PVT) LTD,SRI LANKA,***
BETAHISTINE DIHYDROCHLORIDE TABLETS BP 16MG,HISTOBET 16,TABLETS,"1X10'S,3X10'S,5X10'S",ALU ALU BLISTER,NEWGEN LANKA HEALTHCARE (PVT) LTD,SRI LANKA,***
BETAHISTINE DIHYDROCHLORIDE TABLETS BP 8MG,HISTOBET 8,TABLETS,"1X10'S,3X10'S,5X10'S","ALU ALU BLISTER,PVDC",NEWGEN LANKA HEALTHCARE (PVT) LTD,SRI LANKA,***
AZITHROMYCIN FOR ORAL SUSPENSION USP 200MG/5ML,AZIDO,POWDER FOR SUSPENSION,"15ML,30ML,35ML",AMBER COLOUR GLS BOT,NEWGEN LANKA HEALTHCARE (PVT) LTD,SRI LANKA,***
DULOXETINE DELAYED RELEASE CAPSULES USP 20MG,DUZIN DR 20,CAPSULES,"1X10'S,3X10'S,5X10'S",ALU ALU BLISTER,NEWGEN LANKA HEALTHCARE (PVT) LTD,SRI LANKA,***
"RITUXIMAB INJECTION 100mg/10ml, 500mg/50ml",REDITUX,INJECTION,"100MG,500MG 1GLS VIA",USP TY 1 GLS VIAL,Dr Reddy's Laboratories Ltd,INDIA,Emerchemie NB (Ceylon) Ltd
TELMISARTAN TABLETS USP 40MG,TAZLOC 40,TABLET,3X10'S,ALU ALU BLISTER,USV Private Limited,INDIA,Hemas Pharmaceuticals (Pvt) Ltd
HALOBETASOL PROPIONATE OINTMENT 0.05% W/W,HALOVATE OINTMENT,OINTMENT,30G,ALUMINIUM COLL.TUBE,Glenmark Pharmaceuticals Ltd,INDIA,Sunshine Healthcare lanka Ltd
CO- AMOXICLAV ORAL SUSPENSION BP 156.25MG/5ML,AUGMOX 156.25,POWDER FOR ORAL SOLUTION,100ML 1 BOTTLE/PACK,AMBER COLOURED GL.BO,Navesta Pharmaceuticals (Pvt) Ltd,SRI LANKA,***
DESOGESTREL 150MCG & ETHINYLESTRADIOL 30MCG TABLETS,DAISY-30,TABLETS,21'S,ALU PVC BLISTER,Senador Laboratories Private Limited,INDIA,A Baur & Co  (Pvt) Ltd
TAMOXIFEN TABLETS BP 20MG,MAMOFEN 20,TABLETS,10X10'S,ALU ALU STRIP PACK,Khandelwal Laboratories Pvt Ltd,INDIA,Ceyoka (Pvt) Ltd
ALPRAZOLAM TABLETS USP 0.25MG,**,TABLET,10X10'S,ALU PVDC BLISTER,Centaur Pharmaceutical (Pvt) Ltd,INDIA,George Steuart Health Pvt Ltd
PANTOPRAZOLE INJECTION BP 4MG/2ML,**,SOLUTION FOR INJECTION,"2ML(10'S,5'S)",CLEAR GL. AMP.TYP I,kelun lifesciences(Pvt) Ltd,SRI LANKA,***
GENTAMICIN INJECTION USP 80MG IN 2ML,GECIN,INJECTION,2ML X 5'S & 2ML X10',TY 1 GLASS AMPOULE,kelun lifesciences(Pvt) Ltd,SRI LANKA,***
TELMISARTAN TABLETS USP 80MG,TAZLOC 80,TABLETS,3X10'S,ALU ALU BLISTER,USV (PVT) LTD,INDIA,Hemas Pharmaceuticals (Pvt) Ltd
NILOTINIB CAPSULES 150MG,TASIGNA,CAPSULES,7X14'S,PVC/PVDC BLISTER,Novartis Pharma Stein .AG,SWITZERLAND,A Baur & Co  (Pvt) Ltd
SODIUM IODIDE (131 I) ORAL CAPSULE 0.37-7400 MBq (10 uci-200mci),MON.IYOT-131,CAPSULES,1'S,POLYPROPYLENE TUBE,Curium Nukleer Tip  A.S.,TURKEY,Sunpro Healthcare (Pvt) Ltd
CILOSTAZOL TABLETS 100MG,CITAZ,TABLETS,5X10'S,STRIP,PT Dankos Farma,INDONESIA,Hemas Pharmaceuticals (Pvt) Ltd
CILOSTAZOL TABLETS 100MG,CITAZ,TABLETS,5X10'S,STRIP,PT Dankos Farma,INDONESIA,Hemas Pharmaceuticals (Pvt) Ltd
CALCIUM GLUCONATE INJECTION 10% W/V,**,SOLUTION FOR INJECTION,20'S(10ML),POLYETHYLENE PLAS.AM,B Braun Melsungen A G,GERMANY,B Braun Lanka (Pvt) Ltd
NEOSTIGMINE METHYLSULPHATE INJECTION USP 0.5MG/ML,NEOTAGMIN,INJECTION,5X5X1ML & 5X5ML,USP TYP I CL.GLS.AMP,Themis Medicare Ltd,INDIA,Sunshine Healthcare lanka Ltd
HYDROXOCOBALAMIN INJECTION BP 1MG/1ML,***,INJECTION,"5'S,10'S (1ML)",TY1 GLS AMPOULE,kelun lifesciences(Pvt) Ltd,SRI LANKA,***
FLUCONAZOLE INFUSION BP 0.2% W/V,***,INFUSION,100ML BOTTLE,PP BOTTLE,kelun lifesciences(Pvt) Ltd,SRI LANKA,***
FLUCONAZOLE INFUSION BP 0.2% W/V,**,INFUSION,100ML BOTTLE,POLYPROPYLENE BOTTLE,kelun lifesciences(Pvt) Ltd,SRI LANKA,***
MEROPENEM FOR INJECTION USP 1G,SPECBAC 1GM,POWDER FOR INJECTION,1 VIAL+2AMPO OF WATE,CLEAR GLS VIALS,Square Pharmaceuticals Ltd,BANGLADESH,CIC Holdings PLC
PREGABALIN CAPSULES IP 75 MG,PREBALIN,CAPSULES,100' 3X10' 10X10',"HDPE,ALU PVC PVDC BL",Celogen Lanka (Pvt) Ltd,SRI LANKA,***
MOMETASONE FUROATE CREAM USP 0.1% W/W,HIVATE CREAM,CREAM,5G,ALLUMINIUM TUBE,Saffron Pharmaceutical (Pvt) Ltd,PAKISTAN,Truvic Private Ltd
NILOTINIB CAPSULES 200MG,NILONIB 200,CAPSULES,"1X10'S,4X7'S,1X7'S",ALU ALU BLISTER,Drug International Ltd,BANGLADESH,Tabrane Pharmaceuticals (Pvt) Ltd
CILNIDIPINE TABLET 5MG,CINEKAR 5,TABLETS,"1X10,3X10,5X10,10X10",ALU ALU BLISTER,JENPHAR BAGLADESH LTD,BANGLADESH,Tabrane Healthcare (Pvt) Ltd
GLIMEPIRIDE TABLETS USP 1MG,DIAPRIDE 1,TABLETS,"1X10'S,10X10'S",ALU ALU BLISTER,Micro Labs Limited,INDIA,Micro Mega Lanka (Pvt) Ltd
DEGARELIX FOR INJECTION 120MG,FIRMAGON 120,INJECTION,PACK INCLUDES(2 GLS,"GLS VIAL, PFS,V.ADAP",Ferring GMBH,GERMANY,Sunshine Healthcare lanka Ltd
REDNISOLONE SODIUM PHOSPHATE ORAL SOLUTION BP 5MG/5ML,CORTAN,ORAL SOLUTION,50ML,AMBER GLAS BOTTLE,Incepta Pharmaceuticals Ltd,BANGLADESH,Citihealth Imports (Pvt) Ltd
SOLUTION FOR HAEMOFILTRATION,DUOSOL WITH 2MMOL/1 POTASSIUM,SOLUTION FOR HAEMOFILTRATION,5000ML,NON PVC DOU.CHAM.BAG,B Braun Avitum AG,GERMANY,B Braun Lanka (Pvt) Ltd
CEPHALEXIN CAPSULES USP 250MG,***,CAPSULES,"500'S,1000'S,10X10'S",HDPE BOTTLE ALU PVC,"GAMMA INTERPHARM PVT LTD,",SRI LANKA,***
RIVASTIGMINE TARTRATE CAPSULES  USP 3MG,RIVASURE 3,CAPSULES,1X10'S,ALU ALU BLISTER PACK,Macleods Pharmaceuticals Ltd,INDIA,Emerchemie NB (Ceylon) Ltd
RIVASTIGMINE TARTRATE CAPSULES  USP 1.5MG,REVASURE 1.5,CAPSULE,1X10'S,ALU ALU BLISTER PACK,Macleods Pharmaceuticals Ltd,INDIA,Emerchemie NB (Ceylon) Ltd
CABOZANTINIB CAPSULES 80MG,CABOZANIX 80,CAPSULES,30'S,HDPE BOTTLE,Beacon Pharmaceuticals Ltd,BANGLADESH,Emerchemie NB (Ceylon) Ltd
CEFALEXIN ORAL SUSPENSION BP 125MG/5ML,KEPHALEX B,POWDER ORAL SUSPENSION,100ML BOTTLE PACK,HDPE BOTTLE,Bharat Parenterals Ltd,INDIA,Baur Life Sciences (Pvt) Ltd
CYCLOPHOSPHAMIDE FOR INJECTION USP 1000MG,CYCLOCEL 1000,POWDER FOR INJECTION,50ML,USP TYPE I CLEAR GLA,Celon Laboratories Ltd,INDIA,Medmart Pharma (Pvt) Ltd
DAPAGLIFLOZIN TABLETS 10MG,DFLOZIN,TABLETS,"14'S,28'S",BLISTER,Hilton  Pharma (Pvt) Ltd,PAKISTAN,Sunshine Healthcare lanka Ltd
MOXIFLOXACIN OPTHALMIC SOLUTION 5MG/ML,VIGAMOX,OPHTHALMIC SOLUTION,1 BOTTLE PER PACK,LDPE BOTTLE,NOVARTIS MANUFACTURING NV,SWITZERLAND,A Baur & Co  (Pvt) Ltd
DANAZOL CAPSULES USP 100 MG,DANOZEC 100,CAPSULES,3X10'S,ALU PVC BLISTER,United Biotech (P) Limited,INDIA,Klintas (Pvt) Ltd
LOSARTAN POTASSIUM TABLETS BP 25MG,LOWPRES 25,TABLETS,3X10' 5X30' 1000'S,"ALU PVC BLIS,HDPE","GAMMA INTERPHARM PVT LTD,",SRI LANKA,***
TELMISARTAN TABLETS USP 80MG,TELMISA 80,TABLETS,"3X10'S,10X10'S",ALU ALU BLISTER,Celogen Lanka (Pvt) Ltd,SRI LANKA,***
DICLOFENAC SODIUM SUPPOSITORIES 100MG,CELONAC S100,SUPPOSITORIES,1X5'S 2X5'S,"PVC ,PE BLISTER",Celogen Lanka (Pvt) Ltd,SRI LANKA,***
SEVOFLURANE USP INHALATION ANAESTHETIC 250ML,SEVOVOR 250ML,LIQUID FOR INHALATION ANAESTHESIA,250ML BOTTLE,TYPE III AMBER GL.BO,Shanghai Hengrui Pharmaceutical Co.Ltd,CHINA,New Arumed (Pvt) Ltd
OXCARBAZEPINE TABLETS USP 300MG,OXCARB 300,FILM COA TABLETS,"3X10'S,10X10'S",ALU CLEAR PVC PVDC B,Celogen Lanka (Pvt) Ltd,SRI LANKA,***
LOSARTAN POTASSIUM TABLETS USP  25MG,LK 25,FILM COA TABLETS,10x10's & 500's,"ALU-ALU BLI,HDPE JAR",Celogen Lanka (Pvt) Ltd,SRI LANKA,***
TACROLIMUS CAPSULES USP 1 MG,TACROTEC 1,HARD GELATIN CAPSULE,1X10'S,ALU ALU BLISTER,United Biotech (P) Limited,INDIA,Klintas (Pvt) Ltd
CEFTRIAXONE FOR INJECTION USP 250MG/VIAL,CEFTRON INJECTION,POWDER FOR INJECTION,ONE VIAL OF 250MG CE,GLASS VIAL,Square Pharmaceuticals Ltd,BANGLADESH,CIC Holdings PLC
DIAZEPAM INJECTION USP 10MG/2ML,DIAXIE,INJECTION,5X2ML & 10X2ML,TYPE I GLASS AMPOULE,kelun lifesciences(Pvt) Ltd,SRI LANKA,***
LEFLUNOMIDE TABLETS USP 10MG,RHULEF 10MG,TABLETS,30'S,ALU ALU BLISTER,The Searle Company Ltd,PAKISTAN,Morison Limited
NIMODIPINE TABLETS BP 30MG,NIMODEC 30,TABLETS,10X10'S,STRIP,United Biotech (P) Limited,INDIA,Klintas (Pvt) Ltd
LINEZOLID TABLETS 600MG,LINZID,TABLETS,5X4'S,ALU ALU STRIP,United Biotech (P) Limited,INDIA,Klintas (Pvt) Ltd
PREDNISOLONE TABLETS BP 5MG,PREDSONE-5,TABLET,10X10'S&1000'S,ALU PVC BLISTER & WH,Nem Laboretories (P) Ltd,INDIA,PMS HEALTHCARE (PVT) LTD
BISOPROLOL FUMARATE TABLETS USP 2.5MG,ZABESTA 2.5,TABLETS,3x10's,Alu-Alu Blister,USV Private Limited,INDIA,Hemas Pharmaceuticals (Pvt) Ltd
SALMETEROL 25 MCG + FLUTICASONE PROPIONATE 250MCG INHALER,"SEROFLO 250, SYNCHROBREATHE SB",BREATH ACTUATED INHALER WITH DOSE INDICATOR,120 METERED DOSES PE,ALUMINIUM CANI.FITTE,CIPLA LIMITED,INDIA,Breathe Free Lanka (Pvt) Ltd
"THIAMINE MONONITRATE BP 100MG,PYRIDOXINE HCL BP 200MG+ CYANOCOBALAMIN BP 0.20MG TABLETS",BOST,TABLETS,5X10'S,ALU PVDC BLISTER,General Pharmaceuticals Ltd,BANGLADESH,George Steuart Health Pvt Ltd
PYRIDOXINE TABLETS BP 10MG,**,TABLETS,"500'S,100'S",HDPE JAR,Celogen Lanka (Pvt) Ltd,SRI LANKA,***
ENALAPRIL MALEATE TABLETS USP 10MG,ENRIL10,TABLETS,"3X10'S, 10X10'S",ALU ALU STRIP PACK,Celogen Lanka (Pvt) Ltd,SRI LANKA,***
COLECALCIFEROL TABLETS 10000 IU,SUNBLESS 10K,TABLETS,"2X5X10,10X5X10,500'S",ALU PVC PVDC HDPE,CELOGEN LANKA (PVT) LTD FOR ZYDUS LANKA (PVT) LTD,SRI LANKA,N/A
CINNARIZINE TABLETS BP 25MG,**,TABLETS,"2X5X10'S,10X5X10'S",ALU AMBER PVC PVDC B,Celogen Lanka (Pvt) Ltd,SRI LANKA,***
TERBUTALINE SULPHATE ORAL SOLUTION 1.5MG/5ML,BRILINE,ORAL SOLUTION,"60ML,100ML",AMBER COLOUR PET BOT,Sachitra Medicare Services (Pvt) Ltd,SRI LANKA,***
ABACAVIR SULFATE & LAMIVUDINE TABLETS 600MG/300MG,ABCAR-L 600/300,TABLET,30'S,HDPE CONTAINER,Hetero Labs Limited Unit-V,INDIA,Mansel (Ceylon) (Pvt) Ltd
MIRTAZAPINE TABLET USP 15MG,MIRAZEP-15,TABLETS,"5X10'S,1X10'S",ALU PVC BLISTER,Micro Labs Limited,INDIA,Micro Mega Lanka (Pvt) Ltd
Isopropyl Alcohol 70-80% hand sanitizer with colorant,Sani Cure,SOLUTION,"100ML,500ML,5L",HDPE Bottle,Rovik Lanka (Pvt) Ltd,SRI LANKA,***
GASTRO RESISTANT OMEPRAZOLE CAPSULES BP 20MG,RELOC-20,CAPSULES,10X10'S,ALU ALU STRIP PACK,Rhydburg Pharmaceuticals Ltd,INDIA,Pharmatec (Pvt) Ltd
ENALAPRIL  MALEATE TABLETS USP 10MG,ENORM 10,TABLETS,"1X10'S,3X10'S,4X10'S",ALU PVC BLISTER,NEWGEN LANKA HEALTHCARE (PVT) LTD,SRI LANKA,***
PREDNISOLONE ACETATE OPHTHALMIC SUSPE. USP 10MG/ML,**,OPTHALMIC SUSPENSION,5ML,DROPPER BOTTLE,Piramal Pharma Limited,INDIA,Hemas Pharmaceuticals (Pvt) Ltd
LOSARTAN POTASSIUM TABLETS 50MG,LOSENTA 50,TABLET,"1X10'S,3X10'S,4X10'S",ALU PVC BLISTER,NEWGEN LANKA HEALTHCARE (PVT) LTD,SRI LANKA,***
LURASIDONE HYDROCHLORIDE TABLETS 80MG,LURAFORE 80,TABLETS,1X10'S,ALU ALU BLISTER PACK,Celogen Lanka (Pvt) Ltd,SRI LANKA,***
ALPROSTADIL INJECTION USP 500MCG/ML,BIOGLANDIN 500,INJECTION,01 AMPOULE,GLASS AMPOULE,United Biotech (P) Limited,INDIA,Klintas (Pvt) Ltd
SILDENAFIL  TABLETS USP 100MG,MAXIGRA 100,TABLETS,1X4'S,ALU PVC BLISTER,SAGA Lifesciences Ltd,INDIA,Klintas (Pvt) Ltd
PREGABALIN CAPSULES 75MG,PEGALIN 75,CAPSULES,2X7'S,ALU ALU STRIP,Shaigan Pharmaceuticals (Pvt) Ltd,PAKISTAN,Biolife Pharmaceuticals (Pvt) Ltd
ESOMEPRAZOLE FOR INJECTION 40MG,ESSO 40,POWDER FOR INJECTION,VIAL+AMPOULE/PACK,USP I GLS VIAL WITH,Shaigan Pharmaceuticals (Pvt) Ltd,PAKISTAN,Biolife Pharmaceuticals (Pvt) Ltd
ESOMEPRAZOLE MAGNESIUM DELAYED RELEASE CAPSULES USP 40MG,ESSO 40,CAPSULES,1X14'S,ALU ALU STRIP,Shaigan Pharmaceuticals (Pvt) Ltd,PAKISTAN,Biolife Pharmaceuticals (Pvt) Ltd
PHENYTOIN SODIUM FOR INJECTION 250MG/5ML,EPITOIN,INJECTION,5ML,CLO.LESS TYP I GL.AM,VEM ilac San .ve Tic A.S.,TURKEY,Slim Pharmaceuticals (Pvt) Ltd
"PERTUSSIS, RECOMBINANT HEPATITIS B, HAEMOPHILUS INFLUENZAE TYPE B CONJNGATE & INACTIVATED",EASYSIX,VACCINES,SINGLE DOSE VIAL,TYPE I GLS VIAL,Panacea Biotec  Ltd,INDIA,A Baur & Co  (Pvt) Ltd
"EFAVIRENZ, EMTRICITABINE & TENOFOVIR TABLETS  IP 600MG/200MG/300MG",EFEMTEN,TABLETS,"30'S,60'S,90'S",HDPE JAR,Celogen Lanka (Pvt) Ltd,SRI LANKA,***
ESOMEPRAZOLE MAGNESIUM DELAYED RELEASE CAPSULES USP 20MG,ESSO 20,CAPSULES,1X14'S,ALU PVC BLISTER,Shaigan Pharmaceuticals (Pvt) Ltd,PAKISTAN,Biolife Pharmaceuticals (Pvt) Ltd
MEBEVERINE HYDROCHLORIDE BP 135MG,ZEESPA,TABLETS,3X10'S & 1'S,ALU PVC BLISTER,Shaigan Pharmaceuticals (Pvt) Ltd,PAKISTAN,Biolife Pharmaceuticals (Pvt) Ltd
PREGABALIN CAPSULES 150MG,PEGALIN 150,CAPSULES, 2X7'S,ALU PVC BLISTER,Shaigan Pharmaceuticals (Pvt) Ltd,PAKISTAN,Biolife Pharmaceuticals (Pvt) Ltd
CHLORPHENIRAMINE MALEATE ORAL SOLUTION USP 2MG/5ML,ALLERMINE,ORAL SOLUTION,"60ML,100ML",AMBER COLO.ROUND GLS,Astron Limited,SRI LANKA,***
ITRACONAZOLE CAPSULES 100MG,IZOLE,CAPSULES,3X4'S & 1X4'S,ALU-ALU BLISTER,Navana Pharmaceuticals Ltd,BANGLADESH,Darley Butler  & Co Ltd
"VITAMIN A CAPSULES USP 100,000 IU",RETIGEN,SOFT GELATIN CAPSULES,500'S,HDPE JAR,Celogen Lanka (Pvt) Ltd,SRI LANKA,***
BRINZOLAMIDE OPHTHALMIC SUSPENSION USP 1%,BENOZOL,OPHTHALMIC  SUSPENSION,5ML,PLASTIC DROPPER BOTT,Popular Pharmaceuticals PLC,BANGLADESH,ABC Pharma Services Pvt. Ltd
BIMATOPROST EYE DROPS 0.03%,BIMAPROST,EYE DROPS,3ML,LDPE DROPPER BOTTLE,Popular Pharmaceuticals PLC,BANGLADESH,ABC Pharma Services Pvt. Ltd
MEDROXYPROGESTERONE ACETATE INJECTABLE SUSPENSION USP 150MG/ML,MEDROXY,SUSPENSION FOR INJECTION,1ML VIAL+10X1ML VIAL,USP TY 1 GLASS VIAL,Popular Pharmaceuticals PLC,BANGLADESH,ABC Pharma Services Pvt. Ltd
KETOTIFEN EYE DROPS 0.25MG/ML,ZADIT,EYE DROPS,5ML,Plastic Dropper Bott,Popular Pharmaceuticals PLC,BANGLADESH,ABC Pharma Services Pvt. Ltd
CEFTAZIDIME FOR INJECTION USP 1G,FORZID,POWDER FOR INJECTION,20ML,CLEAR GLASS VIAL,United Biotech (P) Limited,INDIA,Klintas (Pvt) Ltd
TACROLIMUS CAPSULES USP 0.5MG,TACROTEC 0.5,HARD GELATIN CAPSULE,ALU ALU BLISTER,1X10'S,United Biotech (P) Limited,INDIA,Klintas (Pvt) Ltd
STERILE NORADRENALINE CONCENTRATE BP 4MG/2ML,NORALIN,CONCENTRATE FOR SOLUTION FOR INFUSION,"2MLAMP,10X2ML AMP/PA",AMB. GLS.AMPOULE,United Biotech (P) Limited,INDIA,Klintas (Pvt) Ltd
LOSARTAN POTASSIUM TABLETS 50MG,NORMOPRESS,TABLETS,"10X10'S,10'S",ALU ALU BLISTER,CCL Pharmaceuticals (Pvt) Ltd,PAKISTAN,CIC Holdings PLC
CO-AMOXICLAV FOR INJECTION BP 1.2G,CLAVOX 1.2,INJECTION,1'S,GLASS VIAL,United Biotech (P) Limited,INDIA,Klintas (Pvt) Ltd
METHYLPREDNISOLONE SODIUM SUCCINATE FOR INJECTION 1 G,SOL-U-PRED 1G,POWDER FOR INJECTION,1G+16ML GLS VIAL BAC,30ML USP TY 1 GLS VI,United Biotech (P) Limited,INDIA,Klintas (Pvt) Ltd
SALBUTAMOL PRESSURIZED INHALATION BP 200MCG/DOSE,SALBUVENT 200 INHALER,PRESSURIZED METERED DOSE INHALATION,200 METERED DOSE/PAC,A1 CANISTER,Lina Manufacturing (Pvt) Ltd,SRI LANKA,***
ISOPROPYL ALCOHOL HAND SANITIZER 75% V/V,CLEAR RUB,HAND SANITIZER,"50ML,100ML,500ML,5L",PLASTIC BOTTLE,Himat (Pvt) Ltd,SRI LANKA,***
METFORMIN TABLETS BP 500MG,METGEN 500,TABLETS,10X10'S & 1000'S,"ALU PVC BLS,HDPE JAR",Mc W Healthcare (P ) Ltd,INDIA,Innogen Lanka (Pvt) Ltd
AFLIBERCEPT SOLUTION FOR INTRAVITREAL INJECTION 40MG/ML,EYLEA,SOLUTION FOR INTRAVITREAL INJECTION,1'S,VIAL,Bayer A G,GERMANY,Emerchemie NB (Ceylon) Ltd
KETOTIFEN FUMARATE EYE DROPS 0.025%,FRENASMA EYE DROP,EYE DROP,5ML/BOTTLE,PLASTIC DROPPER BOTT,Square Pharmaceuticals Ltd,BANGLADESH,CIC Holdings PLC
TRANEXAMIC ACID BP 500MG,EFFINEX 500,TABLETS,3X10'S,ALU ALU BLITER,Stedman Pharmaceuticals Pvt Ltd,INDIA,SDJ Healthcare Pvt Ltd
CYCLOPHOSPHAMIDE FOR INJECTION USP 1 G,NEOPHOS 1 G,POWDER FOR INJECTION, 1'S (50ML),USP TY 1 GLS VIAL,Drug International Ltd,BANGLADESH,Tabrane Pharmaceuticals (Pvt) Ltd
FLUCONAZOLE CAPSULES BP 50MG,FLUGEN 50,CAPSULES,"1X10,3X10,4X10,5X10,",ALU ALU BLISTER,NEWGEN LANKA HEALTHCARE (PVT) LTD,SRI LANKA,***
CEFOTAXIME FOR INJECTION USP 500MG,TAXOVENT 500,POWDER FOR INJECTION,500MG VIAL/PACK,CLEAR GLASS VIALS,INNOVA CAPTAB LIMITED,INDIA,Cliniqon Biotech Pvt. Ltd
CEFTRIAXONE FOR INJECTION USP 250MG,TRIAXWA 250,POWDER FOR INJECTION,1 VIAL/BOX & 25 VIAL,USP TY III GLS VIAL,Sands Active Pvt Ltd,SRI LANKA,***
ADAPALENE GEL 0.1% W/W,ADIPIN,GEL,15G,PRINTED LAMINATED TU,East African (India) Overses,INDIA,Mega Pharma (Pvt) Ltd
IRON SUCROSE INJECTION BP 100MG/5ML,**,SOLUTION FOR INJECTION,10X5ML & 5X5ML,AMBER TYPE I GLS AMP,kelun lifesciences(Pvt) Ltd,SRI LANKA,***
LOSARTAN POTASSIUM TABLETS BP 50MG,***,TABLETS,"10X10'S, 1000'S",ALU CLEAR PVC & HDPE,Morison Limited,SRI LANKA,***
CIPROFLOXACIN TAB USP 500MG,CIPROBIOTIC FORTE 500,TABLETS,10X10'S,BLISTER PACK,Emcure Pharmaceuticals Ltd,INDIA,Emerchemie NB (Ceylon) Ltd
FORMOTEROL FUMARATE & BUDESONIDE DRY POWDER FOR INHALATION CAPSULES 6MCG/400MCG,FORMONIDE 400 RESPICAPS,DRY POWDER INHALATION,10X10'S,ALU PVDC BLISTER,Lina Manufacturing (Pvt) Ltd,SRI LANKA,***
DEFERASIROX TABLETS 400MG,DEFRAGEN 400,TABLETS,"1X10'S,3X10'S,4X10'S",ALU ALU BLISTER,NEWGEN LANKA HEALTHCARE (PVT) LTD,SRI LANKA,***
QUETIAPINE TABLETS USP 25MG,QTIGEN 25,TABLETS,"1X10'S,3X10'S,4X10'S",ALU PVC BLISTER PACK,NEWGEN LANKA HEALTHCARE (PVT) LTD,SRI LANKA,***
SPIRONOLACTONE TABLETS USP 25MG,SPIROLAC 25,TABLETS,"1X10'S,3X10'S,4X10'S",ALU ALU BLISTER,NEWGEN LANKA HEALTHCARE (PVT) LTD,SRI LANKA,***
DICLOFENAC SODIUM SUSTAINED RELEASE CAPSULES 100 MG,BICLOFEN SR 100,CAPSULES,3X10'S 10X10'S,ALU PVC PVDC BLISTER,Emergen Life Sciences (Pvt) Ltd,SRI LANKA,***
SECUKINUMAB POWDER FOR SOLUTION FOR INJECTION 150MG,FRAIZERON 150,POWDER FOR SOLUTION FOR INJECTION,1 VIAL,GLASS VIAL,Novartis Pharma Stein .AG,SWITZERLAND,A Baur & Co  (Pvt) Ltd
PARACETAMOL TABLETS BP 500MG,PARACETOL,TABLETS,1000'S,HDPE BOTTLE,Morison Limited,SRI LANKA,***
BOSENTAN TABLETS 62.5MG,PULMOFIRST 62.5,TABLETS,1X10'S,ALU ALU BLISTER,MSN Laboratories Private Limited,INDIA,Axia (Pvt) Ltd
EPLERENONE TABLETS 50MG,EPNONE 50,TABLETS,3X10'S,ALU PVC BLISTER,MSN Laboratories Private Limited,INDIA,Axia (Pvt) Ltd
VITAMIN E CAPSULES 400 MG,ECOVIT 400,SOFT GELATIN CAPSULES,"1X10'S,3X10'S,5X10'S",ALU PVC BLISTER,Globe Pharmaceuticals Ltd,BANGLADESH,Tabrane Healthcare (Pvt) Ltd
MOMETASONE AQUEOUS NASAL SPRAY BP 50MCG,METANASE NS 50,NASAL SPRAY,01 BOT/PACK,AMB.GLASS BOTTLE,Emergen Life Sciences (Pvt) Ltd,SRI LANKA,***
VITAMIN C CHEWABLE TABLETS 500MG,Cee Lime N Lemon,CHEWABLE TABLETS,50X2'S & 1600X2'S,STRIP PACK,Contract Manufacuring & Packging Pty Ltd,AUSTRALIA,Alaris Lanka (Pvt) Ltd
SACUBITRIL 24MG +VALSARTAN 26MG TABLETS,VACUTRO,TABLETS,2X7'S,ALU ALU BLISTER,Getz Pharma (Pvt) Ltd,PAKISTAN,Hemas Pharmaceuticals (Pvt) Ltd
ETOPOSIDE CAPSULES USP 50MG,TOPOSAR 50,CAPSULES,1X10' 3X10' 20X10',ALU ALU BLISTER,Drug International Ltd,BANGLADESH,Tabrane Pharmaceuticals (Pvt) Ltd
ETOPOSIDE INJECTION USP 100MG/5ML,ACTITOP,INJECTION,5ML,STERILE AM.CO.MO.GL.,Khandelwal Laboratories Pvt Ltd,INDIA,Ceyoka (Pvt) Ltd
TIZANIDINE TABLETS USP 2MG,TONOLYTE 2,TABLETS,3X10'S,ALU ALU BLISTER,Unison Laboratories Co Ltd,THAILAND,Sunshine Healthcare lanka Ltd
SITAGLIPTIN 50MG+METFORMIN HYDROCHLORIDE 1000MG TABLETS,TREVIAMET,TABLETS,35'S(5X7'S),ALU ALU BLISTER,Getz Pharma (Pvt) Ltd,PAKISTAN,Hemas Pharmaceuticals (Pvt) Ltd
TIZANIDINE TABLETS USP  4MG,TONOLYTE 4,TABLETS,3X10'S,ALU ALU BLISTER,Unison Laboratories Co Ltd,THAILAND,Sunshine Healthcare lanka Ltd
PIRFENIDONE TABLETS 200MG,**,TABLETS,100'S(HDPE JAR)10X10,"ALU ALU BLISTER,HDPE",Mercury Laboratories Ltd,INDIA,Yaden International (Pvt) Ltd
CYCLOPENTOLATE HYDROCHLORIDE OPHTHALMIC SOLUTION USP 1% W/V,PENTOLATE,OPHTHALMIC SOLUTION,5ML,LDPE OPAQUE BOTTLE,Sunways Rohto Pharmaceutical Pvt Ltd,INDIA,Yaden International (Pvt) Ltd
CHLORAMPHENICOL EYE DROPS BP 0.5% W/V,CHLOCLO EYE,EYE DROPS,10ML,LDPE BOTTLE,Divine Laboratories (Pvt) Ltd,INDIA,Associated Pharma Celyon (Pvt) Ltd
CLINDAMYCIN INJECTION BP 150MG/ML,CLINDABACT 150,SOLUTION FOR INJECTION,"2MLX10' ,4MLX10'S",USP TY 1 GLS AMPOULE,Divine Laboratories (Pvt) Ltd,INDIA,Associated Pharma Celyon (Pvt) Ltd
HALOPERIDOL INJECTION BP 5MG/ML,HALOPAR,INJECTION,1ML/10'S,AMB COL GLS AMPOULE,Divine Laboratories (Pvt) Ltd,INDIA,Associated Pharma Celyon (Pvt) Ltd
ONDANSETRON INJECTION USP 2 MG/ML,VOMIDEN,SOLUTION FOR INJECTION,"2MLX10'S, 4MLX10'S",USP TY 1 GLS AMPOULE,Divine Laboratories (Pvt) Ltd,INDIA,Associated Pharma Celyon (Pvt) Ltd
ACETYLCYSTEINE SOLUTION USP 200MG/ML,MUDOT,SOLUTION FOR INHALATION OR IV USE,5X10ML AMPOULES,10ML AMB USP TY1 GLS,Divine Laboratories (Pvt) Ltd,INDIA,Associated Pharma Celyon (Pvt) Ltd
BENZTROPINE MESYLATE INJECTION USP 1MG/1ML,FLAGENTIN,INJECTION,2MLX10'S,2ML GLS AMPOULE,Divine Laboratories (Pvt) Ltd,INDIA,Associated Pharma Celyon (Pvt) Ltd
2% Dorzolamide Hydrochloride & 0.5% Timolol Maleate Eye Drops Solution,ZOLICHEK-T,OPHTHALMIC SOLUTION,5ML,LDPE BOTTLE,Indoco Remedies Limited,INDIA,Hemas Pharmaceuticals (Pvt) Ltd
EMPAGLIFLOZIN TABLETS 25MG,EMPAGARD 25,TABLETS,3X10'S,ALU ALU BLISTER,Delta Pharma Ltd,BANGLADESH,Hyena Pharmaceuticals (Pvt) Ltd
EMPAGLIFLOZIN TABLETS 10MG,EMPAGARD 10,TABLETS,3X10'S,ALU ALU BLISTER,Delta Pharma Ltd,BANGLADESH,Hyena Pharmaceuticals (Pvt) Ltd
TRIFLUOPERAZINE TABLETS BP 5MG,***,TABLETS,1000'S,HDPE BOTTLE,State Pharmaceuticals Manufacturer Corporation,SRI LANKA,***
DULOXETINE DELAYED RELEASE CAPSULES USP 30MG,DUZIN DR 30,CAPSULES,"1X10'S,3X10'S,5X10'S",ALU ALU BLISTER,NEWGEN LANKA HEALTHCARE (PVT) LTD,SRI LANKA,***
Multivitamin capsules(Each capsules contains vitamin A USP 10000 IU+Vit.B1 USP 5mg+Vit B2 USP 5mg+ Vit B3 USP 50mg+Vit B5 USP 5mg+Vit B6 USP 1.5mg+Vit,MULTIFORTE,CAPSULES,10X10'S,BLISTER PACK,Astron Limited,SRI LANKA,***
OMEPRAZOLE DELAYED RELEASE CAPSULES USP 20MG,INTEZOLE ( DR),CAPSULES,"1000'S,10X10'S",HDPE BOT.BLISTE.PACK,"GAMMA INTERPHARM PVT LTD,",SRI LANKA,***
FEXOFENADINE HYDROCHLORIDE  TABLETS USP 120MG,FEXODINE 120,TABLETS,"10X10'S&3X10'S,4X10'",ALU PVC BLISTER PACK,NEWGEN LANKA HEALTHCARE (PVT) LTD,SRI LANKA,***
NITROGLYCERIN INJECTION USP 50MG/10ML,GLYRIL,INFUSION,5X10ML & 10X10ML,AMBER TYPE1 GLS VIAL,kelun lifesciences(Pvt) Ltd,SRI LANKA,***
DONEPEZIL HYDROCHIORIDE TABLETS USP 10MG,TORPEZIL 10,FILM COATED TABLETS,10X10'S,ALU ALU BLISTER PACK,Torrent Pharmaceuticals Ltd,INDIA,Hemas Pharmaceuticals (Pvt) Ltd
RANOLAZINE EXTENDED RELEASE TABLTES 500MG,RANLO ER 500,TABLETS,"1X10,2X10'S,3X10'S",ALU PVC BLISTER,Concept Pharmaceuticals Ltd,INDIA,Softcare International (Pvt) Ltd
ESOMEPRAZOLE MAGNESIUM DELAYED RELEASE CAPSULES USP 40MG,GASTROZOLE 40,CAPSULES,2X7'S,ALU ALU BLISTER,Hansel Pharmaceuticals Pvt Ltd,PAKISTAN,Klintas (Pvt) Ltd
CEFIXIME TABLETS USP 200MG,U-FIXIM 200,TABLETS,5X4'S,ALU ALU STRIP,United Biotech (P) Limited,INDIA,Klintas (Pvt) Ltd
PANTOPRAZOLE FOR INJECTION 40MG,PANTAZOL 40,POWDER FOR INJECTION,10ML,AMB.COL.GLASS VIAL,United Biotech (Pvt) Ltd,INDIA,Klintas (Pvt) Ltd
CLINDAMYCIN INJECTION USP 600MG/4ML,CLINDATEC 600,LIQUID INJECTION,1'S,GLS AMPOULE,United Biotech (P) Limited,INDIA,Klintas (Pvt) Ltd
METHYLPREDNISOLONE SODIUM SUCCINATE FOR INJECTION USP 500MG,SOL-U-PRED 500,POWDER FOR INJECTION,500MG+8ML VIAL,20ML USP TY 1 GLS VI,United Biotech (P) Limited,INDIA,Klintas (Pvt) Ltd
CABOZANTINIB CAPSULES 20MG,CABOZANIX 20,CAPSULE,90'S,HDPE BOTTLE,Beacon Pharmaceuticals Ltd,BANGLADESH,Emerchemie NB (Ceylon) Ltd
TOLTERODINE TARTARATE EXTENDED RELEASE CAPSULES 2MG,TOLADINE 2,CAPSULE,"1X10'S,3X10'S,5X10'S",ALU ALU BLISTER,ZIM Laboratories Limited,INDIA,Tabrane Pharmaceuticals (Pvt) Ltd
PROPOFOL INJECTION BP 1% W/V,NEOROF,EMULSION FOR INJECTION OR INFUSION,"20ML,50ML",USP TYP-1 VIAL,Neon Laboratories Ltd,INDIA,Yaden International (Pvt) Ltd
CILNIDIPINE TABLETS 10MG,CINEKAR 10,TABLETS,"1X10,3X10,5X10,10X10",ALU ALU BLISTER,JENPHAR BAGLADESH LTD,BANGLADESH,Tabrane Healthcare (Pvt) Ltd
VITAMINS & MINERALS CAPSULES,FORCEVAL,CAPSULE,30'S,BLISTER,Eurocaps Ltd,UNITED KINGDOM,Burhani Enterprises
CEFUROXIME AXETIL TABLETS USP 125MG,KILBAC 125,TABLET,5X4'S,ALU ALU BLISTER,Incepta Pharmaceuticals Ltd,BANGLADESH,Citihealth Imports (Pvt) Ltd
FORMOTEROL FUMARATE DIHYDRATE 6MCG/DOSE AND BUDESONIDE 100MCG/DOSE PRESSURIZED INHALATION,FORMOVENT 100 INHALER,PRESSURIZED INHALATION,1'S,PRES.CONT SUS+ACTUAT,Lina Manufacturing (Pvt) Ltd,SRI LANKA,***
FORMOTEROL FUMARATE DIHYDRATE 6MCG/DOSE AND BUDESONIDE 200MCG/DOSE PRESSURIZED INHALATION,FORMOVENT 200 INHALER,PRESSURIZED INHALATION,1'S,"PRES.CONTA SUS,ACTUA",Lina Manufacturing (Pvt) Ltd,SRI LANKA,***
BORTEZOMIB FOR INJECTION 2MG,MIBOR 2,LYOPHILIZED POWDER FOR INJECTION,5ML VIAL,USP TYP 1 CLEAR GLS,Celon Laboratories Private Limited,INDIA,Medmart Pharma (Pvt) Ltd
MICONAZOLE OROMUCOSAL GEL BP 2%W/W,MIZOL ORAL GEL,ORAL GEL,15G & 40G,PLASTIC LAMINAT.TUBE,Medicon Pharmaceuticals Ltd,BANGLADESH,Tranz Pharma Hodlings (Pvt) Ltd
GLYCOPYRRONIUM BROMIDE SOLUTION FOR INJECTION 200MCG/ML,**,SOLUTION FOR INJECTION,10'S(1ML),GLASS AMPOULE,Macarthys Laboratories Ltd,UNITED KINGDOM,Niix Holdings (Pvt) Ltd
PARACETAMOL TABLETS 500MG,PANADOL,TABLET,1000'S,PP JAR,Haleon Lanka(Pvt) Ltd,SRI LANKA,***
CHLORPHENIRAMINE MALEATE SYRUP 2MG/5ML,PIRITON SYRUP,SYRUP,100ML,PET BOTTLE,Haleon Lanka(Pvt) Ltd,SRI LANKA,***
CHLORHEXIDINE DIGLUCONATE MOUTH WASH,CORSODYL MINT MOUTHWASH,MOUTH WASH,"100ML,200ML",AMBER COLUR PET BOTT,HALEON LANKA ENTERPRISES LTD,SRI LANKA,***
PARACETAMOL BP 500MG & CODEINE PHOSPHATE USP 8MG TABLETS,PANADEINE,TABLETS,"10X12'S, 2X12'S",ALU-PVC BLISTER,Haleon Lanka(Pvt) Ltd,SRI LANKA,***
CEFUROXIME AXETIL TABLET  USP 500MG,PULMOCEF 500,TABLETS,3X10'S,ALU ALU BLISTER PACK,Micro Labs Limited,INDIA,Micro Healthcare (Pvt) Ltd
ONDANSETRON ORALLY DISINTEGRATING TABLETS USP 8MG,VOMIKIND MD8,ORALLY DISINTEGRATING TABLETS,1x10'S,ALU-ALU BLISTER,Mankind Pharma Ltd,INDIA,Hemas Pharmaceuticals (Pvt) Ltd
PAEDIATRIC PARACETAMOL ORAL SOLUTION 120MG /5ML,PANADOL LIQUID,ORAL SOLUTION,"60ML,100ML,750ML",AMB COL PET BOTTLE,HALEON LANKA ENTERPRISES LTD,SRI LANKA,***
BORTEZOMIB FOR INJECTION 2MG,NEOMIB,POWDER FOR INJECTION,1 VIAL/PACK,GLASS VIAL,Getwell Pharma India Private Limited,INDIA,The Esses Pharmacy (Pvt) Ltd
LORATADINE TABLETS USP 10MG,LORACE 10,TABLETS,"3X10'S,5X10'S,10X10'",ALU PVC BLI. & HDPE,ACE HEALTHCARE (PVT) LTD,SRI LANKA,***
THIAMINE TABLETS BP 100MG,A-MIN 100,TABLETS,"1X10,3X10,5X10,10X10",ALU ALU BLISTER,ACE HEALTHCARE (PVT) LTD,SRI LANKA,***
OXALIPLATIN INJECTION USP 100MG/50ML,XYLOTIN,INJECTION,50ML,GLASS VIAL,Getwell Pharma India Private Limited,INDIA,The Esses Pharmacy (Pvt) Ltd
METHYLPREDNISOLINE SODIUM SUCCINATE FOR INJECTION USP 500MG+BACTERIOSTATIC WATER FOR INJECTION USP (SOLVENT),SANEXON 500,POWDER FOR INJECTION,10ML GLS VIAL & 8ML,GLASS VIAL AMP-SOLVE,PT Sanbe Farma,INDONESIA,Softlogic Pharmaceuticals (Pvt( Ltd
DARBEPOETIN ALFA INJECTION 40MCG/0.4ML,CRESP 40,PRE-FILLED SYRINGES,0.4ML /40MCG,PRE FILLED SYR,Dr Reddy's Laboratories Ltd,INDIA,Emerchemie NB (Ceylon) Ltd
HUMAN RECOMBINANT GRANULOCYTE COLONY STIMULATING FACTOR(G-CSF) INJECTION(FILGRASTIM-INJECTION) 300MCG/ML,GRASTIM,INJECTION,1ML VIAL/PACK OR PFS,PREFILL SYRINGE PFS,Dr Reddy's Laboratories Ltd,INDIA,Emerchemie NB (Ceylon) Ltd
ISOFLURANE LIQUID FOR INHALATION USP 100% (V/V),AERRANE,LIQUID FOR INHALATION,"100ML,250ML",AMBER CLOUR GLS BOTT,Baxter Healthcare Corporation,USA,Slim Pharmaceuticals (Pvt) Ltd
DARBEPOETIN ALFA INJECTION 100MCG,CRESP,PRE-FILLED SYRINGES,1PFS,0.5ML SINGLE DOSE PF,Dr Reddy's Laboratories Ltd,INDIA,Emerchemie NB (Ceylon) Ltd
DARBEPOETIN ALFA INJECTION 25MCG,CRESP 25,INJECTION,0.42ML PFS,PF.SYRINGE,Dr Reddy's Laboratories Ltd,INDIA,Emerchemie NB (Ceylon) Ltd
IRON III HYDROXIDE POLYMALTOSE COMPLEX EQUIVALENT TO ELEMENTAL IRON 100MG+FOLIC ACID 0.5MG+PYRIDOXIN HYDROCHLORIDE 3MG+CYANOCOBALAMIN 15MCG+ZINC SULP.,CHELFERRON,CAPSULES,15'SX2X10,ALU PVDC BLISTER,Leben Laboratories (Pvt) Ltd,INDIA,Ceyoka (Pvt) Ltd
CLINDAMYCIN CAPSULES BP 300MG,CLINDAMIX 300,CAPSULE,"1X4'S,10X4'S",ALU ALU BLISTER,Navana Pharmaceuticals Ltd,BANGLADESH,Darley Butler  & Co Ltd
CLINDAMYCIN CAPSULES BP 150MG,CLINDAMIX 150,CAPSULE,"1X4'S,1X10'S,3X10'S",ALU ALU BLISTER,Navana Pharmaceuticals Ltd,BANGLADESH,Darley Butler  & Co Ltd
CLOTRIMAZOLE CREAM USP 1% W/W,CLOTRACE,CREAM,"5G,10G,15G,20G,30G,",ABL TUBE/ALUMI.TUBE,ACE HEALTHCARE (PVT) LTD,SRI LANKA,***
SUNITINIB CAPSULES 50MG,***,CAPSULES,28'S,HDPE BOTTLE,Aeon Formulation Pvt Ltd,INDIA,Lanka Theraputics (Pvt) Ltd
ALENDRONATE SODIUM TABLETS USP 70MG,OSTEOMAX 70,TABLETS,"1X10'S,30X10'S,5X10'",ALU ALU BLISTER,ZIM Laboratories Limited,INDIA,Tabrane Pharmaceuticals (Pvt) Ltd
CEFUROXIME AXETIL FOR ORAL SUSPENSION USP 125MG/5ML,CEFERO,POWDER FOR ORAL SUSPENSION,"70ML,100ML,200ML",AMBER COLOUR GLS BOT,ZIM Laboratories Limited,INDIA,Tabrane Pharmaceuticals (Pvt) Ltd
MENOTROPHIN FOR INJECTION BP 75 IU,BSV-HUMOG-75HP,LYOPHILIZED POWDER FOR INJECTION,USP TYP1-1VIAL+1ML,USP TYPE 1 VIAL MEDI,Bharat Serums & Vaccine Ltd,INDIA,Ceyoka (Pvt) Ltd
NILOTINIB CAPSULES 200MG,NIL TIB 200,CAPSULE,"6X6'S,6X10'S",ALU ALU BLISTER,Hetero Labs Ltd,INDIA,Mansel (Ceylon) (Pvt) Ltd
FLUOXETINE CAPSULES USP 20MG,FLUTIN,CAPSULES,"BLIS 3X10,10X10",ALU CLER PVC/PVDC BL,Celogen Lanka (Pvt) Ltd,SRI LANKA,***
ROPINIROLE TABLETS USP 1MG,REOL-1,TABLETS,21'S,BLISTER,Genome Pharmceuticals (Pvt) Ltd,PAKISTAN,Slim Pharmaceuticals (Pvt) Ltd
IPRATROPIUM BROMIDE 500 MCG AND SALBUTAMOL 2.5MG NEBULISER SOLUTION,SULPREX,NEBULISER SOLUTION,2X5'S,AMPOULE,Square Pharmaceuticals Ltd,BANGLADESH,CIC Holdings PLC
AZACITIDINE FOR INJECTION 100MG/VIAL,AZAPAN,LYOPHILIZED INJECTION,1 VIAL PER PACK,TYPE 1 GLS VIAL,Panacea Biotech Pharma Ltd,INDIA,Markss HLC (Pvt) Ltd
ATORVASTATIN TABLETS 10MG,ATOREM-10,TABLETS,"3X10'S,10X10'S",ALU ALU BLISTER,MSN Laboratories Ltd,INDIA,Axia (Pvt) Ltd
FEBUXOSTAT TABLETS 40MG,FEBULIV 40,TABLETS,"3X10'S,30'S",ALU ALU BLI.& HDPE,R V LIFESCIENCE LIMITED,INDIA,Tabrane Healthcare (Pvt) Ltd
HALOPERIDOL TABLETS USP 5MG,HALORID 5,TABLETS,"1X10'S,3X10'S,4X10'S",ALU ALU BLISTER,NEWGEN LANKA HEALTHCARE (PVT) LTD,SRI LANKA,***
METFORMIN TABLETS BP 850MG,METFORA 850,TABLETS,"10X10'S,3X10'S,6X10'",ALU PVC BLISTER,Sands Active Pvt Ltd,SRI LANKA,***
ESOMEPRAZOLE MAGNESIUM DELAYED RELEASE TABLETS 20MG TABLETS,ESOMAC 20,TABLETS,"3X10'S,6x10'S",ALU ALU STRIP,Medispray Laboatories (Pvt) Ltd,INDIA,Breathe Free Lanka (Pvt) Ltd
PARACETAMOL TABLETS BP 500MG,MELDOL,TABLETS,"10X10'S, 10X20'S","PVDC,PVC /ALU BLIST",Sands Active Pvt Ltd,SRI LANKA,***
CO-AMOXICLAV  TABLETS BP 625MG,AUGMOX 625,TABLETS,"2X10'S,1X10'S",ALU ALU BLISTER,Navesta Pharmaceuticals (Pvt) Ltd,SRI LANKA,***
CLINDAMYCIN HYDROCHLORIDE CAPSULES USP 300MG,CLINDALIX 300,CAPSULE,"1X10'S,3X10'S,4X10'S",ALU PVDC BLISTER,NEWGEN LANKA HEALTHCARE (PVT) LTD,SRI LANKA,***
BISOPROLOL FUMARATE TABLETS USP 2.5MG,BETACOR 2.5,TABLETS,"1X10'S,3X10'S,4X10'S",ALU ALU BLISTER,NEWGEN LANKA HEALTHCARE (PVT) LTD,SRI LANKA,***
GLICLAZIDE MODIFIED REALEASE TABLETS 30MG,**,TABLETS,"1X10'S,3X10'S,4X10'S",ALU ALU BLIS.PVC BLI,NEWGEN LANKA HEALTHCARE (PVT) LTD,SRI LANKA,***
BISOPROLOL FUMARATE TABLETS USP 5MG,BETACOR 5,TABLETS,"1X10'S,3X10'S,4X10'S",ALU ALU BLISTER,NEWGEN LANKA HEALTHCARE (PVT) LTD,SRI LANKA,***
WARFARIN SODIUM TABLETS USP 5MG,WARFAGEN 5,TABLETS,"1X10'S,4X10'S,5X10'S",ALU PVC OPAQUE BLIST,NEWGEN LANKA HEALTHCARE (PVT) LTD,SRI LANKA,***
CO AMOXICLAV TABLETS BP 375MG,AUGMOX 375,TABLETS,"2X10'S,1X10'S",ALU ALU BLISTER,Navesta Pharmaceuticals (Pvt) Ltd,SRI LANKA,***
GAVISCON LIQUID ORAL SUSPENSION  (SODIUM ALGINATE 500MG+SODIUM BICARBONATE 267MG/10ML),GAVISCON,ORAL SOLUTION,200ML,AMMBER COLOUR GLS BO,Reckitt Benckiser Healthcare UK Ltd,UNITED KINGDOM,Reckitt Benckiser (Lanka) Ltd
ARIPIPRAZOLE TABLETS USP 10 MG,ARIP MT 10,TABLETS,3X10'S,ALU ALU BLISTER,Torrent Pharmaceuticals Ltd,INDIA,Edna Medicals (Pvt) Ltd
CEFUROXIME AXETIL FOR ORAL SUSPENSION USP 125MG/5ML,ZENOXIM 125,ORAL SOLUTION,70ML,HDPE BOTTLE,Indchemie Health Specialities (Pvt) Ltd,INDIA,Pharma Associates
DILTIAZEM HYDROCHLORIDE TABLETS USP 30MG,DILGEN 30,TABLETS,"1X10,3X10,5X10,6X10,",ALU PVC BLISTER PACK,NEWGEN LANKA HEALTHCARE (PVT) LTD,SRI LANKA,***
GLICLAZIDE MODIFIED REALEASE TABLETS 60MG,**,TABLETS,"1X10'S,3X10'S,4X10'S",ALU ALU BLISTER,NEWGEN LANKA HEALTHCARE (PVT) LTD,SRI LANKA,***
BUDESONIDE NEBULISER SUSPENSION BP 0.25MG/2ML,BUDEZ 0.25,NEBULISER SUSPENSION,6 PAUCHES OF 5 AMPOU,AMPOULE,SUN PHARMACEUTICAL MEDICARE LIMITED - INDIA  FOR SUN PHARMACEUTICAL INDUSTRIES LTD - INDIA,INDIA,Hemas Pharmaceuticals (Pvt) Ltd
URSODEOXYCHOLIC ACID TABLETS BP 300MG,URSOGEN 300,TABLETS,"1X10'S,3X10'S,4X10'S",ALU PVC BLISTER PACK,NEWGEN LANKA HEALTHCARE (PVT) LTD,SRI LANKA,***
CO-AMOXICLAV  TABLETS BP 375MG,FINEMOX CV 375,TABLETS,"1X10'S2X10'S,3X10'S,",ALU ALU BLISTER,Finecure Pharmaceutical Ltd,INDIA,Tabrane Healthcare (Pvt) Ltd
CO-AMOXICLAV  TABLETS BP 625MG,FINEMOX CV 625,TABLETS,"1X10'S,2X10'S,3X10'S",ALU ALU BLISTER,Finecure Pharmaceutical Ltd,INDIA,Tabrane Healthcare (Pvt) Ltd
IRINOTECAN HYDROCHLORIDE INJECTION USP 40MG/2ML,RINOWEL,SOLUTION FOR INJECTION,3ML,USP TYP 1 AM.GLS VIA,Getwell Pharma India Private Limited,INDIA,The Esses Pharmacy (Pvt) Ltd
"ROTAVIRUS VACCINE, LIVE ATTENUATED (ORAL LIQUID) 1 DOSE-2ML",ROTASIIL-LIQUID,ORAL LIQUID,"50X2ML,30X50X2ML.12X",POLYTHYLENE (PE)AMPO,Serum Institute of India (Pvt) Ltd,INDIA,Citihealth Imports (Pvt) Ltd
AZITHROMYCIN  TABLETS USP 500MG,AZIAGIO 500,TABLETS,"1X3'S,10X1X3'S",ALU PVC BLISTER,Agio Pharmaceuticals Ltd,INDIA,Citihealth Imports (Pvt) Ltd
HYDROCORTISONE SODIUM SUCCINATE FOR INJECTION USP 100MG,CORTEC 100,POWDER FOR INJECTION,5ML VIAL GLS,GLASS VIAL USP TYP1,United Biotech (P) Limited,INDIA,Klintas (Pvt) Ltd
TRANEXAMIC ACID INJECTION BP 500MG/5ML,FIBROSTAT,INJECTION,5'S,USP TYP1 PVC BLISTER,Globe Pharmaceuticals Ltd,BANGLADESH,Tabrane Healthcare (Pvt) Ltd
PANTOPRAZOLE SODIUM  DELAYED RELEASE TABLETS USP 40MG,PANTO DR 40,TABLETS,"1X10,3X10,4X10,5X10",ALU ALU BLISTER,NEWGEN LANKA HEALTHCARE (PVT) LTD,SRI LANKA,***
AZELAIC ACID CREAM 20% W/W,AZIDERM,CREAM,15G,PRINTED ALUMINIUM CO,Micro Labs Limited,INDIA,Micro Mega Lanka (Pvt) Ltd
BETAHISTINE DIHYDROCHLORIDE TABLET BP 8MG,BETAVERT 8,TABLETS,5X10'S,BLISTER,SUN PHARMACEUTICAL INDUSTRIES LTD,INDIA,Emerchemie NB (Ceylon) Ltd
CALCIUM 3 METHYL 2 OXO VALERATE 67MG+CALCIUM 4 METHYL 2 OXO VALERATE 101MG+CALCIUM 2 OXO PHENYLPLONATE 68MG+CALCIUM 3 METHYL 2 OXO BUTYRATE 86MG,KETOSTERIL TABLETS,TABLETS,5X20'S 10X10'S,ALU PVC BLISTER,Labesfal Laboratories Almtro S A,PORTUGAL,Slim Pharmaceuticals (Pvt) Ltd
ACICLOVIR OPHTHALMIC OINTMENT BP 3% W/W,SANTOVIR,OPHTHALMIC OINTMENT,4.5G,CO.ALUMINIUM TUBE,Sante (Private) Limited,PAKISTAN,Emerchemie NB (Ceylon) Ltd
DILTIAZEM HYDROCHLORIDE SUSTAINED RELEASE CAPSULES JP 200MG,HERBESSER -R 200,SUSTAINED RELEASE CAPSULES,10X10'S,ALU PVC BLISTER,PT MITSUBISHI TANABE PHARMA,INDONESIA,Hemas Pharmaceuticals (Pvt) Ltd
DILTIAZEM HYDROCHLORIDE SUSTAINED RELEASE CAPSULES JP 100MG,HERBESSER R-100,SUSTAINED RELEASE CAPSULES,10X10'S,ALU PVC BLISTER,PT MITSUBISHI TANABE Parma,INDONESIA,Hemas Pharmaceuticals (Pvt) Ltd
MELATONIN TABLETS 3MG,MELTORA 3,TABLETS,"1X10'S,3X10'S,4X10'S",ALU PVC/PVDC BLISTER,NEWGEN LANKA HEALTHCARE (PVT) LTD,SRI LANKA,***
SITAGLIPTIN TABLETS 100MG,SITAZIT 100,TABLETS,"1X10'S,3X10'S,4X10'S",ALU BLI.PVC/PVDC BLI,NEWGEN LANKA HEALTHCARE (PVT) LTD,SRI LANKA,***
SITAGLIPTIN TABLETS 50MG,SITAZIT 50,TABLETS,"1X10'S,3X10'S,4X10'S","ALU BLI,ALU PVDC BLI",NEWGEN LANKA HEALTHCARE (PVT) LTD,SRI LANKA,***
CELECOXIB CAPSULES 200MG,CELEBREX,CAPSULES,10X10'S,PVC/A1 FOIL BLISTER,VIATRIS PHARMACEUTICALS LLC,GERMANY,Hemas Pharmaceuticals (Pvt) Ltd
ATROPINE INJECTION BP 0.6MG/ML,**,INJECTION,1MLX10'S/PACK,AMBER COLO.GLS AMPOU,Pharmafabrikon,INDIA,***
DESLORATADINE TABLETS USP 5MG,DEZORID 5,TABLETS,"1X10'S,3X10'S,4X10'S",ALU PVDC BLISTER,NEWGEN LANKA HEALTHCARE (PVT) LTD,SRI LANKA,***
AMOXICILLIN CAPSULES B.P 250MG,**,CAPSULES,"1X10'S,3X10'S,5X10'S",ALU PVDC BLISTER,NEWGEN LANKA HEALTHCARE (PVT) LTD,SRI LANKA,***
KETOCONAZOLE CREAM BP 2% W/W,SICAZOLE,CREAM,"1'S(20G,5G,10G,15G,",ALU COLLAP TUBE,Brassica Pharma Pvt Ltd,INDIA,Softcare International (Pvt) Ltd
GANCICLOVIR FOR  INJECTION USP 500MG/VIAL,GAVIR 500,INJECTION,20ML VIAL+10ML WFI,CLEAR GLS VIAL+10ML,United Biotech (P) Limited,INDIA,Klintas (Pvt) Ltd
"ALUMINA , MAGNESIA & SIMETHICONE ORAL SUSPENSION",ENICID,ORAL SUSPENSION,200ML,AMBER  COLO.PET BOTT,Enicar Pharmaceuticals Pvt Ltd,INDIA,Pharmatec (Pvt) Ltd
LEVOFLOXACIN TABLETS USP 500MG,LEVOXIN 500,FILM COATED TABLETS,3X10'S,ALU PVC BLISTER PACK,Incepta Pharmaceuticals Ltd,BANGLADESH,Citihealth Imports (Pvt) Ltd
TRANEXAMIC ACID INJECTION BP 500MG/5ML,XANTRA INJECTION,INJECTION,5MLX5'S,GLASS AMPOULE,Agio Pharmaceuticals Ltd,INDIA,Citihealth Imports (Pvt) Ltd
FINERENONE FILM COATED TABLETS 10MG,KERENDIA,FILM COATED TABLETS,1X14'S,BLISTER PACK,Bayer A G,GERMANY,Emerchemie NB (Ceylon) Ltd
SODIUM VALPROATE GASTRO RESISTANT TABLETS BP 100MG,VALOGEN GR 100,GASTRO RESISTANT TABLETS,"1X10'S,3X10'S,5X10'S",ALU ALU STRIP,NEWGEN LANKA HEALTHCARE (PVT) LTD,SRI LANKA,***
FEBUXOSTAT TABLETS 40MG,FEBURY 40,TABLETS,"10X10,3X3 TABLETS",ALU ALU BLISTER,Mercury Laboratories Ltd,INDIA,Yaden International (Pvt) Ltd
CEFOPERZONE SODIUM 1G & SULBACTRUM SODIUM 1G INJECTION,XTRACEF-2G,INJECTION,1VIAL WITH 10ML WFI,GLASS VIAL,SURGE LABORATORIES PVT LTD,PAKISTAN,George Steuart Health Pvt Ltd
Isopropyl Alcohol 70-80% hand sanitizer without colorant,Sani Cure (Clear),SOLUTION,"100ML,500ML,5L",HDPE BOTTLE,Rovik Lanka (Pvt) Ltd,SRI LANKA,***
FLUCONAZOLE CAPSULES BP 150MG,FLUZON 150,CAPSULES,"1X10'S,3X10'S,4X10'S",ALU ALU BLISTER,NEWGEN LANKA HEALTHCARE (PVT) LTD,SRI LANKA,***
ATORVASTATIN TABLETS 20MG,LIPIDROP-20,FILM COATED TABLETS,10X10'S,ALU ALU BLISTER,MAGBRO HEALTHCARE (PVT) LTD,INDIA,ABC PHARMA SERVICES (PVT) LTD
CETIRIZINE TABLETS BP 10MG,CETZED,TABLETS,10X10'S,ALU PVC BLISTER,G.D Laboratories (India) Pvt .Limited,INDIA,Softlogic Pharmaceuticals (Pvt) Ltd
GLUCOSE INTRAVENOUS INFUSION BP 5% w/v,5D,INTRAVENOUS INFUSION,"500ML,100ML",PP INFUSION BOTTLE,kelun lifesciences(Pvt) Ltd,SRI LANKA,***
EFLORNITHINE HYDROCHLORIDE CREAM 13.9% W/W,EPILA Cream,CREAM,1'S(15G),LAMINATED TUBE,VALOR Pharmaceutical,PAKISTAN,Slim Pharmaceuticals (Pvt) Ltd
CARBIMAZOLE TABLETS 10 MG,CARBIMAC 10,TABLETS,10X10'S,ALU WHITE OPAQUE BLI,Macleods Pharmaceuticals Ltd,INDIA,Emerchemie NB (Ceylon) Ltd
ROSUVASTATIN TABLETS USP 20MG,ROSUVIL 20,TABLETS,"1X10'S,3X10'S,5X10'S",ALU ALU BLISTER,Concept Pharmaceuticals Ltd,INDIA,Softcare International (Pvt) Ltd
FEXOFENADINE HYDROCHLORIDE  TABLETS USP 180MG,FENADIN 180,FILM COATED TABLETS,"2X10'S,1X4'S",ALU PVC BLISTER,Renata Limited,BANGLADESH,Emerchemie NB (Ceylon) Ltd
FINERENONE FILM COATED TABLETS 20MG,KERENDIA,FILM COA TABLETS,1X14'S,BLISTER PACK,Bayer A G,GERMANY,Emerchemie NB (Ceylon) Ltd
DOCETAXEL INJECTION USP 40MG/ML,DECEXAN,INJECTION,20MG/0.5ML 80MG/2ML,GLASS VIAL,Beacon Pharmaceuticals Ltd,BANGLADESH,Emerchemie NB (Ceylon) Ltd
AZITHROMYCIN FOR ORAL SUSPENSION USP 200MG/5ML,**,POWDER FOR SUSPENSION,"15ML,30ML,35ML",AMBER GLASS BOTTLE,NEWGEN LANKA HEALTHCARE (PVT) LTD,SRI LANKA,***
GLICLAZIDE MODIFIED RELEASE TABLETS 30MG,GLIKAZID MR 30,TABLETS,"1X10'S,3X10'S,4X10'S",ALU PVC BLISTER,NEWGEN LANKA HEALTHCARE (PVT) LTD,SRI LANKA,***
FLUCONAZOLE CAPSULES BP 150MG,FUNGICON 150,HARD GELATINE CAPSULES,"1'S,10X1'S",ALU PVC BLISTER,Micro Labs Limited,INDIA,Micro Mega Lanka (Pvt) Ltd
EVEROLIMUS TABLETS 0.5mg,EverGraf 0.5,TABLETS,3X1X10'S,ALU ALU BLISTER PACK,Panacea Biotech Pharma Ltd,INDIA,Markss Healthcare (Pvt) Ltd
ROSUVASTATIN TABLETS 5MG,ROSTIN 5,TABLETS,"3X10'S,10X10'S",BLISTER PACK,MBL Pharma,PAKISTAN,Markss HLC (Pvt) Ltd
EVEROLIMUS TABLETS 0.25mg,EverGraf 0.25,TABLETS,3X1X10'S,ALU ALU BLISTER PACK,Panacea Biotech Pharma Ltd,INDIA,Markss Healthcare (Pvt) Ltd
CHLORPHENAMINE TABLETS BP 4MG,CIPIUM,TABLETS,"10X10'S,20X10'S&1000","AL PVC BLIS, HDPE CO",Leben Laboratories (Pvt) Ltd,INDIA,Ceyoka (Pvt) Ltd
CLOBETASOL PROPIONATE CREAM USP 0.05% W/W,ENDERM CREAM,CREAM,15 G,ALU COLLAP TUBE,Leben Laboratories (Pvt) Ltd,INDIA,Ceyoka (Pvt) Ltd
 DRIED ALUMINIUM HYDROXIDE BP 400MG+MAGNESIUM HYDROXIDE BP 400MG +SIMETHICONE USP 50MG ORAL SUSPENSION,Antagit-DS Gel Mango Flavour,ORAL SUSPENSION,170ML,PET BOTTLE,Leben Laboratories (Pvt) Ltd,INDIA,Ceyoka (Pvt) Ltd
MOMETASONE FUROATE LOTION 0.1% W/W,HIVATE LOTION,LOTION,20ML,PLASTIC BOTTLE,Saffron Pharmaceutical (Pvt) Ltd,PAKISTAN,Truvic Private Ltd
DIPHTHERIA TETANUS PERTUSSIS (WHOLE CELL) HEPATITIS B HAEMOPHILUS INFLUENZA TYPE B VACCINE,EUPENTA,INJECTION,10 DOSES VIAL X10 VI,TYPE 1 GLASS VIAL,L G Chem Ltd,KOREA,ABC Pharma Services Pvt. Ltd
DOLUTEGRAVIR TABLETS 50 MG,TEGRAD 50,TABLETS,30'S,HDPE CONTAINER,HETERO LABS LIMITED,INDIA,Mansel (Ceylon) (Pvt) Ltd
ATORVASTATIN TABLETS IP 20MG,ATOREM 20,TABLETS,10X10'S,ALU ALU BLISTER,MSN Laboratories Private Limited,INDIA,Axia (Pvt) Ltd
AMOROLFINE MEDICATED NAIL LACQUER 5% W/V,LOCERYL,MEDICATED NAIL LACQUER,2.5ML,AM.COL.GLS BO.+LDPE,Laboratories Galderma,FRANCE,Sunshine Healthcare lanka Ltd
ROSUVASTATIN TABLETS USP 10MG,ROSTIN 10,TABLETS,"10X10'S,&1X10'S,3X10",ALU ALU BLISTER,MBL Pharma,PAKISTAN,Markss HLC (Pvt) Ltd
VANCOMYCIN HYDROCHLORIDE FOR INJECTION USP 500MG,VANCOTECH 500,INJECTION,1'S,GLASS VIAL,United Biotech (P) Limited,INDIA,Klintas (Pvt) Ltd
DESMOPRESSIN TABLETS BP 0.1MG,D-PRESSIN,TABLET,3X10'S,ALU ALU STRIP,United Biotech (P) Limited,INDIA,Klintas (Pvt) Ltd
BICALUTAMIDE TABLETS USP 50MG,CLUTA-B 50,TABLETS,3X10'S,ALU PVC BLISTER,United Biotech (P) Limited,INDIA,Klintas (Pvt) Ltd
TEICOPLANIN INJECTION IP 400MG,TECOPLAN 400,INJECTION,1'S+3ML WATER FOR IN,GLS VIAL+AMPOULE,United Biotech (P) Limited,INDIA,Klintas (Pvt) Ltd
SITAGLIPTIN TABLETS USP 100MG,SITAGLIP 100,TABLETS,"1X10'S,3X10'S,10X10'",ALU ALU BLISTER,The ACME Laboratories Ltd,BANGLADESH,Mega Pharma (Pvt) Ltd
PARACETAMOL TABLETS BP 500MG,PARACETOL,TABLETS,10X10'S,ALU PVC BLISTER,Morison Limited,SRI LANKA,***
SOLIFENACIN SUCCINATE TABLETS 5MG,CONIFA 5MG,TABLETS,"1X10'S,1X30'S",ALU ALU BLISTER,The Searle Company Ltd,PAKISTAN,Morison Limited
IPRATROPIUM BROMIDE BP 20MCG+SALBUTAMOL 100MCG INHALER,SULPREX HFA,PRESSURIZED INHALER,200 PUFFS,ALUMINIUM CANISTER,Square Pharmaceuticals Ltd,BANGLADESH,CIC Holdings PLC
ADAPALENE CREAM  0.1% w/w,FONA 0.1%,CREAM,10G,LAMINATED TUBE,Square Pharmaceuticals Ltd,BANGLADESH,CIC Holdings PLC
PIVMECILLINAM HYDROCHLORIDE TABLETS 200MG,EMCIL 200,TABLETS,30'S,ALU ALU BLISTER,Square Pharmaceuticals Ltd,BANGLADESH,CIC Holdings PLC
LORATADINE TABLETS USP 10MG,LAURA,TABLETS,10X10'S,ALU ALU BLISTER,MAGBRO HEALTHCARE (PVT) LTD,INDIA,ABC PHARMA SERVICES (PVT) LTD
METFORMIN HYDROCHLORIDE SUSTAINED RELEASE TABLETS IP 500MG,WALAPHAGE SR 500,TABLETS,10X10'S,BLISTER PACK,Wallace Pharmaceuticals (Pvt)Ltd,INDIA,Emar Pharma (Pvt) Ltd
PARACETAMOL TABLETS BP 500MG,PANADOL,TABLETS,"144'S , 240'S &156'S",ALU PVC BLISTER,Haleon Lanka(Pvt) Ltd,SRI LANKA,***
ERYTHROMYCIN ETHYL SUCCINATE FOR ORAL SUSPENSION USP 125MG/5ML,ERYTHROCIN,GRANULES FOR  ORAL SUSPENSION,100ML,HDPE BOTTLE,Indus Pharma (Pvt) Ltd,PAKISTAN,Sunshine Healthcare lanka Ltd
OXYBUTYNIN TABLETS BP 2.5MG,**,TABLETS,100TAB/JAR&10X10,PLASTIC JAR & ALU AL,Treffer Pharmaceuticals,INDIA,Yaden International (Pvt) Ltd
SITAGLIPTIN TABLETS USP 25MG,**,TABLETS,"1X10'S,3X10'S,6X10'S",BLISTER & HDPE,Sands Active Pvt Ltd,SRI LANKA,***
ONDANSETRON INJECTION USP 8MG/4ML,ONSET,INJECTION,"1X5'S,10X10'S(4ML)",CLEAR TY 1 GLS AMPOU,kelun lifesciences(Pvt) Ltd,SRI LANKA,***
ABCIXIMAB FOR INJECTION 2MG/ML,CLOTINAB,INJECTION,5ML,USP TYP I GLS VIAL,Korea Vaccine Co.Ltd,KOREA,Pharma Associates
DAPSONE TABLETS BP 50MG,DAPSOGEN 50,TABLET,"1X10'S,3X10'S,4X10'S",ALU PVC BLISTER,NEWGEN LANKA HEALTHCARE (PVT) LTD,SRI LANKA,***
DAPSONE TABLETS BP 25MG,DAPSOGEN 25,TABLETS,"1X10'S,3X10'S,4X10'S",ALU PVC BLISTER,NEWGEN LANKA HEALTHCARE (PVT) LTD,SRI LANKA,***
CARBIMAZOLE TABLETS BP 5MG,CARBIZ-5,TABLETS,"2X5X10'S, 10X5X10'S","ALU PVC PVDC,HDPE JA",Celogen Lanka (Pvt) Ltd,SRI LANKA,***
TAMSULOSIN HYDROCHLORIDE MODIFIED RELEASE CAPSULES 400MCG,URIMAX 0.4 mg,CAPSULES,3X10'S,ALU PVC/PVDC BLISTER,Cipla Limited,INDIA,Breathe Free Lanka (Pvt) Ltd
METFORMIN TABLETS BP 500MG,METFORA 500,TABLETS,"1X10'S,3X10'S,10X10'",ALU PVC BLSTER,Sands Active Pvt Ltd,SRI LANKA,***
RISPERIDONE TABLETS BP 2MG,RISPERIX 2,TABLETS,"1X10'S,3X10'S,6X10'S",PVC PVDC ALU HDPE BL,Sands Active Pvt Ltd,SRI LANKA,***
OLMESARTAN MEDOXOMIL TABLETS 20MG,OLMECAR 20,TABLETS,3X10'S,ALU ALU BLISTER,Square Pharmaceuticals Ltd,BANGLADESH,CIC Holdings PLC
TERIPARATIDE INJECTION 750MCG/3ML,BONMAX PTH,INJECTION,"3X3ML,1X3ML",CARTI.DISPO NEEDLE&P,ZYDUS LIFESCIENCES LIMITED,INDIA,Sunshine Healthcare lanka Ltd
MONTELUKAST SODIUM TABLETS USP 5MG,RESPIREL,TABLETS,1X14'S,ALU ALU BLISTER,Candid Pharmaceuticals,PAKISTAN,Bio Tech Pharma (Pvt) Ltd
URSODEXYCHOLIC ACID TABLETS IP 150MG,UDILIV 150,TABLETS,5X2X15'S,ALU-PVC BLISTER,Abbott India Ltd,INDIA,Sunshine Healthcare lanka Ltd
METRONIDAZOLE TABLETS  BP 200MG,METROGYL-200,TABLETS,1000'S,HDPE JAR,Unique Pharmaceutical Laboratories,INDIA,George Steuart Health Pvt Ltd
CO-AMOXICLAV ORAL SUSPENSION BP 156.25MG/5ML,FINEMOX CV,POWDER FOR ORAL SUSPENSION,"50,60,75,100,200ML",HDPE BOTTLE,Finecure Pharmaceutical Ltd,INDIA,Tabrane Healthcare (Pvt) Ltd
ASPIRIN GASTRO RESISTANT TABLETS BP 75MG,ASPIGEN 75,TABLETS,"1X10'S,3X10'S,4X10'S",ALU ALU STRIP,NEWGEN LANKA HEALTHCARE (PVT) LTD,SRI LANKA,***
BETAHISTINE DIHYDROCHLORIDE TABLET BP 16 MG,BETAVERT 16,TABLETS,5X10'S,COLD FORM BLISTER PA,Sun Pharma Industrial Limited,INDIA,Emerchemie NB (Ceylon) Ltd
GLIMEPIRIDE TAB LETS 2MG,GLIMITAB,TABLETS,10X10'S,ALU PVDC CLEAR BLIST,Centaur Pharmaceutical (Pvt) Ltd,INDIA,George Steuart Health Pvt Ltd
BISOPROLOL FUMARATE TABLETS USP 5MG,**,TABLETS,"1X10'S,3X10'S,4X10'S",BLISTER & HDPE JAR,NEWGEN LANKA HEALTHCARE (PVT) LTD,SRI LANKA,***
CELECOXIB CAPSULES 100MG,UNICELIB 100,CAPSULES,10X10'S,PVC/PVDC BLISTER PAC,Unichem Laboratories,INDIA,A Baur & Co  (Pvt) Ltd
BETAHISTINE DIHYDROCHLORIDE TABLETS BP 8MG,BETAGEN 8,TABLETS,"1X10'S,3X10'S,4X10'S",ALU PVC BLISTER,NEWGEN LANKA HEALTHCARE (PVT) LTD,SRI LANKA,***
CHLORPHENIRAMINE MALEATE ORAL SOLUTION USP 2MG/5ML,ChlorMor,ORAL SOLUTION,"(100ML,750ML,60ML)",WHITE COLOUR HDPE CO,Morison Limited,SRI LANKA,***
EMPAGLIFLOZIN TABLETS 10MG,EMPABEST 10,TABLETS,"30'S,10'S,100'S",ALU ALU BLISTER,Celogen Lanka (Pvt) Ltd,SRI LANKA,***
RISPERIDONE TABLETS USP 4MG,RISPONZ 4,TABLETS,3X10'S,ALU PVC BLISTER,ZYDUS LIFESCIENCES LIMITED,INDIA,Hemas Pharmaceuticals (Pvt) Ltd
OLOPATADINE HYDROCHLORIDE OPHTHALMIC SOLUTION USP 0.1% W/V,OLOPAT,OPHTHALMIC SOLUTION,5ML,PLASTIC DROPPER BOTT,Ajanta Pharma Limited,INDIA,A Baur & Co  (Pvt) Ltd
METOCLOPRAMIDE INJECTION BP 10MG/2ML,METOCOL,INJECTION,"5X2ML,10X2ML",TY 1 GLASS AMPOULE,kelun lifesciences(Pvt) Ltd,SRI LANKA,***
TELMISARTAN TABLETS USP 80MG,ARISTO TELVAS 80,TABLET,10X10'S&3x10'S,ALU ALU STRIP & BLIS,ARISTO PHARMACEUTICALS (PVT) LTD,INDIA,VIV PHARMA (PVT) LTD
TRASTUZUMAB FOR INJECTION  (rDNA ORIGIN) 440MG/VIAL,OGIVRI 440,FREEZE DRIED POWDER FOR SOLUTION FOR INJECTION,1' TRASTUZUMAB+1'VIA,GLASS VIAL,Biocon Biologics Limited,INDIA,Medmart Pharma (Pvt) Ltd
ARIPIPRAZOLE TABLETS USP 15MG,Arian 15,TABLETS,3X10'S,ALU ALU BLISTER,Indoco Remedies Limited,INDIA,Hemas Pharmaceuticals (Pvt) Ltd
DONEPEZIL HYDROCHIORIDE TABLETS IP 10MG,NEPEZ 10,TABLETS,"5X10'S,10X10'S",ALU ALU BLISTER PACK,Pharmafabrikon,INDIA,Novachem Lanka (Pvt) Ltd
OMEPRAZOLE DELAYED RELEASE CAPSULES USP 20MG,ELOCID,CAPSULES,10X10'S,STRIP PACK,Yash Pharma Laboratories (Pvt) Ltd,INDIA,Pharmatec (Pvt) Ltd
BETAMETHASONE CREAM USP  0.1% W/W,BETAMAP,CREAM,5G & 15G,LAMINATED TUBE,Aithra Pharmaceuticals  Pvt Ltd,SRI LANKA,***
BETAHISTINE DIHYDROCHLORIDE TABLETS BP 16MG,BV 16,TABLET,1X10' 3X10' 6X10'S,ALU ALU BLISTER,Sands Active Pvt Ltd,SRI LANKA,***
AMPHOTERICIN B LIPOSOMAL POWDER FOR INJECTION 50MG,AMBILIP,POWDER FOR INJECTION,"1'S,5'S",USP TYP I GLS VIAL,United Biotech (P) Limited,INDIA,George Steuart Health Pvt Ltd
BETAHISTINE DIHYDROCHLORIDE TABLETS BP 24MG,BV 24,TABLETS,1X10' 3X10 6X10,ALU ALU BLISTER,Sands Active Pvt Ltd,SRI LANKA,***
CHOLECALCIFEROL SOFT GELATIN CAPSULES 1000IU,VITRA-D 1000,CAPSULES,3X20'S,ALU PVC BLISTER,Contract Manufacuring & Packging Pty Ltd,AUSTRALIA,Alaris Lanka (Pvt) Ltd
LACOSAMIDE TABLETS BP 100MG,VIMPEX 100,TABLETS,1X10'S,ALU ALU BLISTER,Genome Pharmceuticals (Pvt) Ltd,PAKISTAN,Slim Pharmaceuticals (Pvt) Ltd
"IRON,MINERALS & VITAMINS SOFT GELATIN CAPSULES",FERUP-PLUS,SOFT GELATIN CAPSULES,"3X10,6X10,10X10,1X10",ALU CLEAR PVC-PVDC,Celogen Lanka (Pvt) Ltd,SRI LANKA,***
 PERITONEAL DIALYSIS SOLUTION WITH 2.5% GLUCOSE BP,**,SOLUTION FOR INTRAPERITONEAL ADMINISTRATION,2000ML,NON-PVC SOFT BAG,kelun lifesciences(Pvt) Ltd,SRI LANKA,***
METFORMIN HYDROCHLORIDE EXTENDED RELEASE TABLETS 500 MG BP,GLUMIN XR 500,EXTENDED RELEASE TABLETS,"3X10'S,15'SX2",BLISTER PACK,PT FERRON PAR PHARMACEUTICALS,INDONESIA,A Baur & Co  (Pvt) Ltd
BETAHISTINE DIHYDROCHLORIDE TABLETS BP 8MG,BV8,TABLETS,1X10' 3X10' 6X10'S &,ALU ALU BLISTER,Sands Active Pvt Ltd,SRI LANKA,***
ASPIRIN DELAYED RELEASE TABLETS USP 75MG,ASPICOT 75,TABLETS,"3X10'S,10X10'S,10X14",ALU ALU STRIP,Concept Pharmaceuticals Ltd,INDIA,Softcare International (Pvt) Ltd
LOW CALCIUM (2.5MEq/L) PERITONEAL DIALYSIS SOLUTION WITH 1.5% GLUCOSE BP,**,SOLUTION FOR INTRAPERITONEAL ADMINISTRATION,2000ML,NON PVC SOFT BAG,kelun lifesciences(Pvt) Ltd,SRI LANKA,***
ROSUVASTATIN TABLETS 20MG,ROSTIN 20,TABLETS,"10X10'S,3X10'S",ALU ALU BLISTER,MBL Pharma,PAKISTAN,Markss HLC (Pvt) Ltd
DOPAMINE HYDROCHLORIDE INJECTION USP 200MG/5ML,DOPRESS 200,INJECTION,5ML AMPS/PACK,AMPOULES,United Biotech (P) Limited,INDIA,Klintas (Pvt) Ltd
MILRINONE LACTATE INJECTION USP 10MG/10ML,MILRON,SOLUTION FOR INJECTION,10ML,USP TY 1 GLS AMPOULE,United Biotech (P) Limited,INDIA,Klintas (Pvt) Ltd
METHYLPHENIDATE HYDROCHLORIDE TABLET 10MG,RITALIN 10,TABLETS,2X15'S,PA/AL/PVC/BLISTER,"Siegfried Barbera SL,",SWITZERLAND,A Baur & Co  (Pvt) Ltd
LEVETIRACETAM INJECTION USP 500MG/5ML,IRACET,INJECTION,3X2'S,CLEAR GLASS AMPOULE,Square Pharmaceuticals Ltd,BANGLADESH,CIC Holdings PLC
DANAZOL CAPSULES USP 100 MG,**,CAPSULE,1X10'S,ALU PVC BLISTER,DAGON PHARMACEUTICALS (PVT) LTD,INDIA,EUROCHEM BIOTECH PVT LTD
URSODEOXYCHOLIC ACID TABLETS BP 150MG,URSOGEN 150,TABLETS,"1X10'S,3X10'S,4X10'S",ALU PVC BLISTER,NEWGEN LANKA HEALTHCARE (PVT) LTD,SRI LANKA,***
ENOXAPARIN SODIUM INJECTION 40MG/0.4ML,ENOBEX,PRE FILLED SYRINGE,10'S,PRE FILLED SYRINGE,NANJING KING-FRIEND BIOCHEMICAL PHARMACEUTICAL CO.LTD,CHINA,Pharma Associates
TIGECYCLINE FOR INJECTION USP 50MG,EGYTIG,POWDER FOR INJECTION,01 VIAL/PACK,10ML GLASS VIAL,United Biotech (P) Limited,INDIA,Klintas (Pvt) Ltd
DANAZOL CAPSULES USP 200MG,DANOZEC 200,CAPSULES,3X10'S,ALU PVC BLISTER,United Biotech (P) Limited,INDIA,Klintas (Pvt) Ltd
DOBUTAMINE HYDROCHLORIDE FOR INJECTION USP 250MG/ 20ML,DOBUTAM,INJECTION,1 VIAL/PACK,GLS VIAL,United Biotech (P) Limited,INDIA,Klintas (Pvt) Ltd
NIFEDIPINE EXTENDED RELEASE TABLETS USP 10 MG,NICARDIA RETARD 10,TABLET,10X10'S,ALU PVC BLISTER,Unique Pharmaceutical Laboratories,INDIA,George Steuart Health Pvt Ltd
AMOXICILLIN & POTASSIUM CLAVULANATE TABLETS BP 375MG,BACTOCLAV 375,TABLETS,"1X10'S,5X10'S",ALU ALU GOLD STRIP,Micro Labs Limited,SRI LANKA,Micro Healthcare (Pvt) Ltd
FLUCLOXACILLIN CAPSULES BP 500MG,***,CAPSULES,"100'S , 10X10'S","HDPE JAR,ALU ALU BLI",State Pharmaceuticals Manufacturer Corporation,SRI LANKA,***
NIMODIPINE INTRAVENOUS INFUSION BP 10MG/50ML,NIMODEC,IV INFUSION,50ML VIAL /PACK,AMB USP TY 1 GLASS V,United Biotech (P) Limited,INDIA,Klintas (Pvt) Ltd
CEFTAZIDIME FOR INJECTION USP 500MG,C-TAZID 500,DRY POWDER FOR INJECTION,1 VIAL PACK,USP TY 111 GLS VIAL,Sands Active Pvt Ltd,SRI LANKA,***
TELMISARTAN TABLETS IP 40MG,**,TABLETS,"500'S,10X10'S","HDPE JAR,ALU PVDC BL",State Pharmaceuticals Manufacturing Corporation,SRI LANKA,***
TELMISARTAN TABLETS IP 20MG,**,TABLETS,"250'S,10X10'S",HDPE JAR ALU PVDC BL,State Pharmaceuticals Manufacturing Corporation,SRI LANKA,***
PREGABALIN CAPSULES BP 50MG,SYNGAB,CAPSULES,7X2'S,ALU ALU BLISTER,ATCO Laboratories Limited,PAKISTAN,Morison Limited
AMOXICILLIN AND POTASSIUM CLAVULANATE TABLETS BP 625MG,BACTOCLAV 625,TABLETS,5X10'S,ALU ALU STRIPS,Micro Labs Ltd,INDIA,Micro Healthcare (Pvt) Ltd
MOMETASONE FUROATE CREAM USP 0.1% W/W,MOMSON,CREAM,"15G, 5G",ALU LACQUERED COLL T,Leben Laboratories (Pvt) Ltd,INDIA,Ceyoka (Pvt) Ltd
DICLOFENAC SODIUM SUPPOSITORY 12.5MG,CLOFENAC 12.5,SUPPOSITORIES,2X5'S,PVC-PE BLISTER,Square Pharmaceuticals Ltd,BANGLADESH,CIC Holdings PLC
PRAZOSIN TABLETS BP 1MG,PRAZORIGHT,TABLETS,10X10'S & 1000'S,HDPE JAR/BLISTER,Novagen Healthcare Pvt Ltd,INDIA,Chamee Chemist
LOSARTAN POTASSIUM TABLETS USP 50MG,LOSARIGHT 50,TABLETS,10x10'S,ALU ALU BLISTER,Novagen Healthcare Pvt Ltd,INDIA,Chamee Chemist
GOLIMUMAB SOLUTION FOR INJECTION PREFILLED PEN  50MG/0.5ML,SIMPONI,SOLUTION FOR INJECTION,1 PEP OF 50MG/0.5ML,PRE FILLED PEN,Baxter Pharmaceuticals Solution,UNITED STATES,A Baur & Co  (Pvt) Ltd
LIDOCAINE GEL BP 2% W/V,SICA-NUMB,GEL,1'(5G 10G 15G 20G,ALU COLLAP TUBE,Brassica Pharma Pvt Ltd,INDIA,Softcare International (Pvt) Ltd
OSELTAMIVIR PHOSPHATE CAPSULES USP 30MG,***,CAPSULES,10X10'S,PVDC CO.ALU PVC BLIS,Sands Active Pvt Ltd,SRI LANKA,***
ACECLOFENAC TABLETS 100MG,CECLORIGHT,TABLETS,10X10'S,ALU PVC BLISTER,Novagen Healthcare Pvt Ltd,INDIA,Chamee Chemist
FUSIDIC ACID CREAM BP 2%  W/W,FUSKYN CREAM,TOPICAL CREAM,15G,PRINTED LAMI.COL.TUB,NEWGEN LANKA HEALTHCARE (PVT) LTD,SRI LANKA,***
INFLIXIMAB SOLUTION FOR INJECTION IN PREFILLED PEN 120MG,REMSIMA SC,SOLUTION FOR INJECTION,2X1ML PFP WITH 2 ALC,PRE FILLED PEN,Vetter Pharma -Fertingung GmbH & Co KG,KOREA,George Steuart Health Pvt Ltd
ROSUVASTATIN TABLETS IP 10MG,ROSULIP 10,TABLETS,"10'S,3X10'S",ALU ALU BLISTER,Cipla Limited,INDIA,Breathe Free Lanka (Pvt) Ltd
BICALUTAMIDE TABLETS USP 50MG,BICAL 50,TABLETS,"1X10'S,3X10'S,5X10'S",BLISTER PACK,Jodas Expoim Pvt Ltd,INDIA,Softcare International (Pvt) Ltd
TENECTEPLASE INJECTION 52.5MG(RECOMBINANT TISSUE PLASMINOGEN ACTIVATOR (TNK-T-PA) INJECTION 52.5MG,ELAXIM,LYOPHILIZED POWDER FOR INJECTION,10ML G.V+10ML G.V.S,G.VIAL+SWFI GLS VIAL,Gennova Biopharmaceuticals Ltd,INDIA,LIFECERLL INTERVENTIONS (PVT) LTD
TENECTEPLASE FOR INJECTION 40MG (RECOMBINANT TISSUE PLASMINOGEN ACTIVATOR (TNK-T-PA) INJECTION 40MG),ELAXIM 40,LYOPHILIZED POW INJECTION,10ML G.V. +WFI G.V,GLASS VIAL+WFI GL.V,Gennova Biopharmaceuticals Ltd,INDIA,LIFECERLL INTERVENTIONS (PVT) LTD
CEFOPERAZONE SODIUM AND SULBACTUM SODIUM INJECTION 1G,XTRACEF-1G,INJECTION,1VIAL WITH 5ML WFI.,GLASS VIAL,SURGE LABORATORIES PVT LTD,PAKISTAN,George Steuart Health Pvt Ltd
PANTOPRAZOLE FOR INJECTION BP 40MG,PANTONIX 40,POWDER FOR INJECTION,1 GLASS VIAL PACK,CLEAR GLASS VIAL,Incepta Pharmaceuticals Ltd,BANGLADESH,Citihealth Imports (Pvt) Ltd
GLICLAZIDE MODIFIED RELEASE TABLETS 60MG,GLIKAZID MR 60,TABLETS,"1X10'S,3X10'S,4X10'S",ALU ALU & PVDC BLIST,NEWGEN LANKA HEALTHCARE (PVT) LTD,SRI LANKA,***
DICLOFENAC POTASSIUM TABLETS USP 50MG,KLODIC,TABLETS,10X10'S,ALU PVC BLISTER PACK,Nabiqasim Industries (Pvt) Ltd,PAKISTAN,George Steuart Health Pvt Ltd
SODIUM BICARBONATE TABLETS USP 600MG,SOBICARB,TABLETS,"10X10'S ,  50'S",ALU PVC BL.PA.HDPE J,Celogen Lanka (Pvt) Ltd,SRI LANKA,***
METFORMIN HYDROCHLORIDE EXTENDED RELEASE TABLETS USP 500MG,METMART XR 500,TABLETS,"1X10'S,3X10'S,4X10'S",ALU PVC BLISTER,NEWGEN LANKA HEALTHCARE (PVT) LTD,SRI LANKA,***
LATANOPROST 0.005 % +TIMOLOL MALEATE 0.5%  OPHTHALMIC SOLUTION,LATOCHECK-T,OPHTHALMIC SOLUTION,2.5ML,LDPE BOTTLE,Indoco Remedies Limited,INDIA,Hemas Pharmaceuticals (Pvt) Ltd
ROSUVASTATIN TABLETS USP 10MG,ROSITRO,TABLETS,"10'SX1,10'SX3&10'SX1",ALU ALU BLISTER,Astron Limited,SRI LANKA,***
EMPAGLIFLOZIN TABLETS 25MG,**,TABLETS,"1X10'S,3X10'S,4X10'S",ALU ALU BLI. & PVDC,NEWGEN LANKA HEALTHCARE (PVT) LTD,SRI LANKA,***
METFORMIN HYDROCHLORIDE EXTENDED RELEASE TABLETS USP 500 MG,**,TABLETS,"1X10'S,3X10'S,5X10'S",ALU PVC BLISTER,NEWGEN LANKA HEALTHCARE (PVT) LTD,SRI LANKA,***
ITRACONAZOLE CAPSULES USP 100MG,ITRAZ 100,CAPSULE,"1X10'S,3X10'S,4X10'S",ALU ALU BLISTER,NEWGEN LANKA HEALTHCARE (PVT) LTD,SRI LANKA,***
GLICLAZIDE TABLETS  BP 80MG,**,TABLETS,"1X10'S,3X10'S,4X10'S",ALU ALU BLI.&ALU PVC,NEWGEN LANKA HEALTHCARE (PVT) LTD,SRI LANKA,***
CLARITHROMYCIN SUSPENSION USP 125MG /5ML,NEO KLAR,SUSPENSION,60ML,HDPE BOTLE,CCL Pharmaceuticals (Pvt) Ltd,PAKISTAN,CIC Holdings PLC
LABETALOL TABLETS BP 100MG,LABETOL-100,TABLETS,"1X10'S,3X10'S,4X10'S",ALU PVDC BLISTER,NEWGEN LANKA HEALTHCARE (PVT) LTD,SRI LANKA,***
PRAZOSIN TABLETS BP 1MG,PRAZOMAX,TABLETS,"1000'S,10X10'S","HDPE JAR,ALU PVC BLI",CIC Lifesciences Ltd.,SRI LANKA,***
DAPAGLIFLOZIN TABLETS 10MG,DAPAZOX 10,TABLETS,3X10'S,ALU ALU BLISTER,HETERO LABS LIMITED,INDIA,Mansel (Ceylon) (Pvt) Ltd
AMOXICILLIN & CLAVULANATE POTASSIUM FOR ORAL SUSPENSION USP 156.25MG,KLAMOKS PEDIATRIC,POWDER FOR SUSPENSION,100ML,AMBER COLOUR GLA.BOT,BILIM ILAC SANAYI VE TICARET A.S,TURKEY,Slim Pharmaceuticals (Pvt) Ltd
 FUSIDIC ACID 2% W/W & HYDROCORTISONE ACETATE 1% CREAM,ENDERM-HF CREAM,CREAM,15G,LAMI. TUBE,Leben Laboratories (Pvt) Ltd,INDIA,Ceyoka (Pvt) Ltd
CELECOXIB CAPSULES BP 200MG,CELCOXX,CAPSULES,5X10'S,ALU ALU BLISTER,Getz Pharma (Pvt) Ltd,PAKISTAN,Hemas Pharmaceuticals (Pvt) Ltd
ROSUVASTATIN TABLETS USP 10MG,ROSA 10,TABLETS,"1X10'S,3X10'S,4X10'S",ALU ALU BLISTER,NEWGEN LANKA HEALTHCARE (PVT) LTD,SRI LANKA,***
